frame,rendered_frame,offscreen_render,mode,realtime,phase,actual_size,requested_size,aspect,focus_x,focus_z,camera_x,camera_y,camera_z,map_x_min,map_z_min,map_x_max,map_z_max,view_x_min,view_z_min,view_x_max,view_z_max,overflow,pass
4,4,1,offscreen_render,2.99764252,startup,27,27,1.77777779,200,180,200,109.999992,180,50,-1.52587891E-05,350,300,152.000015,152.999969,248.000015,206.999969,0,1
5,5,2,offscreen_render,3.11384082,startup,27,27,1.77777779,200,180,200,109.999992,180,50,-1.52587891E-05,350,300,152.000015,152.999969,248.000015,206.999969,0,1
6,6,3,offscreen_render,3.1311,startup,27,27,1.77777779,200,180,200,109.999992,180,50,-1.52587891E-05,350,300,152.000015,152.999969,248.000015,206.999969,0,1
7,7,4,offscreen_render,3.245939,startup,27,27,1.77777779,200,180,200,109.999992,180,50,-1.52587891E-05,350,300,152.000015,152.999969,248.000015,206.999969,0,1
8,8,5,offscreen_render,3.2571578,startup,27,27,1.77777779,200,180,200,109.999992,180,50,-1.52587891E-05,350,300,152.000015,152.999969,248.000015,206.999969,0,1
9,9,6,offscreen_render,3.36367655,startup,27,27,1.77777779,200,180,200,109.999992,180,50,-1.52587891E-05,350,300,152.000015,152.999969,248.000015,206.999969,0,1
10,10,7,offscreen_render,3.38025141,startup,27,27,1.77777779,200,180,200,109.999992,180,50,-1.52587891E-05,350,300,152.000015,152.999969,248.000015,206.999969,0,1
11,11,8,offscreen_render,3.487759,startup,27,27,1.77777779,200,180,200,109.999992,180,50,-1.52587891E-05,350,300,152.000015,152.999969,248.000015,206.999969,0,1
12,12,9,offscreen_render,3.50372744,startup,27,27,1.77777779,200,180,200,109.999992,180,50,-1.52587891E-05,350,300,152.000015,152.999969,248.000015,206.999969,0,1
13,13,10,offscreen_render,3.61822677,startup,27,27,1.77777779,200,180,200,109.999992,180,50,-1.52587891E-05,350,300,152.000015,152.999969,248.000015,206.999969,0,1
14,14,11,offscreen_render,3.634133,startup,27,27,1.77777779,200,180,200,109.999992,180,50,-1.52587891E-05,350,300,152.000015,152.999969,248.000015,206.999969,0,1
15,15,12,offscreen_render,3.74051952,startup,27,27,1.77777779,199.350784,151.434631,199.350784,109.999992,151.434631,50,-1.52587891E-05,350,300,151.3508,124.434624,247.3508,178.434616,0,1
16,16,13,offscreen_render,3.7568903,startup,27,27,1.77777779,199.218262,145.6038,199.218262,109.999992,145.6038,50,-1.52587891E-05,350,300,151.218262,118.6038,247.218262,172.60379,0,1
17,17,14,offscreen_render,3.77313852,startup,27,27,1.77777779,199.09198,140.047546,199.09198,109.999992,140.047546,50,-1.52587891E-05,350,300,151.092,113.047539,247.092,167.047531,0,1
18,18,15,offscreen_render,3.789642,startup,27,27,1.77777779,198.973618,134.839737,198.973618,109.999992,134.839737,50,-1.52587891E-05,350,300,150.973618,107.839729,246.973618,161.839722,0,1
19,19,16,offscreen_render,3.806134,startup,27,27,1.77777779,198.86409,130.020477,198.86409,109.999992,130.020477,50,-1.52587891E-05,350,300,150.8641,103.02047,246.8641,157.020462,0,1
20,20,17,offscreen_render,3.82309771,startup,27,27,1.77777779,198.7638,125.607666,198.7638,109.999992,125.607658,50,-1.52587891E-05,350,300,150.7638,98.60765,246.7638,152.607635,0,1
21,21,18,offscreen_render,3.839583,startup,27,27,1.77777779,198.672729,121.600822,198.672729,109.999992,121.600815,50,-1.52587891E-05,350,300,150.672729,94.6008148,246.672729,148.6008,0,1
22,22,19,offscreen_render,3.85637641,startup,27,27,1.77777779,198.589951,117.958458,198.589951,109.999992,117.95845,50,-1.52587891E-05,350,300,150.589966,90.95845,246.589966,144.958435,0,1
23,23,20,offscreen_render,3.87293077,startup,27,27,1.77777779,198.516479,114.725922,198.516479,109.999992,114.725914,50,-1.52587891E-05,350,300,150.5165,87.72591,246.5165,141.725891,0,1
24,24,21,offscreen_render,3.88994884,startup,27,27,1.77777779,198.451,111.8447,198.451,109.999992,111.844696,50,-1.52587891E-05,350,300,150.451019,84.84469,246.451019,138.844681,0,1
25,25,22,offscreen_render,3.90616322,startup,27,27,1.77777779,198.392914,109.288773,198.392914,109.999992,109.288765,50,-1.52587891E-05,350,300,150.392914,82.28876,246.392914,136.288742,0,1
26,26,23,offscreen_render,3.92335653,startup,27,27,1.77777779,198.341583,107.030022,198.341583,109.999992,107.030014,50,-1.52587891E-05,350,300,150.341583,80.03001,246.341583,134.03,0,1
27,27,24,offscreen_render,3.93970823,startup,27,27,1.77777779,198.296387,105.041313,198.296387,109.999992,105.041306,50,-1.52587891E-05,350,300,150.2964,78.0413,246.2964,132.04129,0,1
28,28,25,offscreen_render,3.956419,startup,27,27,1.77777779,198.256714,103.295555,198.256714,109.999992,103.295547,50,-1.52587891E-05,350,300,150.256714,76.29554,246.256714,130.295532,0,1
29,29,26,offscreen_render,3.97292161,startup,27,27,1.77777779,198.221985,101.767639,198.221985,109.999992,101.767632,50,-1.52587891E-05,350,300,150.221985,74.76762,246.221985,128.767609,0,1
30,30,27,offscreen_render,3.98955131,startup,27,27,1.77777779,198.191666,100.43364,198.191666,109.999992,100.433632,50,-1.52587891E-05,350,300,150.191666,73.4336243,246.191666,127.433617,0,1
31,31,28,offscreen_render,4.00683975,startup,27,27,1.77777779,198.164948,99.2583,198.164948,109.999992,99.25829,50,-1.52587891E-05,350,300,150.164948,72.2582855,246.164948,126.258278,0,1
32,32,29,offscreen_render,4.02310467,startup,27,27,1.77777779,198.142029,98.25007,198.142029,109.999992,98.25006,50,-1.52587891E-05,350,300,150.142044,71.25005,246.142044,125.250046,0,1
33,33,30,offscreen_render,4.040078,startup,27,27,1.77777779,198.122147,97.37533,198.122147,109.999992,97.37532,50,-1.52587891E-05,350,300,150.122162,70.37531,246.122162,124.375305,0,1
34,34,31,offscreen_render,4.05645847,startup,27,27,1.77777779,198.104935,96.61784,198.104935,109.999992,96.617836,50,-1.52587891E-05,350,300,150.10495,69.61782,246.10495,123.617813,0,1
35,35,32,offscreen_render,4.073077,startup,27,27,1.77777779,198.090057,95.96289,198.090057,109.999992,95.96288,50,-1.52587891E-05,350,300,150.090057,68.96287,246.090057,122.96286,0,1
36,36,33,offscreen_render,4.08978033,startup,27,27,1.77777779,198.077209,95.39747,198.077209,109.999992,95.39746,50,-1.52587891E-05,350,300,150.077225,68.3974457,246.077225,122.397438,0,1
37,37,34,offscreen_render,4.106549,startup,27,27,1.77777779,198.066132,94.91001,198.066132,109.999992,94.91,50,-1.52587891E-05,350,300,150.066147,67.90999,246.066147,121.909981,0,1
38,38,35,offscreen_render,4.12341547,startup,27,27,1.77777779,198.0566,94.49029,198.0566,109.999992,94.49028,50,-1.52587891E-05,350,300,150.05661,67.4902649,246.05661,121.490257,0,1
39,39,36,offscreen_render,4.14010763,startup,27,27,1.77777779,198.048386,94.12935,198.048386,109.999992,94.12934,50,-1.52587891E-05,350,300,150.048386,67.1293259,246.048386,121.129318,0,1
40,40,37,offscreen_render,4.15659666,startup,27,27,1.77777779,198.041336,93.81932,198.041336,109.999992,93.81931,50,-1.52587891E-05,350,300,150.041336,66.8193,246.041336,120.81929,0,1
41,41,38,offscreen_render,4.17319441,startup,27,27,1.77777779,198.0353,93.55327,198.0353,109.999992,93.55326,50,-1.52587891E-05,350,300,150.0353,66.5532455,246.0353,120.553238,0,1
42,42,39,offscreen_render,4.19036245,startup,27,27,1.77777779,198.0301,93.3251953,198.0301,109.999992,93.32519,50,-1.52587891E-05,350,300,150.030121,66.32517,246.030121,120.325165,0,1
43,43,40,offscreen_render,4.20654535,startup,27,27,1.77777779,198.025665,93.12985,198.025665,109.999992,93.1298447,50,-1.52587891E-05,350,300,150.025681,66.12983,246.025681,120.129822,0,1
44,44,41,offscreen_render,4.2233,startup,27,27,1.77777779,198.021866,92.9627,198.021866,109.999992,92.96269,50,-1.52587891E-05,350,300,150.021881,65.96267,246.021881,119.962662,0,1
45,45,42,offscreen_render,4.239982,startup,27,27,1.77777779,198.018616,92.81978,198.018616,109.999992,92.81977,50,-1.52587891E-05,350,300,150.018631,65.81975,246.018631,119.81974,0,1
46,46,43,offscreen_render,4.256716,startup,27,27,1.77777779,198.015839,92.69768,198.015839,109.999992,92.69767,50,-1.52587891E-05,350,300,150.015839,65.6976547,246.015839,119.697647,0,1
47,47,44,offscreen_render,4.273744,startup,27,27,1.77777779,198.013474,92.59344,198.013474,109.999992,92.59343,50,-1.52587891E-05,350,300,150.013489,65.5934143,246.013489,119.593407,0,1
48,48,45,offscreen_render,4.289809,startup,27,27,1.77777779,198.011459,92.50452,198.011459,109.999992,92.50451,50,-1.52587891E-05,350,300,150.011475,65.50449,246.011475,119.504486,0,1
49,49,46,offscreen_render,4.306659,startup,27,27,1.77777779,198.009735,92.4286957,198.009735,109.999992,92.42869,50,-1.52587891E-05,350,300,150.00975,65.42867,246.00975,119.428665,0,1
50,50,47,offscreen_render,4.32318163,startup,27,27,1.77777779,198.00827,92.3641,198.00827,109.999992,92.36409,50,-1.52587891E-05,350,300,150.008286,65.3640747,246.008286,119.364067,0,1
51,51,48,offscreen_render,4.339782,startup,27,27,1.77777779,198.007019,92.30909,198.007019,109.999992,92.30908,50,-1.52587891E-05,350,300,150.007019,65.30907,246.007019,119.309059,0,1
52,52,49,offscreen_render,4.356434,startup,27,27,1.77777779,198.005951,92.26228,198.005951,109.999992,92.2622757,50,-1.52587891E-05,350,300,150.005951,65.26226,246.005951,119.262253,0,1
53,53,50,offscreen_render,4.373351,startup,27,27,1.77777779,198.005051,92.2224655,198.005051,109.999992,92.22246,50,-1.52587891E-05,350,300,150.005066,65.22244,246.005066,119.222435,0,1
54,54,51,offscreen_render,4.38984966,startup,27,27,1.77777779,198.004288,92.18862,198.004288,109.999992,92.1886139,50,-1.52587891E-05,350,300,150.0043,65.1886,246.0043,119.188591,0,1
55,55,52,offscreen_render,4.40641642,startup,27,27,1.77777779,198.003632,92.15987,198.003632,109.999992,92.15986,50,-1.52587891E-05,350,300,150.003632,65.15984,246.003632,119.159836,0,1
56,56,53,offscreen_render,4.423328,startup,27,27,1.77777779,198.003082,92.13544,198.003082,109.999992,92.13543,50,-1.52587891E-05,350,300,150.003082,65.1354141,246.003082,119.135406,0,1
57,57,54,offscreen_render,4.439831,startup,27,27,1.77777779,198.002609,92.1147,198.002609,109.999992,92.11469,50,-1.52587891E-05,350,300,150.002609,65.11468,246.002609,119.11467,0,1
58,58,55,offscreen_render,4.456431,startup,27,27,1.77777779,198.002213,92.09711,198.002213,109.999992,92.0971,50,-1.52587891E-05,350,300,150.002228,65.097084,246.002228,119.097076,0,1
59,59,56,offscreen_render,4.47327042,startup,27,27,1.77777779,198.001877,92.0821838,198.001877,109.999992,92.08218,50,-1.52587891E-05,350,300,150.001877,65.08216,246.001877,119.082153,0,1
60,60,57,offscreen_render,4.48981571,startup,27,27,1.77777779,198.001587,92.0695343,198.001587,109.999992,92.06953,50,-1.52587891E-05,350,300,150.0016,65.06951,246.0016,119.0695,0,1
61,61,58,offscreen_render,4.50642,startup,27,27,1.77777779,198.001343,92.058815,198.001343,109.999992,92.05881,50,-1.52587891E-05,350,300,150.001343,65.05879,246.001343,119.058784,0,1
62,62,59,offscreen_render,4.523114,startup,27,27,1.77777779,198.001129,92.04973,198.001129,109.999992,92.04972,50,-1.52587891E-05,350,300,150.001144,65.0497055,246.001144,119.0497,0,1
63,63,60,offscreen_render,4.53984976,startup,27,27,1.77777779,198.000961,92.04204,198.000961,109.999992,92.04203,50,-1.52587891E-05,350,300,150.000961,65.0420151,246.000961,119.042007,0,1
64,64,61,offscreen_render,4.55642366,startup,27,27,1.77777779,198.000809,92.03552,198.000809,109.999992,92.0355148,50,-1.52587891E-05,350,300,150.000824,65.03549,246.000824,119.035484,0,1
65,65,62,offscreen_render,4.573083,startup,27,27,1.77777779,198.000687,92.030014,198.000687,109.999992,92.03001,50,-1.52587891E-05,350,300,150.000687,65.02999,246.000687,119.029984,0,1
66,66,63,offscreen_render,4.59000349,startup,27,27,1.77777779,198.00058,92.02535,198.00058,109.999992,92.0253448,50,-1.52587891E-05,350,300,150.0006,65.02533,246.0006,119.025322,0,1
67,67,64,offscreen_render,4.606391,startup,27,27,1.77777779,198.000488,92.02141,198.000488,109.999992,92.0214,50,-1.52587891E-05,350,300,150.0005,65.0213852,246.0005,119.021378,0,1
68,68,65,offscreen_render,4.623874,startup,27,27,1.77777779,198.000412,92.018074,198.000412,109.999992,92.01807,50,-1.52587891E-05,350,300,150.000412,65.01805,246.000412,119.018044,0,1
69,69,66,offscreen_render,4.6400013,startup,27,27,1.77777779,198.000351,92.01525,198.000351,109.999992,92.01524,50,-1.52587891E-05,350,300,150.000366,65.01522,246.000366,119.015213,0,1
70,70,67,offscreen_render,4.745794,startup,27,27,1.77777779,198.000122,92.0052261,198.000122,109.999992,92.00522,50,-1.52587891E-05,350,300,150.000137,65.0052,246.000137,119.005196,0,1
71,71,68,offscreen_render,4.76325369,startup,27,27,1.77777779,198.0001,92.0044,198.0001,109.999992,92.0043945,50,-1.52587891E-05,350,300,150.000122,65.00438,246.000122,119.004372,0,1
72,72,69,offscreen_render,4.77878428,startup,27,27,1.77777779,198.000092,92.00371,198.000092,109.999992,92.0037,50,-1.52587891E-05,350,300,150.000092,65.003685,246.000092,119.003677,0,1
73,73,70,offscreen_render,4.795632,startup,27,27,1.77777779,198.000076,92.00312,198.000076,109.999992,92.00311,50,-1.52587891E-05,350,300,150.000092,65.0031,246.000092,119.00309,0,1
74,74,71,offscreen_render,4.81192636,startup,27,27,1.77777779,198.000061,92.0026245,198.000061,109.999992,92.00262,50,-1.52587891E-05,350,300,150.000061,65.0026,246.000061,119.002594,0,1
75,75,72,offscreen_render,4.8285985,startup,27,27,1.77777779,198.000046,92.00221,198.000046,109.999992,92.0022049,50,-1.52587891E-05,350,300,150.000046,65.00219,246.000046,119.002182,0,1
76,76,73,offscreen_render,4.845409,startup,27,27,1.77777779,198.000031,92.00186,198.000031,109.999992,92.0018539,50,-1.52587891E-05,350,300,150.000046,65.00183,246.000046,119.001823,0,1
77,77,74,offscreen_render,4.86192,startup,27,27,1.77777779,198.000031,92.001564,198.000031,109.999992,92.00156,50,-1.52587891E-05,350,300,150.000046,65.00154,246.000046,119.001534,0,1
78,78,75,offscreen_render,4.878532,startup,27,27,1.77777779,198.000031,92.00131,198.000031,109.999992,92.0013046,50,-1.52587891E-05,350,300,150.000046,65.00129,246.000046,119.001282,0,1
79,79,76,offscreen_render,4.89580345,startup,27,27,1.77777779,198.000031,92.00111,198.000031,109.999992,92.0011,50,-1.52587891E-05,350,300,150.000046,65.00108,246.000046,119.001076,0,1
80,80,77,offscreen_render,4.91201973,startup,27,27,1.77777779,198.000031,92.00093,198.000031,109.999992,92.00092,50,-1.52587891E-05,350,300,150.000046,65.00091,246.000046,119.0009,0,1
81,81,78,offscreen_render,4.929007,startup,27,27,1.77777779,198.000031,92.0007858,198.000031,109.999992,92.00078,50,-1.52587891E-05,350,300,150.000046,65.00076,246.000046,119.000755,0,1
82,82,79,offscreen_render,4.94539452,startup,27,27,1.77777779,198.000031,92.00066,198.000031,109.999992,92.0006561,50,-1.52587891E-05,350,300,150.000046,65.00064,246.000046,119.000633,0,1
83,83,80,offscreen_render,4.96243572,startup,27,27,1.77777779,198.000031,92.00056,198.000031,109.999992,92.00055,50,-1.52587891E-05,350,300,150.000046,65.0005341,246.000046,119.000526,0,1
84,84,81,offscreen_render,4.97903442,startup,27,27,1.77777779,198.000031,92.0004654,198.000031,109.999992,92.00046,50,-1.52587891E-05,350,300,150.000046,65.00044,246.000046,119.000435,0,1
85,85,82,offscreen_render,4.995861,startup,27,27,1.77777779,198.000031,92.00039,198.000031,109.999992,92.00038,50,-1.52587891E-05,350,300,150.000046,65.00037,246.000046,119.000359,0,1
86,86,83,offscreen_render,5.01244974,startup,27,27,1.77777779,198.000031,92.00033,198.000031,109.999992,92.00032,50,-1.52587891E-05,350,300,150.000046,65.0003052,246.000046,119.0003,0,1
87,87,84,offscreen_render,5.02889824,startup,27,27,1.77777779,198.000031,92.0002747,198.000031,109.999992,92.00027,50,-1.52587891E-05,350,300,150.000046,65.00025,246.000046,119.000244,0,1
88,88,85,offscreen_render,5.045252,startup,27,27,1.77777779,198.000031,92.00023,198.000031,109.999992,92.00022,50,-1.52587891E-05,350,300,150.000046,65.000206,246.000046,119.0002,0,1
89,89,86,offscreen_render,5.0625124,startup,27,27,1.77777779,198.000031,92.00019,198.000031,109.999992,92.00018,50,-1.52587891E-05,350,300,150.000046,65.00017,246.000046,119.00016,0,1
90,90,87,offscreen_render,5.07887125,startup,27,27,1.77777779,198.000031,92.00016,198.000031,109.999992,92.00015,50,-1.52587891E-05,350,300,150.000046,65.00014,246.000046,119.00013,0,1
91,91,88,offscreen_render,5.095618,startup,27,27,1.77777779,198.000031,92.00014,198.000031,109.999992,92.00013,50,-1.52587891E-05,350,300,150.000046,65.0001144,246.000046,119.000107,0,1
92,92,89,offscreen_render,5.11223269,startup,27,27,1.77777779,198.000031,92.0001144,198.000031,109.999992,92.00011,50,-1.52587891E-05,350,300,150.000046,65.00009,246.000046,119.000084,0,1
93,93,90,offscreen_render,5.12904453,startup,27,27,1.77777779,198.000031,92.0001,198.000031,109.999992,92.00009,50,-1.52587891E-05,350,300,150.000046,65.00008,246.000046,119.000069,0,1
94,94,91,offscreen_render,5.145394,startup,27,27,1.77777779,198.000031,92.0000839,198.000031,109.999992,92.00008,50,-1.52587891E-05,350,300,150.000046,65.00006,246.000046,119.000053,0,1
95,95,92,offscreen_render,5.162533,startup,27,27,1.77777779,198.000031,92.00007,198.000031,109.999992,92.00006,50,-1.52587891E-05,350,300,150.000046,65.0000458,246.000046,119.000038,0,1
96,96,93,offscreen_render,5.178903,startup,27,27,1.77777779,198.000031,92.00006,198.000031,109.999992,92.00005,50,-1.52587891E-05,350,300,150.000046,65.00004,246.000046,119.000031,0,1
97,97,94,offscreen_render,5.19544649,startup,27,27,1.77777779,198.000031,92.00005,198.000031,109.999992,92.0000458,50,-1.52587891E-05,350,300,150.000046,65.00003,246.000046,119.000023,0,1
98,98,95,offscreen_render,5.21204472,startup,27,27,1.77777779,198.000031,92.0000458,198.000031,109.999992,92.00004,50,-1.52587891E-05,350,300,150.000046,65.00002,246.000046,119.000015,0,1
99,99,96,offscreen_render,5.228739,startup,27,27,1.77777779,198.000031,92.00004,198.000031,109.999992,92.00003,50,-1.52587891E-05,350,300,150.000046,65.0000153,246.000046,119.000008,0,1
100,100,97,offscreen_render,5.245804,startup,27,27,1.77777779,198.000031,92.00003,198.000031,109.999992,92.00002,50,-1.52587891E-05,350,300,150.000046,65.00001,246.000046,119,0,1
101,101,98,offscreen_render,5.262548,startup,27,27,1.77777779,198.000031,92.00002,198.000031,109.999992,92.0000153,50,-1.52587891E-05,350,300,150.000046,65,246.000046,118.999992,0,1
102,102,99,offscreen_render,5.27868843,startup,27,27,1.77777779,198.000031,92.0000153,198.000031,109.999992,92.00001,50,-1.52587891E-05,350,300,150.000046,64.99999,246.000046,118.999985,0,1
103,103,100,offscreen_render,5.29561043,startup,27,27,1.77777779,198.000031,92.0000153,198.000031,109.999992,92.00001,50,-1.52587891E-05,350,300,150.000046,64.99999,246.000046,118.999985,0,1
104,104,101,offscreen_render,5.31258059,startup,27,27,1.77777779,198.000031,92.0000153,198.000031,109.999992,92.00001,50,-1.52587891E-05,350,300,150.000046,64.99999,246.000046,118.999985,0,1
105,105,102,offscreen_render,5.32869244,startup,27,27,1.77777779,198.000031,92.0000153,198.000031,109.999992,92.00001,50,-1.52587891E-05,350,300,150.000046,64.99999,246.000046,118.999985,0,1
106,106,103,offscreen_render,5.34524727,startup,27,27,1.77777779,198.000031,92.0000153,198.000031,109.999992,92.00001,50,-1.52587891E-05,350,300,150.000046,64.99999,246.000046,118.999985,0,1
107,107,104,offscreen_render,5.362479,startup,27,27,1.77777779,198.000031,92.0000153,198.000031,109.999992,92.00001,50,-1.52587891E-05,350,300,150.000046,64.99999,246.000046,118.999985,0,1
108,108,105,offscreen_render,5.3791275,startup,27,27,1.77777779,198.000031,92.0000153,198.000031,109.999992,92.00001,50,-1.52587891E-05,350,300,150.000046,64.99999,246.000046,118.999985,0,1
109,109,106,offscreen_render,5.39591,startup,27,27,1.77777779,198.000031,92.0000153,198.000031,109.999992,92.00001,50,-1.52587891E-05,350,300,150.000046,64.99999,246.000046,118.999985,0,1
110,110,107,offscreen_render,5.4127655,startup,27,27,1.77777779,198.000031,92.0000153,198.000031,109.999992,92.00001,50,-1.52587891E-05,350,300,150.000046,64.99999,246.000046,118.999985,0,1
111,111,108,offscreen_render,5.428946,startup,27,27,1.77777779,198.000031,92.0000153,198.000031,109.999992,92.00001,50,-1.52587891E-05,350,300,150.000046,64.99999,246.000046,118.999985,0,1
112,112,109,offscreen_render,5.44562,startup,27,27,1.77777779,198.000031,92.0000153,198.000031,109.999992,92.00001,50,-1.52587891E-05,350,300,150.000046,64.99999,246.000046,118.999985,0,1
113,113,110,offscreen_render,5.462393,startup,27,27,1.77777779,198.000031,92.0000153,198.000031,109.999992,92.00001,50,-1.52587891E-05,350,300,150.000046,64.99999,246.000046,118.999985,0,1
114,114,111,offscreen_render,5.479084,startup,27,27,1.77777779,198.000031,92.0000153,198.000031,109.999992,92.00001,50,-1.52587891E-05,350,300,150.000046,64.99999,246.000046,118.999985,0,1
115,115,112,offscreen_render,5.495667,startup,27,27,1.77777779,198.000031,92.0000153,198.000031,109.999992,92.00001,50,-1.52587891E-05,350,300,150.000046,64.99999,246.000046,118.999985,0,1
116,116,113,offscreen_render,5.51232147,startup,27,27,1.77777779,198.000031,92.0000153,198.000031,109.999992,92.00001,50,-1.52587891E-05,350,300,150.000046,64.99999,246.000046,118.999985,0,1
117,117,114,offscreen_render,5.52878571,startup,27,27,1.77777779,198.000031,92.0000153,198.000031,109.999992,92.00001,50,-1.52587891E-05,350,300,150.000046,64.99999,246.000046,118.999985,0,1
118,118,115,offscreen_render,5.545573,startup,27,27,1.77777779,198.000031,92.0000153,198.000031,109.999992,92.00001,50,-1.52587891E-05,350,300,150.000046,64.99999,246.000046,118.999985,0,1
119,119,116,offscreen_render,5.56229353,startup,27,27,1.77777779,198.000031,92.0000153,198.000031,109.999992,92.00001,50,-1.52587891E-05,350,300,150.000046,64.99999,246.000046,118.999985,0,1
120,120,117,offscreen_render,5.57899332,startup,27,27,1.77777779,198.000031,92.0000153,198.000031,109.999992,92.00001,50,-1.52587891E-05,350,300,150.000046,64.99999,246.000046,118.999985,0,1
121,121,118,offscreen_render,5.59545851,startup,27,27,1.77777779,198.000031,92.0000153,198.000031,109.999992,92.00001,50,-1.52587891E-05,350,300,150.000046,64.99999,246.000046,118.999985,0,1
122,122,119,offscreen_render,5.61206436,startup,27,27,1.77777779,198.000031,92.0000153,198.000031,109.999992,92.00001,50,-1.52587891E-05,350,300,150.000046,64.99999,246.000046,118.999985,0,1
123,123,120,offscreen_render,5.629474,startup,27,27,1.77777779,198.000031,92.0000153,198.000031,109.999992,92.00001,50,-1.52587891E-05,350,300,150.000046,64.99999,246.000046,118.999985,0,1
124,124,121,offscreen_render,5.645599,startup,27,27,1.77777779,198.000031,92.0000153,198.000031,109.999992,92.00001,50,-1.52587891E-05,350,300,150.000046,64.99999,246.000046,118.999985,0,1
125,125,122,offscreen_render,5.66210461,startup,27,27,1.77777779,198.000031,92.0000153,198.000031,109.999992,92.00001,50,-1.52587891E-05,350,300,150.000046,64.99999,246.000046,118.999985,0,1
126,126,123,offscreen_render,5.67891455,startup,27,27,1.77777779,198.000031,92.0000153,198.000031,109.999992,92.00001,50,-1.52587891E-05,350,300,150.000046,64.99999,246.000046,118.999985,0,1
127,127,124,offscreen_render,5.695389,startup,27,27,1.77777779,198.000031,92.0000153,198.000031,109.999992,92.00001,50,-1.52587891E-05,350,300,150.000046,64.99999,246.000046,118.999985,0,1
128,128,125,offscreen_render,5.71204233,startup,27,27,1.77777779,198.000031,92.0000153,198.000031,109.999992,92.00001,50,-1.52587891E-05,350,300,150.000046,64.99999,246.000046,118.999985,0,1
129,129,126,offscreen_render,5.72921562,startup,27,27,1.77777779,198.000031,92.0000153,198.000031,109.999992,92.00001,50,-1.52587891E-05,350,300,150.000046,64.99999,246.000046,118.999985,0,1
130,130,127,offscreen_render,5.74528456,startup,27,27,1.77777779,198.000031,92.0000153,198.000031,109.999992,92.00001,50,-1.52587891E-05,350,300,150.000046,64.99999,246.000046,118.999985,0,1
131,131,128,offscreen_render,5.76250744,startup,27,27,1.77777779,198.000031,92.0000153,198.000031,109.999992,92.00001,50,-1.52587891E-05,350,300,150.000046,64.99999,246.000046,118.999985,0,1
132,132,129,offscreen_render,5.77920341,startup,27,27,1.77777779,198.000031,92.0000153,198.000031,109.999992,92.00001,50,-1.52587891E-05,350,300,150.000046,64.99999,246.000046,118.999985,0,1
133,133,130,offscreen_render,5.7954917,startup,27,27,1.77777779,198.000031,92.0000153,198.000031,109.999992,92.00001,50,-1.52587891E-05,350,300,150.000046,64.99999,246.000046,118.999985,0,1
134,134,131,offscreen_render,5.812599,startup,27,27,1.77777779,198.000031,92.0000153,198.000031,109.999992,92.00001,50,-1.52587891E-05,350,300,150.000046,64.99999,246.000046,118.999985,0,1
135,135,132,offscreen_render,5.82908535,startup,27,27,1.77777779,198.000031,92.0000153,198.000031,109.999992,92.00001,50,-1.52587891E-05,350,300,150.000046,64.99999,246.000046,118.999985,0,1
136,136,133,offscreen_render,5.84603167,startup,27,27,1.77777779,198.000031,92.0000153,198.000031,109.999992,92.00001,50,-1.52587891E-05,350,300,150.000046,64.99999,246.000046,118.999985,0,1
137,137,134,offscreen_render,5.96536636,startup,27,27,1.77777779,198.000015,92.00001,198.000015,109.999992,92,50,-1.52587891E-05,350,300,150.000031,64.99998,246.000031,118.999969,0,1
138,138,135,offscreen_render,5.982509,startup,27,27,1.77777779,198.000015,92.00001,198.000015,109.999992,92,50,-1.52587891E-05,350,300,150.000031,64.99998,246.000031,118.999969,0,1
139,139,136,offscreen_render,5.99894667,startup,27,27,1.77777779,198.000015,92.00001,198.000015,109.999992,92,50,-1.52587891E-05,350,300,150.000031,64.99998,246.000031,118.999969,0,1
140,140,137,offscreen_render,6.01533175,startup,27,27,1.77777779,198.000015,92.00001,198.000015,109.999992,92,50,-1.52587891E-05,350,300,150.000031,64.99998,246.000031,118.999969,0,1
141,141,138,offscreen_render,6.031605,startup,27,27,1.77777779,198.000015,92.00001,198.000015,109.999992,92,50,-1.52587891E-05,350,300,150.000031,64.99998,246.000031,118.999969,0,1
142,142,139,offscreen_render,6.048366,startup,27,27,1.77777779,198.000015,92.00001,198.000015,109.999992,92,50,-1.52587891E-05,350,300,150.000031,64.99998,246.000031,118.999969,0,1
143,143,140,offscreen_render,6.0650754,startup,27,27,1.77777779,198.000015,92.00001,198.000015,109.999992,92,50,-1.52587891E-05,350,300,150.000031,64.99998,246.000031,118.999969,0,1
144,144,141,offscreen_render,6.08191252,startup,27,27,1.77777779,198.000015,92.00001,198.000015,109.999992,92,50,-1.52587891E-05,350,300,150.000031,64.99998,246.000031,118.999969,0,1
145,145,142,offscreen_render,6.09822,startup,27,27,1.77777779,198.000015,92.00001,198.000015,109.999992,92,50,-1.52587891E-05,350,300,150.000031,64.99998,246.000031,118.999969,0,1
146,146,143,offscreen_render,6.115012,startup,27,27,1.77777779,198.000015,92.00001,198.000015,109.999992,92,50,-1.52587891E-05,350,300,150.000031,64.99998,246.000031,118.999969,0,1
147,147,144,offscreen_render,6.133494,startup,27,27,1.77777779,198.000015,92.00001,198.000015,109.999992,92,50,-1.52587891E-05,350,300,150.000031,64.99998,246.000031,118.999969,0,1
148,148,145,offscreen_render,6.15002775,startup,27,27,1.77777779,198.000015,92.00001,198.000015,109.999992,92,50,-1.52587891E-05,350,300,150.000031,64.99998,246.000031,118.999969,0,1
149,149,146,offscreen_render,6.16649,startup,27,27,1.77777779,198.000015,92.00001,198.000015,109.999992,92,50,-1.52587891E-05,350,300,150.000031,64.99998,246.000031,118.999969,0,1
150,150,147,offscreen_render,6.18355656,startup,27,27,1.77777779,198.000015,92.00001,198.000015,109.999992,92,50,-1.52587891E-05,350,300,150.000031,64.99998,246.000031,118.999969,0,1
151,151,148,offscreen_render,6.199866,startup,27,27,1.77777779,198.000015,92.00001,198.000015,109.999992,92,50,-1.52587891E-05,350,300,150.000031,64.99998,246.000031,118.999969,0,1
152,152,149,offscreen_render,6.216726,startup,27,27,1.77777779,198.000015,92.00001,198.000015,109.999992,92,50,-1.52587891E-05,350,300,150.000031,64.99998,246.000031,118.999969,0,1
153,153,150,offscreen_render,6.23323536,startup,27,27,1.77777779,198.000015,92.00001,198.000015,109.999992,92,50,-1.52587891E-05,350,300,150.000031,64.99998,246.000031,118.999969,0,1
154,154,151,offscreen_render,6.25016069,startup,27,27,1.77777779,198.000015,92.00001,198.000015,109.999992,92,50,-1.52587891E-05,350,300,150.000031,64.99998,246.000031,118.999969,0,1
155,155,152,offscreen_render,6.266571,startup,27,27,1.77777779,198.000015,92.00001,198.000015,109.999992,92,50,-1.52587891E-05,350,300,150.000031,64.99998,246.000031,118.999969,0,1
156,156,153,offscreen_render,6.283164,startup,27,27,1.77777779,198.000015,92.00001,198.000015,109.999992,92,50,-1.52587891E-05,350,300,150.000031,64.99998,246.000031,118.999969,0,1
157,157,154,offscreen_render,6.29983425,startup,27,27,1.77777779,198.000015,92.00001,198.000015,109.999992,92,50,-1.52587891E-05,350,300,150.000031,64.99998,246.000031,118.999969,0,1
158,158,155,offscreen_render,6.317124,startup,27,27,1.77777779,198.000015,92.00001,198.000015,109.999992,92,50,-1.52587891E-05,350,300,150.000031,64.99998,246.000031,118.999969,0,1
159,159,156,offscreen_render,6.333633,startup,27,27,1.77777779,198.000015,92.00001,198.000015,109.999992,92,50,-1.52587891E-05,350,300,150.000031,64.99998,246.000031,118.999969,0,1
160,160,157,offscreen_render,6.35083246,startup,27,27,1.77777779,198.000015,92.00001,198.000015,109.999992,92,50,-1.52587891E-05,350,300,150.000031,64.99998,246.000031,118.999969,0,1
161,161,158,offscreen_render,6.36698437,startup,27,27,1.77777779,198.000015,92.00001,198.000015,109.999992,92,50,-1.52587891E-05,350,300,150.000031,64.99998,246.000031,118.999969,0,1
162,162,159,offscreen_render,6.383824,startup,27,27,1.77777779,198.000015,92.00001,198.000015,109.999992,92,50,-1.52587891E-05,350,300,150.000031,64.99998,246.000031,118.999969,0,1
163,163,160,offscreen_render,6.40033865,startup,27,27,1.77777779,198.000015,92.00001,198.000015,109.999992,92,50,-1.52587891E-05,350,300,150.000031,64.99998,246.000031,118.999969,0,1
164,164,161,offscreen_render,6.417122,startup,27,27,1.77777779,198.000015,92.00001,198.000015,109.999992,92,50,-1.52587891E-05,350,300,150.000031,64.99998,246.000031,118.999969,0,1
165,165,162,offscreen_render,6.43375158,startup,27,27,1.77777779,198.000015,92.00001,198.000015,109.999992,92,50,-1.52587891E-05,350,300,150.000031,64.99998,246.000031,118.999969,0,1
166,166,163,offscreen_render,6.45090771,startup,27,27,1.77777779,198.000015,92.00001,198.000015,109.999992,92,50,-1.52587891E-05,350,300,150.000031,64.99998,246.000031,118.999969,0,1
167,167,164,offscreen_render,6.46756029,startup,27,27,1.77777779,198.000015,92.00001,198.000015,109.999992,92,50,-1.52587891E-05,350,300,150.000031,64.99998,246.000031,118.999969,0,1
168,168,165,offscreen_render,6.48417473,startup,27,27,1.77777779,198.000015,92.00001,198.000015,109.999992,92,50,-1.52587891E-05,350,300,150.000031,64.99998,246.000031,118.999969,0,1
169,169,166,offscreen_render,6.500792,startup,27,27,1.77777779,198.000015,92.00001,198.000015,109.999992,92,50,-1.52587891E-05,350,300,150.000031,64.99998,246.000031,118.999969,0,1
170,170,167,offscreen_render,6.517614,startup,27,27,1.77777779,198.000015,92.00001,198.000015,109.999992,92,50,-1.52587891E-05,350,300,150.000031,64.99998,246.000031,118.999969,0,1
171,171,168,offscreen_render,6.53416634,startup,27,27,1.77777779,198.000015,92.00001,198.000015,109.999992,92,50,-1.52587891E-05,350,300,150.000031,64.99998,246.000031,118.999969,0,1
172,172,169,offscreen_render,6.55076933,startup,27,27,1.77777779,198.000015,92.00001,198.000015,109.999992,92,50,-1.52587891E-05,350,300,150.000031,64.99998,246.000031,118.999969,0,1
173,173,170,offscreen_render,6.56774235,startup,27,27,1.77777779,198.000015,92.00001,198.000015,109.999992,92,50,-1.52587891E-05,350,300,150.000031,64.99998,246.000031,118.999969,0,1
174,174,171,offscreen_render,6.58419228,startup,27,27,1.77777779,198.000015,92.00001,198.000015,109.999992,92,50,-1.52587891E-05,350,300,150.000031,64.99998,246.000031,118.999969,0,1
175,175,172,offscreen_render,6.60078239,startup,27,27,1.77777779,198.000015,92.00001,198.000015,109.999992,92,50,-1.52587891E-05,350,300,150.000031,64.99998,246.000031,118.999969,0,1
176,176,173,offscreen_render,6.61758471,startup,27,27,1.77777779,198.000015,92.00001,198.000015,109.999992,92,50,-1.52587891E-05,350,300,150.000031,64.99998,246.000031,118.999969,0,1
177,177,174,offscreen_render,6.634388,startup,27,27,1.77777779,198.000015,92.00001,198.000015,109.999992,92,50,-1.52587891E-05,350,300,150.000031,64.99998,246.000031,118.999969,0,1
178,178,175,offscreen_render,6.65077639,startup,27,27,1.77777779,198.000015,92.00001,198.000015,109.999992,92,50,-1.52587891E-05,350,300,150.000031,64.99998,246.000031,118.999969,0,1
179,179,176,offscreen_render,6.66754532,startup,27,27,1.77777779,198.000015,92.00001,198.000015,109.999992,92,50,-1.52587891E-05,350,300,150.000031,64.99998,246.000031,118.999969,0,1
180,180,177,offscreen_render,6.684299,startup,27,27,1.77777779,198.000015,92.00001,198.000015,109.999992,92,50,-1.52587891E-05,350,300,150.000031,64.99998,246.000031,118.999969,0,1
181,181,178,offscreen_render,6.70092154,startup,27,27,1.77777779,198.000015,92.00001,198.000015,109.999992,92,50,-1.52587891E-05,350,300,150.000031,64.99998,246.000031,118.999969,0,1
182,182,179,offscreen_render,6.71753168,startup,27,27,1.77777779,198.000015,92.00001,198.000015,109.999992,92,50,-1.52587891E-05,350,300,150.000031,64.99998,246.000031,118.999969,0,1
183,183,180,offscreen_render,6.734276,startup,27,27,1.77777779,198.000015,92.00001,198.000015,109.999992,92,50,-1.52587891E-05,350,300,150.000031,64.99998,246.000031,118.999969,0,1
184,184,181,offscreen_render,6.751272,startup,27,27,1.77777779,198.000015,92.00001,198.000015,109.999992,92,50,-1.52587891E-05,350,300,150.000031,64.99998,246.000031,118.999969,0,1
185,185,182,offscreen_render,6.76752138,startup,27,27,1.77777779,198.000015,92.00001,198.000015,109.999992,92,50,-1.52587891E-05,350,300,150.000031,64.99998,246.000031,118.999969,0,1
186,186,183,offscreen_render,6.78424931,startup,27,27,1.77777779,198.000015,92.00001,198.000015,109.999992,92,50,-1.52587891E-05,350,300,150.000031,64.99998,246.000031,118.999969,0,1
187,187,184,offscreen_render,6.80103064,startup,27,27,1.77777779,198.000015,92.00001,198.000015,109.999992,92,50,-1.52587891E-05,350,300,150.000031,64.99998,246.000031,118.999969,0,1
188,188,185,offscreen_render,6.81758833,startup,27,27,1.77777779,198.000015,92.00001,198.000015,109.999992,92,50,-1.52587891E-05,350,300,150.000031,64.99998,246.000031,118.999969,0,1
189,189,186,offscreen_render,6.83442831,startup,27,27,1.77777779,198.000015,92.00001,198.000015,109.999992,92,50,-1.52587891E-05,350,300,150.000031,64.99998,246.000031,118.999969,0,1
190,190,187,offscreen_render,6.851223,startup,27,27,1.77777779,198.000015,92.00001,198.000015,109.999992,92,50,-1.52587891E-05,350,300,150.000031,64.99998,246.000031,118.999969,0,1
191,191,188,offscreen_render,6.86767054,startup,27,27,1.77777779,198.000015,92.00001,198.000015,109.999992,92,50,-1.52587891E-05,350,300,150.000031,64.99998,246.000031,118.999969,0,1
192,192,189,offscreen_render,6.88447332,startup,27,27,1.77777779,198.000015,92.00001,198.000015,109.999992,92,50,-1.52587891E-05,350,300,150.000031,64.99998,246.000031,118.999969,0,1
193,193,190,offscreen_render,6.901106,startup,27,27,1.77777779,198.000015,92.00001,198.000015,109.999992,92,50,-1.52587891E-05,350,300,150.000031,64.99998,246.000031,118.999969,0,1
194,194,191,offscreen_render,6.9177165,startup,27,27,1.77777779,198.000015,92.00001,198.000015,109.999992,92,50,-1.52587891E-05,350,300,150.000031,64.99998,246.000031,118.999969,0,1
195,195,192,offscreen_render,6.93447733,startup,27,27,1.77777779,198.000015,92.00001,198.000015,109.999992,92,50,-1.52587891E-05,350,300,150.000031,64.99998,246.000031,118.999969,0,1
196,196,193,offscreen_render,6.9511447,startup,27,27,1.77777779,198.000015,92.00001,198.000015,109.999992,92,50,-1.52587891E-05,350,300,150.000031,64.99998,246.000031,118.999969,0,1
197,197,194,offscreen_render,6.96770573,startup,27,27,1.77777779,198.000015,92.00001,198.000015,109.999992,92,50,-1.52587891E-05,350,300,150.000031,64.99998,246.000031,118.999969,0,1
198,198,195,offscreen_render,6.984769,startup,27,27,1.77777779,198.000015,92.00001,198.000015,109.999992,92,50,-1.52587891E-05,350,300,150.000031,64.99998,246.000031,118.999969,0,1
199,199,196,offscreen_render,7.00115442,startup,27,27,1.77777779,198.000015,92.00001,198.000015,109.999992,92,50,-1.52587891E-05,350,300,150.000031,64.99998,246.000031,118.999969,0,1
200,200,197,offscreen_render,7.01784468,startup,27,27,1.77777779,198.000015,92.00001,198.000015,109.999992,92,50,-1.52587891E-05,350,300,150.000031,64.99998,246.000031,118.999969,0,1
201,201,198,offscreen_render,7.0343647,startup,27,27,1.77777779,198.000015,92.00001,198.000015,109.999992,92,50,-1.52587891E-05,350,300,150.000031,64.99998,246.000031,118.999969,0,1
202,202,199,offscreen_render,7.051062,startup,27,27,1.77777779,198.000015,92.00001,198.000015,109.999992,92,50,-1.52587891E-05,350,300,150.000031,64.99998,246.000031,118.999969,0,1
203,203,200,offscreen_render,7.06801367,startup,27,27,1.77777779,198.000015,92.00001,198.000015,109.999992,92,50,-1.52587891E-05,350,300,150.000031,64.99998,246.000031,118.999969,0,1
204,204,201,offscreen_render,7.08507,startup,27,27,1.77777779,198.000015,92.00001,198.000015,109.999992,92,50,-1.52587891E-05,350,300,150.000031,64.99998,246.000031,118.999969,0,1
205,205,202,offscreen_render,7.10116959,startup,27,27,1.77777779,198.000015,92.00001,198.000015,109.999992,92,50,-1.52587891E-05,350,300,150.000031,64.99998,246.000031,118.999969,0,1
206,206,203,offscreen_render,7.11797762,startup,27,27,1.77777779,198.000015,92.00001,198.000015,109.999992,92,50,-1.52587891E-05,350,300,150.000031,64.99998,246.000031,118.999969,0,1
207,207,204,offscreen_render,7.1345377,startup,27,27,1.77777779,198.000015,92.00001,198.000015,109.999992,92,50,-1.52587891E-05,350,300,150.000031,64.99998,246.000031,118.999969,0,1
208,208,205,offscreen_render,7.1516223,startup,27,27,1.77777779,198.000015,92.00001,198.000015,109.999992,92,50,-1.52587891E-05,350,300,150.000031,64.99998,246.000031,118.999969,0,1
209,209,206,offscreen_render,7.16815042,startup,27,27,1.77777779,198.000015,92.00001,198.000015,109.999992,92,50,-1.52587891E-05,350,300,150.000031,64.99998,246.000031,118.999969,0,1
210,210,207,offscreen_render,7.18494463,startup,27,27,1.77777779,198.000015,92.00001,198.000015,109.999992,92,50,-1.52587891E-05,350,300,150.000031,64.99998,246.000031,118.999969,0,1
211,211,208,offscreen_render,7.201281,startup,27,27,1.77777779,198.000015,92.00001,198.000015,109.999992,92,50,-1.52587891E-05,350,300,150.000031,64.99998,246.000031,118.999969,0,1
212,212,209,offscreen_render,7.217869,startup,27,27,1.77777779,198.000015,92.00001,198.000015,109.999992,92,50,-1.52587891E-05,350,300,150.000031,64.99998,246.000031,118.999969,0,1
213,213,210,offscreen_render,7.23490047,startup,27,27,1.77777779,198.000015,92.00001,198.000015,109.999992,92,50,-1.52587891E-05,350,300,150.000031,64.99998,246.000031,118.999969,0,1
214,214,211,offscreen_render,7.25130844,startup,27,27,1.77777779,198.000015,92.00001,198.000015,109.999992,92,50,-1.52587891E-05,350,300,150.000031,64.99998,246.000031,118.999969,0,1
215,215,212,offscreen_render,7.26784325,startup,27,27,1.77777779,198.000015,92.00001,198.000015,109.999992,92,50,-1.52587891E-05,350,300,150.000031,64.99998,246.000031,118.999969,0,1
216,216,213,offscreen_render,7.284555,startup,27,27,1.77777779,198.000015,92.00001,198.000015,109.999992,92,50,-1.52587891E-05,350,300,150.000031,64.99998,246.000031,118.999969,0,1
217,217,214,offscreen_render,7.301236,startup,27,27,1.77777779,198.000015,92.00001,198.000015,109.999992,92,50,-1.52587891E-05,350,300,150.000031,64.99998,246.000031,118.999969,0,1
218,218,215,offscreen_render,7.318194,startup,27,27,1.77777779,198.000015,92.00001,198.000015,109.999992,92,50,-1.52587891E-05,350,300,150.000031,64.99998,246.000031,118.999969,0,1
219,219,216,offscreen_render,7.33465242,startup,27,27,1.77777779,198.000015,92.00001,198.000015,109.999992,92,50,-1.52587891E-05,350,300,150.000031,64.99998,246.000031,118.999969,0,1
220,220,217,offscreen_render,7.35147238,startup,27,27,1.77777779,198.000015,92.00001,198.000015,109.999992,92,50,-1.52587891E-05,350,300,150.000031,64.99998,246.000031,118.999969,0,1
221,221,218,offscreen_render,7.48207664,startup,27,27,1.77777779,198,92.17023,198,109.999992,92.17022,50,-1.52587891E-05,350,300,150,65.1702042,246,119.1702,0,1
222,222,219,offscreen_render,7.48931932,startup,27,27,1.77777779,198,92.20129,198,109.999992,92.20128,50,-1.52587891E-05,350,300,150,65.20126,246,119.201256,0,1
223,223,220,offscreen_render,7.50558329,startup,27,27,1.77777779,198,92.23634,198,109.999992,92.2363358,50,-1.52587891E-05,350,300,150,65.23632,246,119.236313,0,1
224,224,221,offscreen_render,7.521882,startup,27,27,1.77777779,198,92.27744,198,109.999992,92.2774353,50,-1.52587891E-05,350,300,150,65.27742,246,119.277412,0,1
225,225,222,offscreen_render,7.53872061,startup,27,27,1.77777779,198,92.32582,198,109.999992,92.32581,50,-1.52587891E-05,350,300,150,65.3258,246,119.32579,0,1
226,226,223,offscreen_render,7.55518627,startup,27,27,1.77777779,198,92.3821259,198,109.999992,92.38212,50,-1.52587891E-05,350,300,150,65.3820953,246,119.382088,0,1
227,227,224,offscreen_render,7.57223225,startup,27,27,1.77777779,198,92.44658,198,109.999992,92.44657,50,-1.52587891E-05,350,300,150,65.4465561,246,119.446548,0,1
228,228,225,offscreen_render,7.588372,startup,27,27,1.77777779,198,92.5191,198,109.999992,92.51909,50,-1.52587891E-05,350,300,150,65.51907,246,119.519066,0,1
229,229,226,offscreen_render,7.60517454,startup,27,27,1.77777779,198,92.5993958,198,109.999992,92.59939,50,-1.52587891E-05,350,300,150,65.59937,246,119.599365,0,1
230,230,227,offscreen_render,7.621801,startup,27,27,1.77777779,198,92.68706,198,109.999992,92.68705,50,-1.52587891E-05,350,300,150,65.6870346,246,119.687027,0,1
231,231,228,offscreen_render,7.639326,startup,27,27,1.77777779,198,92.7815857,198,109.999992,92.78158,50,-1.52587891E-05,350,300,150,65.78156,246,119.781555,0,1
232,232,229,offscreen_render,7.65548372,startup,27,27,1.77777779,198,92.88301,198,109.999992,92.883,50,-1.52587891E-05,350,300,150,65.88299,246,119.88298,0,1
233,233,230,offscreen_render,7.672111,startup,27,27,1.77777779,198,92.98966,198,109.999992,92.9896545,50,-1.52587891E-05,350,300,150,65.98964,246,119.989632,0,1
234,234,231,offscreen_render,7.68870258,startup,27,27,1.77777779,198,93.10153,198,109.999992,93.1015244,50,-1.52587891E-05,350,300,150,66.10151,246,120.1015,0,1
235,235,232,offscreen_render,7.7053237,startup,27,27,1.77777779,198,93.2180939,198,109.999992,93.21809,50,-1.52587891E-05,350,300,150,66.21807,246,120.218063,0,1
236,236,233,offscreen_render,7.72221041,startup,27,27,1.77777779,198,93.33885,198,109.999992,93.3388443,50,-1.52587891E-05,350,300,150,66.33883,246,120.338821,0,1
237,237,234,offscreen_render,7.738629,startup,27,27,1.77777779,198,93.46333,198,109.999992,93.4633255,50,-1.52587891E-05,350,300,150,66.46331,246,120.4633,0,1
238,238,235,offscreen_render,7.755285,startup,27,27,1.77777779,198,93.5911255,198,109.999992,93.59112,50,-1.52587891E-05,350,300,150,66.5911,246,120.591095,0,1
239,239,236,offscreen_render,7.772243,startup,27,27,1.77777779,198,93.72183,198,109.999992,93.7218246,50,-1.52587891E-05,350,300,150,66.72181,246,120.7218,0,1
240,240,237,offscreen_render,7.78882551,startup,27,27,1.77777779,198,93.8551,198,109.999992,93.8550949,50,-1.52587891E-05,350,300,150,66.85507,246,120.855064,0,1
241,241,238,offscreen_render,7.805223,startup,27,27,1.77777779,198,93.9906158,198,109.999992,93.99061,50,-1.52587891E-05,350,300,150,66.99059,246,120.990585,0,1
242,242,239,offscreen_render,7.920791,startup,27,27,1.77777779,198,94.9382248,198,109.999992,94.93822,50,-1.52587891E-05,350,300,150,67.9382,246,121.938194,0,1
243,243,240,offscreen_render,7.937341,startup,27,27,1.77777779,198,95.05193,198,109.999992,95.0519257,50,-1.52587891E-05,350,300,150,68.05191,246,122.0519,0,1
244,244,241,offscreen_render,7.95409775,startup,27,27,1.77777779,198,95.1612,198,109.999992,95.1611938,50,-1.52587891E-05,350,300,150,68.16118,246,122.161171,0,1
245,245,242,offscreen_render,7.969976,startup,27,27,1.77777779,198,95.2685547,198,109.999992,95.26855,50,-1.52587891E-05,350,300,150,68.26853,246,122.268524,0,1
246,246,243,offscreen_render,7.986746,startup,27,27,1.77777779,198,95.37581,198,109.999992,95.3758,50,-1.52587891E-05,350,300,150,68.3757858,246,122.375778,0,1
247,247,244,offscreen_render,8.00330448,startup,27,27,1.77777779,198,95.4842148,198,109.999992,95.48421,50,-1.52587891E-05,350,300,150,68.48419,246,122.484184,0,1
248,248,245,offscreen_render,8.019825,startup,27,27,1.77777779,198,95.5946,198,109.999992,95.59459,50,-1.52587891E-05,350,300,150,68.59457,246,122.594559,0,1
249,249,246,offscreen_render,8.036867,startup,27,27,1.77777779,198,95.70748,198,109.999992,95.70747,50,-1.52587891E-05,350,300,150,68.70745,246,122.707443,0,1
250,250,247,offscreen_render,8.053316,startup,27,27,1.77777779,198,95.82315,198,109.999992,95.82314,50,-1.52587891E-05,350,300,150,68.82313,246,122.82312,0,1
251,251,248,offscreen_render,8.071438,startup,27,27,1.77777779,198,95.9417343,198,109.999992,95.94173,50,-1.52587891E-05,350,300,150,68.9417,246,122.941696,0,1
252,252,249,offscreen_render,8.08728,startup,27,27,1.77777779,198,96.0631943,198,109.999992,96.06319,50,-1.52587891E-05,350,300,150,69.06318,246,123.063171,0,1
253,253,250,offscreen_render,8.10368,startup,27,27,1.77777779,198,96.1874847,198,109.999992,96.18748,50,-1.52587891E-05,350,300,150,69.18747,246,123.187462,0,1
254,254,251,offscreen_render,8.120353,startup,27,27,1.77777779,198,96.31444,198,109.999992,96.31443,50,-1.52587891E-05,350,300,150,69.31442,246,123.314415,0,1
255,255,252,offscreen_render,8.136858,startup,27,27,1.77777779,198,96.44391,198,109.999992,96.4439,50,-1.52587891E-05,350,300,150,69.44389,246,123.443886,0,1
256,256,253,offscreen_render,8.153094,startup,27,27,1.77777779,198,96.5757,198,109.999992,96.57569,50,-1.52587891E-05,350,300,150,69.57568,246,123.575676,0,1
257,257,254,offscreen_render,8.169866,startup,27,27,1.77777779,198,96.70961,198,109.999992,96.7096,50,-1.52587891E-05,350,300,150,69.7095947,246,123.709587,0,1
258,258,255,offscreen_render,8.186431,startup,27,27,1.77777779,198,96.8454361,198,109.999992,96.84543,50,-1.52587891E-05,350,300,150,69.84542,246,123.845413,0,1
259,259,256,offscreen_render,8.203231,startup,27,27,1.77777779,198,96.98301,198,109.999992,96.983,50,-1.52587891E-05,350,300,150,69.9829941,246,123.982986,0,1
260,260,257,offscreen_render,8.219782,startup,27,27,1.77777779,198,97.12237,198,109.999992,97.12236,50,-1.52587891E-05,350,300,150,70.12235,246,124.122345,0,1
261,261,258,offscreen_render,8.236544,startup,27,27,1.77777779,198,97.26288,198,109.999992,97.26287,50,-1.52587891E-05,350,300,150,70.26286,246,124.262856,0,1
262,262,259,offscreen_render,8.253595,startup,27,27,1.77777779,198,97.40461,198,109.999992,97.4046,50,-1.52587891E-05,350,300,150,70.40459,246,124.404579,0,1
263,263,260,offscreen_render,8.270249,startup,27,27,1.77777779,198,97.5474243,198,109.999992,97.54742,50,-1.52587891E-05,350,300,150,70.54741,246,124.5474,0,1
264,264,261,offscreen_render,8.378923,startup,27,27,1.77777779,198,98.32847,198,109.999992,98.32846,50,-1.52587891E-05,350,300,150,71.32845,246,125.328445,0,1
265,265,262,offscreen_render,8.395723,startup,27,27,1.77777779,198,98.41634,198,109.999992,98.4163361,50,-1.52587891E-05,350,300,150,71.41633,246,125.416321,0,1
266,266,263,offscreen_render,8.502402,startup,27,27,1.77777779,198,98.7897,198,109.999992,98.7896957,50,-1.52587891E-05,350,300,150,71.78969,246,125.78968,0,1
267,267,264,offscreen_render,8.519272,startup,27,27,1.77777779,198,98.8251648,198,109.999992,98.82516,50,-1.52587891E-05,350,300,150,71.82515,246,125.825142,0,1
268,268,265,offscreen_render,8.535235,startup,27,27,1.77777779,198,98.8561,198,109.999992,98.8560944,50,-1.52587891E-05,350,300,150,71.85609,246,125.856079,0,1
269,269,266,offscreen_render,8.552103,startup,27,27,1.77777779,198,98.88303,198,109.999992,98.8830261,50,-1.52587891E-05,350,300,150,71.88302,246,125.883011,0,1
270,270,267,offscreen_render,8.568121,startup,27,27,1.77777779,198,98.90643,198,109.999992,98.9064255,50,-1.52587891E-05,350,300,150,71.90641,246,125.9064,0,1
271,271,268,offscreen_render,8.585159,startup,27,27,1.77777779,198,98.92672,198,109.999992,98.92671,50,-1.52587891E-05,350,300,150,71.9267044,246,125.9267,0,1
272,272,269,offscreen_render,8.601897,startup,27,27,1.77777779,198,98.94428,198,109.999992,98.9442749,50,-1.52587891E-05,350,300,150,71.94427,246,125.94426,0,1
273,273,270,offscreen_render,8.618197,startup,27,27,1.77777779,198,98.959465,198,109.999992,98.95946,50,-1.52587891E-05,350,300,150,71.95945,246,125.959442,0,1
274,274,271,offscreen_render,8.635341,startup,27,27,1.77777779,198,98.9725647,198,109.999992,98.97256,50,-1.52587891E-05,350,300,150,71.97255,246,125.972542,0,1
275,275,272,offscreen_render,8.652108,startup,27,27,1.77777779,198,98.98386,198,109.999992,98.98385,50,-1.52587891E-05,350,300,150,71.98384,246,125.983833,0,1
276,276,273,offscreen_render,8.668546,startup,27,27,1.77777779,198,98.993576,198,109.999992,98.99357,50,-1.52587891E-05,350,300,150,71.99356,246,125.993553,0,1
277,277,274,offscreen_render,8.685399,startup,27,27,1.77777779,198,99.00193,198,109.999992,99.00192,50,-1.52587891E-05,350,300,150,72.00191,246,126.0019,0,1
278,278,275,offscreen_render,8.701514,startup,27,27,1.77777779,198,99.0091,198,109.999992,99.0090942,50,-1.52587891E-05,350,300,150,72.00909,246,126.009079,0,1
279,279,276,offscreen_render,8.718004,startup,27,27,1.77777779,198,99.01526,198,109.999992,99.01525,50,-1.52587891E-05,350,300,150,72.01524,246,126.015236,0,1
280,280,277,offscreen_render,8.734915,startup,27,27,1.77777779,198,99.02053,198,109.999992,99.02052,50,-1.52587891E-05,350,300,150,72.0205154,246,126.020508,0,1
281,281,278,offscreen_render,8.751343,startup,27,27,1.77777779,198,99.02505,198,109.999992,99.02504,50,-1.52587891E-05,350,300,150,72.02503,246,126.025024,0,1
282,282,279,offscreen_render,8.768383,startup,27,27,1.77777779,198,99.02891,198,109.999992,99.0289,50,-1.52587891E-05,350,300,150,72.02889,246,126.028885,0,1
283,283,280,offscreen_render,8.785094,startup,27,27,1.77777779,198,99.03221,198,109.999992,99.0322,50,-1.52587891E-05,350,300,150,72.03219,246,126.032181,0,1
284,284,281,offscreen_render,8.801646,startup,27,27,1.77777779,198,99.0350342,198,109.999992,99.03503,50,-1.52587891E-05,350,300,150,72.03502,246,126.035011,0,1
285,285,282,offscreen_render,8.818616,startup,27,27,1.77777779,198,99.0374451,198,109.999992,99.03744,50,-1.52587891E-05,350,300,150,72.03742,246,126.037415,0,1
286,286,283,offscreen_render,8.835095,startup,27,27,1.77777779,198,99.0395,198,109.999992,99.03949,50,-1.52587891E-05,350,300,150,72.0394745,246,126.039467,0,1
287,287,284,offscreen_render,8.851773,startup,27,27,1.77777779,198,99.0412445,198,109.999992,99.04124,50,-1.52587891E-05,350,300,150,72.04123,246,126.041222,0,1
288,288,285,offscreen_render,8.868522,startup,27,27,1.77777779,198,99.04274,198,109.999992,99.04273,50,-1.52587891E-05,350,300,150,72.0427246,246,126.042717,0,1
289,289,286,offscreen_render,8.885025,startup,27,27,1.77777779,198,99.04401,198,109.999992,99.044,50,-1.52587891E-05,350,300,150,72.04399,246,126.043983,0,1
290,290,287,offscreen_render,8.901568,startup,27,27,1.77777779,198,99.04509,198,109.999992,99.04508,50,-1.52587891E-05,350,300,150,72.0450745,246,126.045067,0,1
291,291,288,offscreen_render,8.918302,startup,27,27,1.77777779,198,99.0460052,198,109.999992,99.046,50,-1.52587891E-05,350,300,150,72.04599,246,126.045982,0,1
292,292,289,offscreen_render,8.934933,startup,27,27,1.77777779,198,99.04678,198,109.999992,99.0467758,50,-1.52587891E-05,350,300,150,72.04677,246,126.046761,0,1
293,293,290,offscreen_render,8.952092,startup,27,27,1.77777779,198,99.04745,198,109.999992,99.04744,50,-1.52587891E-05,350,300,150,72.04743,246,126.047424,0,1
294,294,291,offscreen_render,8.96858,startup,27,27,1.77777779,198,99.04801,198,109.999992,99.0480042,50,-1.52587891E-05,350,300,150,72.048,246,126.047989,0,1
295,295,292,offscreen_render,8.985068,startup,27,27,1.77777779,198,99.04849,198,109.999992,99.0484848,50,-1.52587891E-05,350,300,150,72.04848,246,126.04847,0,1
296,296,293,offscreen_render,9.002066,startup,27,27,1.77777779,198,99.0489,198,109.999992,99.04889,50,-1.52587891E-05,350,300,150,72.0488739,246,126.048866,0,1
297,297,294,offscreen_render,9.018682,startup,27,27,1.77777779,198,99.04924,198,109.999992,99.04923,50,-1.52587891E-05,350,300,150,72.0492249,246,126.049217,0,1
298,298,295,offscreen_render,9.0350275,startup,27,27,1.77777779,198,99.04953,198,109.999992,99.04952,50,-1.52587891E-05,350,300,150,72.0495148,246,126.049507,0,1
299,299,296,offscreen_render,9.051933,startup,27,27,1.77777779,198,99.0497742,198,109.999992,99.04977,50,-1.52587891E-05,350,300,150,72.04976,246,126.049751,0,1
300,300,297,offscreen_render,9.068308,startup,27,27,1.77777779,198,99.04999,198,109.999992,99.04998,50,-1.52587891E-05,350,300,150,72.04997,246,126.049965,0,1
301,301,298,offscreen_render,9.085085,startup,27,27,1.77777779,198,99.05016,198,109.999992,99.0501556,50,-1.52587891E-05,350,300,150,72.05015,246,126.05014,0,1
302,302,299,offscreen_render,9.101787,startup,27,27,1.77777779,198,99.0503159,198,109.999992,99.05031,50,-1.52587891E-05,350,300,150,72.0503,246,126.050293,0,1
303,303,300,offscreen_render,9.208788,startup,27,27,1.77777779,198,99.19744,198,109.999992,99.19743,50,-1.52587891E-05,350,300,150,72.1974258,246,126.197418,0,1
304,304,301,offscreen_render,9.225589,startup,27,27,1.77777779,198,99.22952,198,109.999992,99.2295151,50,-1.52587891E-05,350,300,150,72.22951,246,126.2295,0,1
305,305,302,offscreen_render,9.241778,startup,27,27,1.77777779,198,99.2659454,198,109.999992,99.26594,50,-1.52587891E-05,350,300,150,72.26593,246,126.265923,0,1
306,306,303,offscreen_render,9.258249,startup,27,27,1.77777779,198,99.3086,198,109.999992,99.30859,50,-1.52587891E-05,350,300,150,72.3085861,246,126.308578,0,1
307,307,304,offscreen_render,9.274547,startup,27,27,1.77777779,198,99.35866,198,109.999992,99.35865,50,-1.52587891E-05,350,300,150,72.35864,246,126.358635,0,1
308,308,305,offscreen_render,9.29131,startup,27,27,1.77777779,198,99.416626,198,109.999992,99.41662,50,-1.52587891E-05,350,300,150,72.41661,246,126.4166,0,1
309,309,306,offscreen_render,9.307498,startup,27,27,1.77777779,198,99.4827042,198,109.999992,99.4827,50,-1.52587891E-05,350,300,150,72.48269,246,126.482681,0,1
310,310,307,offscreen_render,9.324557,startup,27,27,1.77777779,198,99.55678,198,109.999992,99.55677,50,-1.52587891E-05,350,300,150,72.55676,246,126.556755,0,1
311,311,308,offscreen_render,9.341162,startup,27,27,1.77777779,198,99.63854,198,109.999992,99.6385345,50,-1.52587891E-05,350,300,150,72.63853,246,126.638519,0,1
312,312,309,offscreen_render,9.357734,startup,27,27,1.77777779,198,99.7275543,198,109.999992,99.72755,50,-1.52587891E-05,350,300,150,72.72754,246,126.727531,0,1
313,313,310,offscreen_render,9.374496,startup,27,27,1.77777779,198,99.82332,198,109.999992,99.82331,50,-1.52587891E-05,350,300,150,72.8233,246,126.823296,0,1
314,314,311,offscreen_render,9.391058,startup,27,27,1.77777779,198,99.92529,198,109.999992,99.9252853,50,-1.52587891E-05,350,300,150,72.92528,246,126.92527,0,1
315,315,312,offscreen_render,9.407683,startup,27,27,1.77777779,198,100.032921,198,109.999992,100.032913,50,-1.52587891E-05,350,300,150,73.0329,246,127.03289,0,1
316,316,313,offscreen_render,9.425111,startup,27,27,1.77777779,198,100.150932,198,109.999992,100.150925,50,-1.52587891E-05,350,300,150,73.15092,246,127.150909,0,1
317,317,314,offscreen_render,9.441637,startup,27,27,1.77777779,198,100.268539,198,109.999992,100.268532,50,-1.52587891E-05,350,300,150,73.26852,246,127.268509,0,1
318,318,315,offscreen_render,9.45893,startup,27,27,1.77777779,198,100.390221,198,109.999992,100.390213,50,-1.52587891E-05,350,300,150,73.3902054,246,127.3902,0,1
319,319,316,offscreen_render,9.475118,startup,27,27,1.77777779,198,100.5155,198,109.999992,100.515495,50,-1.52587891E-05,350,300,150,73.51549,246,127.51548,0,1
320,320,317,offscreen_render,9.491848,startup,27,27,1.77777779,198,100.643982,198,109.999992,100.643974,50,-1.52587891E-05,350,300,150,73.64396,246,127.643951,0,1
321,321,318,offscreen_render,9.508315,startup,27,27,1.77777779,198,100.775284,198,109.999992,100.775276,50,-1.52587891E-05,350,300,150,73.77526,246,127.775253,0,1
322,322,319,offscreen_render,9.525382,startup,27,27,1.77777779,198,100.909081,198,109.999992,100.909073,50,-1.52587891E-05,350,300,150,73.9090652,246,127.909058,0,1
323,323,320,offscreen_render,9.541852,startup,27,27,1.77777779,198,101.045052,198,109.999992,101.045044,50,-1.52587891E-05,350,300,150,74.04503,246,128.045013,0,1
324,324,321,offscreen_render,9.558776,startup,27,27,1.77777779,198,101.182953,198,109.999992,101.182945,50,-1.52587891E-05,350,300,150,74.18294,246,128.182922,0,1
325,325,322,offscreen_render,9.575143,startup,27,27,1.77777779,198,101.318016,198,109.999992,101.318008,50,-1.52587891E-05,350,300,150,74.318,246,128.318,0,1
326,326,323,offscreen_render,9.591846,startup,27,27,1.77777779,198,101.443,198,109.999992,101.442993,50,-1.52587891E-05,350,300,150,74.4429855,246,128.442978,0,1
327,327,324,offscreen_render,9.60842,startup,27,27,1.77777779,198,101.553192,198,109.999992,101.553185,50,-1.52587891E-05,350,300,150,74.55318,246,128.553162,0,1
328,328,325,offscreen_render,9.625089,startup,27,27,1.77777779,198,101.645744,198,109.999992,101.645737,50,-1.52587891E-05,350,300,150,74.64573,246,128.645721,0,1
329,329,326,offscreen_render,9.641688,startup,27,27,1.77777779,198,101.719193,198,109.999992,101.719185,50,-1.52587891E-05,350,300,150,74.71917,246,128.719162,0,1
330,330,327,offscreen_render,9.747393,startup,27,27,1.77777779,198,101.762032,198,109.999992,101.762024,50,-1.52587891E-05,350,300,150,74.76201,246,128.762,0,1
331,331,328,offscreen_render,9.764644,startup,27,27,1.77777779,198,101.737816,198,109.999992,101.737808,50,-1.52587891E-05,350,300,150,74.73779,246,128.737778,0,1
332,332,329,offscreen_render,9.780547,startup,27,27,1.77777779,198,101.7066,198,109.999992,101.706589,50,-1.52587891E-05,350,300,150,74.70658,246,128.706573,0,1
333,333,330,offscreen_render,9.797089,startup,27,27,1.77777779,198,101.667152,198,109.999992,101.667145,50,-1.52587891E-05,350,300,150,74.66713,246,128.667114,0,1
334,334,331,offscreen_render,9.81356049,startup,27,27,1.77777779,198,101.618683,198,109.999992,101.618675,50,-1.52587891E-05,350,300,150,74.61867,246,128.618652,0,1
335,335,332,offscreen_render,9.830981,startup,27,27,1.77777779,198,101.561363,198,109.999992,101.561356,50,-1.52587891E-05,350,300,150,74.56135,246,128.56134,0,1
336,336,333,offscreen_render,9.846774,startup,27,27,1.77777779,198,101.495186,198,109.999992,101.495178,50,-1.52587891E-05,350,300,150,74.49516,246,128.495148,0,1
337,337,334,offscreen_render,9.863347,startup,27,27,1.77777779,198,101.4205,198,109.999992,101.420494,50,-1.52587891E-05,350,300,150,74.42048,246,128.420471,0,1
338,338,335,offscreen_render,9.880102,startup,27,27,1.77777779,198,101.337784,198,109.999992,101.337776,50,-1.52587891E-05,350,300,150,74.33777,246,128.337753,0,1
339,339,336,offscreen_render,9.896802,startup,27,27,1.77777779,198,101.247612,198,109.999992,101.247604,50,-1.52587891E-05,350,300,150,74.2476,246,128.247589,0,1
340,340,337,offscreen_render,9.913494,startup,27,27,1.77777779,198,101.150574,198,109.999992,101.150566,50,-1.52587891E-05,350,300,150,74.15056,246,128.150543,0,1
341,341,338,offscreen_render,9.930216,startup,27,27,1.77777779,198,101.047287,198,109.999992,101.047279,50,-1.52587891E-05,350,300,150,74.04727,246,128.047256,0,1
342,342,339,offscreen_render,9.946794,startup,27,27,1.77777779,198,100.938354,198,109.999992,100.938347,50,-1.52587891E-05,350,300,150,73.93833,246,127.938324,0,1
343,343,340,offscreen_render,10.0530777,startup,27,27,1.77777779,198,100.157021,198,109.999992,100.157013,50,-1.52587891E-05,350,300,150,73.157,246,127.15699,0,1
344,344,341,offscreen_render,10.0700445,startup,27,27,1.77777779,198,100.048416,198,109.999992,100.048409,50,-1.52587891E-05,350,300,150,73.04839,246,127.048386,0,1
345,345,342,offscreen_render,10.0863953,startup,27,27,1.77777779,198,99.942894,198,109.999992,99.94289,50,-1.52587891E-05,350,300,150,72.94288,246,126.942871,0,1
346,346,343,offscreen_render,10.1024714,startup,27,27,1.77777779,198,99.83826,198,109.999992,99.83825,50,-1.52587891E-05,350,300,150,72.8382339,246,126.838226,0,1
347,347,344,offscreen_render,10.11907,startup,27,27,1.77777779,198,99.73292,198,109.999992,99.73291,50,-1.52587891E-05,350,300,150,72.7328949,246,126.732887,0,1
348,348,345,offscreen_render,10.1358852,startup,27,27,1.77777779,198,99.625824,198,109.999992,99.62582,50,-1.52587891E-05,350,300,150,72.62581,246,126.6258,0,1
349,349,346,offscreen_render,10.1522675,startup,27,27,1.77777779,198,99.5163,198,109.999992,99.51629,50,-1.52587891E-05,350,300,150,72.51627,246,126.516266,0,1
350,350,347,offscreen_render,10.1689253,startup,27,27,1.77777779,198,99.40393,198,109.999992,99.40392,50,-1.52587891E-05,350,300,150,72.4039154,246,126.403908,0,1
351,351,348,offscreen_render,10.1855421,startup,27,27,1.77777779,198,99.2885361,198,109.999992,99.28853,50,-1.52587891E-05,350,300,150,72.28852,246,126.288513,0,1
352,352,349,offscreen_render,10.2029018,startup,27,27,1.77777779,198,99.17005,198,109.999992,99.1700439,50,-1.52587891E-05,350,300,150,72.17004,246,126.170029,0,1
353,353,350,offscreen_render,10.2195673,startup,27,27,1.77777779,198,99.0485458,198,109.999992,99.04854,50,-1.52587891E-05,350,300,150,72.04853,246,126.048523,0,1
354,354,351,offscreen_render,10.235652,startup,27,27,1.77777779,198,98.92414,198,109.999992,98.92413,50,-1.52587891E-05,350,300,150,71.92412,246,125.92411,0,1
355,355,352,offscreen_render,10.2523556,startup,27,27,1.77777779,198,98.797,198,109.999992,98.79699,50,-1.52587891E-05,350,300,150,71.79698,246,125.796974,0,1
356,356,353,offscreen_render,10.2694626,startup,27,27,1.77777779,198,98.66731,198,109.999992,98.667305,50,-1.52587891E-05,350,300,150,71.66729,246,125.667282,0,1
357,357,354,offscreen_render,10.28595,startup,27,27,1.77777779,198,98.53529,198,109.999992,98.5352859,50,-1.52587891E-05,350,300,150,71.53528,246,125.535271,0,1
358,358,355,offscreen_render,10.3028135,startup,27,27,1.77777779,198,98.40115,198,109.999992,98.4011459,50,-1.52587891E-05,350,300,150,71.40114,246,125.401131,0,1
359,359,356,offscreen_render,10.3190889,startup,27,27,1.77777779,198,98.26509,198,109.999992,98.26508,50,-1.52587891E-05,350,300,150,71.26507,246,125.26506,0,1
360,360,357,offscreen_render,10.3358631,startup,27,27,1.77777779,198,98.1273041,198,109.999992,98.1273,50,-1.52587891E-05,350,300,150,71.12729,246,125.127281,0,1
361,361,358,offscreen_render,10.3525219,startup,27,27,1.77777779,198,97.9879761,198,109.999992,97.98797,50,-1.52587891E-05,350,300,150,70.98796,246,124.987953,0,1
362,362,359,offscreen_render,10.3692713,startup,27,27,1.77777779,198,97.84728,198,109.999992,97.8472748,50,-1.52587891E-05,350,300,150,70.84727,246,124.84726,0,1
363,363,360,offscreen_render,10.3857708,startup,27,27,1.77777779,198,97.70537,198,109.999992,97.70536,50,-1.52587891E-05,350,300,150,70.70535,246,124.705345,0,1
364,364,361,offscreen_render,10.4030991,startup,27,27,1.77777779,198,97.56239,198,109.999992,97.5623856,50,-1.52587891E-05,350,300,150,70.56238,246,124.56237,0,1
365,365,362,offscreen_render,10.4193172,startup,27,27,1.77777779,198,97.41849,198,109.999992,97.41848,50,-1.52587891E-05,350,300,150,70.41847,246,124.418465,0,1
366,366,363,offscreen_render,10.43584,startup,27,27,1.77777779,198,97.27376,198,109.999992,97.27375,50,-1.52587891E-05,350,300,150,70.27374,246,124.273735,0,1
367,367,364,offscreen_render,10.4528933,startup,27,27,1.77777779,198,97.12831,198,109.999992,97.1283,50,-1.52587891E-05,350,300,150,70.1282959,246,124.128288,0,1
368,368,365,offscreen_render,10.469492,startup,27,27,1.77777779,198,96.98225,198,109.999992,96.98224,50,-1.52587891E-05,350,300,150,69.98222,246,123.982216,0,1
369,369,366,offscreen_render,10.5763216,startup,27,27,1.77777779,198,96.1967,198,109.999992,96.19669,50,-1.52587891E-05,350,300,150,69.1966858,246,123.196678,0,1
370,370,367,offscreen_render,10.5932407,startup,27,27,1.77777779,198,96.10683,198,109.999992,96.10682,50,-1.52587891E-05,350,300,150,69.10681,246,123.106804,0,1
371,371,368,offscreen_render,10.7001266,startup,27,27,1.77777779,198,95.7260056,198,109.999992,95.726,50,-1.52587891E-05,350,300,150,68.72598,246,122.725975,0,1
372,372,369,offscreen_render,10.7162437,startup,27,27,1.77777779,198,95.68959,198,109.999992,95.68958,50,-1.52587891E-05,350,300,150,68.68957,246,122.68956,0,1
373,373,370,offscreen_render,10.73221,startup,27,27,1.77777779,198,95.65782,198,109.999992,95.657814,50,-1.52587891E-05,350,300,150,68.6578,246,122.657791,0,1
374,374,371,offscreen_render,10.7488861,startup,27,27,1.77777779,198,95.6301651,198,109.999992,95.63016,50,-1.52587891E-05,350,300,150,68.63014,246,122.630135,0,1
375,375,372,offscreen_render,10.7657185,startup,27,27,1.77777779,198,95.60613,198,109.999992,95.6061249,50,-1.52587891E-05,350,300,150,68.6061,246,122.606094,0,1
376,376,373,offscreen_render,10.782383,startup,27,27,1.77777779,198,95.58529,198,109.999992,95.58528,50,-1.52587891E-05,350,300,150,68.5852661,246,122.585258,0,1
377,377,374,offscreen_render,10.7993011,startup,27,27,1.77777779,198,95.56706,198,109.999992,95.5670547,50,-1.52587891E-05,350,300,150,68.56704,246,122.567032,0,1
378,378,375,offscreen_render,10.8154783,startup,27,27,1.77777779,198,95.55149,198,109.999992,95.55148,50,-1.52587891E-05,350,300,150,68.55147,246,122.55146,0,1
379,379,376,offscreen_render,10.8325281,startup,27,27,1.77777779,198,95.5380554,198,109.999992,95.53805,50,-1.52587891E-05,350,300,150,68.53803,246,122.538025,0,1
380,380,377,offscreen_render,10.8488989,startup,27,27,1.77777779,198,95.526474,198,109.999992,95.52647,50,-1.52587891E-05,350,300,150,68.52645,246,122.526443,0,1
381,381,378,offscreen_render,10.865428,startup,27,27,1.77777779,198,95.5165,198,109.999992,95.5164948,50,-1.52587891E-05,350,300,150,68.51648,246,122.516472,0,1
382,382,379,offscreen_render,10.8824816,startup,27,27,1.77777779,198,95.5079346,198,109.999992,95.50793,50,-1.52587891E-05,350,300,150,68.50791,246,122.507904,0,1
383,383,380,offscreen_render,10.8991041,startup,27,27,1.77777779,198,95.50057,198,109.999992,95.5005646,50,-1.52587891E-05,350,300,150,68.50055,246,122.500542,0,1
384,384,381,offscreen_render,10.9161749,startup,27,27,1.77777779,198,95.4942551,198,109.999992,95.49425,50,-1.52587891E-05,350,300,150,68.49423,246,122.494225,0,1
385,385,382,offscreen_render,10.9323673,startup,27,27,1.77777779,198,95.4888458,198,109.999992,95.48884,50,-1.52587891E-05,350,300,150,68.48882,246,122.488815,0,1
386,386,383,offscreen_render,10.9493265,startup,27,27,1.77777779,198,95.4842148,198,109.999992,95.48421,50,-1.52587891E-05,350,300,150,68.48419,246,122.484184,0,1
387,387,384,offscreen_render,10.9654579,startup,27,27,1.77777779,198,95.48025,198,109.999992,95.48024,50,-1.52587891E-05,350,300,150,68.4802246,246,122.480217,0,1
388,388,385,offscreen_render,10.9823656,startup,27,27,1.77777779,198,95.47686,198,109.999992,95.47685,50,-1.52587891E-05,350,300,150,68.47684,246,122.47683,0,1
389,389,386,offscreen_render,10.9991159,startup,27,27,1.77777779,198,95.47397,198,109.999992,95.47396,50,-1.52587891E-05,350,300,150,68.47394,246,122.47393,0,1
390,390,387,offscreen_render,11.0156174,startup,27,27,1.77777779,198,95.4715,198,109.999992,95.47149,50,-1.52587891E-05,350,300,150,68.4714661,246,122.471458,0,1
391,391,388,offscreen_render,11.0323963,startup,27,27,1.77777779,198,95.46939,198,109.999992,95.46938,50,-1.52587891E-05,350,300,150,68.46936,246,122.469353,0,1
392,392,389,offscreen_render,11.0489788,startup,27,27,1.77777779,198,95.4676,198,109.999992,95.46759,50,-1.52587891E-05,350,300,150,68.4675751,246,122.467567,0,1
393,393,390,offscreen_render,11.0657511,startup,27,27,1.77777779,198,95.4660645,198,109.999992,95.46606,50,-1.52587891E-05,350,300,150,68.46604,246,122.466034,0,1
394,394,391,offscreen_render,11.0823059,startup,27,27,1.77777779,198,95.46476,198,109.999992,95.46475,50,-1.52587891E-05,350,300,150,68.46474,246,122.464729,0,1
395,395,392,offscreen_render,11.0989361,startup,27,27,1.77777779,198,95.46365,198,109.999992,95.4636459,50,-1.52587891E-05,350,300,150,68.46363,246,122.463623,0,1
396,396,393,offscreen_render,11.1160107,startup,27,27,1.77777779,198,95.46271,198,109.999992,95.4627,50,-1.52587891E-05,350,300,150,68.4626846,246,122.462677,0,1
397,397,394,offscreen_render,11.132473,startup,27,27,1.77777779,198,95.46191,198,109.999992,95.4619,50,-1.52587891E-05,350,300,150,68.46188,246,122.461876,0,1
398,398,395,offscreen_render,11.1491556,startup,27,27,1.77777779,198,95.46123,198,109.999992,95.46122,50,-1.52587891E-05,350,300,150,68.4612045,246,122.4612,0,1
399,399,396,offscreen_render,11.1656637,startup,27,27,1.77777779,198,95.46065,198,109.999992,95.46064,50,-1.52587891E-05,350,300,150,68.4606247,246,122.460617,0,1
400,400,397,offscreen_render,11.1827259,startup,27,27,1.77777779,198,95.46016,198,109.999992,95.46015,50,-1.52587891E-05,350,300,150,68.46014,246,122.460129,0,1
401,401,398,offscreen_render,11.1990967,startup,27,27,1.77777779,198,95.45974,198,109.999992,95.45973,50,-1.52587891E-05,350,300,150,68.45972,246,122.459709,0,1
402,402,399,offscreen_render,11.2157707,startup,27,27,1.77777779,198,95.45939,198,109.999992,95.45938,50,-1.52587891E-05,350,300,150,68.4593658,246,122.459358,0,1
403,403,400,offscreen_render,11.2322464,startup,27,27,1.77777779,198,95.45909,198,109.999992,95.45908,50,-1.52587891E-05,350,300,150,68.45906,246,122.459053,0,1
404,404,401,offscreen_render,11.2490282,startup,27,27,1.77777779,198,95.45884,198,109.999992,95.45883,50,-1.52587891E-05,350,300,150,68.45882,246,122.458809,0,1
405,405,402,offscreen_render,11.2654953,startup,27,27,1.77777779,198,95.4586258,198,109.999992,95.45862,50,-1.52587891E-05,350,300,150,68.4586,246,122.458595,0,1
406,406,403,offscreen_render,11.2820911,startup,27,27,1.77777779,198,95.45844,198,109.999992,95.4584351,50,-1.52587891E-05,350,300,150,68.45842,246,122.458412,0,1
407,407,404,offscreen_render,11.2992392,startup,27,27,1.77777779,198,95.45829,198,109.999992,95.45828,50,-1.52587891E-05,350,300,150,68.45827,246,122.45826,0,1
408,408,405,offscreen_render,11.40565,startup,27,27,1.77777779,198.146622,95.45773,198.146622,109.999992,95.4577255,50,-1.52587891E-05,350,300,150.146622,68.4577,246.146622,122.457695,0,1
409,409,406,offscreen_render,11.4230347,startup,27,27,1.77777779,198.178665,95.45769,198.178665,109.999992,95.45768,50,-1.52587891E-05,350,300,150.178665,68.4576645,246.178665,122.457657,0,1
410,410,407,offscreen_render,11.4389477,startup,27,27,1.77777779,198.215042,95.45765,198.215042,109.999992,95.45764,50,-1.52587891E-05,350,300,150.215057,68.45762,246.215057,122.457611,0,1
411,411,408,offscreen_render,11.455101,startup,27,27,1.77777779,198.25766,95.45762,198.25766,109.999992,95.45761,50,-1.52587891E-05,350,300,150.257675,68.4575958,246.257675,122.457588,0,1
412,412,409,offscreen_render,11.4716969,startup,27,27,1.77777779,198.307648,95.45759,198.307648,109.999992,95.45758,50,-1.52587891E-05,350,300,150.307663,68.4575653,246.307663,122.457558,0,1
413,413,410,offscreen_render,11.4883556,startup,27,27,1.77777779,198.365585,95.4575653,198.365585,109.999992,95.45756,50,-1.52587891E-05,350,300,150.3656,68.45754,246.3656,122.457535,0,1
414,414,411,offscreen_render,11.5050793,startup,27,27,1.77777779,198.431641,95.45754,198.431641,109.999992,95.4575348,50,-1.52587891E-05,350,300,150.431641,68.45752,246.431641,122.457512,0,1
415,415,412,offscreen_render,11.5219584,startup,27,27,1.77777779,198.505692,95.45753,198.505692,109.999992,95.45752,50,-1.52587891E-05,350,300,150.505692,68.4575,246.505692,122.457489,0,1
416,416,413,offscreen_render,11.5384264,startup,27,27,1.77777779,198.587433,95.45751,198.587433,109.999992,95.4575043,50,-1.52587891E-05,350,300,150.587448,68.45749,246.587448,122.457481,0,1
417,417,414,offscreen_render,11.5548525,startup,27,27,1.77777779,198.676422,95.4575043,198.676422,109.999992,95.4575,50,-1.52587891E-05,350,300,150.676437,68.45748,246.676437,122.457474,0,1
418,418,415,offscreen_render,11.5717316,startup,27,27,1.77777779,198.772171,95.4575,198.772171,109.999992,95.45749,50,-1.52587891E-05,350,300,150.772186,68.45747,246.772186,122.457466,0,1
419,419,416,offscreen_render,11.5881891,startup,27,27,1.77777779,198.87413,95.45749,198.87413,109.999992,95.45748,50,-1.52587891E-05,350,300,150.874146,68.45746,246.874146,122.457451,0,1
420,420,417,offscreen_render,11.605197,startup,27,27,1.77777779,198.98175,95.45748,198.98175,109.999992,95.45747,50,-1.52587891E-05,350,300,150.981766,68.45746,246.981766,122.457451,0,1
421,421,418,offscreen_render,11.6215916,startup,27,27,1.77777779,199.0945,95.45747,199.0945,109.999992,95.4574661,50,-1.52587891E-05,350,300,151.094513,68.45745,247.094513,122.457443,0,1
422,422,419,offscreen_render,11.6385612,startup,27,27,1.77777779,199.211838,95.4574661,199.211838,109.999992,95.45746,50,-1.52587891E-05,350,300,151.211838,68.45744,247.211838,122.457436,0,1
423,423,420,offscreen_render,11.6551657,startup,27,27,1.77777779,199.333282,95.45746,199.333282,109.999992,95.45745,50,-1.52587891E-05,350,300,151.333282,68.4574356,247.333282,122.457428,0,1
424,424,421,offscreen_render,11.6717052,startup,27,27,1.77777779,199.458389,95.45746,199.458389,109.999992,95.45745,50,-1.52587891E-05,350,300,151.458389,68.4574356,247.458389,122.457428,0,1
425,425,422,offscreen_render,11.6884737,startup,27,27,1.77777779,199.586716,95.45746,199.586716,109.999992,95.45745,50,-1.52587891E-05,350,300,151.586731,68.4574356,247.586731,122.457428,0,1
426,426,423,offscreen_render,11.7050123,startup,27,27,1.77777779,199.7179,95.45746,199.7179,109.999992,95.45745,50,-1.52587891E-05,350,300,151.7179,68.4574356,247.7179,122.457428,0,1
427,427,424,offscreen_render,11.7221041,startup,27,27,1.77777779,199.851578,95.45746,199.851578,109.999992,95.45745,50,-1.52587891E-05,350,300,151.8516,68.4574356,247.8516,122.457428,0,1
428,428,425,offscreen_render,11.7382727,startup,27,27,1.77777779,199.987473,95.45746,199.987473,109.999992,95.45745,50,-1.52587891E-05,350,300,151.987473,68.4574356,247.987473,122.457428,0,1
429,429,426,offscreen_render,11.7554531,startup,27,27,1.77777779,200.125259,95.45746,200.125259,109.999992,95.45745,50,-1.52587891E-05,350,300,152.125259,68.4574356,248.125259,122.457428,0,1
430,430,427,offscreen_render,11.863471,startup,27,27,1.77777779,201.034409,95.45745,201.034409,109.999992,95.45744,50,-1.52587891E-05,350,300,153.034424,68.45743,249.034424,122.45742,0,1
431,431,428,offscreen_render,11.8809681,startup,27,27,1.77777779,201.1529,95.45745,201.1529,109.999992,95.45744,50,-1.52587891E-05,350,300,153.1529,68.45743,249.1529,122.45742,0,1
432,432,429,offscreen_render,11.8964787,startup,27,27,1.77777779,201.26683,95.45745,201.26683,109.999992,95.45744,50,-1.52587891E-05,350,300,153.26683,68.45743,249.26683,122.45742,0,1
433,433,430,offscreen_render,11.9124823,startup,27,27,1.77777779,201.378662,95.45745,201.378662,109.999992,95.45744,50,-1.52587891E-05,350,300,153.378662,68.45743,249.378662,122.45742,0,1
434,434,431,offscreen_render,11.9296331,startup,27,27,1.77777779,201.490128,95.45745,201.490128,109.999992,95.45744,50,-1.52587891E-05,350,300,153.490128,68.45743,249.490128,122.45742,0,1
435,435,432,offscreen_render,11.9458542,startup,27,27,1.77777779,201.602432,95.45745,201.602432,109.999992,95.45744,50,-1.52587891E-05,350,300,153.602448,68.45743,249.602448,122.45742,0,1
436,436,433,offscreen_render,11.9627743,startup,27,27,1.77777779,201.717026,95.45745,201.717026,109.999992,95.45744,50,-1.52587891E-05,350,300,153.717041,68.45743,249.717041,122.45742,0,1
437,437,434,offscreen_render,11.979373,startup,27,27,1.77777779,201.833176,95.45745,201.833176,109.999992,95.45744,50,-1.52587891E-05,350,300,153.833176,68.45743,249.833176,122.45742,0,1
438,438,435,offscreen_render,11.9960747,startup,27,27,1.77777779,201.9518,95.45745,201.9518,109.999992,95.45744,50,-1.52587891E-05,350,300,153.951813,68.45743,249.951813,122.45742,0,1
439,439,436,offscreen_render,12.0129337,startup,27,27,1.77777779,202.073013,95.45745,202.073013,109.999992,95.45744,50,-1.52587891E-05,350,300,154.073029,68.45743,250.073029,122.45742,0,1
440,440,437,offscreen_render,12.0295048,startup,27,27,1.77777779,202.196854,95.45745,202.196854,109.999992,95.45744,50,-1.52587891E-05,350,300,154.196869,68.45743,250.196869,122.45742,0,1
441,441,438,offscreen_render,12.046217,startup,27,27,1.77777779,202.323227,95.45745,202.323227,109.999992,95.45744,50,-1.52587891E-05,350,300,154.323242,68.45743,250.323242,122.45742,0,1
442,442,439,offscreen_render,12.0627661,startup,27,27,1.77777779,202.452042,95.45745,202.452042,109.999992,95.45744,50,-1.52587891E-05,350,300,154.452057,68.45743,250.452057,122.45742,0,1
443,443,440,offscreen_render,12.0799665,startup,27,27,1.77777779,202.58316,95.45745,202.58316,109.999992,95.45744,50,-1.52587891E-05,350,300,154.583176,68.45743,250.583176,122.45742,0,1
444,444,441,offscreen_render,12.096282,startup,27,27,1.77777779,202.716385,95.45745,202.716385,109.999992,95.45744,50,-1.52587891E-05,350,300,154.716385,68.45743,250.716385,122.45742,0,1
445,445,442,offscreen_render,12.11272,startup,27,27,1.77777779,202.851547,95.45745,202.851547,109.999992,95.45744,50,-1.52587891E-05,350,300,154.851563,68.45743,250.851563,122.45742,0,1
446,446,443,offscreen_render,12.1294775,startup,27,27,1.77777779,202.98848,95.45745,202.98848,109.999992,95.45744,50,-1.52587891E-05,350,300,154.98848,68.45743,250.98848,122.45742,0,1
447,447,444,offscreen_render,12.14618,startup,27,27,1.77777779,203.127,95.45745,203.127,109.999992,95.45744,50,-1.52587891E-05,350,300,155.127,68.45743,251.127,122.45742,0,1
448,448,445,offscreen_render,12.1628513,startup,27,27,1.77777779,203.266937,95.45745,203.266937,109.999992,95.45744,50,-1.52587891E-05,350,300,155.266937,68.45743,251.266937,122.45742,0,1
449,449,446,offscreen_render,12.17956,startup,27,27,1.77777779,203.408157,95.45745,203.408157,109.999992,95.45744,50,-1.52587891E-05,350,300,155.408157,68.45743,251.408157,122.45742,0,1
450,450,447,offscreen_render,12.1961555,startup,27,27,1.77777779,203.5505,95.45745,203.5505,109.999992,95.45744,50,-1.52587891E-05,350,300,155.550522,68.45743,251.550522,122.45742,0,1
451,451,448,offscreen_render,12.2129517,startup,27,27,1.77777779,203.693863,95.45745,203.693863,109.999992,95.45744,50,-1.52587891E-05,350,300,155.693878,68.45743,251.693878,122.45742,0,1
452,452,449,offscreen_render,12.3213158,startup,27,27,1.77777779,204.479889,95.45744,204.479889,109.999992,95.4574356,50,-1.52587891E-05,350,300,156.479889,68.45741,252.479889,122.457405,0,1
453,453,450,offscreen_render,12.338192,startup,27,27,1.77777779,204.567642,95.45744,204.567642,109.999992,95.4574356,50,-1.52587891E-05,350,300,156.567657,68.45741,252.567657,122.457405,0,1
454,454,451,offscreen_render,12.4451056,startup,27,27,1.77777779,204.93866,95.45744,204.93866,109.999992,95.4574356,50,-1.52587891E-05,350,300,156.93866,68.45741,252.93866,122.457405,0,1
455,455,452,offscreen_render,12.4612036,startup,27,27,1.77777779,204.974228,95.45744,204.974228,109.999992,95.4574356,50,-1.52587891E-05,350,300,156.974243,68.45741,252.974243,122.457405,0,1
456,456,453,offscreen_render,12.4778442,startup,27,27,1.77777779,205.005249,95.45744,205.005249,109.999992,95.4574356,50,-1.52587891E-05,350,300,157.005249,68.45741,253.005249,122.457405,0,1
457,457,454,offscreen_render,12.4942722,startup,27,27,1.77777779,205.032257,95.45744,205.032257,109.999992,95.4574356,50,-1.52587891E-05,350,300,157.032257,68.45741,253.032257,122.457405,0,1
458,458,455,offscreen_render,12.5109587,startup,27,27,1.77777779,205.055725,95.45744,205.055725,109.999992,95.4574356,50,-1.52587891E-05,350,300,157.05574,68.45741,253.05574,122.457405,0,1
459,459,456,offscreen_render,12.5278254,startup,27,27,1.77777779,205.07608,95.45744,205.07608,109.999992,95.4574356,50,-1.52587891E-05,350,300,157.07608,68.45741,253.07608,122.457405,0,1
460,460,457,offscreen_render,12.5445509,startup,27,27,1.77777779,205.093689,95.45744,205.093689,109.999992,95.4574356,50,-1.52587891E-05,350,300,157.093689,68.45741,253.093689,122.457405,0,1
461,461,458,offscreen_render,12.5608931,startup,27,27,1.77777779,205.108917,95.45744,205.108917,109.999992,95.4574356,50,-1.52587891E-05,350,300,157.108932,68.45741,253.108932,122.457405,0,1
462,462,459,offscreen_render,12.5774355,startup,27,27,1.77777779,205.122055,95.45744,205.122055,109.999992,95.4574356,50,-1.52587891E-05,350,300,157.12207,68.45741,253.12207,122.457405,0,1
463,463,460,offscreen_render,12.5940018,startup,27,27,1.77777779,205.133377,95.45744,205.133377,109.999992,95.4574356,50,-1.52587891E-05,350,300,157.133377,68.45741,253.133377,122.457405,0,1
464,464,461,offscreen_render,12.6107311,startup,27,27,1.77777779,205.143127,95.45744,205.143127,109.999992,95.4574356,50,-1.52587891E-05,350,300,157.143127,68.45741,253.143127,122.457405,0,1
465,465,462,offscreen_render,12.627243,startup,27,27,1.77777779,205.1515,95.45744,205.1515,109.999992,95.4574356,50,-1.52587891E-05,350,300,157.1515,68.45741,253.1515,122.457405,0,1
466,466,463,offscreen_render,12.6439953,startup,27,27,1.77777779,205.158691,95.45744,205.158691,109.999992,95.4574356,50,-1.52587891E-05,350,300,157.158691,68.45741,253.158691,122.457405,0,1
467,467,464,offscreen_render,12.6608257,startup,27,27,1.77777779,205.164856,95.45744,205.164856,109.999992,95.4574356,50,-1.52587891E-05,350,300,157.164871,68.45741,253.164871,122.457405,0,1
468,468,465,offscreen_render,12.6775637,startup,27,27,1.77777779,205.170151,95.45744,205.170151,109.999992,95.4574356,50,-1.52587891E-05,350,300,157.170166,68.45741,253.170166,122.457405,0,1
469,469,466,offscreen_render,12.694129,startup,27,27,1.77777779,205.174683,95.45744,205.174683,109.999992,95.4574356,50,-1.52587891E-05,350,300,157.174683,68.45741,253.174683,122.457405,0,1
470,470,467,offscreen_render,12.7106743,startup,27,27,1.77777779,205.178558,95.45744,205.178558,109.999992,95.4574356,50,-1.52587891E-05,350,300,157.178558,68.45741,253.178558,122.457405,0,1
471,471,468,offscreen_render,12.7272377,startup,27,27,1.77777779,205.18187,95.45744,205.18187,109.999992,95.4574356,50,-1.52587891E-05,350,300,157.181885,68.45741,253.181885,122.457405,0,1
472,472,469,offscreen_render,12.7439632,startup,27,27,1.77777779,205.1847,95.45744,205.1847,109.999992,95.4574356,50,-1.52587891E-05,350,300,157.1847,68.45741,253.1847,122.457405,0,1
473,473,470,offscreen_render,12.7609015,startup,27,27,1.77777779,205.1871,95.45744,205.1871,109.999992,95.4574356,50,-1.52587891E-05,350,300,157.187119,68.45741,253.187119,122.457405,0,1
474,474,471,offscreen_render,12.77728,startup,27,27,1.77777779,205.189163,95.45744,205.189163,109.999992,95.4574356,50,-1.52587891E-05,350,300,157.189178,68.45741,253.189178,122.457405,0,1
475,475,472,offscreen_render,12.7942953,startup,27,27,1.77777779,205.190918,95.45744,205.190918,109.999992,95.4574356,50,-1.52587891E-05,350,300,157.190918,68.45741,253.190918,122.457405,0,1
476,476,473,offscreen_render,12.810832,startup,27,27,1.77777779,205.192413,95.45744,205.192413,109.999992,95.4574356,50,-1.52587891E-05,350,300,157.192429,68.45741,253.192429,122.457405,0,1
477,477,474,offscreen_render,12.8272953,startup,27,27,1.77777779,205.1937,95.45744,205.1937,109.999992,95.4574356,50,-1.52587891E-05,350,300,157.19371,68.45741,253.19371,122.457405,0,1
478,478,475,offscreen_render,12.8439236,startup,27,27,1.77777779,205.194778,95.45744,205.194778,109.999992,95.4574356,50,-1.52587891E-05,350,300,157.1948,68.45741,253.1948,122.457405,0,1
479,479,476,offscreen_render,12.8608131,startup,27,27,1.77777779,205.1957,95.45744,205.1957,109.999992,95.4574356,50,-1.52587891E-05,350,300,157.195709,68.45741,253.195709,122.457405,0,1
480,480,477,offscreen_render,12.8772354,startup,27,27,1.77777779,205.196472,95.45744,205.196472,109.999992,95.4574356,50,-1.52587891E-05,350,300,157.196472,68.45741,253.196472,122.457405,0,1
481,481,478,offscreen_render,12.894084,startup,27,27,1.77777779,205.197144,95.45744,205.197144,109.999992,95.4574356,50,-1.52587891E-05,350,300,157.197144,68.45741,253.197144,122.457405,0,1
482,482,479,offscreen_render,12.9106531,startup,27,27,1.77777779,205.197708,95.45744,205.197708,109.999992,95.4574356,50,-1.52587891E-05,350,300,157.197723,68.45741,253.197723,122.457405,0,1
483,483,480,offscreen_render,12.92715,startup,27,27,1.77777779,205.1982,95.45744,205.1982,109.999992,95.4574356,50,-1.52587891E-05,350,300,157.1982,68.45741,253.1982,122.457405,0,1
484,484,481,offscreen_render,12.9442844,startup,27,27,1.77777779,205.198608,95.45744,205.198608,109.999992,95.4574356,50,-1.52587891E-05,350,300,157.198608,68.45741,253.198608,122.457405,0,1
485,485,482,offscreen_render,12.960638,startup,27,27,1.77777779,205.198959,95.45744,205.198959,109.999992,95.4574356,50,-1.52587891E-05,350,300,157.198975,68.45741,253.198975,122.457405,0,1
486,486,483,offscreen_render,12.9774809,startup,27,27,1.77777779,205.199249,95.45744,205.199249,109.999992,95.4574356,50,-1.52587891E-05,350,300,157.199249,68.45741,253.199249,122.457405,0,1
487,487,484,offscreen_render,12.9940357,startup,27,27,1.77777779,205.1995,95.45744,205.1995,109.999992,95.4574356,50,-1.52587891E-05,350,300,157.1995,68.45741,253.1995,122.457405,0,1
488,488,485,offscreen_render,13.0107622,startup,27,27,1.77777779,205.1997,95.45744,205.1997,109.999992,95.4574356,50,-1.52587891E-05,350,300,157.1997,68.45741,253.1997,122.457405,0,1
489,489,486,offscreen_render,13.0273447,startup,27,27,1.77777779,205.19989,95.45744,205.19989,109.999992,95.4574356,50,-1.52587891E-05,350,300,157.19989,68.45741,253.19989,122.457405,0,1
490,490,487,offscreen_render,13.0438757,startup,27,27,1.77777779,205.200043,95.45744,205.200043,109.999992,95.4574356,50,-1.52587891E-05,350,300,157.200043,68.45741,253.200043,122.457405,0,1
491,491,488,offscreen_render,13.1511059,startup,27,27,1.77777779,205.347473,95.45744,205.347473,109.999992,95.4574356,50,-1.52587891E-05,350,300,157.347473,68.45741,253.347473,122.457405,0,1
492,492,489,offscreen_render,13.1679068,startup,27,27,1.77777779,205.379547,95.45744,205.379547,109.999992,95.4574356,50,-1.52587891E-05,350,300,157.379562,68.45741,253.379562,122.457405,0,1
493,493,490,offscreen_render,13.1839132,startup,27,27,1.77777779,205.415955,95.45744,205.415955,109.999992,95.4574356,50,-1.52587891E-05,350,300,157.415955,68.45741,253.415955,122.457405,0,1
494,494,491,offscreen_render,13.2003222,startup,27,27,1.77777779,205.458588,95.45744,205.458588,109.999992,95.4574356,50,-1.52587891E-05,350,300,157.458588,68.45741,253.458588,122.457405,0,1
495,495,492,offscreen_render,13.21698,startup,27,27,1.77777779,205.508591,95.45744,205.508591,109.999992,95.4574356,50,-1.52587891E-05,350,300,157.5086,68.45741,253.5086,122.457405,0,1
496,496,493,offscreen_render,13.2342873,startup,27,27,1.77777779,205.566528,95.45744,205.566528,109.999992,95.4574356,50,-1.52587891E-05,350,300,157.566528,68.45741,253.566528,122.457405,0,1
497,497,494,offscreen_render,13.2507458,startup,27,27,1.77777779,205.632584,95.45744,205.632584,109.999992,95.4574356,50,-1.52587891E-05,350,300,157.6326,68.45741,253.6326,122.457405,0,1
498,498,495,offscreen_render,13.2669268,startup,27,27,1.77777779,205.706619,95.45744,205.706619,109.999992,95.4574356,50,-1.52587891E-05,350,300,157.706635,68.45741,253.706635,122.457405,0,1
499,499,496,offscreen_render,13.283906,startup,27,27,1.77777779,205.788361,95.45744,205.788361,109.999992,95.4574356,50,-1.52587891E-05,350,300,157.788361,68.45741,253.788361,122.457405,0,1
500,500,497,offscreen_render,13.3003321,startup,27,27,1.77777779,205.87735,95.45744,205.87735,109.999992,95.4574356,50,-1.52587891E-05,350,300,157.87735,68.45741,253.87735,122.457405,0,1
501,501,498,offscreen_render,13.3170347,startup,27,27,1.77777779,205.9731,95.45744,205.9731,109.999992,95.4574356,50,-1.52587891E-05,350,300,157.9731,68.45741,253.9731,122.457405,0,1
502,502,499,offscreen_render,13.3337994,startup,27,27,1.77777779,206.075058,95.45744,206.075058,109.999992,95.4574356,50,-1.52587891E-05,350,300,158.075073,68.45741,254.075073,122.457405,0,1
503,503,500,offscreen_render,13.35048,startup,27,27,1.77777779,206.182678,95.45744,206.182678,109.999992,95.4574356,50,-1.52587891E-05,350,300,158.182678,68.45741,254.182678,122.457405,0,1
504,504,501,offscreen_render,13.3670712,startup,27,27,1.77777779,206.29541,95.45744,206.29541,109.999992,95.4574356,50,-1.52587891E-05,350,300,158.29541,68.45741,254.29541,122.457405,0,1
505,505,502,offscreen_render,13.3839207,startup,27,27,1.77777779,206.41275,95.45744,206.41275,109.999992,95.4574356,50,-1.52587891E-05,350,300,158.41275,68.45741,254.41275,122.457405,0,1
506,506,503,offscreen_render,13.4007654,startup,27,27,1.77777779,206.5342,95.45744,206.5342,109.999992,95.4574356,50,-1.52587891E-05,350,300,158.53421,68.45741,254.53421,122.457405,0,1
507,507,504,offscreen_render,13.41711,startup,27,27,1.77777779,206.659286,95.45744,206.659286,109.999992,95.4574356,50,-1.52587891E-05,350,300,158.659286,68.45741,254.659286,122.457405,0,1
508,508,505,offscreen_render,13.4337416,startup,27,27,1.77777779,206.787613,95.45744,206.787613,109.999992,95.4574356,50,-1.52587891E-05,350,300,158.787628,68.45741,254.787628,122.457405,0,1
509,509,506,offscreen_render,13.4503975,startup,27,27,1.77777779,206.9188,95.45744,206.9188,109.999992,95.4574356,50,-1.52587891E-05,350,300,158.9188,68.45741,254.9188,122.457405,0,1
510,510,507,offscreen_render,13.4668894,startup,27,27,1.77777779,207.052475,95.45744,207.052475,109.999992,95.4574356,50,-1.52587891E-05,350,300,159.05249,68.45741,255.05249,122.457405,0,1
511,511,508,offscreen_render,13.4835453,startup,27,27,1.77777779,207.188354,95.45744,207.188354,109.999992,95.4574356,50,-1.52587891E-05,350,300,159.18837,68.45741,255.18837,122.457405,0,1
512,512,509,offscreen_render,13.5003042,startup,27,27,1.77777779,207.326157,95.45744,207.326157,109.999992,95.4574356,50,-1.52587891E-05,350,300,159.326157,68.45741,255.326157,122.457405,0,1
513,513,510,offscreen_render,13.5168905,startup,27,27,1.77777779,207.461151,95.45744,207.461151,109.999992,95.4574356,50,-1.52587891E-05,350,300,159.461151,68.45741,255.461151,122.457405,0,1
514,514,511,offscreen_render,13.5334959,startup,27,27,1.77777779,207.58609,95.45744,207.58609,109.999992,95.4574356,50,-1.52587891E-05,350,300,159.58609,68.45741,255.58609,122.457405,0,1
515,515,512,offscreen_render,13.5505362,startup,27,27,1.77777779,207.698227,95.45744,207.698227,109.999992,95.4574356,50,-1.52587891E-05,350,300,159.698227,68.45741,255.698227,122.457405,0,1
516,516,513,offscreen_render,13.5670815,startup,27,27,1.77777779,207.790344,95.45744,207.790344,109.999992,95.4574356,50,-1.52587891E-05,350,300,159.790344,68.45741,255.790344,122.457405,0,1
517,517,514,offscreen_render,13.5837717,startup,27,27,1.77777779,207.863358,95.45744,207.863358,109.999992,95.4574356,50,-1.52587891E-05,350,300,159.863373,68.45741,255.863373,122.457405,0,1
518,518,515,offscreen_render,13.6898708,startup,27,27,1.77777779,207.903381,95.45744,207.903381,109.999992,95.4574356,50,-1.52587891E-05,350,300,159.9034,68.45741,255.9034,122.457405,0,1
519,519,516,offscreen_render,13.7080526,startup,27,27,1.77777779,207.87886,95.45744,207.87886,109.999992,95.4574356,50,-1.52587891E-05,350,300,159.87886,68.45741,255.87886,122.457405,0,1
520,520,517,offscreen_render,13.7229214,startup,27,27,1.77777779,207.8474,95.45744,207.8474,109.999992,95.4574356,50,-1.52587891E-05,350,300,159.847412,68.45741,255.847412,122.457405,0,1
521,521,518,offscreen_render,13.7397423,startup,27,27,1.77777779,207.807755,95.45744,207.807755,109.999992,95.4574356,50,-1.52587891E-05,350,300,159.80777,68.45741,255.80777,122.457405,0,1
522,522,519,offscreen_render,13.756156,startup,27,27,1.77777779,207.759323,95.45744,207.759323,109.999992,95.4574356,50,-1.52587891E-05,350,300,159.759338,68.45741,255.759338,122.457405,0,1
523,523,520,offscreen_render,13.7732391,startup,27,27,1.77777779,207.70192,95.45744,207.70192,109.999992,95.4574356,50,-1.52587891E-05,350,300,159.701935,68.45741,255.701935,122.457405,0,1
524,524,521,offscreen_render,13.7892466,startup,27,27,1.77777779,207.635681,95.45744,207.635681,109.999992,95.4574356,50,-1.52587891E-05,350,300,159.6357,68.45741,255.6357,122.457405,0,1
525,525,522,offscreen_render,13.8057756,startup,27,27,1.77777779,207.560944,95.45744,207.560944,109.999992,95.4574356,50,-1.52587891E-05,350,300,159.560944,68.45741,255.560944,122.457405,0,1
526,526,523,offscreen_render,13.8231335,startup,27,27,1.77777779,207.4782,95.45744,207.4782,109.999992,95.4574356,50,-1.52587891E-05,350,300,159.47821,68.45741,255.47821,122.457405,0,1
527,527,524,offscreen_render,13.8396692,startup,27,27,1.77777779,207.388,95.45744,207.388,109.999992,95.4574356,50,-1.52587891E-05,350,300,159.388,68.45741,255.388,122.457405,0,1
528,528,525,offscreen_render,13.8560429,startup,27,27,1.77777779,207.290955,95.45744,207.290955,109.999992,95.4574356,50,-1.52587891E-05,350,300,159.290955,68.45741,255.290955,122.457405,0,1
529,529,526,offscreen_render,13.87269,startup,27,27,1.77777779,207.187653,95.45744,207.187653,109.999992,95.4574356,50,-1.52587891E-05,350,300,159.187653,68.45741,255.187653,122.457405,0,1
530,530,527,offscreen_render,13.8894777,startup,27,27,1.77777779,207.0787,95.45744,207.0787,109.999992,95.4574356,50,-1.52587891E-05,350,300,159.0787,68.45741,255.0787,122.457405,0,1
531,531,528,offscreen_render,13.9970493,startup,27,27,1.77777779,206.287918,95.45744,206.287918,109.999992,95.4574356,50,-1.52587891E-05,350,300,158.287933,68.45741,254.287933,122.457405,0,1
532,532,529,offscreen_render,14.0140085,startup,27,27,1.77777779,206.180038,95.45744,206.180038,109.999992,95.4574356,50,-1.52587891E-05,350,300,158.180054,68.45741,254.180054,122.457405,0,1
533,533,530,offscreen_render,14.0304394,startup,27,27,1.77777779,206.075272,95.45744,206.075272,109.999992,95.4574356,50,-1.52587891E-05,350,300,158.075272,68.45741,254.075272,122.457405,0,1
534,534,531,offscreen_render,14.0466652,startup,27,27,1.77777779,205.971375,95.45744,205.971375,109.999992,95.4574356,50,-1.52587891E-05,350,300,157.971375,68.45741,253.971375,122.457405,0,1
535,535,532,offscreen_render,14.0633955,startup,27,27,1.77777779,205.86676,95.45744,205.86676,109.999992,95.4574356,50,-1.52587891E-05,350,300,157.86676,68.45741,253.86676,122.457405,0,1
536,536,533,offscreen_render,14.0801868,startup,27,27,1.77777779,205.760345,95.45744,205.760345,109.999992,95.4574356,50,-1.52587891E-05,350,300,157.760345,68.45741,253.760345,122.457405,0,1
537,537,534,offscreen_render,14.0964766,startup,27,27,1.77777779,205.651459,95.45744,205.651459,109.999992,95.4574356,50,-1.52587891E-05,350,300,157.651474,68.45741,253.651474,122.457405,0,1
538,538,535,offscreen_render,14.1132927,startup,27,27,1.77777779,205.539688,95.45744,205.539688,109.999992,95.4574356,50,-1.52587891E-05,350,300,157.539688,68.45741,253.539688,122.457405,0,1
539,539,536,offscreen_render,14.13035,startup,27,27,1.77777779,205.424835,95.45744,205.424835,109.999992,95.4574356,50,-1.52587891E-05,350,300,157.424835,68.45741,253.424835,122.457405,0,1
540,540,537,offscreen_render,14.146739,startup,27,27,1.77777779,205.306656,95.45744,205.306656,109.999992,95.4574356,50,-1.52587891E-05,350,300,157.306671,68.45741,253.306671,122.457405,0,1
541,541,538,offscreen_render,14.1633425,startup,27,27,1.77777779,205.1856,95.45744,205.1856,109.999992,95.4574356,50,-1.52587891E-05,350,300,157.185608,68.45741,253.185608,122.457405,0,1
542,542,539,offscreen_render,14.1800365,startup,27,27,1.77777779,205.061462,95.45744,205.061462,109.999992,95.4574356,50,-1.52587891E-05,350,300,157.061462,68.45741,253.061462,122.457405,0,1
543,543,540,offscreen_render,14.1965847,startup,27,27,1.77777779,204.934677,95.45744,204.934677,109.999992,95.4574356,50,-1.52587891E-05,350,300,156.9347,68.45741,252.9347,122.457405,0,1
544,544,541,offscreen_render,14.213665,startup,27,27,1.77777779,204.8053,95.45744,204.8053,109.999992,95.4574356,50,-1.52587891E-05,350,300,156.8053,68.45741,252.8053,122.457405,0,1
545,545,542,offscreen_render,14.23006,startup,27,27,1.77777779,204.673553,95.45744,204.673553,109.999992,95.4574356,50,-1.52587891E-05,350,300,156.673553,68.45741,252.673553,122.457405,0,1
546,546,543,offscreen_render,14.2466984,startup,27,27,1.77777779,204.539642,95.45744,204.539642,109.999992,95.4574356,50,-1.52587891E-05,350,300,156.539658,68.45741,252.539658,122.457405,0,1
547,547,544,offscreen_render,14.2633009,startup,27,27,1.77777779,204.4038,95.45744,204.4038,109.999992,95.4574356,50,-1.52587891E-05,350,300,156.4038,68.45741,252.4038,122.457405,0,1
548,548,545,offscreen_render,14.2800541,startup,27,27,1.77777779,204.26619,95.45744,204.26619,109.999992,95.4574356,50,-1.52587891E-05,350,300,156.26619,68.45741,252.26619,122.457405,0,1
549,549,546,offscreen_render,14.2965822,startup,27,27,1.77777779,204.127029,95.45744,204.127029,109.999992,95.4574356,50,-1.52587891E-05,350,300,156.127029,68.45741,252.127029,122.457405,0,1
550,550,547,offscreen_render,14.3139973,startup,27,27,1.77777779,203.986465,95.45744,203.986465,109.999992,95.4574356,50,-1.52587891E-05,350,300,155.986481,68.45741,251.986481,122.457405,0,1
551,551,548,offscreen_render,14.3299,startup,27,27,1.77777779,203.844681,95.45744,203.844681,109.999992,95.4574356,50,-1.52587891E-05,350,300,155.844681,68.45741,251.844681,122.457405,0,1
552,552,549,offscreen_render,14.346385,startup,27,27,1.77777779,203.701813,95.45744,203.701813,109.999992,95.4574356,50,-1.52587891E-05,350,300,155.701813,68.45741,251.701813,122.457405,0,1
553,553,550,offscreen_render,14.3632822,startup,27,27,1.77777779,203.558,95.45744,203.558,109.999992,95.4574356,50,-1.52587891E-05,350,300,155.558014,68.45741,251.558014,122.457405,0,1
554,554,551,offscreen_render,14.3803186,startup,27,27,1.77777779,203.413345,95.45744,203.413345,109.999992,95.4574356,50,-1.52587891E-05,350,300,155.413361,68.45741,251.413361,122.457405,0,1
555,555,552,offscreen_render,14.39662,startup,27,27,1.77777779,203.267975,95.45744,203.267975,109.999992,95.4574356,50,-1.52587891E-05,350,300,155.26799,68.45741,251.26799,122.457405,0,1
556,556,553,offscreen_render,14.4131346,startup,27,27,1.77777779,203.121964,95.45744,203.121964,109.999992,95.4574356,50,-1.52587891E-05,350,300,155.121964,68.45741,251.121964,122.457405,0,1
557,557,554,offscreen_render,14.5176363,startup,27,27,1.77777779,202.348938,95.45744,202.348938,109.999992,95.4574356,50,-1.52587891E-05,350,300,154.348938,68.45741,250.348938,122.457405,0,1
558,558,555,offscreen_render,14.53488,startup,27,27,1.77777779,202.257858,95.45744,202.257858,109.999992,95.4574356,50,-1.52587891E-05,350,300,154.257874,68.45741,250.257874,122.457405,0,1
559,559,556,offscreen_render,14.6391544,startup,27,27,1.77777779,201.87616,95.45744,201.87616,109.999992,95.4574356,50,-1.52587891E-05,350,300,153.87616,68.45741,249.87616,122.457405,0,1
560,560,557,offscreen_render,14.6556587,startup,27,27,1.77777779,201.838486,95.45744,201.838486,109.999992,95.4574356,50,-1.52587891E-05,350,300,153.838486,68.45741,249.838486,122.457405,0,1
561,561,558,offscreen_render,14.6717892,startup,27,27,1.77777779,201.805588,95.45744,201.805588,109.999992,95.4574356,50,-1.52587891E-05,350,300,153.8056,68.45741,249.8056,122.457405,0,1
562,562,559,offscreen_render,14.6881313,startup,27,27,1.77777779,201.776932,95.45744,201.776932,109.999992,95.4574356,50,-1.52587891E-05,350,300,153.776947,68.45741,249.776947,122.457405,0,1
563,563,560,offscreen_render,14.7051582,startup,27,27,1.77777779,201.752014,95.45744,201.752014,109.999992,95.4574356,50,-1.52587891E-05,350,300,153.752014,68.45741,249.752014,122.457405,0,1
564,564,561,offscreen_render,14.721859,startup,27,27,1.77777779,201.7304,95.45744,201.7304,109.999992,95.4574356,50,-1.52587891E-05,350,300,153.730408,68.45741,249.730408,122.457405,0,1
565,565,562,offscreen_render,14.738183,startup,27,27,1.77777779,201.71167,95.45744,201.71167,109.999992,95.4574356,50,-1.52587891E-05,350,300,153.711685,68.45741,249.711685,122.457405,0,1
566,566,563,offscreen_render,14.7550173,startup,27,27,1.77777779,201.69548,95.45744,201.69548,109.999992,95.4574356,50,-1.52587891E-05,350,300,153.69548,68.45741,249.69548,122.457405,0,1
567,567,564,offscreen_render,14.7714939,startup,27,27,1.77777779,201.6815,95.45744,201.6815,109.999992,95.4574356,50,-1.52587891E-05,350,300,153.681519,68.45741,249.681519,122.457405,0,1
568,568,565,offscreen_render,14.7883711,startup,27,27,1.77777779,201.669449,95.45744,201.669449,109.999992,95.4574356,50,-1.52587891E-05,350,300,153.669464,68.45741,249.669464,122.457405,0,1
569,569,566,offscreen_render,14.8053465,startup,27,27,1.77777779,201.659073,95.45744,201.659073,109.999992,95.4574356,50,-1.52587891E-05,350,300,153.659088,68.45741,249.659088,122.457405,0,1
570,570,567,offscreen_render,14.821743,startup,27,27,1.77777779,201.650146,95.45744,201.650146,109.999992,95.4574356,50,-1.52587891E-05,350,300,153.650162,68.45741,249.650162,122.457405,0,1
571,571,568,offscreen_render,14.8386059,startup,27,27,1.77777779,201.642487,95.45744,201.642487,109.999992,95.4574356,50,-1.52587891E-05,350,300,153.642487,68.45741,249.642487,122.457405,0,1
572,572,569,offscreen_render,14.855114,startup,27,27,1.77777779,201.63591,95.45744,201.63591,109.999992,95.4574356,50,-1.52587891E-05,350,300,153.635925,68.45741,249.635925,122.457405,0,1
573,573,570,offscreen_render,14.8717966,startup,27,27,1.77777779,201.630264,95.45744,201.630264,109.999992,95.4574356,50,-1.52587891E-05,350,300,153.63028,68.45741,249.63028,122.457405,0,1
574,574,571,offscreen_render,14.8882389,startup,27,27,1.77777779,201.625427,95.45744,201.625427,109.999992,95.4574356,50,-1.52587891E-05,350,300,153.625443,68.45741,249.625443,122.457405,0,1
575,575,572,offscreen_render,14.9048834,startup,27,27,1.77777779,201.621292,95.45744,201.621292,109.999992,95.4574356,50,-1.52587891E-05,350,300,153.6213,68.45741,249.6213,122.457405,0,1
576,576,573,offscreen_render,14.9217081,startup,27,27,1.77777779,201.617752,95.45744,201.617752,109.999992,95.4574356,50,-1.52587891E-05,350,300,153.617752,68.45741,249.617752,122.457405,0,1
577,577,574,offscreen_render,14.9384232,startup,27,27,1.77777779,201.614731,95.45744,201.614731,109.999992,95.4574356,50,-1.52587891E-05,350,300,153.614731,68.45741,249.614731,122.457405,0,1
578,578,575,offscreen_render,14.9551411,startup,27,27,1.77777779,201.612152,95.45744,201.612152,109.999992,95.4574356,50,-1.52587891E-05,350,300,153.612167,68.45741,249.612167,122.457405,0,1
579,579,576,offscreen_render,14.9714622,startup,27,27,1.77777779,201.609955,95.45744,201.609955,109.999992,95.4574356,50,-1.52587891E-05,350,300,153.60997,68.45741,249.60997,122.457405,0,1
580,580,577,offscreen_render,14.9883671,startup,27,27,1.77777779,201.608078,95.45744,201.608078,109.999992,95.4574356,50,-1.52587891E-05,350,300,153.6081,68.45741,249.6081,122.457405,0,1
581,581,578,offscreen_render,15.0051794,startup,27,27,1.77777779,201.606476,95.45744,201.606476,109.999992,95.4574356,50,-1.52587891E-05,350,300,153.606491,68.45741,249.606491,122.457405,0,1
582,582,579,offscreen_render,15.0214605,startup,27,27,1.77777779,201.605118,95.45744,201.605118,109.999992,95.4574356,50,-1.52587891E-05,350,300,153.605118,68.45741,249.605118,122.457405,0,1
583,583,580,offscreen_render,15.038125,startup,27,27,1.77777779,201.603958,95.45744,201.603958,109.999992,95.4574356,50,-1.52587891E-05,350,300,153.603973,68.45741,249.603973,122.457405,0,1
584,584,581,offscreen_render,15.055047,startup,27,27,1.77777779,201.602982,95.45744,201.602982,109.999992,95.4574356,50,-1.52587891E-05,350,300,153.603,68.45741,249.603,122.457405,0,1
585,585,582,offscreen_render,15.07158,startup,27,27,1.77777779,201.602142,95.45744,201.602142,109.999992,95.4574356,50,-1.52587891E-05,350,300,153.602142,68.45741,249.602142,122.457405,0,1
586,586,583,offscreen_render,15.088316,startup,27,27,1.77777779,201.601425,95.45744,201.601425,109.999992,95.4574356,50,-1.52587891E-05,350,300,153.60144,68.45741,249.60144,122.457405,0,1
587,587,584,offscreen_render,15.1048622,startup,27,27,1.77777779,201.600815,95.45744,201.600815,109.999992,95.4574356,50,-1.52587891E-05,350,300,153.600815,68.45741,249.600815,122.457405,0,1
588,588,585,offscreen_render,15.1217813,startup,27,27,1.77777779,201.6003,95.45744,201.6003,109.999992,95.4574356,50,-1.52587891E-05,350,300,153.600311,68.45741,249.600311,122.457405,0,1
589,589,586,offscreen_render,15.13833,startup,27,27,1.77777779,201.599869,95.45744,201.599869,109.999992,95.4574356,50,-1.52587891E-05,350,300,153.599884,68.45741,249.599884,122.457405,0,1
590,590,587,offscreen_render,15.155076,startup,27,27,1.77777779,201.5995,95.45744,201.5995,109.999992,95.4574356,50,-1.52587891E-05,350,300,153.599518,68.45741,249.599518,122.457405,0,1
591,591,588,offscreen_render,15.1715574,startup,27,27,1.77777779,201.5992,95.45744,201.5992,109.999992,95.4574356,50,-1.52587891E-05,350,300,153.599213,68.45741,249.599213,122.457405,0,1
592,592,589,offscreen_render,15.1881189,startup,27,27,1.77777779,201.598938,95.45744,201.598938,109.999992,95.4574356,50,-1.52587891E-05,350,300,153.598938,68.45741,249.598938,122.457405,0,1
593,593,590,offscreen_render,15.2050762,startup,27,27,1.77777779,201.598709,95.45744,201.598709,109.999992,95.4574356,50,-1.52587891E-05,350,300,153.598709,68.45741,249.598709,122.457405,0,1
594,594,591,offscreen_render,15.2215986,startup,27,27,1.77777779,201.598526,95.45744,201.598526,109.999992,95.4574356,50,-1.52587891E-05,350,300,153.598526,68.45741,249.598526,122.457405,0,1
595,595,592,offscreen_render,15.2383146,startup,27,27,1.77777779,201.598373,95.45744,201.598373,109.999992,95.4574356,50,-1.52587891E-05,350,300,153.598389,68.45741,249.598389,122.457405,0,1
596,596,593,offscreen_render,15.3483076,startup,27,27,1.77777779,201.705215,95.5648651,201.705215,109.999992,95.56486,50,-1.52587891E-05,350,300,153.705231,68.56484,249.705231,122.564835,0,1
597,597,594,offscreen_render,15.3654242,startup,27,27,1.77777779,201.727692,95.58739,201.727692,109.999992,95.58738,50,-1.52587891E-05,350,300,153.7277,68.58736,249.7277,122.587349,0,1
598,598,595,offscreen_render,15.3817472,startup,27,27,1.77777779,201.753189,95.612915,201.753189,109.999992,95.61291,50,-1.52587891E-05,350,300,153.7532,68.61289,249.7532,122.612885,0,1
599,599,596,offscreen_render,15.3976889,startup,27,27,1.77777779,201.783066,95.64282,201.783066,109.999992,95.6428146,50,-1.52587891E-05,350,300,153.783081,68.6428,249.783081,122.642792,0,1
600,600,597,offscreen_render,15.4142923,startup,27,27,1.77777779,201.81813,95.6779251,201.81813,109.999992,95.67792,50,-1.52587891E-05,350,300,153.818146,68.6779,249.818146,122.677895,0,1
601,601,598,offscreen_render,15.4310493,startup,27,27,1.77777779,201.85881,95.7186356,201.85881,109.999992,95.71863,50,-1.52587891E-05,350,300,153.85881,68.71861,249.85881,122.718605,0,1
602,602,599,offscreen_render,15.4476376,startup,27,27,1.77777779,201.905243,95.76508,201.905243,109.999992,95.7650757,50,-1.52587891E-05,350,300,153.905243,68.76506,249.905243,122.765053,0,1
603,603,600,offscreen_render,15.4644279,startup,27,27,1.77777779,201.957336,95.8172,201.957336,109.999992,95.81719,50,-1.52587891E-05,350,300,153.957336,68.81718,249.957336,122.817169,0,1
604,604,601,offscreen_render,15.4811687,startup,27,27,1.77777779,202.0149,95.87476,202.0149,109.999992,95.8747559,50,-1.52587891E-05,350,300,154.014908,68.87474,250.014908,122.874733,0,1
605,605,602,offscreen_render,15.4975586,startup,27,27,1.77777779,202.077591,95.93748,202.077591,109.999992,95.93747,50,-1.52587891E-05,350,300,154.0776,68.9374542,250.0776,122.937447,0,1
606,606,603,offscreen_render,15.5142679,startup,27,27,1.77777779,202.1451,96.00498,202.1451,109.999992,96.0049744,50,-1.52587891E-05,350,300,154.1451,69.00497,250.1451,123.004959,0,1
607,607,604,offscreen_render,15.5308752,startup,27,27,1.77777779,202.21701,96.0769,202.21701,109.999992,96.07689,50,-1.52587891E-05,350,300,154.21701,69.07688,250.21701,123.076874,0,1
608,608,605,offscreen_render,15.5474272,startup,27,27,1.77777779,202.292938,96.15283,202.292938,109.999992,96.1528244,50,-1.52587891E-05,350,300,154.292953,69.15281,250.292953,123.1528,0,1
609,609,606,offscreen_render,15.564229,startup,27,27,1.77777779,202.3725,96.23241,202.3725,109.999992,96.2324,50,-1.52587891E-05,350,300,154.372513,69.23239,250.372513,123.232384,0,1
610,610,607,offscreen_render,15.5808573,startup,27,27,1.77777779,202.455338,96.31525,202.455338,109.999992,96.31524,50,-1.52587891E-05,350,300,154.455353,69.31523,250.455353,123.315224,0,1
611,611,608,offscreen_render,15.5977993,startup,27,27,1.77777779,202.541092,96.40101,202.541092,109.999992,96.401,50,-1.52587891E-05,350,300,154.5411,69.4009857,250.5411,123.400978,0,1
612,612,609,offscreen_render,15.61444,startup,27,27,1.77777779,202.62944,96.4893646,202.62944,109.999992,96.48936,50,-1.52587891E-05,350,300,154.629456,69.48935,250.629456,123.489342,0,1
613,613,610,offscreen_render,15.6308641,startup,27,27,1.77777779,202.7201,96.58002,202.7201,109.999992,96.58001,50,-1.52587891E-05,350,300,154.7201,69.5799942,250.7201,123.579987,0,1
614,614,611,offscreen_render,15.6474667,startup,27,27,1.77777779,202.812775,96.6727,202.812775,109.999992,96.67269,50,-1.52587891E-05,350,300,154.81279,69.67268,250.81279,123.672676,0,1
615,615,612,offscreen_render,15.6642447,startup,27,27,1.77777779,202.907227,96.76716,202.907227,109.999992,96.76715,50,-1.52587891E-05,350,300,154.907227,69.76714,250.907227,123.767136,0,1
616,616,613,offscreen_render,15.680995,startup,27,27,1.77777779,203.00351,96.86344,203.00351,109.999992,96.8634338,50,-1.52587891E-05,350,300,155.00351,69.86343,251.00351,123.863419,0,1
617,617,614,offscreen_render,15.6976042,startup,27,27,1.77777779,203.1009,96.96084,203.1009,109.999992,96.96083,50,-1.52587891E-05,350,300,155.1009,69.96082,251.1009,123.960815,0,1
618,618,615,offscreen_render,15.8081989,startup,27,27,1.77777779,203.755112,97.61506,203.755112,109.999992,97.61505,50,-1.52587891E-05,350,300,155.755127,70.615036,251.755127,124.615028,0,1
619,619,616,offscreen_render,15.8251371,startup,27,27,1.77777779,203.8379,97.69786,203.8379,109.999992,97.69785,50,-1.52587891E-05,350,300,155.8379,70.6978455,251.8379,124.697838,0,1
620,620,617,offscreen_render,15.8411179,startup,27,27,1.77777779,203.91748,97.77744,203.91748,109.999992,97.7774353,50,-1.52587891E-05,350,300,155.91748,70.77743,251.91748,124.77742,0,1
621,621,618,offscreen_render,15.8575087,startup,27,27,1.77777779,203.9956,97.85557,203.9956,109.999992,97.85556,50,-1.52587891E-05,350,300,155.9956,70.85555,251.9956,124.855545,0,1
622,622,619,offscreen_render,15.8743534,startup,27,27,1.77777779,204.0738,97.93377,204.0738,109.999992,97.93376,50,-1.52587891E-05,350,300,156.073822,70.93375,252.073822,124.933739,0,1
623,623,620,offscreen_render,15.8911943,startup,27,27,1.77777779,204.152374,98.01234,204.152374,109.999992,98.01233,50,-1.52587891E-05,350,300,156.15239,71.0123138,252.15239,125.012306,0,1
624,624,621,offscreen_render,15.9074879,startup,27,27,1.77777779,204.232178,98.09214,204.232178,109.999992,98.09213,50,-1.52587891E-05,350,300,156.232178,71.09212,252.232178,125.09211,0,1
625,625,622,offscreen_render,15.924325,startup,27,27,1.77777779,204.313583,98.1735458,204.313583,109.999992,98.17354,50,-1.52587891E-05,350,300,156.3136,71.17352,252.3136,125.173515,0,1
626,626,623,offscreen_render,15.9411879,startup,27,27,1.77777779,204.3968,98.25676,204.3968,109.999992,98.25675,50,-1.52587891E-05,350,300,156.39682,71.2567444,252.39682,125.256737,0,1
627,627,624,offscreen_render,15.9574661,startup,27,27,1.77777779,204.481918,98.34187,204.481918,109.999992,98.3418655,50,-1.52587891E-05,350,300,156.481934,71.34186,252.481934,125.34185,0,1
628,628,625,offscreen_render,15.9742165,startup,27,27,1.77777779,204.568939,98.4289,204.568939,109.999992,98.428894,50,-1.52587891E-05,350,300,156.568954,71.42889,252.568954,125.428879,0,1
629,629,626,offscreen_render,15.99086,startup,27,27,1.77777779,204.657822,98.51779,204.657822,109.999992,98.5177841,50,-1.52587891E-05,350,300,156.657837,71.51778,252.657837,125.517769,0,1
630,630,627,offscreen_render,16.0074062,startup,27,27,1.77777779,204.748489,98.60846,204.748489,109.999992,98.60845,50,-1.52587891E-05,350,300,156.748489,71.6084442,252.748489,125.608437,0,1
631,631,628,offscreen_render,16.024334,startup,27,27,1.77777779,204.84082,98.70079,204.84082,109.999992,98.70078,50,-1.52587891E-05,350,300,156.84082,71.7007751,252.84082,125.700768,0,1
632,632,629,offscreen_render,16.0410118,startup,27,27,1.77777779,204.9347,98.79466,204.9347,109.999992,98.7946548,50,-1.52587891E-05,350,300,156.934708,71.79465,252.934708,125.79464,0,1
633,633,630,offscreen_render,16.0575,startup,27,27,1.77777779,205.029984,98.88995,205.029984,109.999992,98.889946,50,-1.52587891E-05,350,300,157.03,71.88993,253.03,125.889923,0,1
634,634,631,offscreen_render,16.07417,startup,27,27,1.77777779,205.126556,98.98653,205.126556,109.999992,98.98652,50,-1.52587891E-05,350,300,157.126556,71.98651,253.126556,125.9865,0,1
635,635,632,offscreen_render,16.0909786,startup,27,27,1.77777779,205.224289,99.08426,205.224289,109.999992,99.08425,50,-1.52587891E-05,350,300,157.224289,72.08424,253.224289,126.084236,0,1
636,636,633,offscreen_render,16.1074543,startup,27,27,1.77777779,205.323059,99.18303,205.323059,109.999992,99.18302,50,-1.52587891E-05,350,300,157.323074,72.1830139,253.323074,126.183006,0,1
637,637,634,offscreen_render,16.1242638,startup,27,27,1.77777779,205.422745,99.28272,205.422745,109.999992,99.2827148,50,-1.52587891E-05,350,300,157.42276,72.28271,253.42276,126.2827,0,1
638,638,635,offscreen_render,16.1409245,startup,27,27,1.77777779,205.523254,99.38323,205.523254,109.999992,99.3832245,50,-1.52587891E-05,350,300,157.523254,72.38322,253.523254,126.383209,0,1
639,639,636,offscreen_render,16.15769,startup,27,27,1.77777779,205.6245,99.48447,205.6245,109.999992,99.48446,50,-1.52587891E-05,350,300,157.624512,72.48445,253.624512,126.484444,0,1
640,640,637,offscreen_render,16.26608,startup,27,27,1.77777779,206.177689,100.037651,206.177689,109.999992,100.037643,50,-1.52587891E-05,350,300,158.1777,73.0376358,254.1777,127.037628,0,1
641,641,638,offscreen_render,16.283289,startup,27,27,1.77777779,206.239929,100.099884,206.239929,109.999992,100.099876,50,-1.52587891E-05,350,300,158.239929,73.09987,254.239929,127.099861,0,1
642,642,639,offscreen_render,16.3897114,startup,27,27,1.77777779,206.503525,100.363472,206.503525,109.999992,100.363464,50,-1.52587891E-05,350,300,158.50354,73.36346,254.50354,127.363449,0,1
643,643,640,offscreen_render,16.4063549,startup,27,27,1.77777779,206.528732,100.388672,206.528732,109.999992,100.388664,50,-1.52587891E-05,350,300,158.528732,73.38865,254.528732,127.388641,0,1
644,644,641,offscreen_render,16.4223938,startup,27,27,1.77777779,206.55072,100.41066,206.55072,109.999992,100.410652,50,-1.52587891E-05,350,300,158.55072,73.4106445,254.55072,127.410637,0,1
645,645,642,offscreen_render,16.4387856,startup,27,27,1.77777779,206.569855,100.4298,206.569855,109.999992,100.429794,50,-1.52587891E-05,350,300,158.569855,73.42979,254.569855,127.429779,0,1
646,646,643,offscreen_render,16.4553719,startup,27,27,1.77777779,206.586487,100.446434,206.586487,109.999992,100.446426,50,-1.52587891E-05,350,300,158.5865,73.44641,254.5865,127.4464,0,1
647,647,644,offscreen_render,16.472311,startup,27,27,1.77777779,206.6009,100.460854,206.6009,109.999992,100.460846,50,-1.52587891E-05,350,300,158.600922,73.46083,254.600922,127.460823,0,1
648,648,645,offscreen_render,16.488493,startup,27,27,1.77777779,206.613388,100.473335,206.613388,109.999992,100.473328,50,-1.52587891E-05,350,300,158.6134,73.47331,254.6134,127.473305,0,1
649,649,646,offscreen_render,16.50564,startup,27,27,1.77777779,206.624176,100.484123,206.624176,109.999992,100.484116,50,-1.52587891E-05,350,300,158.624176,73.48411,254.624176,127.4841,0,1
650,650,647,offscreen_render,16.52234,startup,27,27,1.77777779,206.633484,100.493439,206.633484,109.999992,100.493431,50,-1.52587891E-05,350,300,158.633484,73.49342,254.633484,127.493416,0,1
651,651,648,offscreen_render,16.5386829,startup,27,27,1.77777779,206.64151,100.501465,206.64151,109.999992,100.501457,50,-1.52587891E-05,350,300,158.641525,73.50145,254.641525,127.501442,0,1
652,652,649,offscreen_render,16.5552464,startup,27,27,1.77777779,206.648422,100.508369,206.648422,109.999992,100.508362,50,-1.52587891E-05,350,300,158.648438,73.5083542,254.648438,127.508347,0,1
653,653,650,offscreen_render,16.5721169,startup,27,27,1.77777779,206.654358,100.514305,206.654358,109.999992,100.5143,50,-1.52587891E-05,350,300,158.654358,73.51429,254.654358,127.514282,0,1
654,654,651,offscreen_render,16.5886765,startup,27,27,1.77777779,206.659454,100.519409,206.659454,109.999992,100.5194,50,-1.52587891E-05,350,300,158.65947,73.5193939,254.65947,127.519386,0,1
655,655,652,offscreen_render,16.6051617,startup,27,27,1.77777779,206.663834,100.523788,206.663834,109.999992,100.523781,50,-1.52587891E-05,350,300,158.663849,73.52377,254.663849,127.523766,0,1
656,656,653,offscreen_render,16.6226044,startup,27,27,1.77777779,206.667587,100.527542,206.667587,109.999992,100.527534,50,-1.52587891E-05,350,300,158.6676,73.52753,254.6676,127.527519,0,1
657,657,654,offscreen_render,16.6385212,startup,27,27,1.77777779,206.6708,100.530754,206.6708,109.999992,100.530746,50,-1.52587891E-05,350,300,158.670822,73.53074,254.670822,127.530731,0,1
658,658,655,offscreen_render,16.6555653,startup,27,27,1.77777779,206.673553,100.5335,206.673553,109.999992,100.533493,50,-1.52587891E-05,350,300,158.673569,73.5334854,254.673569,127.533478,0,1
659,659,656,offscreen_render,16.6720219,startup,27,27,1.77777779,206.6759,100.535851,206.6759,109.999992,100.535843,50,-1.52587891E-05,350,300,158.6759,73.5358353,254.6759,127.535828,0,1
660,660,657,offscreen_render,16.6887226,startup,27,27,1.77777779,206.677917,100.537857,206.677917,109.999992,100.537849,50,-1.52587891E-05,350,300,158.677917,73.5378342,254.677917,127.537827,0,1
661,661,658,offscreen_render,16.70546,startup,27,27,1.77777779,206.679626,100.539566,206.679626,109.999992,100.539558,50,-1.52587891E-05,350,300,158.679626,73.53955,254.679626,127.539543,0,1
662,662,659,offscreen_render,16.722023,startup,27,27,1.77777779,206.681091,100.541023,206.681091,109.999992,100.541016,50,-1.52587891E-05,350,300,158.681091,73.54101,254.681091,127.541,0,1
663,663,660,offscreen_render,16.7392044,startup,27,27,1.77777779,206.682343,100.542267,206.682343,109.999992,100.542259,50,-1.52587891E-05,350,300,158.682358,73.542244,254.682358,127.542236,0,1
664,664,661,offscreen_render,16.7557964,startup,27,27,1.77777779,206.6834,100.543327,206.6834,109.999992,100.54332,50,-1.52587891E-05,350,300,158.683411,73.54331,254.683411,127.543304,0,1
665,665,662,offscreen_render,16.772398,startup,27,27,1.77777779,206.6843,100.544228,206.6843,109.999992,100.54422,50,-1.52587891E-05,350,300,158.6843,73.54421,254.6843,127.544205,0,1
666,666,663,offscreen_render,16.7893066,startup,27,27,1.77777779,206.685059,100.545,206.685059,109.999992,100.544991,50,-1.52587891E-05,350,300,158.685059,73.54498,254.685059,127.544975,0,1
667,667,664,offscreen_render,16.80553,startup,27,27,1.77777779,206.685715,100.545654,206.685715,109.999992,100.545647,50,-1.52587891E-05,350,300,158.68573,73.54564,254.68573,127.545631,0,1
668,668,665,offscreen_render,16.8223076,startup,27,27,1.77777779,206.686264,100.546211,206.686264,109.999992,100.5462,50,-1.52587891E-05,350,300,158.686279,73.546196,254.686279,127.546188,0,1
669,669,666,offscreen_render,16.83899,startup,27,27,1.77777779,206.686737,100.546684,206.686737,109.999992,100.546677,50,-1.52587891E-05,350,300,158.686752,73.54667,254.686752,127.546661,0,1
670,670,667,offscreen_render,16.8563747,startup,27,27,1.77777779,206.687149,100.5471,206.687149,109.999992,100.547089,50,-1.52587891E-05,350,300,158.687164,73.54708,254.687164,127.547073,0,1
671,671,668,offscreen_render,16.8730125,startup,27,27,1.77777779,206.687485,100.547432,206.687485,109.999992,100.547424,50,-1.52587891E-05,350,300,158.687485,73.54742,254.687485,127.547409,0,1
672,672,669,offscreen_render,16.889452,startup,27,27,1.77777779,206.687775,100.547722,206.687775,109.999992,100.547714,50,-1.52587891E-05,350,300,158.687775,73.54771,254.687775,127.5477,0,1
673,673,670,offscreen_render,16.9059753,startup,27,27,1.77777779,206.688019,100.547966,206.688019,109.999992,100.547958,50,-1.52587891E-05,350,300,158.688034,73.54795,254.688034,127.547943,0,1
674,674,671,offscreen_render,16.922699,startup,27,27,1.77777779,206.688232,100.548172,206.688232,109.999992,100.548164,50,-1.52587891E-05,350,300,158.688232,73.54816,254.688232,127.548149,0,1
675,675,672,offscreen_render,16.9390469,startup,27,27,1.77777779,206.6884,100.548347,206.6884,109.999992,100.54834,50,-1.52587891E-05,350,300,158.6884,73.54833,254.6884,127.548325,0,1
676,676,673,offscreen_render,16.9563313,startup,27,27,1.77777779,206.688553,100.548492,206.688553,109.999992,100.548485,50,-1.52587891E-05,350,300,158.688568,73.54848,254.688568,127.54847,0,1
677,677,674,offscreen_render,16.9730816,startup,27,27,1.77777779,206.688675,100.548615,206.688675,109.999992,100.548607,50,-1.52587891E-05,350,300,158.688675,73.54859,254.688675,127.548584,0,1
678,678,675,offscreen_render,16.989254,startup,27,27,1.77777779,206.688782,100.548721,206.688782,109.999992,100.548714,50,-1.52587891E-05,350,300,158.688782,73.5487061,254.688782,127.5487,0,1
679,679,676,offscreen_render,17.0962715,startup,27,27,1.77777779,206.792419,100.652359,206.792419,109.999992,100.652351,50,-1.52587891E-05,350,300,158.792419,73.65234,254.792419,127.652336,0,1
680,680,677,offscreen_render,17.11294,startup,27,27,1.77777779,206.815262,100.675194,206.815262,109.999992,100.675186,50,-1.52587891E-05,350,300,158.815277,73.67518,254.815277,127.675171,0,1
681,681,678,offscreen_render,17.1287346,startup,27,27,1.77777779,206.841064,100.701,206.841064,109.999992,100.700989,50,-1.52587891E-05,350,300,158.841064,73.70098,254.841064,127.700974,0,1
682,682,679,offscreen_render,17.1452217,startup,27,27,1.77777779,206.871277,100.731209,206.871277,109.999992,100.7312,50,-1.52587891E-05,350,300,158.871277,73.73119,254.871277,127.731186,0,1
683,683,680,offscreen_render,17.1618767,startup,27,27,1.77777779,206.906708,100.76664,206.906708,109.999992,100.766632,50,-1.52587891E-05,350,300,158.906708,73.7666245,254.906708,127.766617,0,1
684,684,681,offscreen_render,17.1785831,startup,27,27,1.77777779,206.947754,100.807686,206.947754,109.999992,100.807678,50,-1.52587891E-05,350,300,158.947769,73.80767,254.947769,127.807663,0,1
685,685,682,offscreen_render,17.195097,startup,27,27,1.77777779,206.994537,100.854469,206.994537,109.999992,100.854462,50,-1.52587891E-05,350,300,158.994553,73.85445,254.994553,127.854439,0,1
686,686,683,offscreen_render,17.21177,startup,27,27,1.77777779,207.046967,100.9069,207.046967,109.999992,100.906891,50,-1.52587891E-05,350,300,159.046967,73.90688,255.046967,127.906876,0,1
687,687,684,offscreen_render,17.2288551,startup,27,27,1.77777779,207.104828,100.96476,207.104828,109.999992,100.964752,50,-1.52587891E-05,350,300,159.104828,73.96474,255.104828,127.964729,0,1
688,688,685,offscreen_render,17.2454453,startup,27,27,1.77777779,207.167816,101.027748,207.167816,109.999992,101.02774,50,-1.52587891E-05,350,300,159.167816,74.0277252,255.167816,128.02771,0,1
689,689,686,offscreen_render,17.26194,startup,27,27,1.77777779,207.235565,101.095505,207.235565,109.999992,101.0955,50,-1.52587891E-05,350,300,159.235565,74.09549,255.235565,128.095474,0,1
690,690,687,offscreen_render,17.2786579,startup,27,27,1.77777779,207.307709,101.167648,207.307709,109.999992,101.167641,50,-1.52587891E-05,350,300,159.307709,74.16763,255.307709,128.167618,0,1
691,691,688,offscreen_render,17.2952881,startup,27,27,1.77777779,207.38385,101.2438,207.38385,109.999992,101.24379,50,-1.52587891E-05,350,300,159.38385,74.2437744,255.38385,128.243759,0,1
692,692,689,offscreen_render,17.3117733,startup,27,27,1.77777779,207.463608,101.323555,207.463608,109.999992,101.323547,50,-1.52587891E-05,350,300,159.463623,74.32353,255.463623,128.323517,0,1
693,693,690,offscreen_render,17.3287468,startup,27,27,1.77777779,207.546616,101.406563,207.546616,109.999992,101.406555,50,-1.52587891E-05,350,300,159.546616,74.40655,255.546616,128.40654,0,1
694,694,691,offscreen_render,17.3451233,startup,27,27,1.77777779,207.632523,101.49247,207.632523,109.999992,101.492462,50,-1.52587891E-05,350,300,159.632538,74.49245,255.632538,128.492432,0,1
695,695,692,offscreen_render,17.3618317,startup,27,27,1.77777779,207.721008,101.580956,207.721008,109.999992,101.580948,50,-1.52587891E-05,350,300,159.721024,74.58094,255.721024,128.580933,0,1
696,696,693,offscreen_render,17.37841,startup,27,27,1.77777779,207.811768,101.671722,207.811768,109.999992,101.671715,50,-1.52587891E-05,350,300,159.811768,74.6717,255.811768,128.671692,0,1
697,697,694,offscreen_render,17.39508,startup,27,27,1.77777779,207.904541,101.7645,207.904541,109.999992,101.764496,50,-1.52587891E-05,350,300,159.904541,74.76448,255.904541,128.764465,0,1
698,698,695,offscreen_render,17.4119759,startup,27,27,1.77777779,207.999084,101.859055,207.999084,109.999992,101.859047,50,-1.52587891E-05,350,300,159.999084,74.85903,255.999084,128.859024,0,1
699,699,696,offscreen_render,17.42836,startup,27,27,1.77777779,208.095184,101.955154,208.095184,109.999992,101.955147,50,-1.52587891E-05,350,300,160.0952,74.95514,256.0952,128.955124,0,1
700,700,697,offscreen_render,17.4453144,startup,27,27,1.77777779,208.192642,102.052612,208.192642,109.999992,102.052605,50,-1.52587891E-05,350,300,160.192657,75.05259,256.192657,129.052582,0,1
701,701,698,offscreen_render,17.46193,startup,27,27,1.77777779,208.288116,102.148079,208.288116,109.999992,102.148071,50,-1.52587891E-05,350,300,160.288116,75.14806,256.288116,129.148056,0,1
702,702,699,offscreen_render,17.4786758,startup,27,27,1.77777779,208.376587,102.236542,208.376587,109.999992,102.236534,50,-1.52587891E-05,350,300,160.376587,75.23653,256.3766,129.236511,0,1
703,703,700,offscreen_render,17.4951859,startup,27,27,1.77777779,208.454468,102.314415,208.454468,109.999992,102.314407,50,-1.52587891E-05,350,300,160.454468,75.3144,256.454468,129.314392,0,1
704,704,701,offscreen_render,17.5117645,startup,27,27,1.77777779,208.519882,102.379829,208.519882,109.999992,102.379822,50,-1.52587891E-05,350,300,160.5199,75.3798141,256.5199,129.3798,0,1
705,705,702,offscreen_render,17.52838,startup,27,27,1.77777779,208.5718,102.43174,208.5718,109.999992,102.431732,50,-1.52587891E-05,350,300,160.571808,75.4317245,256.5718,129.431717,0,1
706,706,703,offscreen_render,17.64236,startup,27,27,1.77777779,208.594849,102.454796,208.594849,109.999992,102.454788,50,-1.52587891E-05,350,300,160.594849,75.45477,256.594849,129.454758,0,1
707,707,704,offscreen_render,17.65947,startup,27,27,1.77777779,208.577087,102.437035,208.577087,109.999992,102.437027,50,-1.52587891E-05,350,300,160.577087,75.43701,256.5771,129.437,0,1
708,708,705,offscreen_render,17.6757412,startup,27,27,1.77777779,208.5548,102.414734,208.5548,109.999992,102.414726,50,-1.52587891E-05,350,300,160.5548,75.41472,256.5548,129.4147,0,1
709,709,706,offscreen_render,17.691761,startup,27,27,1.77777779,208.526978,102.386917,208.526978,109.999992,102.386909,50,-1.52587891E-05,350,300,160.526978,75.3869,256.526978,129.386887,0,1
710,710,707,offscreen_render,17.7083187,startup,27,27,1.77777779,208.4931,102.35305,208.4931,109.999992,102.353043,50,-1.52587891E-05,350,300,160.4931,75.353035,256.4931,129.353027,0,1
711,711,708,offscreen_render,17.7251339,startup,27,27,1.77777779,208.453,102.31295,208.453,109.999992,102.312943,50,-1.52587891E-05,350,300,160.453,75.31293,256.453,129.312912,0,1
712,712,709,offscreen_render,17.741766,startup,27,27,1.77777779,208.406708,102.266663,208.406708,109.999992,102.266655,50,-1.52587891E-05,350,300,160.406708,75.26665,256.4067,129.266632,0,1
713,713,710,offscreen_render,17.7586765,startup,27,27,1.77777779,208.354446,102.214394,208.354446,109.999992,102.214386,50,-1.52587891E-05,350,300,160.354462,75.21437,256.354462,129.214355,0,1
714,714,711,offscreen_render,17.7753544,startup,27,27,1.77777779,208.296509,102.156464,208.296509,109.999992,102.156456,50,-1.52587891E-05,350,300,160.296524,75.15645,256.2965,129.156433,0,1
715,715,712,offscreen_render,17.7917175,startup,27,27,1.77777779,208.233292,102.093246,208.233292,109.999992,102.093239,50,-1.52587891E-05,350,300,160.2333,75.09323,256.2333,129.093216,0,1
716,716,713,offscreen_render,17.80847,startup,27,27,1.77777779,208.1652,102.025154,208.1652,109.999992,102.025146,50,-1.52587891E-05,350,300,160.165222,75.02514,256.165222,129.025131,0,1
717,717,714,offscreen_render,17.8264217,startup,27,27,1.77777779,208.092667,101.952614,208.092667,109.999992,101.952606,50,-1.52587891E-05,350,300,160.092682,74.9526,256.092682,128.952591,0,1
718,718,715,offscreen_render,17.8419552,startup,27,27,1.77777779,208.0161,101.876045,208.0161,109.999992,101.876038,50,-1.52587891E-05,350,300,160.0161,74.87603,256.0161,128.876022,0,1
719,719,716,offscreen_render,17.9510822,startup,27,27,1.77777779,207.454071,101.314026,207.454071,109.999992,101.314018,50,-1.52587891E-05,350,300,159.454071,74.31401,255.454071,128.314,0,1
720,720,717,offscreen_render,17.9678173,startup,27,27,1.77777779,207.378387,101.238342,207.378387,109.999992,101.238335,50,-1.52587891E-05,350,300,159.378387,74.23833,255.378387,128.238312,0,1
721,721,718,offscreen_render,17.9844437,startup,27,27,1.77777779,207.304886,101.164841,207.304886,109.999992,101.164833,50,-1.52587891E-05,350,300,159.3049,74.1648254,255.3049,128.16481,0,1
722,722,719,offscreen_render,18.0005779,startup,27,27,1.77777779,207.231979,101.091927,207.231979,109.999992,101.091919,50,-1.52587891E-05,350,300,159.232,74.09191,255.232,128.0919,0,1
723,723,720,offscreen_render,18.0169582,startup,27,27,1.77777779,207.158524,101.018471,207.158524,109.999992,101.018463,50,-1.52587891E-05,350,300,159.158524,74.0184555,255.158524,128.018448,0,1
724,724,721,offscreen_render,18.033577,startup,27,27,1.77777779,207.083755,100.94371,207.083755,109.999992,100.9437,50,-1.52587891E-05,350,300,159.083771,73.94369,255.083771,127.94368,0,1
725,725,722,offscreen_render,18.0503063,startup,27,27,1.77777779,207.0072,100.867149,207.0072,109.999992,100.867142,50,-1.52587891E-05,350,300,159.0072,73.8671341,255.0072,127.867126,0,1
726,726,723,offscreen_render,18.0670071,startup,27,27,1.77777779,206.928574,100.788513,206.928574,109.999992,100.788506,50,-1.52587891E-05,350,300,158.928589,73.78849,254.928589,127.788483,0,1
727,727,724,offscreen_render,18.0838013,startup,27,27,1.77777779,206.847717,100.707657,206.847717,109.999992,100.707649,50,-1.52587891E-05,350,300,158.847717,73.70764,254.847717,127.707634,0,1
728,728,725,offscreen_render,18.1002865,startup,27,27,1.77777779,206.764618,100.62455,206.764618,109.999992,100.624542,50,-1.52587891E-05,350,300,158.764618,73.6245346,254.764618,127.624527,0,1
729,729,726,offscreen_render,18.1169357,startup,27,27,1.77777779,206.6793,100.53923,206.6793,109.999992,100.539223,50,-1.52587891E-05,350,300,158.679321,73.5392151,254.679321,127.539207,0,1
730,730,727,offscreen_render,18.1335125,startup,27,27,1.77777779,206.591873,100.4518,206.591873,109.999992,100.45179,50,-1.52587891E-05,350,300,158.591888,73.4517746,254.591888,127.451767,0,1
731,731,728,offscreen_render,18.1506252,startup,27,27,1.77777779,206.502441,100.362366,206.502441,109.999992,100.362358,50,-1.52587891E-05,350,300,158.502457,73.36235,254.502457,127.362343,0,1
732,732,729,offscreen_render,18.1668854,startup,27,27,1.77777779,206.411163,100.271088,206.411163,109.999992,100.27108,50,-1.52587891E-05,350,300,158.411179,73.27107,254.411179,127.271065,0,1
733,733,730,offscreen_render,18.1836224,startup,27,27,1.77777779,206.318176,100.178108,206.318176,109.999992,100.1781,50,-1.52587891E-05,350,300,158.318176,73.1780853,254.318176,127.178078,0,1
734,734,731,offscreen_render,18.2005024,startup,27,27,1.77777779,206.223633,100.083572,206.223633,109.999992,100.083565,50,-1.52587891E-05,350,300,158.223633,73.08356,254.223633,127.083549,0,1
735,735,732,offscreen_render,18.2168884,startup,27,27,1.77777779,206.1277,99.98764,206.1277,109.999992,99.98763,50,-1.52587891E-05,350,300,158.127716,72.9876251,254.127716,126.987617,0,1
736,736,733,offscreen_render,18.23347,startup,27,27,1.77777779,206.030518,99.89046,206.030518,109.999992,99.89045,50,-1.52587891E-05,350,300,158.030518,72.8904343,254.030518,126.890427,0,1
737,737,734,offscreen_render,18.25015,startup,27,27,1.77777779,205.9322,99.79215,205.9322,109.999992,99.7921448,50,-1.52587891E-05,350,300,157.93222,72.79214,253.93222,126.79213,0,1
738,738,735,offscreen_render,18.26682,startup,27,27,1.77777779,205.8329,99.6928558,205.8329,109.999992,99.69285,50,-1.52587891E-05,350,300,157.832916,72.69284,253.832916,126.692833,0,1
739,739,736,offscreen_render,18.28363,startup,27,27,1.77777779,205.732712,99.5926743,205.732712,109.999992,99.59267,50,-1.52587891E-05,350,300,157.732727,72.59265,253.732727,126.592644,0,1
740,740,737,offscreen_render,18.3003426,startup,27,27,1.77777779,205.63176,99.49172,205.63176,109.999992,99.4917145,50,-1.52587891E-05,350,300,157.631775,72.49171,253.631775,126.4917,0,1
741,741,738,offscreen_render,18.3168373,startup,27,27,1.77777779,205.530121,99.39009,205.530121,109.999992,99.39008,50,-1.52587891E-05,350,300,157.530121,72.3900757,253.530121,126.390068,0,1
742,742,739,offscreen_render,18.3336029,startup,27,27,1.77777779,205.427887,99.28785,205.427887,109.999992,99.28784,50,-1.52587891E-05,350,300,157.4279,72.28783,253.4279,126.287819,0,1
743,743,740,offscreen_render,18.3501,startup,27,27,1.77777779,205.325134,99.1851,205.325134,109.999992,99.18509,50,-1.52587891E-05,350,300,157.325134,72.1850739,253.325134,126.185066,0,1
744,744,741,offscreen_render,18.3666382,startup,27,27,1.77777779,205.221924,99.08189,205.221924,109.999992,99.08188,50,-1.52587891E-05,350,300,157.221924,72.08187,253.221924,126.081863,0,1
745,745,742,offscreen_render,18.4737949,startup,27,27,1.77777779,204.667236,98.5272,204.667236,109.999992,98.52719,50,-1.52587891E-05,350,300,156.667236,71.5271759,252.667236,125.527168,0,1
746,746,743,offscreen_render,18.4906673,startup,27,27,1.77777779,204.603668,98.46362,204.603668,109.999992,98.4636154,50,-1.52587891E-05,350,300,156.603668,71.4636,252.603668,125.463593,0,1
747,747,744,offscreen_render,18.5986118,startup,27,27,1.77777779,204.334442,98.19439,204.334442,109.999992,98.19438,50,-1.52587891E-05,350,300,156.334442,71.19437,252.334442,125.194359,0,1
748,748,745,offscreen_render,18.614809,startup,27,27,1.77777779,204.308655,98.1686,204.308655,109.999992,98.1685944,50,-1.52587891E-05,350,300,156.30867,71.16858,252.30867,125.168571,0,1
749,749,746,offscreen_render,18.6302567,startup,27,27,1.77777779,204.285828,98.1457748,204.285828,109.999992,98.14577,50,-1.52587891E-05,350,300,156.285828,71.14575,252.285828,125.145744,0,1
750,750,747,offscreen_render,18.646244,startup,27,27,1.77777779,204.266281,98.12623,204.266281,109.999992,98.12622,50,-1.52587891E-05,350,300,156.266281,71.12621,252.266281,125.126205,0,1
751,751,748,offscreen_render,18.66307,startup,27,27,1.77777779,204.2493,98.1092453,204.2493,109.999992,98.10924,50,-1.52587891E-05,350,300,156.2493,71.10923,252.2493,125.109222,0,1
752,752,749,offscreen_render,18.6798019,startup,27,27,1.77777779,204.234573,98.09451,204.234573,109.999992,98.0945053,50,-1.52587891E-05,350,300,156.234589,71.0945,252.234589,125.09449,0,1
753,753,750,offscreen_render,18.6968,startup,27,27,1.77777779,204.221817,98.0817642,204.221817,109.999992,98.08176,50,-1.52587891E-05,350,300,156.221832,71.08175,252.221832,125.081741,0,1
754,754,751,offscreen_render,18.7132931,startup,27,27,1.77777779,204.2108,98.07074,204.2108,109.999992,98.07073,50,-1.52587891E-05,350,300,156.2108,71.0707245,252.2108,125.070717,0,1
755,755,752,offscreen_render,18.7300777,startup,27,27,1.77777779,204.2013,98.0612259,204.2013,109.999992,98.06122,50,-1.52587891E-05,350,300,156.2013,71.06121,252.2013,125.0612,0,1
756,756,753,offscreen_render,18.7466888,startup,27,27,1.77777779,204.193069,98.053,204.193069,109.999992,98.05299,50,-1.52587891E-05,350,300,156.193085,71.05298,252.193085,125.052971,0,1
757,757,754,offscreen_render,18.7632542,startup,27,27,1.77777779,204.18602,98.04595,204.18602,109.999992,98.0459442,50,-1.52587891E-05,350,300,156.186035,71.04593,252.186035,125.045921,0,1
758,758,755,offscreen_render,18.7807751,startup,27,27,1.77777779,204.179733,98.03967,204.179733,109.999992,98.0396652,50,-1.52587891E-05,350,300,156.179749,71.03966,252.179749,125.03965,0,1
759,759,756,offscreen_render,18.79723,startup,27,27,1.77777779,204.174545,98.03449,204.174545,109.999992,98.0344849,50,-1.52587891E-05,350,300,156.174545,71.03448,252.174545,125.03447,0,1
760,760,757,offscreen_render,18.8147812,startup,27,27,1.77777779,204.169861,98.02981,204.169861,109.999992,98.0298,50,-1.52587891E-05,350,300,156.169876,71.02979,252.169876,125.029785,0,1
761,761,758,offscreen_render,18.8319912,startup,27,27,1.77777779,204.166092,98.02604,204.166092,109.999992,98.02603,50,-1.52587891E-05,350,300,156.1661,71.0260239,252.1661,125.026016,0,1
762,762,759,offscreen_render,18.8479137,startup,27,27,1.77777779,204.162857,98.02281,204.162857,109.999992,98.0228043,50,-1.52587891E-05,350,300,156.162872,71.0228,252.162872,125.022789,0,1
763,763,760,offscreen_render,18.86469,startup,27,27,1.77777779,204.1601,98.02005,204.1601,109.999992,98.02004,50,-1.52587891E-05,350,300,156.1601,71.0200348,252.1601,125.020027,0,1
764,764,761,offscreen_render,18.8813534,startup,27,27,1.77777779,204.15773,98.01769,204.15773,109.999992,98.0176849,50,-1.52587891E-05,350,300,156.157745,71.01767,252.157745,125.017662,0,1
765,765,762,offscreen_render,18.89796,startup,27,27,1.77777779,204.155716,98.01568,204.155716,109.999992,98.01567,50,-1.52587891E-05,350,300,156.155731,71.01566,252.155731,125.015656,0,1
766,766,763,offscreen_render,18.9146519,startup,27,27,1.77777779,204.153992,98.0139542,204.153992,109.999992,98.01395,50,-1.52587891E-05,350,300,156.153992,71.01394,252.153992,125.013931,0,1
767,767,764,offscreen_render,18.9316254,startup,27,27,1.77777779,204.152527,98.01248,204.152527,109.999992,98.0124741,50,-1.52587891E-05,350,300,156.152527,71.01247,252.152527,125.012459,0,1
768,768,765,offscreen_render,18.947937,startup,27,27,1.77777779,204.151276,98.01123,204.151276,109.999992,98.01122,50,-1.52587891E-05,350,300,156.151291,71.0112152,252.151291,125.011208,0,1
769,769,766,offscreen_render,18.9648514,startup,27,27,1.77777779,204.1502,98.01016,204.1502,109.999992,98.0101547,50,-1.52587891E-05,350,300,156.1502,71.01015,252.1502,125.010139,0,1
770,770,767,offscreen_render,18.9816322,startup,27,27,1.77777779,204.1493,98.0092545,204.1493,109.999992,98.00925,50,-1.52587891E-05,350,300,156.149323,71.00924,252.149323,125.009232,0,1
771,771,768,offscreen_render,18.9981441,startup,27,27,1.77777779,204.148529,98.0084839,204.148529,109.999992,98.00848,50,-1.52587891E-05,350,300,156.148544,71.00847,252.148544,125.008461,0,1
772,772,769,offscreen_render,19.014883,startup,27,27,1.77777779,204.147873,98.00783,204.147873,109.999992,98.00782,50,-1.52587891E-05,350,300,156.147888,71.00781,252.147888,125.007805,0,1
773,773,770,offscreen_render,19.0315228,startup,27,27,1.77777779,204.147308,98.00727,204.147308,109.999992,98.00726,50,-1.52587891E-05,350,300,156.147308,71.00725,252.147308,125.00724,0,1
774,774,771,offscreen_render,19.0482388,startup,27,27,1.77777779,204.146835,98.0068,204.146835,109.999992,98.00679,50,-1.52587891E-05,350,300,156.146851,71.00678,252.146851,125.006775,0,1
775,775,772,offscreen_render,19.0649223,startup,27,27,1.77777779,204.146439,98.00639,204.146439,109.999992,98.0063858,50,-1.52587891E-05,350,300,156.146439,71.00638,252.146439,125.006371,0,1
776,776,773,offscreen_render,19.0813236,startup,27,27,1.77777779,204.1461,98.00605,204.1461,109.999992,98.00604,50,-1.52587891E-05,350,300,156.146118,71.0060349,252.146118,125.006027,0,1
777,777,774,offscreen_render,19.0979443,startup,27,27,1.77777779,204.145813,98.00576,204.145813,109.999992,98.00575,50,-1.52587891E-05,350,300,156.145813,71.0057449,252.145813,125.005737,0,1
778,778,775,offscreen_render,19.11498,startup,27,27,1.77777779,204.145569,98.0055161,204.145569,109.999992,98.00551,50,-1.52587891E-05,350,300,156.145569,71.0055,252.145569,125.005493,0,1
779,779,776,offscreen_render,19.13129,startup,27,27,1.77777779,204.145355,98.00531,204.145355,109.999992,98.0053,50,-1.52587891E-05,350,300,156.145355,71.0052948,252.145355,125.005287,0,1
780,780,777,offscreen_render,19.1482735,startup,27,27,1.77777779,204.145172,98.0051346,204.145172,109.999992,98.00513,50,-1.52587891E-05,350,300,156.145172,71.00512,252.145172,125.005112,0,1
781,781,778,offscreen_render,19.1647015,startup,27,27,1.77777779,204.14502,98.00498,204.14502,109.999992,98.0049744,50,-1.52587891E-05,350,300,156.14502,71.00497,252.14502,125.004959,0,1
782,782,779,offscreen_render,19.1813526,startup,27,27,1.77777779,204.1449,98.00485,204.1449,109.999992,98.0048447,50,-1.52587891E-05,350,300,156.1449,71.00484,252.1449,125.004829,0,1
783,783,780,offscreen_render,19.1981125,startup,27,27,1.77777779,204.144791,98.0047455,204.144791,109.999992,98.00474,50,-1.52587891E-05,350,300,156.144791,71.00473,252.144791,125.004723,0,1
784,784,781,offscreen_render,19.3062134,startup,27,27,1.77777779,204.24942,97.8993454,204.24942,109.999992,97.89934,50,-1.52587891E-05,350,300,156.249435,70.89933,252.249435,124.899323,0,1
785,785,782,offscreen_render,19.32352,startup,27,27,1.77777779,204.272,97.87671,204.272,109.999992,97.8767,50,-1.52587891E-05,350,300,156.272,70.8766861,252.272,124.876678,0,1
786,786,783,offscreen_render,19.3390827,startup,27,27,1.77777779,204.297638,97.85103,204.297638,109.999992,97.85102,50,-1.52587891E-05,350,300,156.297638,70.85101,252.297638,124.851006,0,1
787,787,784,offscreen_render,19.3554363,startup,27,27,1.77777779,204.327667,97.82095,204.327667,109.999992,97.8209457,50,-1.52587891E-05,350,300,156.327667,70.82094,252.327667,124.82093,0,1
788,788,785,offscreen_render,19.37219,startup,27,27,1.77777779,204.362915,97.785675,204.362915,109.999992,97.78567,50,-1.52587891E-05,350,300,156.362915,70.78566,252.362915,124.785652,0,1
789,789,786,offscreen_render,19.38882,startup,27,27,1.77777779,204.403778,97.74478,204.403778,109.999992,97.7447739,50,-1.52587891E-05,350,300,156.4038,70.74477,252.4038,124.744759,0,1
790,790,787,offscreen_render,19.4055042,startup,27,27,1.77777779,204.450378,97.69815,204.450378,109.999992,97.69814,50,-1.52587891E-05,350,300,156.4504,70.69813,252.4504,124.69812,0,1
791,791,788,offscreen_render,19.42198,startup,27,27,1.77777779,204.50264,97.64587,204.50264,109.999992,97.64586,50,-1.52587891E-05,350,300,156.502655,70.64585,252.502655,124.645844,0,1
792,792,789,offscreen_render,19.43909,startup,27,27,1.77777779,204.560349,97.58814,204.560349,109.999992,97.5881348,50,-1.52587891E-05,350,300,156.560349,70.58813,252.560349,124.58812,0,1
793,793,790,offscreen_render,19.4555416,startup,27,27,1.77777779,204.623184,97.52528,204.623184,109.999992,97.5252762,50,-1.52587891E-05,350,300,156.6232,70.52526,252.6232,124.525253,0,1
794,794,791,offscreen_render,19.4720249,startup,27,27,1.77777779,204.690811,97.45764,204.690811,109.999992,97.457634,50,-1.52587891E-05,350,300,156.690811,70.45763,252.690811,124.457619,0,1
795,795,792,offscreen_render,19.4888153,startup,27,27,1.77777779,204.762833,97.3856049,204.762833,109.999992,97.3856,50,-1.52587891E-05,350,300,156.762848,70.38559,252.762848,124.385582,0,1
796,796,793,offscreen_render,19.5053616,startup,27,27,1.77777779,204.838867,97.3095551,204.838867,109.999992,97.30955,50,-1.52587891E-05,350,300,156.838867,70.30954,252.838867,124.309532,0,1
797,797,794,offscreen_render,19.52237,startup,27,27,1.77777779,204.918533,97.22988,204.918533,109.999992,97.22987,50,-1.52587891E-05,350,300,156.918549,70.229866,252.918549,124.229858,0,1
798,798,795,offscreen_render,19.5388374,startup,27,27,1.77777779,205.00145,97.14695,205.00145,109.999992,97.14694,50,-1.52587891E-05,350,300,157.00145,70.1469345,253.00145,124.146927,0,1
799,799,796,offscreen_render,19.55527,startup,27,27,1.77777779,205.08728,97.06111,205.08728,109.999992,97.0611038,50,-1.52587891E-05,350,300,157.08728,70.0611,253.08728,124.061089,0,1
800,800,797,offscreen_render,19.5725479,startup,27,27,1.77777779,205.1757,96.97268,205.1757,109.999992,96.97267,50,-1.52587891E-05,350,300,157.17572,69.9726639,253.17572,123.972656,0,1
801,801,798,offscreen_render,19.58876,startup,27,27,1.77777779,205.2664,96.88197,205.2664,109.999992,96.8819656,50,-1.52587891E-05,350,300,157.2664,69.88196,253.2664,123.88195,0,1
802,802,799,offscreen_render,19.6056747,startup,27,27,1.77777779,205.359131,96.78924,205.359131,109.999992,96.78923,50,-1.52587891E-05,350,300,157.359146,69.78922,253.359146,123.789215,0,1
803,803,800,offscreen_render,19.62229,startup,27,27,1.77777779,205.453629,96.69473,205.453629,109.999992,96.694725,50,-1.52587891E-05,350,300,157.453629,69.69472,253.453629,123.69471,0,1
804,804,801,offscreen_render,19.6393414,startup,27,27,1.77777779,205.549683,96.59867,205.549683,109.999992,96.59866,50,-1.52587891E-05,350,300,157.549683,69.5986557,253.549683,123.598648,0,1
805,805,802,offscreen_render,19.6555939,startup,27,27,1.77777779,205.64711,96.50124,205.64711,109.999992,96.501236,50,-1.52587891E-05,350,300,157.647125,69.50123,253.647125,123.501221,0,1
806,806,803,offscreen_render,19.7631836,startup,27,27,1.77777779,206.2873,95.86107,206.2873,109.999992,95.86106,50,-1.52587891E-05,350,300,158.287308,68.86104,254.287308,122.861031,0,1
807,807,804,offscreen_render,19.7802811,startup,27,27,1.77777779,206.371292,95.77707,206.371292,109.999992,95.77706,50,-1.52587891E-05,350,300,158.3713,68.77705,254.3713,122.777039,0,1
808,808,805,offscreen_render,19.79628,startup,27,27,1.77777779,206.452072,95.6963,206.452072,109.999992,95.69629,50,-1.52587891E-05,350,300,158.452087,68.69627,254.452087,122.696266,0,1
809,809,806,offscreen_render,19.8123646,startup,27,27,1.77777779,206.531357,95.61702,206.531357,109.999992,95.61701,50,-1.52587891E-05,350,300,158.531372,68.617,254.531372,122.616989,0,1
810,810,807,offscreen_render,19.82889,startup,27,27,1.77777779,206.610367,95.53801,206.610367,109.999992,95.538,50,-1.52587891E-05,350,300,158.610382,68.53799,254.610382,122.537979,0,1
811,811,808,offscreen_render,19.84637,startup,27,27,1.77777779,206.689972,95.45841,206.689972,109.999992,95.4584045,50,-1.52587891E-05,350,300,158.689972,68.45839,254.689972,122.458382,0,1
812,812,809,offscreen_render,19.8625984,startup,27,27,1.77777779,206.770721,95.377655,206.770721,109.999992,95.37765,50,-1.52587891E-05,350,300,158.770721,68.37763,254.770721,122.377625,0,1
813,813,810,offscreen_render,19.8795624,startup,27,27,1.77777779,206.853,95.29538,206.853,109.999992,95.29537,50,-1.52587891E-05,350,300,158.853012,68.29536,254.853012,122.295349,0,1
814,814,811,offscreen_render,19.8957558,startup,27,27,1.77777779,206.937,95.21137,206.937,109.999992,95.2113647,50,-1.52587891E-05,350,300,158.937012,68.21135,254.937012,122.211342,0,1
815,815,812,offscreen_render,19.9125862,startup,27,27,1.77777779,207.022827,95.12554,207.022827,109.999992,95.1255341,50,-1.52587891E-05,350,300,159.022842,68.12552,255.022842,122.125511,0,1
816,816,813,offscreen_render,19.9293938,startup,27,27,1.77777779,207.110489,95.03787,207.110489,109.999992,95.0378647,50,-1.52587891E-05,350,300,159.1105,68.03785,255.1105,122.037842,0,1
817,817,814,offscreen_render,19.9456863,startup,27,27,1.77777779,207.199951,94.94842,207.199951,109.999992,94.94841,50,-1.52587891E-05,350,300,159.199951,67.9483948,255.199951,121.948387,0,1
818,818,815,offscreen_render,19.9622574,startup,27,27,1.77777779,207.291245,94.8571243,207.291245,109.999992,94.85712,50,-1.52587891E-05,350,300,159.29126,67.8571,255.29126,121.857094,0,1
819,819,816,offscreen_render,19.9796085,startup,27,27,1.77777779,207.384033,94.7643356,207.384033,109.999992,94.76433,50,-1.52587891E-05,350,300,159.384033,67.76431,255.384033,121.764305,0,1
820,820,817,offscreen_render,19.9961262,startup,27,27,1.77777779,207.4783,94.67007,207.4783,109.999992,94.67006,50,-1.52587891E-05,350,300,159.478317,67.6700439,255.478317,121.670036,0,1
821,821,818,offscreen_render,20.01238,startup,27,27,1.77777779,207.573929,94.57443,207.573929,109.999992,94.5744247,50,-1.52587891E-05,350,300,159.573944,67.5744,255.573944,121.574394,0,1
822,822,819,offscreen_render,20.029314,startup,27,27,1.77777779,207.6708,94.4775543,207.6708,109.999992,94.47755,50,-1.52587891E-05,350,300,159.6708,67.47753,255.6708,121.477524,0,1
823,823,820,offscreen_render,20.04551,startup,27,27,1.77777779,207.768814,94.37955,207.768814,109.999992,94.37954,50,-1.52587891E-05,350,300,159.768814,67.3795242,255.768814,121.379517,0,1
824,824,821,offscreen_render,20.062891,startup,27,27,1.77777779,207.867813,94.28054,207.867813,109.999992,94.28053,50,-1.52587891E-05,350,300,159.867828,67.28052,255.867828,121.28051,0,1
825,825,822,offscreen_render,20.0791168,startup,27,27,1.77777779,207.9677,94.18065,207.9677,109.999992,94.18064,50,-1.52587891E-05,350,300,159.967712,67.1806259,255.967712,121.180618,0,1
826,826,823,offscreen_render,20.0960712,startup,27,27,1.77777779,208.06839,94.07996,208.06839,109.999992,94.0799561,50,-1.52587891E-05,350,300,160.06839,67.07994,256.0684,121.079933,0,1
827,827,824,offscreen_render,20.1128845,startup,27,27,1.77777779,208.169785,93.97858,208.169785,109.999992,93.97857,50,-1.52587891E-05,350,300,160.1698,66.9785461,256.1698,120.978539,0,1
828,828,825,offscreen_render,20.22204,startup,27,27,1.77777779,208.728165,93.4202,208.728165,109.999992,93.42019,50,-1.52587891E-05,350,300,160.72818,66.42017,256.72818,120.420166,0,1
829,829,826,offscreen_render,20.2389164,startup,27,27,1.77777779,208.789978,93.3583755,208.789978,109.999992,93.35837,50,-1.52587891E-05,350,300,160.79,66.35835,256.789978,120.358345,0,1
830,830,827,offscreen_render,20.3454266,startup,27,27,1.77777779,209.051361,93.09699,209.051361,109.999992,93.0969849,50,-1.52587891E-05,350,300,161.051376,66.09697,257.0514,120.096962,0,1
831,831,828,offscreen_render,20.3620071,startup,27,27,1.77777779,209.076355,93.072,209.076355,109.999992,93.07199,50,-1.52587891E-05,350,300,161.07637,66.07197,257.076355,120.07196,0,1
832,832,829,offscreen_render,20.3783112,startup,27,27,1.77777779,209.09816,93.05019,209.09816,109.999992,93.0501862,50,-1.52587891E-05,350,300,161.09816,66.05017,257.098145,120.050163,0,1
833,833,830,offscreen_render,20.3947887,startup,27,27,1.77777779,209.117142,93.03121,209.117142,109.999992,93.0312042,50,-1.52587891E-05,350,300,161.117157,66.03118,257.117157,120.031174,0,1
834,834,831,offscreen_render,20.4114227,startup,27,27,1.77777779,209.133636,93.01472,209.133636,109.999992,93.01471,50,-1.52587891E-05,350,300,161.133636,66.0146942,257.133636,120.014687,0,1
835,835,832,offscreen_render,20.4277515,startup,27,27,1.77777779,209.147934,93.00043,209.147934,109.999992,93.00042,50,-1.52587891E-05,350,300,161.147949,66.0004044,257.147949,120.0004,0,1
836,836,833,offscreen_render,20.4444733,startup,27,27,1.77777779,209.160309,92.98805,209.160309,109.999992,92.9880447,50,-1.52587891E-05,350,300,161.160324,65.98803,257.160339,119.988022,0,1
837,837,834,offscreen_render,20.46113,startup,27,27,1.77777779,209.171,92.97736,209.171,109.999992,92.977356,50,-1.52587891E-05,350,300,161.171021,65.97733,257.171021,119.977325,0,1
838,838,835,offscreen_render,20.4780884,startup,27,27,1.77777779,209.180237,92.96814,209.180237,109.999992,92.96813,50,-1.52587891E-05,350,300,161.180237,65.96812,257.180237,119.968109,0,1
839,839,836,offscreen_render,20.4944935,startup,27,27,1.77777779,209.188187,92.96019,209.188187,109.999992,92.96018,50,-1.52587891E-05,350,300,161.1882,65.96017,257.1882,119.960159,0,1
840,840,837,offscreen_render,20.5112438,startup,27,27,1.77777779,209.195023,92.95335,209.195023,109.999992,92.95334,50,-1.52587891E-05,350,300,161.195023,65.9533157,257.195,119.953308,0,1
841,841,838,offscreen_render,20.5277138,startup,27,27,1.77777779,209.200912,92.947464,209.200912,109.999992,92.94746,50,-1.52587891E-05,350,300,161.200928,65.94744,257.200928,119.947433,0,1
842,842,839,offscreen_render,20.54444,startup,27,27,1.77777779,209.205963,92.94241,209.205963,109.999992,92.9424057,50,-1.52587891E-05,350,300,161.205963,65.94239,257.205963,119.942383,0,1
843,843,840,offscreen_render,20.5611439,startup,27,27,1.77777779,209.2103,92.93808,209.2103,109.999992,92.93807,50,-1.52587891E-05,350,300,161.210312,65.93806,257.210327,119.938049,0,1
844,844,841,offscreen_render,20.5779724,startup,27,27,1.77777779,209.214,92.9343643,209.214,109.999992,92.93436,50,-1.52587891E-05,350,300,161.21402,65.93434,257.21402,119.934334,0,1
845,845,842,offscreen_render,20.59481,startup,27,27,1.77777779,209.217178,92.93118,209.217178,109.999992,92.9311752,50,-1.52587891E-05,350,300,161.217178,65.93115,257.217163,119.931145,0,1
846,846,843,offscreen_render,20.6112614,startup,27,27,1.77777779,209.2199,92.92846,209.2199,109.999992,92.92845,50,-1.52587891E-05,350,300,161.21991,65.92844,257.2199,119.928429,0,1
847,847,844,offscreen_render,20.6278954,startup,27,27,1.77777779,209.222214,92.92613,209.222214,109.999992,92.9261246,50,-1.52587891E-05,350,300,161.222214,65.92611,257.222229,119.9261,0,1
848,848,845,offscreen_render,20.64476,startup,27,27,1.77777779,209.2242,92.92415,209.2242,109.999992,92.92414,50,-1.52587891E-05,350,300,161.224213,65.9241257,257.2242,119.924118,0,1
849,849,846,offscreen_render,20.6611271,startup,27,27,1.77777779,209.225891,92.9224548,209.225891,109.999992,92.92245,50,-1.52587891E-05,350,300,161.225891,65.92243,257.2259,119.922424,0,1
850,850,847,offscreen_render,20.6777935,startup,27,27,1.77777779,209.227341,92.9210052,209.227341,109.999992,92.921,50,-1.52587891E-05,350,300,161.227341,65.9209747,257.227356,119.920967,0,1
851,851,848,offscreen_render,20.6945438,startup,27,27,1.77777779,209.228577,92.91977,209.228577,109.999992,92.91976,50,-1.52587891E-05,350,300,161.228577,65.91974,257.228577,119.919731,0,1
852,852,849,offscreen_render,20.7111263,startup,27,27,1.77777779,209.22963,92.91872,209.22963,109.999992,92.91871,50,-1.52587891E-05,350,300,161.22963,65.91869,257.2296,119.918686,0,1
853,853,850,offscreen_render,20.7276936,startup,27,27,1.77777779,209.23053,92.91782,209.23053,109.999992,92.9178162,50,-1.52587891E-05,350,300,161.230545,65.9178,257.23053,119.917793,0,1
854,854,851,offscreen_render,20.744482,startup,27,27,1.77777779,209.2313,92.91706,209.2313,109.999992,92.91705,50,-1.52587891E-05,350,300,161.2313,65.91704,257.2313,119.91703,0,1
855,855,852,offscreen_render,20.7613716,startup,27,27,1.77777779,209.231934,92.91641,209.231934,109.999992,92.9164047,50,-1.52587891E-05,350,300,161.231934,65.91639,257.231934,119.916382,0,1
856,856,853,offscreen_render,20.7778454,startup,27,27,1.77777779,209.232483,92.91586,209.232483,109.999992,92.9158554,50,-1.52587891E-05,350,300,161.232483,65.91584,257.232483,119.915833,0,1
857,857,854,offscreen_render,20.79477,startup,27,27,1.77777779,209.232956,92.9154,209.232956,109.999992,92.91539,50,-1.52587891E-05,350,300,161.232971,65.9153748,257.232971,119.915367,0,1
858,858,855,offscreen_render,20.81169,startup,27,27,1.77777779,209.233353,92.915,209.233353,109.999992,92.91499,50,-1.52587891E-05,350,300,161.233368,65.91498,257.233368,119.91497,0,1
859,859,856,offscreen_render,20.8280373,startup,27,27,1.77777779,209.233688,92.9146652,209.233688,109.999992,92.91466,50,-1.52587891E-05,350,300,161.2337,65.91464,257.2337,119.914635,0,1
860,860,857,offscreen_render,20.8451157,startup,27,27,1.77777779,209.233978,92.91438,209.233978,109.999992,92.9143753,50,-1.52587891E-05,350,300,161.233978,65.91436,257.233978,119.914352,0,1
861,861,858,offscreen_render,20.862402,startup,27,27,1.77777779,209.234222,92.91414,209.234222,109.999992,92.91413,50,-1.52587891E-05,350,300,161.234222,65.9141159,257.234222,119.914108,0,1
862,862,859,offscreen_render,20.8782578,startup,27,27,1.77777779,209.234421,92.91393,209.234421,109.999992,92.9139252,50,-1.52587891E-05,350,300,161.234436,65.91391,257.234436,119.9139,0,1
863,863,860,offscreen_render,20.8949642,startup,27,27,1.77777779,209.234589,92.91376,209.234589,109.999992,92.91375,50,-1.52587891E-05,350,300,161.234589,65.9137344,257.2346,119.913727,0,1
864,864,861,offscreen_render,20.9119129,startup,27,27,1.77777779,209.234741,92.9136047,209.234741,109.999992,92.9136,50,-1.52587891E-05,350,300,161.234756,65.91358,257.234741,119.913574,0,1
865,865,862,offscreen_render,20.9281425,startup,27,27,1.77777779,209.234863,92.91348,209.234863,109.999992,92.913475,50,-1.52587891E-05,350,300,161.234863,65.91346,257.234863,119.913452,0,1
866,866,863,offscreen_render,20.9452381,startup,27,27,1.77777779,209.23497,92.9133759,209.23497,109.999992,92.91337,50,-1.52587891E-05,350,300,161.234985,65.91335,257.235,119.913345,0,1
867,867,864,offscreen_render,21.0523567,startup,27,27,1.77777779,209.33992,92.80844,209.33992,109.999992,92.80843,50,-1.52587891E-05,350,300,161.339935,65.80842,257.339935,119.808411,0,1
868,868,865,offscreen_render,21.0696087,startup,27,27,1.77777779,209.362579,92.78579,209.362579,109.999992,92.78578,50,-1.52587891E-05,350,300,161.362579,65.78577,257.362579,119.785759,0,1
869,869,866,offscreen_render,21.0863552,startup,27,27,1.77777779,209.38829,92.7600861,209.38829,109.999992,92.76008,50,-1.52587891E-05,350,300,161.38829,65.76006,257.3883,119.760056,0,1
870,870,867,offscreen_render,21.1019955,startup,27,27,1.77777779,209.4184,92.72998,209.4184,109.999992,92.72997,50,-1.52587891E-05,350,300,161.418411,65.72996,257.4184,119.72995,0,1
871,871,868,offscreen_render,21.1183987,startup,27,27,1.77777779,209.4537,92.69467,209.4537,109.999992,92.694664,50,-1.52587891E-05,350,300,161.4537,65.69465,257.4537,119.694641,0,1
872,872,869,offscreen_render,21.1351051,startup,27,27,1.77777779,209.494629,92.65375,209.494629,109.999992,92.65374,50,-1.52587891E-05,350,300,161.494629,65.6537247,257.494629,119.653717,0,1
873,873,870,offscreen_render,21.1520329,startup,27,27,1.77777779,209.54129,92.6070862,209.54129,109.999992,92.60708,50,-1.52587891E-05,350,300,161.54129,65.60706,257.5413,119.607056,0,1
874,874,871,offscreen_render,21.1687,startup,27,27,1.77777779,209.5936,92.55477,209.5936,109.999992,92.55476,50,-1.52587891E-05,350,300,161.5936,65.55475,257.5936,119.554741,0,1
875,875,872,offscreen_render,21.1852531,startup,27,27,1.77777779,209.651352,92.49702,209.651352,109.999992,92.49701,50,-1.52587891E-05,350,300,161.651367,65.496994,257.651367,119.496986,0,1
876,876,873,offscreen_render,21.2017918,startup,27,27,1.77777779,209.714233,92.4341354,209.714233,109.999992,92.43413,50,-1.52587891E-05,350,300,161.714233,65.43411,257.714233,119.434105,0,1
877,877,874,offscreen_render,21.218895,startup,27,27,1.77777779,209.7819,92.36647,209.7819,109.999992,92.36646,50,-1.52587891E-05,350,300,161.781921,65.36644,257.781921,119.366432,0,1
878,878,875,offscreen_render,21.235033,startup,27,27,1.77777779,209.853958,92.29441,209.853958,109.999992,92.2944,50,-1.52587891E-05,350,300,161.853973,65.29439,257.853973,119.29438,0,1
879,879,876,offscreen_render,21.25202,startup,27,27,1.77777779,209.930023,92.2183456,209.930023,109.999992,92.21834,50,-1.52587891E-05,350,300,161.930023,65.21832,257.930023,119.218315,0,1
880,880,877,offscreen_render,21.26847,startup,27,27,1.77777779,210.0097,92.13866,210.0097,109.999992,92.13865,50,-1.52587891E-05,350,300,162.0097,65.13863,258.0097,119.138626,0,1
881,881,878,offscreen_render,21.2852478,startup,27,27,1.77777779,210.092651,92.05571,210.092651,109.999992,92.0557,50,-1.52587891E-05,350,300,162.092651,65.05568,258.092651,119.055672,0,1
882,882,879,offscreen_render,21.30177,startup,27,27,1.77777779,210.178513,91.96985,210.178513,109.999992,91.96984,50,-1.52587891E-05,350,300,162.178528,64.9698257,258.178528,118.969818,0,1
883,883,880,offscreen_render,21.3184929,startup,27,27,1.77777779,210.266937,91.88142,210.266937,109.999992,91.88141,50,-1.52587891E-05,350,300,162.266937,64.88139,258.266937,118.881386,0,1
884,884,881,offscreen_render,21.3352146,startup,27,27,1.77777779,210.357666,91.79069,210.357666,109.999992,91.79068,50,-1.52587891E-05,350,300,162.357666,64.7906647,258.357666,118.790657,0,1
885,885,882,offscreen_render,21.3518639,startup,27,27,1.77777779,210.450409,91.69795,210.450409,109.999992,91.6979446,50,-1.52587891E-05,350,300,162.450409,64.69793,258.4504,118.697922,0,1
886,886,883,offscreen_render,21.3687763,startup,27,27,1.77777779,210.544937,91.60343,210.544937,109.999992,91.6034241,50,-1.52587891E-05,350,300,162.544952,64.60341,258.544952,118.6034,0,1
887,887,884,offscreen_render,21.3854,startup,27,27,1.77777779,210.641,91.50736,210.641,109.999992,91.5073547,50,-1.52587891E-05,350,300,162.641,64.50734,258.641,118.507332,0,1
888,888,885,offscreen_render,21.40179,startup,27,27,1.77777779,210.738434,91.409935,210.738434,109.999992,91.40993,50,-1.52587891E-05,350,300,162.738434,64.40991,258.738434,118.409904,0,1
889,889,886,offscreen_render,21.41869,startup,27,27,1.77777779,210.833878,91.31448,210.833878,109.999992,91.314476,50,-1.52587891E-05,350,300,162.8339,64.31446,258.8339,118.314453,0,1
890,890,887,offscreen_render,21.43521,startup,27,27,1.77777779,210.922211,91.22614,210.922211,109.999992,91.2261353,50,-1.52587891E-05,350,300,162.922211,64.22612,258.9222,118.226112,0,1
891,891,888,offscreen_render,21.45189,startup,27,27,1.77777779,211.000092,91.14826,211.000092,109.999992,91.1482544,50,-1.52587891E-05,350,300,163.000092,64.14824,259.0001,118.148232,0,1
892,892,889,offscreen_render,21.46852,startup,27,27,1.77777779,211.0655,91.08285,211.0655,109.999992,91.08284,50,-1.52587891E-05,350,300,163.065521,64.0828247,259.065521,118.082817,0,1
893,893,890,offscreen_render,21.4851513,startup,27,27,1.77777779,211.117416,91.03094,211.117416,109.999992,91.03093,50,-1.52587891E-05,350,300,163.117432,64.0309143,259.117432,118.030907,0,1
894,894,891,offscreen_render,21.594883,startup,27,27,1.77777779,211.144165,91.00419,211.144165,109.999992,91.00418,50,-1.52587891E-05,350,300,163.14418,64.0041656,259.144165,118.004158,0,1
895,895,892,offscreen_render,21.6119957,startup,27,27,1.77777779,211.1267,91.02165,211.1267,109.999992,91.0216446,50,-1.52587891E-05,350,300,163.1267,64.02163,259.1267,118.021622,0,1
896,896,893,offscreen_render,21.6287327,startup,27,27,1.77777779,211.104492,91.04385,211.104492,109.999992,91.0438461,50,-1.52587891E-05,350,300,163.104492,64.04383,259.1045,118.043823,0,1
897,897,894,offscreen_render,21.6444263,startup,27,27,1.77777779,211.076614,91.0717239,211.076614,109.999992,91.07172,50,-1.52587891E-05,350,300,163.076614,64.0717,259.0766,118.071693,0,1
898,898,895,offscreen_render,21.6607685,startup,27,27,1.77777779,211.0426,91.1057358,211.0426,109.999992,91.10573,50,-1.52587891E-05,350,300,163.0426,64.10571,259.0426,118.105705,0,1
899,899,896,offscreen_render,21.67747,startup,27,27,1.77777779,211.002289,91.14605,211.002289,109.999992,91.14604,50,-1.52587891E-05,350,300,163.002289,64.14603,259.0023,118.146019,0,1
900,900,897,offscreen_render,21.6940784,startup,27,27,1.77777779,210.955765,91.19258,210.955765,109.999992,91.19257,50,-1.52587891E-05,350,300,162.955765,64.19256,258.95575,118.192551,0,1
901,901,898,offscreen_render,21.7107029,startup,27,27,1.77777779,210.903229,91.24512,210.903229,109.999992,91.24511,50,-1.52587891E-05,350,300,162.903229,64.2450943,258.903229,118.245087,0,1
902,902,899,offscreen_render,21.7273178,startup,27,27,1.77777779,210.845032,91.30332,210.845032,109.999992,91.3033142,50,-1.52587891E-05,350,300,162.845032,64.3033,258.845032,118.303291,0,1
903,903,900,offscreen_render,21.7441177,startup,27,27,1.77777779,210.781555,91.366806,210.781555,109.999992,91.3668,50,-1.52587891E-05,350,300,162.781555,64.36678,258.781555,118.366776,0,1
904,904,901,offscreen_render,21.7607212,startup,27,27,1.77777779,210.713211,91.43515,210.713211,109.999992,91.43514,50,-1.52587891E-05,350,300,162.713226,64.43513,258.713226,118.43512,0,1
905,905,902,offscreen_render,21.7775,startup,27,27,1.77777779,210.640427,91.5079346,210.640427,109.999992,91.50793,50,-1.52587891E-05,350,300,162.640442,64.50791,258.640442,118.507904,0,1
906,906,903,offscreen_render,21.7940617,startup,27,27,1.77777779,210.563644,91.5847244,210.563644,109.999992,91.58472,50,-1.52587891E-05,350,300,162.563644,64.5846939,258.56366,118.584686,0,1
907,907,904,offscreen_render,21.8995514,startup,27,27,1.77777779,210.017578,92.13078,210.017578,109.999992,92.1307755,50,-1.52587891E-05,350,300,162.017578,65.13076,258.017578,119.130753,0,1
908,908,905,offscreen_render,21.9165115,startup,27,27,1.77777779,209.940475,92.20788,209.940475,109.999992,92.20787,50,-1.52587891E-05,350,300,161.940491,65.2078552,257.9405,119.207848,0,1
909,909,906,offscreen_render,21.9324131,startup,27,27,1.77777779,209.86554,92.282814,209.86554,109.999992,92.28281,50,-1.52587891E-05,350,300,161.865555,65.28279,257.86554,119.282784,0,1
910,910,907,offscreen_render,21.94871,startup,27,27,1.77777779,209.7912,92.35715,209.7912,109.999992,92.35714,50,-1.52587891E-05,350,300,161.791214,65.3571243,257.7912,119.357117,0,1
911,911,908,offscreen_render,21.9652748,startup,27,27,1.77777779,209.716385,92.43197,209.716385,109.999992,92.43196,50,-1.52587891E-05,350,300,161.7164,65.4319458,257.7164,119.431938,0,1
912,912,909,offscreen_render,21.9819965,startup,27,27,1.77777779,209.640335,92.50802,209.640335,109.999992,92.50801,50,-1.52587891E-05,350,300,161.640335,65.5079956,257.64032,119.507988,0,1
913,913,910,offscreen_render,21.9988651,startup,27,27,1.77777779,209.562576,92.58578,209.562576,109.999992,92.58577,50,-1.52587891E-05,350,300,161.562592,65.5857544,257.5626,119.585747,0,1
914,914,911,offscreen_render,22.0153179,startup,27,27,1.77777779,209.482834,92.66551,209.482834,109.999992,92.6655045,50,-1.52587891E-05,350,300,161.482849,65.66549,257.482849,119.665482,0,1
915,915,912,offscreen_render,22.03239,startup,27,27,1.77777779,209.40097,92.7473755,209.40097,109.999992,92.74737,50,-1.52587891E-05,350,300,161.40097,65.74735,257.40097,119.747345,0,1
916,916,913,offscreen_render,22.0491257,startup,27,27,1.77777779,209.31456,92.833786,209.31456,109.999992,92.83378,50,-1.52587891E-05,350,300,161.314575,65.8337555,257.314575,119.833748,0,1
917,917,914,offscreen_render,22.0656986,startup,27,27,1.77777779,209.228348,92.9200058,209.228348,109.999992,92.92,50,-1.52587891E-05,350,300,161.228348,65.91998,257.228333,119.919975,0,1
918,918,915,offscreen_render,22.0828762,startup,27,27,1.77777779,209.1401,93.00824,209.1401,109.999992,93.00823,50,-1.52587891E-05,350,300,161.1401,66.00822,257.1401,120.008209,0,1
919,919,916,offscreen_render,22.0996342,startup,27,27,1.77777779,209.049957,93.09838,209.049957,109.999992,93.09837,50,-1.52587891E-05,350,300,161.049957,66.09836,257.049957,120.098351,0,1
920,920,917,offscreen_render,22.115921,startup,27,27,1.77777779,208.958054,93.1902847,208.958054,109.999992,93.19028,50,-1.52587891E-05,350,300,160.958069,66.19026,256.958069,120.190254,0,1
921,921,918,offscreen_render,22.1329632,startup,27,27,1.77777779,208.864517,93.28381,208.864517,109.999992,93.2838058,50,-1.52587891E-05,350,300,160.864517,66.28379,256.8645,120.283783,0,1
922,922,919,offscreen_render,22.1492672,startup,27,27,1.77777779,208.7695,93.37882,208.7695,109.999992,93.3788147,50,-1.52587891E-05,350,300,160.7695,66.3788,256.7695,120.378792,0,1
923,923,920,offscreen_render,22.166,startup,27,27,1.77777779,208.673157,93.475174,208.673157,109.999992,93.47517,50,-1.52587891E-05,350,300,160.673172,66.47515,256.673157,120.475143,0,1
924,924,921,offscreen_render,22.1828976,startup,27,27,1.77777779,208.5756,93.57273,208.5756,109.999992,93.57272,50,-1.52587891E-05,350,300,160.575623,66.57271,256.575623,120.5727,0,1
925,925,922,offscreen_render,22.199316,startup,27,27,1.77777779,208.47699,93.67135,208.47699,109.999992,93.67134,50,-1.52587891E-05,350,300,160.47699,66.6713257,256.477,120.671318,0,1
926,926,923,offscreen_render,22.21652,startup,27,27,1.77777779,208.377411,93.77093,208.377411,109.999992,93.77092,50,-1.52587891E-05,350,300,160.377411,66.7709045,256.3774,120.7709,0,1
927,927,924,offscreen_render,22.2330456,startup,27,27,1.77777779,208.277,93.8713455,208.277,109.999992,93.87134,50,-1.52587891E-05,350,300,160.277008,66.87132,256.277,120.871315,0,1
928,928,925,offscreen_render,22.2493248,startup,27,27,1.77777779,208.175842,93.9725,208.175842,109.999992,93.972496,50,-1.52587891E-05,350,300,160.175858,66.97248,256.175842,120.972473,0,1
929,929,926,offscreen_render,22.2660046,startup,27,27,1.77777779,208.07402,94.07432,208.07402,109.999992,94.07431,50,-1.52587891E-05,350,300,160.074036,67.074295,256.074036,121.074287,0,1
930,930,927,offscreen_render,22.2825966,startup,27,27,1.77777779,207.971634,94.1767044,207.971634,109.999992,94.1767,50,-1.52587891E-05,350,300,159.971649,67.17668,255.971649,121.176674,0,1
931,931,928,offscreen_render,22.2993183,startup,27,27,1.77777779,207.868744,94.2795944,207.868744,109.999992,94.27959,50,-1.52587891E-05,350,300,159.868744,67.27957,255.868744,121.279564,0,1
932,932,929,offscreen_render,22.31616,startup,27,27,1.77777779,207.764969,94.38338,207.764969,109.999992,94.38337,50,-1.52587891E-05,350,300,159.764969,67.3833542,255.764969,121.383347,0,1
933,933,930,offscreen_render,22.4259663,startup,27,27,1.77777779,207.197281,94.95108,207.197281,109.999992,94.95107,50,-1.52587891E-05,350,300,159.1973,67.95106,255.1973,121.95105,0,1
934,934,931,offscreen_render,22.4431133,startup,27,27,1.77777779,207.134933,95.0134354,207.134933,109.999992,95.01343,50,-1.52587891E-05,350,300,159.134949,68.01341,255.134949,122.013405,0,1
935,935,932,offscreen_render,22.5476761,startup,27,27,1.77777779,206.8742,95.2741547,206.8742,109.999992,95.27415,50,-1.52587891E-05,350,300,158.8742,68.2741241,254.8742,122.274117,0,1
936,936,933,offscreen_render,22.5639687,startup,27,27,1.77777779,206.84874,95.299614,206.84874,109.999992,95.29961,50,-1.52587891E-05,350,300,158.848755,68.29958,254.848755,122.299576,0,1
937,937,934,offscreen_render,22.58095,startup,27,27,1.77777779,206.826523,95.32182,206.826523,109.999992,95.3218155,50,-1.52587891E-05,350,300,158.826538,68.3218,254.826538,122.321793,0,1
938,938,935,offscreen_render,22.5970879,startup,27,27,1.77777779,206.80719,95.341156,206.80719,109.999992,95.34115,50,-1.52587891E-05,350,300,158.80719,68.34113,254.80719,122.341125,0,1
939,939,936,offscreen_render,22.6134434,startup,27,27,1.77777779,206.79039,95.35795,206.79039,109.999992,95.35794,50,-1.52587891E-05,350,300,158.79039,68.35792,254.79039,122.35791,0,1
940,940,937,offscreen_render,22.6304855,startup,27,27,1.77777779,206.775833,95.37251,206.775833,109.999992,95.3725052,50,-1.52587891E-05,350,300,158.775833,68.37249,254.775833,122.372482,0,1
941,941,938,offscreen_render,22.6469479,startup,27,27,1.77777779,206.763229,95.38512,206.763229,109.999992,95.38511,50,-1.52587891E-05,350,300,158.763245,68.38509,254.763245,122.385086,0,1
942,942,939,offscreen_render,22.6635647,startup,27,27,1.77777779,206.752335,95.39601,206.752335,109.999992,95.396,50,-1.52587891E-05,350,300,158.75235,68.39599,254.75235,122.395981,0,1
943,943,940,offscreen_render,22.68055,startup,27,27,1.77777779,206.742935,95.40541,206.742935,109.999992,95.4054,50,-1.52587891E-05,350,300,158.74295,68.40538,254.74295,122.405373,0,1
944,944,941,offscreen_render,22.6967583,startup,27,27,1.77777779,206.734833,95.41351,206.734833,109.999992,95.4135056,50,-1.52587891E-05,350,300,158.734833,68.41349,254.734833,122.413483,0,1
945,945,942,offscreen_render,22.7138939,startup,27,27,1.77777779,206.727859,95.42049,206.727859,109.999992,95.42048,50,-1.52587891E-05,350,300,158.727859,68.42046,254.727859,122.420456,0,1
946,946,943,offscreen_render,22.73033,startup,27,27,1.77777779,206.721863,95.42648,206.721863,109.999992,95.4264755,50,-1.52587891E-05,350,300,158.721863,68.42646,254.721863,122.426453,0,1
947,947,944,offscreen_render,22.74697,startup,27,27,1.77777779,206.716721,95.43163,206.716721,109.999992,95.4316254,50,-1.52587891E-05,350,300,158.716736,68.43161,254.716736,122.4316,0,1
948,948,945,offscreen_render,22.76345,startup,27,27,1.77777779,206.712311,95.43605,206.712311,109.999992,95.43604,50,-1.52587891E-05,350,300,158.712311,68.43603,254.712311,122.43602,0,1
949,949,946,offscreen_render,22.7801571,startup,27,27,1.77777779,206.708527,95.4398346,206.708527,109.999992,95.43983,50,-1.52587891E-05,350,300,158.708542,68.43981,254.708542,122.439804,0,1
950,950,947,offscreen_render,22.79686,startup,27,27,1.77777779,206.705292,95.44308,206.705292,109.999992,95.44307,50,-1.52587891E-05,350,300,158.705292,68.4430542,254.705292,122.443047,0,1
951,951,948,offscreen_render,22.8135929,startup,27,27,1.77777779,206.702515,95.44585,206.702515,109.999992,95.44584,50,-1.52587891E-05,350,300,158.702515,68.44582,254.702515,122.445816,0,1
952,952,949,offscreen_render,22.8300838,startup,27,27,1.77777779,206.70015,95.44822,206.70015,109.999992,95.44821,50,-1.52587891E-05,350,300,158.700165,68.44819,254.700165,122.448181,0,1
953,953,950,offscreen_render,22.8467884,startup,27,27,1.77777779,206.69812,95.45024,206.69812,109.999992,95.45023,50,-1.52587891E-05,350,300,158.69812,68.45022,254.69812,122.450211,0,1
954,954,951,offscreen_render,22.8636665,startup,27,27,1.77777779,206.6964,95.45197,206.6964,109.999992,95.4519653,50,-1.52587891E-05,350,300,158.696411,68.45195,254.696411,122.451942,0,1
955,955,952,offscreen_render,22.8801727,startup,27,27,1.77777779,206.694916,95.4534454,206.694916,109.999992,95.45344,50,-1.52587891E-05,350,300,158.694916,68.45342,254.694916,122.453415,0,1
956,956,953,offscreen_render,22.8973961,startup,27,27,1.77777779,206.693665,95.4547043,206.693665,109.999992,95.4547,50,-1.52587891E-05,350,300,158.693665,68.45468,254.693665,122.454674,0,1
957,957,954,offscreen_render,22.9138355,startup,27,27,1.77777779,206.6926,95.45577,206.6926,109.999992,95.4557648,50,-1.52587891E-05,350,300,158.692612,68.45575,254.692612,122.455742,0,1
958,958,955,offscreen_render,22.9303856,startup,27,27,1.77777779,206.691681,95.45668,206.691681,109.999992,95.45667,50,-1.52587891E-05,350,300,158.6917,68.45666,254.6917,122.45665,0,1
959,959,956,offscreen_render,22.9468231,startup,27,27,1.77777779,206.6909,95.45746,206.6909,109.999992,95.45745,50,-1.52587891E-05,350,300,158.690918,68.4574356,254.690918,122.457428,0,1
960,960,957,offscreen_render,22.9638882,startup,27,27,1.77777779,206.690247,95.4581146,206.690247,109.999992,95.45811,50,-1.52587891E-05,350,300,158.690247,68.45809,254.690247,122.458084,0,1
961,961,958,offscreen_render,22.980381,startup,27,27,1.77777779,206.689682,95.45867,206.689682,109.999992,95.4586639,50,-1.52587891E-05,350,300,158.689682,68.45865,254.689682,122.458641,0,1
962,962,959,offscreen_render,22.99682,startup,27,27,1.77777779,206.689209,95.4591446,206.689209,109.999992,95.45914,50,-1.52587891E-05,350,300,158.689224,68.45912,254.689224,122.459114,0,1
963,963,960,offscreen_render,23.0135689,startup,27,27,1.77777779,206.688812,95.45955,206.688812,109.999992,95.45954,50,-1.52587891E-05,350,300,158.688812,68.45952,254.688812,122.459511,0,1
964,964,961,offscreen_render,23.0308247,startup,27,27,1.77777779,206.688461,95.45989,206.688461,109.999992,95.4598846,50,-1.52587891E-05,350,300,158.688477,68.45987,254.688477,122.459862,0,1
965,965,962,offscreen_render,23.04686,startup,27,27,1.77777779,206.688171,95.46018,206.688171,109.999992,95.4601746,50,-1.52587891E-05,350,300,158.688171,68.46016,254.688171,122.460152,0,1
966,966,963,offscreen_render,23.0635548,startup,27,27,1.77777779,206.687927,95.46043,206.687927,109.999992,95.46042,50,-1.52587891E-05,350,300,158.687943,68.4604,254.687943,122.460396,0,1
967,967,964,offscreen_render,23.0804482,startup,27,27,1.77777779,206.687714,95.46064,206.687714,109.999992,95.46063,50,-1.52587891E-05,350,300,158.687714,68.46062,254.687714,122.460609,0,1
968,968,965,offscreen_render,23.0968952,startup,27,27,1.77777779,206.687531,95.4608154,206.687531,109.999992,95.46081,50,-1.52587891E-05,350,300,158.687531,68.46079,254.687531,122.460785,0,1
969,969,966,offscreen_render,23.1140823,startup,27,27,1.77777779,206.687378,95.46097,206.687378,109.999992,95.46096,50,-1.52587891E-05,350,300,158.6874,68.4609451,254.6874,122.460938,0,1
970,970,967,offscreen_render,23.1302681,startup,27,27,1.77777779,206.687256,95.4611,206.687256,109.999992,95.46109,50,-1.52587891E-05,350,300,158.687256,68.4610748,254.687256,122.461067,0,1
971,971,968,offscreen_render,23.1468925,startup,27,27,1.77777779,206.687149,95.4612045,206.687149,109.999992,95.4612,50,-1.52587891E-05,350,300,158.687164,68.46118,254.687164,122.461174,0,1
972,972,969,offscreen_render,23.2645912,startup,27,27,1.77777779,206.851471,95.46162,206.851471,109.999992,95.46161,50,-1.52587891E-05,350,300,158.851471,68.46159,254.851471,122.461586,0,1
973,973,970,offscreen_render,23.37171,startup,27,27,1.77777779,207.1499,95.46174,207.1499,109.999992,95.46173,50,-1.52587891E-05,350,300,159.149918,68.4617157,255.149918,122.461708,0,1
974,974,971,offscreen_render,23.3890686,startup,27,27,1.77777779,207.198563,95.46175,207.198563,109.999992,95.46174,50,-1.52587891E-05,350,300,159.198578,68.46172,255.198578,122.461716,0,1
975,975,972,offscreen_render,23.40417,startup,27,27,1.77777779,207.249741,95.4617538,207.249741,109.999992,95.46175,50,-1.52587891E-05,350,300,159.249756,68.46173,255.249756,122.461723,0,1
976,976,973,offscreen_render,23.4205265,startup,27,27,1.77777779,207.3055,95.46176,207.3055,109.999992,95.4617538,50,-1.52587891E-05,350,300,159.305511,68.46174,255.305511,122.461731,0,1
977,977,974,offscreen_render,23.437315,startup,27,27,1.77777779,207.3671,95.46177,207.3671,109.999992,95.46176,50,-1.52587891E-05,350,300,159.3671,68.46174,255.3671,122.461731,0,1
978,978,975,offscreen_render,23.453537,startup,27,27,1.77777779,207.435242,95.46178,207.435242,109.999992,95.46177,50,-1.52587891E-05,350,300,159.435242,68.4617538,255.435242,122.461746,0,1
979,979,976,offscreen_render,23.4703789,startup,27,27,1.77777779,207.510254,95.4617844,207.510254,109.999992,95.46178,50,-1.52587891E-05,350,300,159.510269,68.46176,255.510269,122.461754,0,1
980,980,977,offscreen_render,23.5780621,startup,27,27,1.77777779,208.133987,95.4618,208.133987,109.999992,95.46179,50,-1.52587891E-05,350,300,160.134,68.46178,256.134,122.461769,0,1
981,981,978,offscreen_render,23.5947838,startup,27,27,1.77777779,208.224426,95.4618,208.224426,109.999992,95.46179,50,-1.52587891E-05,350,300,160.224426,68.46178,256.224426,122.461769,0,1
982,982,979,offscreen_render,23.6110554,startup,27,27,1.77777779,208.313721,95.4618,208.313721,109.999992,95.46179,50,-1.52587891E-05,350,300,160.313736,68.46178,256.313721,122.461769,0,1
983,983,980,offscreen_render,23.62731,startup,27,27,1.77777779,208.403946,95.4618,208.403946,109.999992,95.46179,50,-1.52587891E-05,350,300,160.403961,68.46178,256.403961,122.461769,0,1
984,984,981,offscreen_render,23.6439953,startup,27,27,1.77777779,208.496536,95.4618,208.496536,109.999992,95.46179,50,-1.52587891E-05,350,300,160.496552,68.46178,256.496552,122.461769,0,1
985,985,982,offscreen_render,23.66066,startup,27,27,1.77777779,208.592377,95.4618,208.592377,109.999992,95.46179,50,-1.52587891E-05,350,300,160.592377,68.46178,256.592377,122.461769,0,1
986,986,983,offscreen_render,23.6772442,startup,27,27,1.77777779,208.692017,95.4618,208.692017,109.999992,95.46179,50,-1.52587891E-05,350,300,160.692032,68.46178,256.692017,122.461769,0,1
987,987,984,offscreen_render,23.6942654,startup,27,27,1.77777779,208.795731,95.4618,208.795731,109.999992,95.46179,50,-1.52587891E-05,350,300,160.795746,68.46178,256.795746,122.461769,0,1
988,988,985,offscreen_render,23.710537,startup,27,27,1.77777779,208.903549,95.4618,208.903549,109.999992,95.46179,50,-1.52587891E-05,350,300,160.903564,68.46178,256.903564,122.461769,0,1
989,989,986,offscreen_render,23.7272129,startup,27,27,1.77777779,209.015427,95.4618,209.015427,109.999992,95.46179,50,-1.52587891E-05,350,300,161.015442,68.46178,257.015442,122.461769,0,1
990,990,987,offscreen_render,23.83675,startup,27,27,1.77777779,209.513947,95.4618,209.513947,109.999992,95.46179,50,-1.52587891E-05,350,300,161.513947,68.46178,257.513947,122.461769,0,1
991,991,988,offscreen_render,23.9546776,startup,27,27,1.77777779,209.561,95.4618,209.561,109.999992,95.46179,50,-1.52587891E-05,350,300,161.561,68.46178,257.561,122.461769,0,1
992,992,989,offscreen_render,23.9704647,startup,27,27,1.77777779,209.545868,95.4618,209.545868,109.999992,95.46179,50,-1.52587891E-05,350,300,161.545868,68.46178,257.545868,122.461769,0,1
993,993,990,offscreen_render,23.9863453,startup,27,27,1.77777779,209.524353,95.4618,209.524353,109.999992,95.46179,50,-1.52587891E-05,350,300,161.524353,68.46178,257.524353,122.461769,0,1
994,994,991,offscreen_render,24.0032539,startup,27,27,1.77777779,209.494766,95.4618,209.494766,109.999992,95.46179,50,-1.52587891E-05,350,300,161.494766,68.46178,257.494751,122.461769,0,1
995,995,992,offscreen_render,24.0192928,startup,27,27,1.77777779,209.456177,95.4618,209.456177,109.999992,95.46179,50,-1.52587891E-05,350,300,161.456177,68.46178,257.456177,122.461769,0,1
996,996,993,offscreen_render,24.0366955,startup,27,27,1.77777779,209.408188,95.4618,209.408188,109.999992,95.46179,50,-1.52587891E-05,350,300,161.4082,68.46178,257.4082,122.461769,0,1
997,997,994,offscreen_render,24.052784,startup,27,27,1.77777779,209.350815,95.4618,209.350815,109.999992,95.46179,50,-1.52587891E-05,350,300,161.35083,68.46178,257.35083,122.461769,0,1
998,998,995,offscreen_render,24.0696812,startup,27,27,1.77777779,209.2843,95.4618,209.2843,109.999992,95.46179,50,-1.52587891E-05,350,300,161.2843,68.46178,257.2843,122.461769,0,1
999,999,996,offscreen_render,24.08615,startup,27,27,1.77777779,209.209091,95.4618,209.209091,109.999992,95.46179,50,-1.52587891E-05,350,300,161.2091,68.46178,257.2091,122.461769,0,1
1000,1000,997,offscreen_render,24.102766,startup,27,27,1.77777779,209.125748,95.4618,209.125748,109.999992,95.46179,50,-1.52587891E-05,350,300,161.125763,68.46178,257.125763,122.461769,0,1
1001,1001,998,offscreen_render,24.11986,startup,27,27,1.77777779,209.034866,95.4618,209.034866,109.999992,95.46179,50,-1.52587891E-05,350,300,161.034882,68.46178,257.034882,122.461769,0,1
1002,1002,999,offscreen_render,24.1358051,startup,27,27,1.77777779,208.937134,95.4618,208.937134,109.999992,95.46179,50,-1.52587891E-05,350,300,160.937134,68.46178,256.937134,122.461769,0,1
1003,1003,1000,offscreen_render,24.153,startup,27,27,1.77777779,208.833145,95.4618,208.833145,109.999992,95.46179,50,-1.52587891E-05,350,300,160.83316,68.46178,256.83316,122.461769,0,1
1004,1004,1001,offscreen_render,24.2681484,startup,27,27,1.77777779,208.016632,95.4618,208.016632,109.999992,95.46179,50,-1.52587891E-05,350,300,160.016647,68.46178,256.016663,122.461769,0,1
1005,1005,1002,offscreen_render,24.2854786,startup,27,27,1.77777779,207.914291,95.4618,207.914291,109.999992,95.46179,50,-1.52587891E-05,350,300,159.914291,68.46178,255.914291,122.461769,0,1
1006,1006,1003,offscreen_render,24.3012543,startup,27,27,1.77777779,207.814911,95.4618,207.814911,109.999992,95.46179,50,-1.52587891E-05,350,300,159.814911,68.46178,255.814911,122.461769,0,1
1007,1007,1004,offscreen_render,24.3179417,startup,27,27,1.77777779,207.716125,95.4618,207.716125,109.999992,95.46179,50,-1.52587891E-05,350,300,159.716125,68.46178,255.716125,122.461769,0,1
1008,1008,1005,offscreen_render,24.3340721,startup,27,27,1.77777779,207.6163,95.4618,207.6163,109.999992,95.46179,50,-1.52587891E-05,350,300,159.6163,68.46178,255.6163,122.461769,0,1
1009,1009,1006,offscreen_render,24.350708,startup,27,27,1.77777779,207.514313,95.4618,207.514313,109.999992,95.46179,50,-1.52587891E-05,350,300,159.514313,68.46178,255.514313,122.461769,0,1
1010,1010,1007,offscreen_render,24.3674927,startup,27,27,1.77777779,207.40947,95.4618,207.40947,109.999992,95.46179,50,-1.52587891E-05,350,300,159.40947,68.46178,255.40947,122.461769,0,1
1011,1011,1008,offscreen_render,24.3845825,startup,27,27,1.77777779,207.301361,95.4618,207.301361,109.999992,95.46179,50,-1.52587891E-05,350,300,159.301361,68.46178,255.301361,122.461769,0,1
1012,1012,1009,offscreen_render,24.40091,startup,27,27,1.77777779,207.189819,95.4618,207.189819,109.999992,95.46179,50,-1.52587891E-05,350,300,159.189835,68.46178,255.189835,122.461769,0,1
1013,1013,1010,offscreen_render,24.4174385,startup,27,27,1.77777779,207.0748,95.4618,207.0748,109.999992,95.46179,50,-1.52587891E-05,350,300,159.0748,68.46178,255.0748,122.461769,0,1
1014,1014,1011,offscreen_render,24.43431,startup,27,27,1.77777779,206.956375,95.4618,206.956375,109.999992,95.46179,50,-1.52587891E-05,350,300,158.956375,68.46178,254.956375,122.461769,0,1
1015,1015,1012,offscreen_render,24.45077,startup,27,27,1.77777779,206.8347,95.4618,206.8347,109.999992,95.46179,50,-1.52587891E-05,350,300,158.8347,68.46178,254.8347,122.461769,0,1
1016,1016,1013,offscreen_render,24.46753,startup,27,27,1.77777779,206.709976,95.4618,206.709976,109.999992,95.46179,50,-1.52587891E-05,350,300,158.709991,68.46178,254.709991,122.461769,0,1
1017,1017,1014,offscreen_render,24.4842987,startup,27,27,1.77777779,206.582428,95.4618,206.582428,109.999992,95.46179,50,-1.52587891E-05,350,300,158.582428,68.46178,254.582428,122.461769,0,1
1018,1018,1015,offscreen_render,24.5012379,startup,27,27,1.77777779,206.452286,95.4618,206.452286,109.999992,95.46179,50,-1.52587891E-05,350,300,158.452286,68.46178,254.452286,122.461769,0,1
1019,1019,1016,offscreen_render,24.51743,startup,27,27,1.77777779,206.319778,95.4618,206.319778,109.999992,95.46179,50,-1.52587891E-05,350,300,158.3198,68.46178,254.3198,122.461769,0,1
1020,1020,1017,offscreen_render,24.5340729,startup,27,27,1.77777779,206.18515,95.4618,206.18515,109.999992,95.46179,50,-1.52587891E-05,350,300,158.18515,68.46178,254.18515,122.461769,0,1
1021,1021,1018,offscreen_render,24.5509472,startup,27,27,1.77777779,206.0486,95.4618,206.0486,109.999992,95.46179,50,-1.52587891E-05,350,300,158.048615,68.46178,254.048615,122.461769,0,1
1022,1022,1019,offscreen_render,24.5674019,startup,27,27,1.77777779,205.9126,95.4618,205.9126,109.999992,95.46179,50,-1.52587891E-05,350,300,157.9126,68.46178,253.9126,122.461769,0,1
1023,1023,1020,offscreen_render,24.5846825,startup,27,27,1.77777779,205.780838,95.4618,205.780838,109.999992,95.46179,50,-1.52587891E-05,350,300,157.780838,68.46178,253.780838,122.461769,0,1
1024,1024,1021,offscreen_render,24.6007233,startup,27,27,1.77777779,205.655777,95.4618,205.655777,109.999992,95.46179,50,-1.52587891E-05,350,300,157.655777,68.46178,253.655777,122.461769,0,1
1025,1025,1022,offscreen_render,24.617548,startup,27,27,1.77777779,205.5389,95.4618,205.5389,109.999992,95.46179,50,-1.52587891E-05,350,300,157.53891,68.46178,253.53891,122.461769,0,1
1026,1026,1023,offscreen_render,24.634079,startup,27,27,1.77777779,205.431,95.4618,205.431,109.999992,95.46179,50,-1.52587891E-05,350,300,157.431015,68.46178,253.431015,122.461769,0,1
1027,1027,1024,offscreen_render,24.6510963,startup,27,27,1.77777779,205.331451,95.4618,205.331451,109.999992,95.46179,50,-1.52587891E-05,350,300,157.331451,68.46178,253.331451,122.461769,0,1
1028,1028,1025,offscreen_render,24.6676617,startup,27,27,1.77777779,205.242157,95.4618,205.242157,109.999992,95.46179,50,-1.52587891E-05,350,300,157.242157,68.46178,253.242157,122.461769,0,1
1029,1029,1026,offscreen_render,24.6843338,startup,27,27,1.77777779,205.161789,95.4618,205.161789,109.999992,95.46179,50,-1.52587891E-05,350,300,157.1618,68.46178,253.1618,122.461769,0,1
1030,1030,1027,offscreen_render,24.7009125,startup,27,27,1.77777779,205.089874,95.4618,205.089874,109.999992,95.46179,50,-1.52587891E-05,350,300,157.08989,68.46178,253.08989,122.461769,0,1
1031,1031,1028,offscreen_render,24.7178383,startup,27,27,1.77777779,205.025833,95.4618,205.025833,109.999992,95.46179,50,-1.52587891E-05,350,300,157.025848,68.46178,253.025848,122.461769,0,1
1032,1032,1029,offscreen_render,24.7342777,startup,27,27,1.77777779,204.96907,95.4618,204.96907,109.999992,95.46179,50,-1.52587891E-05,350,300,156.969086,68.46178,252.969086,122.461769,0,1
1033,1033,1030,offscreen_render,24.7509861,startup,27,27,1.77777779,204.918961,95.4618,204.918961,109.999992,95.46179,50,-1.52587891E-05,350,300,156.918961,68.46178,252.918961,122.461769,0,1
1034,1034,1031,offscreen_render,24.76777,startup,27,27,1.77777779,204.874863,95.4618,204.874863,109.999992,95.46179,50,-1.52587891E-05,350,300,156.874878,68.46178,252.874878,122.461769,0,1
1035,1035,1032,offscreen_render,24.7843876,startup,27,27,1.77777779,204.836182,95.4618,204.836182,109.999992,95.46179,50,-1.52587891E-05,350,300,156.8362,68.46178,252.8362,122.461769,0,1
1036,1036,1033,offscreen_render,24.80113,startup,27,27,1.77777779,204.802338,95.4618,204.802338,109.999992,95.46179,50,-1.52587891E-05,350,300,156.802338,68.46178,252.802338,122.461769,0,1
1037,1037,1034,offscreen_render,24.8177,startup,27,27,1.77777779,204.772812,95.4618,204.772812,109.999992,95.46179,50,-1.52587891E-05,350,300,156.772827,68.46178,252.772827,122.461769,0,1
1038,1038,1035,offscreen_render,24.8347168,startup,27,27,1.77777779,204.7471,95.4618,204.7471,109.999992,95.46179,50,-1.52587891E-05,350,300,156.747116,68.46178,252.747116,122.461769,0,1
1039,1039,1036,offscreen_render,24.8509464,startup,27,27,1.77777779,204.724762,95.4618,204.724762,109.999992,95.46179,50,-1.52587891E-05,350,300,156.724777,68.46178,252.724777,122.461769,0,1
1040,1040,1037,offscreen_render,24.8675671,startup,27,27,1.77777779,204.705383,95.4618,204.705383,109.999992,95.46179,50,-1.52587891E-05,350,300,156.705383,68.46178,252.705383,122.461769,0,1
1041,1041,1038,offscreen_render,24.88438,startup,27,27,1.77777779,204.688614,95.4618,204.688614,109.999992,95.46179,50,-1.52587891E-05,350,300,156.688614,68.46178,252.688614,122.461769,0,1
1042,1042,1039,offscreen_render,24.90114,startup,27,27,1.77777779,204.674118,95.4618,204.674118,109.999992,95.46179,50,-1.52587891E-05,350,300,156.674133,68.46178,252.674133,122.461769,0,1
1043,1043,1040,offscreen_render,24.917593,startup,27,27,1.77777779,204.6616,95.4618,204.6616,109.999992,95.46179,50,-1.52587891E-05,350,300,156.6616,68.46178,252.6616,122.461769,0,1
1044,1044,1041,offscreen_render,24.9342976,startup,27,27,1.77777779,204.650818,95.4618,204.650818,109.999992,95.46179,50,-1.52587891E-05,350,300,156.650818,68.46178,252.650818,122.461769,0,1
1045,1045,1042,offscreen_render,24.950882,startup,27,27,1.77777779,204.641541,95.4618,204.641541,109.999992,95.46179,50,-1.52587891E-05,350,300,156.641556,68.46178,252.641556,122.461769,0,1
1046,1046,1043,offscreen_render,24.9677181,startup,27,27,1.77777779,204.63356,95.4618,204.63356,109.999992,95.46179,50,-1.52587891E-05,350,300,156.633575,68.46178,252.633575,122.461769,0,1
1047,1047,1044,offscreen_render,24.9841919,startup,27,27,1.77777779,204.626709,95.4618,204.626709,109.999992,95.46179,50,-1.52587891E-05,350,300,156.626724,68.46178,252.626724,122.461769,0,1
1048,1048,1045,offscreen_render,25.001194,startup,27,27,1.77777779,204.620834,95.4618,204.620834,109.999992,95.46179,50,-1.52587891E-05,350,300,156.62085,68.46178,252.62085,122.461769,0,1
1049,1049,1046,offscreen_render,25.01755,startup,27,27,1.77777779,204.6158,95.4618,204.6158,109.999992,95.46179,50,-1.52587891E-05,350,300,156.615814,68.46178,252.615814,122.461769,0,1
1050,1050,1047,offscreen_render,25.0343723,startup,27,27,1.77777779,204.611481,95.4618,204.611481,109.999992,95.46179,50,-1.52587891E-05,350,300,156.611481,68.46178,252.611481,122.461769,0,1
1051,1051,1048,offscreen_render,25.0508537,startup,27,27,1.77777779,204.607788,95.4618,204.607788,109.999992,95.46179,50,-1.52587891E-05,350,300,156.607788,68.46178,252.607788,122.461769,0,1
1052,1052,1049,offscreen_render,25.0678673,startup,27,27,1.77777779,204.60463,95.4618,204.60463,109.999992,95.46179,50,-1.52587891E-05,350,300,156.604645,68.46178,252.604645,122.461769,0,1
1053,1053,1050,offscreen_render,25.0842285,startup,27,27,1.77777779,204.601929,95.4618,204.601929,109.999992,95.46179,50,-1.52587891E-05,350,300,156.601929,68.46178,252.601929,122.461769,0,1
1054,1054,1051,offscreen_render,25.10093,startup,27,27,1.77777779,204.599625,95.4618,204.599625,109.999992,95.46179,50,-1.52587891E-05,350,300,156.599625,68.46178,252.599625,122.461769,0,1
1055,1055,1052,offscreen_render,25.11751,startup,27,27,1.77777779,204.597656,95.4618,204.597656,109.999992,95.46179,50,-1.52587891E-05,350,300,156.597656,68.46178,252.597656,122.461769,0,1
1056,1056,1053,offscreen_render,25.13431,startup,27,27,1.77777779,204.595978,95.4618,204.595978,109.999992,95.46179,50,-1.52587891E-05,350,300,156.595978,68.46178,252.595978,122.461769,0,1
1057,1057,1054,offscreen_render,25.1509323,startup,27,27,1.77777779,204.594559,95.4618,204.594559,109.999992,95.46179,50,-1.52587891E-05,350,300,156.594574,68.46178,252.594574,122.461769,0,1
1058,1058,1055,offscreen_render,25.16784,startup,27,27,1.77777779,204.593353,95.4618,204.593353,109.999992,95.46179,50,-1.52587891E-05,350,300,156.593353,68.46178,252.593353,122.461769,0,1
1059,1059,1056,offscreen_render,25.2742214,startup,27,27,1.77777779,204.588943,95.4618,204.588943,109.999992,95.46179,50,-1.52587891E-05,350,300,156.588959,68.46178,252.588959,122.461769,0,1
1060,1060,1057,offscreen_render,25.2911949,startup,27,27,1.77777779,204.588577,95.4618,204.588577,109.999992,95.46179,50,-1.52587891E-05,350,300,156.5886,68.46178,252.5886,122.461769,0,1
1061,1061,1058,offscreen_render,25.3079224,startup,27,27,1.77777779,204.588272,95.4618,204.588272,109.999992,95.46179,50,-1.52587891E-05,350,300,156.588272,68.46178,252.588272,122.461769,0,1
1062,1062,1059,offscreen_render,25.323595,startup,27,27,1.77777779,204.588013,95.4618,204.588013,109.999992,95.46179,50,-1.52587891E-05,350,300,156.588013,68.46178,252.588013,122.461769,0,1
1063,1063,1060,offscreen_render,25.3400059,startup,27,27,1.77777779,204.587784,95.4618,204.587784,109.999992,95.46179,50,-1.52587891E-05,350,300,156.5878,68.46178,252.5878,122.461769,0,1
1064,1064,1061,offscreen_render,25.3566647,startup,27,27,1.77777779,204.5876,95.4618,204.5876,109.999992,95.46179,50,-1.52587891E-05,350,300,156.587616,68.46178,252.587616,122.461769,0,1
1065,1065,1062,offscreen_render,25.37391,startup,27,27,1.77777779,204.587433,95.4618,204.587433,109.999992,95.46179,50,-1.52587891E-05,350,300,156.587448,68.46178,252.587448,122.461769,0,1
1066,1066,1063,offscreen_render,25.390419,startup,27,27,1.77777779,204.5873,95.4618,204.5873,109.999992,95.46179,50,-1.52587891E-05,350,300,156.587311,68.46178,252.587311,122.461769,0,1
1067,1067,1064,offscreen_render,25.4068623,startup,27,27,1.77777779,204.587173,95.4618,204.587173,109.999992,95.46179,50,-1.52587891E-05,350,300,156.587173,68.46178,252.587173,122.461769,0,1
1068,1068,1065,offscreen_render,25.4236069,startup,27,27,1.77777779,204.587082,95.4618,204.587082,109.999992,95.46179,50,-1.52587891E-05,350,300,156.587082,68.46178,252.587082,122.461769,0,1
1069,1069,1066,offscreen_render,25.4401054,startup,27,27,1.77777779,204.587,95.4618,204.587,109.999992,95.46179,50,-1.52587891E-05,350,300,156.587,68.46178,252.587,122.461769,0,1
1070,1070,1067,offscreen_render,25.457119,startup,27,27,1.77777779,204.586929,95.4618,204.586929,109.999992,95.46179,50,-1.52587891E-05,350,300,156.586945,68.46178,252.586945,122.461769,0,1
1071,1071,1068,offscreen_render,25.4734783,startup,27,27,1.77777779,204.586868,95.4618,204.586868,109.999992,95.46179,50,-1.52587891E-05,350,300,156.586884,68.46178,252.586884,122.461769,0,1
1072,1072,1069,offscreen_render,25.4900932,startup,27,27,1.77777779,204.586823,95.4618,204.586823,109.999992,95.46179,50,-1.52587891E-05,350,300,156.586823,68.46178,252.586823,122.461769,0,1
1073,1073,1070,offscreen_render,25.50717,startup,27,27,1.77777779,204.586777,95.4618,204.586777,109.999992,95.46179,50,-1.52587891E-05,350,300,156.586792,68.46178,252.586792,122.461769,0,1
1074,1074,1071,offscreen_render,25.5233612,startup,27,27,1.77777779,204.586746,95.4618,204.586746,109.999992,95.46179,50,-1.52587891E-05,350,300,156.586761,68.46178,252.586761,122.461769,0,1
1075,1075,1072,offscreen_render,25.5401859,startup,27,27,1.77777779,204.586716,95.4618,204.586716,109.999992,95.46179,50,-1.52587891E-05,350,300,156.586716,68.46178,252.586716,122.461769,0,1
1076,1076,1073,offscreen_render,25.5570126,startup,27,27,1.77777779,204.586685,95.4618,204.586685,109.999992,95.46179,50,-1.52587891E-05,350,300,156.5867,68.46178,252.5867,122.461769,0,1
1077,1077,1074,offscreen_render,25.5733681,startup,27,27,1.77777779,204.58667,95.4618,204.58667,109.999992,95.46179,50,-1.52587891E-05,350,300,156.58667,68.46178,252.58667,122.461769,0,1
1078,1078,1075,offscreen_render,25.5901165,startup,27,27,1.77777779,204.586655,95.4618,204.586655,109.999992,95.46179,50,-1.52587891E-05,350,300,156.58667,68.46178,252.58667,122.461769,0,1
1079,1079,1076,offscreen_render,25.6070042,startup,27,27,1.77777779,204.586639,95.4618,204.586639,109.999992,95.46179,50,-1.52587891E-05,350,300,156.586639,68.46178,252.586639,122.461769,0,1
1080,1080,1077,offscreen_render,25.6238956,startup,27,27,1.77777779,204.586624,95.4618,204.586624,109.999992,95.46179,50,-1.52587891E-05,350,300,156.586624,68.46178,252.586624,122.461769,0,1
1081,1081,1078,offscreen_render,25.64024,startup,27,27,1.77777779,204.586609,95.4618,204.586609,109.999992,95.46179,50,-1.52587891E-05,350,300,156.586624,68.46178,252.586624,122.461769,0,1
1082,1082,1079,offscreen_render,25.6571789,startup,27,27,1.77777779,204.5866,95.4618,204.5866,109.999992,95.46179,50,-1.52587891E-05,350,300,156.586609,68.46178,252.586609,122.461769,0,1
1083,1083,1080,offscreen_render,25.6734982,startup,27,27,1.77777779,204.586578,95.4618,204.586578,109.999992,95.46179,50,-1.52587891E-05,350,300,156.586578,68.46178,252.586578,122.461769,0,1
1084,1084,1081,offscreen_render,25.69029,startup,27,27,1.77777779,204.586578,95.4618,204.586578,109.999992,95.46179,50,-1.52587891E-05,350,300,156.586578,68.46178,252.586578,122.461769,0,1
1085,1085,1082,offscreen_render,25.7070446,startup,27,27,1.77777779,204.586578,95.4618,204.586578,109.999992,95.46179,50,-1.52587891E-05,350,300,156.586578,68.46178,252.586578,122.461769,0,1
1086,1086,1083,offscreen_render,25.723711,startup,27,27,1.77777779,204.586578,95.4618,204.586578,109.999992,95.46179,50,-1.52587891E-05,350,300,156.586578,68.46178,252.586578,122.461769,0,1
1087,1087,1084,offscreen_render,25.7404251,startup,27,27,1.77777779,204.586578,95.4618,204.586578,109.999992,95.46179,50,-1.52587891E-05,350,300,156.586578,68.46178,252.586578,122.461769,0,1
1088,1088,1085,offscreen_render,25.7567024,startup,27,27,1.77777779,204.586578,95.4618,204.586578,109.999992,95.46179,50,-1.52587891E-05,350,300,156.586578,68.46178,252.586578,122.461769,0,1
1089,1089,1086,offscreen_render,25.7735653,startup,27,27,1.77777779,204.586578,95.4618,204.586578,109.999992,95.46179,50,-1.52587891E-05,350,300,156.586578,68.46178,252.586578,122.461769,0,1
1090,1090,1087,offscreen_render,25.790102,startup,27,27,1.77777779,204.586578,95.4618,204.586578,109.999992,95.46179,50,-1.52587891E-05,350,300,156.586578,68.46178,252.586578,122.461769,0,1
1091,1091,1088,offscreen_render,25.806715,startup,27,27,1.77777779,204.586578,95.4618,204.586578,109.999992,95.46179,50,-1.52587891E-05,350,300,156.586578,68.46178,252.586578,122.461769,0,1
1092,1092,1089,offscreen_render,25.8236427,startup,27,27,1.77777779,204.586578,95.4618,204.586578,109.999992,95.46179,50,-1.52587891E-05,350,300,156.586578,68.46178,252.586578,122.461769,0,1
1093,1093,1090,offscreen_render,25.84041,startup,27,27,1.77777779,204.586578,95.4618,204.586578,109.999992,95.46179,50,-1.52587891E-05,350,300,156.586578,68.46178,252.586578,122.461769,0,1
1094,1094,1091,offscreen_render,25.8568935,startup,27,27,1.77777779,204.586578,95.4618,204.586578,109.999992,95.46179,50,-1.52587891E-05,350,300,156.586578,68.46178,252.586578,122.461769,0,1
1095,1095,1092,offscreen_render,25.873682,startup,27,27,1.77777779,204.586578,95.4618,204.586578,109.999992,95.46179,50,-1.52587891E-05,350,300,156.586578,68.46178,252.586578,122.461769,0,1
1096,1096,1093,offscreen_render,25.8900986,startup,27,27,1.77777779,204.586578,95.4618,204.586578,109.999992,95.46179,50,-1.52587891E-05,350,300,156.586578,68.46178,252.586578,122.461769,0,1
1097,1097,1094,offscreen_render,25.9068565,startup,27,27,1.77777779,204.586578,95.4618,204.586578,109.999992,95.46179,50,-1.52587891E-05,350,300,156.586578,68.46178,252.586578,122.461769,0,1
1098,1098,1095,offscreen_render,25.9237766,startup,27,27,1.77777779,204.586578,95.4618,204.586578,109.999992,95.46179,50,-1.52587891E-05,350,300,156.586578,68.46178,252.586578,122.461769,0,1
1099,1099,1096,offscreen_render,25.9404182,startup,27,27,1.77777779,204.586578,95.4618,204.586578,109.999992,95.46179,50,-1.52587891E-05,350,300,156.586578,68.46178,252.586578,122.461769,0,1
1100,1100,1097,offscreen_render,25.95719,startup,27,27,1.77777779,204.586578,95.4618,204.586578,109.999992,95.46179,50,-1.52587891E-05,350,300,156.586578,68.46178,252.586578,122.461769,0,1
1101,1101,1098,offscreen_render,25.9740143,startup,27,27,1.77777779,204.586578,95.4618,204.586578,109.999992,95.46179,50,-1.52587891E-05,350,300,156.586578,68.46178,252.586578,122.461769,0,1
1102,1102,1099,offscreen_render,26.08056,startup,27,27,1.77777779,204.707947,95.5427246,204.707947,109.999992,95.54272,50,-1.52587891E-05,350,300,156.707947,68.5426941,252.707947,122.542686,0,1
1103,1103,1100,offscreen_render,26.0972214,startup,27,27,1.77777779,204.730774,95.5602951,204.730774,109.999992,95.56029,50,-1.52587891E-05,350,300,156.730774,68.56027,252.730774,122.560265,0,1
1104,1104,1101,offscreen_render,26.1141663,startup,27,27,1.77777779,204.74733,95.57974,204.74733,109.999992,95.5797348,50,-1.52587891E-05,350,300,156.747345,68.57972,252.747345,122.579712,0,1
1105,1105,1102,offscreen_render,26.1294956,startup,27,27,1.77777779,204.75528,95.6019,204.75528,109.999992,95.60189,50,-1.52587891E-05,350,300,156.75528,68.6018753,252.75528,122.601868,0,1
1106,1106,1103,offscreen_render,26.14647,startup,27,27,1.77777779,204.75325,95.6272659,204.75325,109.999992,95.62726,50,-1.52587891E-05,350,300,156.75325,68.6272354,252.75325,122.627228,0,1
1107,1107,1104,offscreen_render,26.162796,startup,27,27,1.77777779,204.7406,95.6561,204.7406,109.999992,95.65609,50,-1.52587891E-05,350,300,156.740616,68.6560745,252.740616,122.656067,0,1
1108,1108,1105,offscreen_render,26.18014,startup,27,27,1.77777779,204.717178,95.68847,204.717178,109.999992,95.68846,50,-1.52587891E-05,350,300,156.717178,68.688446,252.717178,122.688438,0,1
1109,1109,1106,offscreen_render,26.1962776,startup,27,27,1.77777779,204.686935,95.7219238,204.686935,109.999992,95.72192,50,-1.52587891E-05,350,300,156.686951,68.7219,252.686951,122.721893,0,1
1110,1110,1107,offscreen_render,26.2129936,startup,27,27,1.77777779,204.656219,95.75255,204.656219,109.999992,95.75254,50,-1.52587891E-05,350,300,156.656219,68.7525253,252.656219,122.752518,0,1
1111,1111,1108,offscreen_render,26.2295837,startup,27,27,1.77777779,204.62944,95.7777252,204.62944,109.999992,95.77772,50,-1.52587891E-05,350,300,156.629456,68.7776947,252.629456,122.777687,0,1
1112,1112,1109,offscreen_render,26.2458439,startup,27,27,1.77777779,204.6095,95.795784,204.6095,109.999992,95.79578,50,-1.52587891E-05,350,300,156.609512,68.79576,252.609512,122.795753,0,1
1113,1113,1110,offscreen_render,26.2628632,startup,27,27,1.77777779,204.598236,95.80579,204.598236,109.999992,95.8057861,50,-1.52587891E-05,350,300,156.598251,68.80577,252.598251,122.805763,0,1
1114,1114,1111,offscreen_render,26.2800064,startup,27,27,1.77777779,204.596664,95.80733,204.596664,109.999992,95.80732,50,-1.52587891E-05,350,300,156.59668,68.8073044,252.59668,122.8073,0,1
1115,1115,1112,offscreen_render,26.296133,startup,27,27,1.77777779,204.601563,95.80051,204.601563,109.999992,95.8005,50,-1.52587891E-05,350,300,156.601563,68.8004761,252.601563,122.800468,0,1
1116,1116,1113,offscreen_render,26.31286,startup,27,27,1.77777779,204.607178,95.78579,204.607178,109.999992,95.78578,50,-1.52587891E-05,350,300,156.607178,68.78577,252.607178,122.785759,0,1
1117,1117,1114,offscreen_render,26.3295879,startup,27,27,1.77777779,204.609543,95.76373,204.609543,109.999992,95.7637253,50,-1.52587891E-05,350,300,156.609558,68.76371,252.609558,122.7637,0,1
1118,1118,1115,offscreen_render,26.34607,startup,27,27,1.77777779,204.606,95.73492,204.606,109.999992,95.73491,50,-1.52587891E-05,350,300,156.606018,68.7348862,252.606018,122.734879,0,1
1119,1119,1116,offscreen_render,26.3631649,startup,27,27,1.77777779,204.594879,95.69994,204.594879,109.999992,95.6999359,50,-1.52587891E-05,350,300,156.594879,68.69991,252.594879,122.699905,0,1
1120,1120,1117,offscreen_render,26.3805161,startup,27,27,1.77777779,204.575226,95.6594,204.575226,109.999992,95.65939,50,-1.52587891E-05,350,300,156.575226,68.65937,252.575226,122.659363,0,1
1121,1121,1118,offscreen_render,26.3962574,startup,27,27,1.77777779,204.550766,95.61526,204.550766,109.999992,95.61525,50,-1.52587891E-05,350,300,156.550781,68.6152344,252.550781,122.615227,0,1
1122,1122,1119,offscreen_render,26.4131641,startup,27,27,1.77777779,204.527954,95.57024,204.527954,109.999992,95.57023,50,-1.52587891E-05,350,300,156.527954,68.57021,252.527954,122.570206,0,1
1123,1123,1120,offscreen_render,26.4298134,startup,27,27,1.77777779,204.511185,95.52625,204.511185,109.999992,95.5262451,50,-1.52587891E-05,350,300,156.511185,68.52623,252.511185,122.526222,0,1
1124,1124,1121,offscreen_render,26.4462433,startup,27,27,1.77777779,204.503326,95.4846,204.503326,109.999992,95.48459,50,-1.52587891E-05,350,300,156.503326,68.4845657,252.503326,122.484558,0,1
1125,1125,1122,offscreen_render,26.4629021,startup,27,27,1.77777779,204.5061,95.44609,204.5061,109.999992,95.44608,50,-1.52587891E-05,350,300,156.5061,68.44607,252.5061,122.44606,0,1
1126,1126,1123,offscreen_render,26.4800854,startup,27,27,1.77777779,204.520416,95.41122,204.520416,109.999992,95.41121,50,-1.52587891E-05,350,300,156.520432,68.4111938,252.520432,122.411186,0,1
1127,1127,1124,offscreen_render,26.4960289,startup,27,27,1.77777779,204.5441,95.38225,204.5441,109.999992,95.38224,50,-1.52587891E-05,350,300,156.5441,68.382225,252.5441,122.382217,0,1
1128,1128,1125,offscreen_render,26.5130711,startup,27,27,1.77777779,204.573166,95.3624344,204.573166,109.999992,95.36243,50,-1.52587891E-05,350,300,156.573166,68.36241,252.573166,122.362404,0,1
1129,1129,1126,offscreen_render,26.5294476,startup,27,27,1.77777779,204.604691,95.35377,204.604691,109.999992,95.35376,50,-1.52587891E-05,350,300,156.6047,68.3537445,252.6047,122.353737,0,1
1130,1130,1127,offscreen_render,26.5462666,startup,27,27,1.77777779,204.6366,95.35731,204.6366,109.999992,95.3573,50,-1.52587891E-05,350,300,156.636612,68.3572845,252.636612,122.357277,0,1
1131,1131,1128,offscreen_render,26.5630283,startup,27,27,1.77777779,204.66745,95.373436,204.66745,109.999992,95.37343,50,-1.52587891E-05,350,300,156.667465,68.37341,252.667465,122.373405,0,1
1132,1132,1129,offscreen_render,26.5791645,startup,27,27,1.77777779,204.696259,95.40205,204.696259,109.999992,95.40204,50,-1.52587891E-05,350,300,156.696259,68.40202,252.696259,122.402016,0,1
1133,1133,1130,offscreen_render,26.5964355,startup,27,27,1.77777779,204.722412,95.4427261,204.722412,109.999992,95.44272,50,-1.52587891E-05,350,300,156.722412,68.4427,252.722412,122.442696,0,1
1134,1134,1131,offscreen_render,26.6127148,startup,27,27,1.77777779,204.743591,95.49223,204.743591,109.999992,95.4922256,50,-1.52587891E-05,350,300,156.743591,68.49221,252.743591,122.4922,0,1
1135,1135,1132,offscreen_render,26.6298962,startup,27,27,1.77777779,204.7565,95.5457,204.7565,109.999992,95.54569,50,-1.52587891E-05,350,300,156.7565,68.54568,252.7565,122.54567,0,1
1136,1136,1133,offscreen_render,26.64612,startup,27,27,1.77777779,204.759125,95.59965,204.759125,109.999992,95.59964,50,-1.52587891E-05,350,300,156.759125,68.5996246,252.759125,122.599617,0,1
1137,1137,1134,offscreen_render,26.662899,startup,27,27,1.77777779,204.750351,95.6516647,204.750351,109.999992,95.65166,50,-1.52587891E-05,350,300,156.750366,68.65164,252.750366,122.651634,0,1
1138,1138,1135,offscreen_render,26.6795654,startup,27,27,1.77777779,204.729752,95.70014,204.729752,109.999992,95.7001343,50,-1.52587891E-05,350,300,156.729767,68.70012,252.729767,122.700111,0,1
1139,1139,1136,offscreen_render,26.6969681,startup,27,27,1.77777779,204.697342,95.7440643,204.697342,109.999992,95.74406,50,-1.52587891E-05,350,300,156.697357,68.74403,252.697357,122.744026,0,1
1140,1140,1137,offscreen_render,26.7130337,startup,27,27,1.77777779,204.65596,95.78102,204.65596,109.999992,95.78101,50,-1.52587891E-05,350,300,156.655975,68.78099,252.655975,122.780983,0,1
1141,1141,1138,offscreen_render,26.7292824,startup,27,27,1.77777779,204.610092,95.80786,204.610092,109.999992,95.80785,50,-1.52587891E-05,350,300,156.6101,68.80784,252.6101,122.807831,0,1
1142,1142,1139,offscreen_render,26.7461567,startup,27,27,1.77777779,204.562958,95.82271,204.562958,109.999992,95.8227,50,-1.52587891E-05,350,300,156.562958,68.8226852,252.562958,122.822678,0,1
1143,1143,1140,offscreen_render,26.7631035,startup,27,27,1.77777779,204.5168,95.8246,204.5168,109.999992,95.82459,50,-1.52587891E-05,350,300,156.516815,68.82458,252.516815,122.82457,0,1
1144,1144,1141,offscreen_render,26.7796841,startup,27,27,1.77777779,204.47316,95.81325,204.47316,109.999992,95.81324,50,-1.52587891E-05,350,300,156.473175,68.8132248,252.473175,122.813217,0,1
1145,1145,1142,offscreen_render,26.7960873,startup,27,27,1.77777779,204.433029,95.788826,204.433029,109.999992,95.78882,50,-1.52587891E-05,350,300,156.433044,68.7888,252.433044,122.788795,0,1
1146,1146,1143,offscreen_render,26.906086,startup,27,27,1.77777779,204.274734,95.36605,204.274734,109.999992,95.36604,50,-1.52587891E-05,350,300,156.27475,68.36603,252.27475,122.36602,0,1
1147,1147,1144,offscreen_render,26.9244156,startup,27,27,1.77777779,204.261948,95.29563,204.261948,109.999992,95.29562,50,-1.52587891E-05,350,300,156.261963,68.29561,252.261963,122.2956,0,1
1148,1148,1145,offscreen_render,26.9387989,startup,27,27,1.77777779,204.251755,95.22394,204.251755,109.999992,95.22393,50,-1.52587891E-05,350,300,156.25177,68.2239151,252.25177,122.223907,0,1
1149,1149,1146,offscreen_render,26.9556274,startup,27,27,1.77777779,204.244049,95.14744,204.244049,109.999992,95.14743,50,-1.52587891E-05,350,300,156.244049,68.1474152,252.244049,122.147408,0,1
1150,1150,1147,offscreen_render,26.9724751,startup,27,27,1.77777779,204.239075,95.06829,204.239075,109.999992,95.06828,50,-1.52587891E-05,350,300,156.23909,68.06827,252.23909,122.06826,0,1
1151,1151,1148,offscreen_render,26.9892883,startup,27,27,1.77777779,204.236511,94.98422,204.236511,109.999992,94.9842148,50,-1.52587891E-05,350,300,156.236526,67.9842,252.236526,121.984192,0,1
1152,1152,1149,offscreen_render,27.005661,startup,27,27,1.77777779,204.2362,94.8949051,204.2362,109.999992,94.8949,50,-1.52587891E-05,350,300,156.2362,67.89488,252.2362,121.894875,0,1
1153,1153,1150,offscreen_render,27.0228519,startup,27,27,1.77777779,204.238,94.80027,204.238,109.999992,94.80026,50,-1.52587891E-05,350,300,156.238,67.80025,252.238,121.80024,0,1
1154,1154,1151,offscreen_render,27.03978,startup,27,27,1.77777779,204.241714,94.70041,204.241714,109.999992,94.7004,50,-1.52587891E-05,350,300,156.24173,67.700386,252.24173,121.700378,0,1
1155,1155,1152,offscreen_render,27.0560989,startup,27,27,1.77777779,204.247162,94.5955353,204.247162,109.999992,94.59553,50,-1.52587891E-05,350,300,156.247162,67.59551,252.247162,121.595505,0,1
1156,1156,1153,offscreen_render,27.07277,startup,27,27,1.77777779,204.254181,94.48596,204.254181,109.999992,94.4859543,50,-1.52587891E-05,350,300,156.2542,67.48594,252.2542,121.485931,0,1
1157,1157,1154,offscreen_render,27.08912,startup,27,27,1.77777779,204.2626,94.372,204.2626,109.999992,94.371994,50,-1.52587891E-05,350,300,156.262619,67.37198,252.262619,121.371971,0,1
1158,1158,1155,offscreen_render,27.1057072,startup,27,27,1.77777779,204.272278,94.2540359,204.272278,109.999992,94.25403,50,-1.52587891E-05,350,300,156.272278,67.25401,252.272278,121.254005,0,1
1159,1159,1156,offscreen_render,27.1224537,startup,27,27,1.77777779,204.283066,94.13241,204.283066,109.999992,94.1324,50,-1.52587891E-05,350,300,156.283081,67.1323853,252.283081,121.132378,0,1
1160,1160,1157,offscreen_render,27.1390362,startup,27,27,1.77777779,204.294846,94.00748,204.294846,109.999992,94.00747,50,-1.52587891E-05,350,300,156.294846,67.0074539,252.294846,121.007446,0,1
1161,1161,1158,offscreen_render,27.1556187,startup,27,27,1.77777779,204.30748,93.87958,204.30748,109.999992,93.87957,50,-1.52587891E-05,350,300,156.30748,66.87955,252.30748,120.879539,0,1
1162,1162,1159,offscreen_render,27.2737026,startup,27,27,1.77777779,204.409561,92.9498,204.409561,109.999992,92.94979,50,-1.52587891E-05,350,300,156.409561,65.9497757,252.409561,119.949768,0,1
1163,1163,1160,offscreen_render,27.2910366,startup,27,27,1.77777779,204.422043,92.8409958,204.422043,109.999992,92.84099,50,-1.52587891E-05,350,300,156.422058,65.8409653,252.422058,119.840958,0,1
1164,1164,1161,offscreen_render,27.3073521,startup,27,27,1.77777779,204.434158,92.73628,204.434158,109.999992,92.7362747,50,-1.52587891E-05,350,300,156.434174,65.73626,252.434174,119.736252,0,1
1165,1165,1162,offscreen_render,27.3232441,startup,27,27,1.77777779,204.445923,92.63534,204.445923,109.999992,92.63533,50,-1.52587891E-05,350,300,156.445923,65.6353149,252.445923,119.635307,0,1
1166,1166,1163,offscreen_render,27.3396778,startup,27,27,1.77777779,204.4571,92.5398941,204.4571,109.999992,92.53989,50,-1.52587891E-05,350,300,156.457123,65.53987,252.457123,119.539864,0,1
1167,1167,1164,offscreen_render,27.3567657,startup,27,27,1.77777779,204.467575,92.4509354,204.467575,109.999992,92.45093,50,-1.52587891E-05,350,300,156.46759,65.45091,252.46759,119.450905,0,1
1168,1168,1165,offscreen_render,27.3733425,startup,27,27,1.77777779,204.477234,92.36905,204.477234,109.999992,92.36904,50,-1.52587891E-05,350,300,156.477234,65.3690262,252.477234,119.369019,0,1
1169,1169,1166,offscreen_render,27.3901577,startup,27,27,1.77777779,204.486084,92.29434,204.486084,109.999992,92.2943344,50,-1.52587891E-05,350,300,156.4861,65.29432,252.4861,119.294312,0,1
1170,1170,1167,offscreen_render,27.40697,startup,27,27,1.77777779,204.49411,92.22674,204.49411,109.999992,92.22673,50,-1.52587891E-05,350,300,156.49411,65.2267151,252.49411,119.226707,0,1
1171,1171,1168,offscreen_render,27.423439,startup,27,27,1.77777779,204.501328,92.16596,204.501328,109.999992,92.1659546,50,-1.52587891E-05,350,300,156.501343,65.16594,252.501343,119.165932,0,1
1172,1172,1169,offscreen_render,27.439743,startup,27,27,1.77777779,204.5078,92.11164,204.5078,109.999992,92.11163,50,-1.52587891E-05,350,300,156.5078,65.11162,252.5078,119.11161,0,1
1173,1173,1170,offscreen_render,27.45661,startup,27,27,1.77777779,204.513565,92.063324,204.513565,109.999992,92.06332,50,-1.52587891E-05,350,300,156.513565,65.0633,252.513565,119.063293,0,1
1174,1174,1171,offscreen_render,27.4734383,startup,27,27,1.77777779,204.518677,92.02053,204.518677,109.999992,92.02052,50,-1.52587891E-05,350,300,156.518692,65.02051,252.518692,119.0205,0,1
1175,1175,1172,offscreen_render,27.4902534,startup,27,27,1.77777779,204.5232,91.98278,204.5232,109.999992,91.98277,50,-1.52587891E-05,350,300,156.5232,64.98276,252.5232,118.98275,0,1
1176,1176,1173,offscreen_render,27.506485,startup,27,27,1.77777779,204.527161,91.949585,204.527161,109.999992,91.94958,50,-1.52587891E-05,350,300,156.527161,64.94956,252.527161,118.949554,0,1
1177,1177,1174,offscreen_render,27.5236874,startup,27,27,1.77777779,204.53067,91.92034,204.53067,109.999992,91.9203339,50,-1.52587891E-05,350,300,156.530685,64.92032,252.530685,118.920311,0,1
1178,1178,1175,offscreen_render,27.5400944,startup,27,27,1.77777779,204.533722,91.89491,204.533722,109.999992,91.8949051,50,-1.52587891E-05,350,300,156.533722,64.89489,252.533722,118.894882,0,1
1179,1179,1176,offscreen_render,27.55659,startup,27,27,1.77777779,204.536377,91.8727341,204.536377,109.999992,91.87273,50,-1.52587891E-05,350,300,156.536377,64.87271,252.536377,118.8727,0,1
1180,1180,1177,offscreen_render,27.5731239,startup,27,27,1.77777779,204.5387,91.85343,204.5387,109.999992,91.8534241,50,-1.52587891E-05,350,300,156.5387,64.85341,252.5387,118.8534,0,1
1181,1181,1178,offscreen_render,27.5902252,startup,27,27,1.77777779,204.54071,91.83667,204.54071,109.999992,91.83666,50,-1.52587891E-05,350,300,156.54071,64.83665,252.54071,118.836639,0,1
1182,1182,1179,offscreen_render,27.6064281,startup,27,27,1.77777779,204.54245,91.82214,204.54245,109.999992,91.8221359,50,-1.52587891E-05,350,300,156.54245,64.82212,252.54245,118.822113,0,1
1183,1183,1180,offscreen_render,27.6233139,startup,27,27,1.77777779,204.543961,91.80957,204.543961,109.999992,91.80956,50,-1.52587891E-05,350,300,156.543961,64.80955,252.543961,118.80954,0,1
1184,1184,1181,offscreen_render,27.6404,startup,27,27,1.77777779,204.545273,91.7987061,204.545273,109.999992,91.7987,50,-1.52587891E-05,350,300,156.545288,64.79868,252.545288,118.798676,0,1
1185,1185,1182,offscreen_render,27.6569118,startup,27,27,1.77777779,204.5464,91.78933,204.5464,109.999992,91.78932,50,-1.52587891E-05,350,300,156.546417,64.78931,252.546417,118.7893,0,1
1186,1186,1183,offscreen_render,27.6734562,startup,27,27,1.77777779,204.547379,91.78125,204.547379,109.999992,91.78124,50,-1.52587891E-05,350,300,156.5474,64.78123,252.5474,118.781219,0,1
1187,1187,1184,offscreen_render,27.690052,startup,27,27,1.77777779,204.548218,91.7743,204.548218,109.999992,91.77429,50,-1.52587891E-05,350,300,156.548218,64.77428,252.548218,118.774269,0,1
1188,1188,1185,offscreen_render,27.7068062,startup,27,27,1.77777779,204.548935,91.7683258,204.548935,109.999992,91.76832,50,-1.52587891E-05,350,300,156.54895,64.7683,252.54895,118.768295,0,1
1189,1189,1186,offscreen_render,27.7237644,startup,27,27,1.77777779,204.549545,91.7632,204.549545,109.999992,91.76319,50,-1.52587891E-05,350,300,156.549545,64.76317,252.549545,118.763161,0,1
1190,1190,1187,offscreen_render,27.7403145,startup,27,27,1.77777779,204.550079,91.7588,204.550079,109.999992,91.75879,50,-1.52587891E-05,350,300,156.5501,64.75877,252.5501,118.758766,0,1
1191,1191,1188,offscreen_render,27.7570381,startup,27,27,1.77777779,204.550537,91.75503,204.550537,109.999992,91.75502,50,-1.52587891E-05,350,300,156.550552,64.7550049,252.550552,118.755,0,1
1192,1192,1189,offscreen_render,27.7731876,startup,27,27,1.77777779,204.550919,91.7518,204.550919,109.999992,91.75179,50,-1.52587891E-05,350,300,156.550919,64.75178,252.550919,118.75177,0,1
1193,1193,1190,offscreen_render,27.789875,startup,27,27,1.77777779,204.551254,91.74904,204.551254,109.999992,91.74903,50,-1.52587891E-05,350,300,156.55127,64.7490158,252.55127,118.749008,0,1
1194,1194,1191,offscreen_render,27.8063622,startup,27,27,1.77777779,204.551544,91.74668,204.551544,109.999992,91.74667,50,-1.52587891E-05,350,300,156.551559,64.74666,252.551559,118.746651,0,1
1195,1195,1192,offscreen_render,27.8237457,startup,27,27,1.77777779,204.483841,93.00207,204.483841,109.999992,93.00206,50,-1.52587891E-05,350,300,156.483856,66.0020447,252.483856,120.002037,0,1
1196,1196,1193,offscreen_render,27.840168,startup,27,27,1.77777779,204.30925,96.23538,204.30925,109.999992,96.2353745,50,-1.52587891E-05,350,300,156.309265,69.23537,252.309265,123.235359,0,1
1197,1197,1194,offscreen_render,27.8572578,startup,27,27,1.77777779,204.065765,100.743309,204.065765,109.999992,100.7433,50,-1.52587891E-05,350,300,156.065781,73.74329,252.065781,127.743286,0,1
1198,1198,1195,offscreen_render,27.8733788,startup,27,27,1.77777779,203.7817,106.0022,203.7817,109.999992,106.00219,50,-1.52587891E-05,350,300,155.7817,79.00218,251.7817,133.002167,0,1
1199,1199,1196,offscreen_render,27.8899059,startup,27,27,1.77777779,203.477631,111.63092,203.477631,109.999992,111.630913,50,-1.52587891E-05,350,300,155.477646,84.6309052,251.477646,138.63089,0,1
1200,1200,1197,offscreen_render,27.906868,startup,27,27,1.77777779,203.168427,117.354652,203.168427,109.999992,117.354645,50,-1.52587891E-05,350,300,155.168427,90.3546448,251.168427,144.35463,0,1
1201,1201,1198,offscreen_render,27.923439,startup,27,27,1.77777779,202.864517,122.980095,202.864517,109.999992,122.980087,50,-1.52587891E-05,350,300,154.864517,95.98008,250.864517,149.980072,0,1
1202,1202,1199,offscreen_render,27.9400635,startup,27,27,1.77777779,202.572891,128.378113,202.572891,109.999992,128.378113,50,-1.52587891E-05,350,300,154.5729,101.378105,250.5729,155.3781,0,1
1203,1203,1200,offscreen_render,27.9569817,startup,27,27,1.77777779,202.297028,133.484268,202.297028,109.999992,133.484268,50,-1.52587891E-05,350,300,154.297028,106.484261,250.297028,160.484253,0,1
1204,1204,1201,offscreen_render,27.97351,startup,27,27,1.77777779,202.041763,138.209122,202.041763,109.999992,138.209122,50,-1.52587891E-05,350,300,154.041779,111.209114,250.041779,165.2091,0,1
1205,1205,1202,offscreen_render,27.9906883,startup,27,27,1.77777779,201.8072,142.5508,201.8072,109.999992,142.5508,50,-1.52587891E-05,350,300,153.80722,115.550789,249.80722,169.550781,0,1
1206,1206,1203,offscreen_render,28.0069122,startup,27,27,1.77777779,201.593658,146.503387,201.593658,109.999992,146.503387,50,-1.52587891E-05,350,300,153.593674,119.50338,249.593674,173.503372,0,1
1207,1207,1204,offscreen_render,28.0237141,startup,27,27,1.77777779,201.4007,150.074875,201.4007,109.999992,150.074875,50,-1.52587891E-05,350,300,153.4007,123.074867,249.4007,177.07486,0,1
1208,1208,1205,offscreen_render,28.0401268,startup,27,27,1.77777779,201.227463,153.2813,201.227463,109.999992,153.2813,50,-1.52587891E-05,350,300,153.227463,126.281288,249.227463,180.281281,0,1
1209,1209,1206,offscreen_render,28.0571213,startup,27,27,1.77777779,201.0728,156.144058,201.0728,109.999992,156.144058,50,-1.52587891E-05,350,300,153.072815,129.144043,249.072815,183.144043,0,1
1210,1210,1207,offscreen_render,28.07352,startup,27,27,1.77777779,200.935379,158.687592,200.935379,109.999992,158.687592,50,-1.52587891E-05,350,300,152.9354,131.687576,248.9354,185.687576,0,1
1211,1211,1208,offscreen_render,28.0904579,startup,27,27,1.77777779,200.813766,160.938416,200.813766,109.999992,160.938416,50,-1.52587891E-05,350,300,152.813782,133.938385,248.813782,187.938385,0,1
1212,1212,1209,offscreen_render,28.1067123,startup,27,27,1.77777779,200.706558,162.9226,200.706558,109.999992,162.9226,50,-1.52587891E-05,350,300,152.706573,135.922592,248.706573,189.922592,0,1
1213,1213,1210,offscreen_render,28.12363,startup,27,27,1.77777779,200.61235,164.666214,200.61235,109.999992,164.666214,50,-1.52587891E-05,350,300,152.612366,137.6662,248.612366,191.6662,0,1
1214,1214,1211,offscreen_render,28.1401215,startup,27,27,1.77777779,200.529816,166.193787,200.529816,109.999992,166.193787,50,-1.52587891E-05,350,300,152.529831,139.193771,248.529831,193.193771,0,1
1215,1215,1212,offscreen_render,28.156662,startup,27,27,1.77777779,200.4577,167.5286,200.4577,109.999992,167.5286,50,-1.52587891E-05,350,300,152.4577,140.52858,248.4577,194.52858,0,1
1216,1216,1213,offscreen_render,28.17344,startup,27,27,1.77777779,200.394836,168.69223,200.394836,109.999992,168.69223,50,-1.52587891E-05,350,300,152.394836,141.692215,248.394836,195.692215,0,1
1217,1217,1214,offscreen_render,28.1901112,startup,27,27,1.77777779,200.340149,169.704483,200.340149,109.999992,169.704483,50,-1.52587891E-05,350,300,152.340149,142.704468,248.340149,196.704468,0,1
1218,1218,1215,offscreen_render,28.2064476,startup,27,27,1.77777779,200.292679,170.58316,200.292679,109.999992,170.58316,50,-1.52587891E-05,350,300,152.2927,143.583145,248.2927,197.583145,0,1
1219,1219,1216,offscreen_render,28.22338,startup,27,27,1.77777779,200.251541,171.34462,200.251541,109.999992,171.34462,50,-1.52587891E-05,350,300,152.251556,144.3446,248.251556,198.3446,0,1
1220,1220,1217,offscreen_render,28.2400112,startup,27,27,1.77777779,200.215942,172.0034,200.215942,109.999992,172.0034,50,-1.52587891E-05,350,300,152.215942,145.003372,248.215942,199.003372,0,1
1221,1221,1218,offscreen_render,28.2570267,startup,27,27,1.77777779,200.1852,172.572418,200.1852,109.999992,172.572418,50,-1.52587891E-05,350,300,152.185211,145.5724,248.185211,199.5724,0,1
1222,1222,1219,offscreen_render,28.2736282,startup,27,27,1.77777779,200.158676,173.0632,200.158676,109.999992,173.0632,50,-1.52587891E-05,350,300,152.158676,146.063171,248.158676,200.063171,0,1
1223,1223,1220,offscreen_render,28.2904911,startup,27,27,1.77777779,200.135834,173.485977,200.135834,109.999992,173.485977,50,-1.52587891E-05,350,300,152.135834,146.485947,248.135834,200.485947,0,1
1224,1224,1221,offscreen_render,28.3066425,startup,27,27,1.77777779,200.11618,173.849716,200.11618,109.999992,173.849716,50,-1.52587891E-05,350,300,152.1162,146.8497,248.1162,200.8497,0,1
1225,1225,1222,offscreen_render,28.3236828,startup,27,27,1.77777779,200.099289,174.1623,200.099289,109.999992,174.1623,50,-1.52587891E-05,350,300,152.0993,147.162262,248.0993,201.162262,0,1
1226,1226,1223,offscreen_render,28.3400383,startup,27,27,1.77777779,200.0848,174.430618,200.0848,109.999992,174.430618,50,-1.52587891E-05,350,300,152.0848,147.4306,248.0848,201.4306,0,1
1227,1227,1224,offscreen_render,28.3564339,startup,27,27,1.77777779,200.072357,174.660721,200.072357,109.999992,174.660721,50,-1.52587891E-05,350,300,152.072357,147.66069,248.072357,201.66069,0,1
1228,1228,1225,offscreen_render,28.37332,startup,27,27,1.77777779,200.0617,174.857864,200.0617,109.999992,174.857864,50,-1.52587891E-05,350,300,152.061722,147.857849,248.061722,201.857849,0,1
1229,1229,1226,offscreen_render,28.3904171,startup,27,27,1.77777779,200.052582,175.026627,200.052582,109.999992,175.026627,50,-1.52587891E-05,350,300,152.052582,148.026611,248.052582,202.026611,0,1
1230,1230,1227,offscreen_render,28.4068317,startup,27,27,1.77777779,200.044769,175.171234,200.044769,109.999992,175.171234,50,-1.52587891E-05,350,300,152.044785,148.171219,248.044785,202.171219,0,1
1231,1231,1228,offscreen_render,28.4233074,startup,27,27,1.77777779,200.0381,175.294525,200.0381,109.999992,175.294525,50,-1.52587891E-05,350,300,152.0381,148.2945,248.0381,202.2945,0,1
1232,1232,1229,offscreen_render,28.4401226,startup,27,27,1.77777779,200.03241,175.399811,200.03241,109.999992,175.399811,50,-1.52587891E-05,350,300,152.032425,148.39978,248.032425,202.39978,0,1
1233,1233,1230,offscreen_render,28.4568,startup,27,27,1.77777779,200.027557,175.489655,200.027557,109.999992,175.489655,50,-1.52587891E-05,350,300,152.027573,148.489639,248.027573,202.489639,0,1
1234,1234,1231,offscreen_render,28.4737549,startup,27,27,1.77777779,200.023422,175.566269,200.023422,109.999992,175.566269,50,-1.52587891E-05,350,300,152.023438,148.566238,248.023438,202.566238,0,1
1235,1235,1232,offscreen_render,28.4900036,startup,27,27,1.77777779,200.0199,175.631561,200.0199,109.999992,175.631561,50,-1.52587891E-05,350,300,152.0199,148.631546,248.0199,202.631546,0,1
1236,1236,1233,offscreen_render,28.50639,startup,27,27,1.77777779,200.016891,175.687164,200.016891,109.999992,175.687164,50,-1.52587891E-05,350,300,152.0169,148.687149,248.0169,202.687149,0,1
1237,1237,1234,offscreen_render,28.5233746,startup,27,27,1.77777779,200.014328,175.7345,200.014328,109.999992,175.7345,50,-1.52587891E-05,350,300,152.014343,148.734482,248.014343,202.734482,0,1
1238,1238,1235,offscreen_render,28.54019,startup,27,27,1.77777779,200.012146,175.774765,200.012146,109.999992,175.774765,50,-1.52587891E-05,350,300,152.012146,148.77475,248.012146,202.77475,0,1
1239,1239,1236,offscreen_render,28.5567741,startup,27,27,1.77777779,200.0103,175.809,200.0103,109.999992,175.809,50,-1.52587891E-05,350,300,152.010315,148.808975,248.010315,202.808975,0,1
1240,1240,1237,offscreen_render,28.573328,startup,27,27,1.77777779,200.008728,175.8381,200.008728,109.999992,175.8381,50,-1.52587891E-05,350,300,152.008728,148.838074,248.008728,202.838074,0,1
1241,1241,1238,offscreen_render,28.5903816,startup,27,27,1.77777779,200.0074,175.862823,200.0074,109.999992,175.862823,50,-1.52587891E-05,350,300,152.007416,148.8628,248.007416,202.8628,0,1
1242,1242,1239,offscreen_render,28.6069412,startup,27,27,1.77777779,200.006271,175.8838,200.006271,109.999992,175.8838,50,-1.52587891E-05,350,300,152.006287,148.883789,248.006287,202.883789,0,1
1243,1243,1240,offscreen_render,28.6233349,startup,27,27,1.77777779,200.00531,175.901611,200.00531,109.999992,175.901611,50,-1.52587891E-05,350,300,152.005325,148.901581,248.005325,202.901581,0,1
1244,1244,1241,offscreen_render,28.64021,startup,27,27,1.77777779,200.0045,175.916718,200.0045,109.999992,175.916718,50,-1.52587891E-05,350,300,152.0045,148.9167,248.0045,202.9167,0,1
1245,1245,1242,offscreen_render,28.65715,startup,27,27,1.77777779,200.003815,175.92955,200.003815,109.999992,175.92955,50,-1.52587891E-05,350,300,152.003815,148.92952,248.003815,202.92952,0,1
1246,1246,1243,offscreen_render,28.6735363,startup,27,27,1.77777779,200.003235,175.9404,200.003235,109.999992,175.9404,50,-1.52587891E-05,350,300,152.003235,148.940384,248.003235,202.940384,0,1
1247,1247,1244,offscreen_render,28.6905651,startup,27,27,1.77777779,200.002731,175.9496,200.002731,109.999992,175.9496,50,-1.52587891E-05,350,300,152.002747,148.949585,248.002747,202.949585,0,1
1248,1248,1245,offscreen_render,28.7068672,startup,27,27,1.77777779,200.0023,175.9574,200.0023,109.999992,175.9574,50,-1.52587891E-05,350,300,152.0023,148.957367,248.0023,202.957367,0,1
1249,1249,1246,offscreen_render,28.7237377,startup,27,27,1.77777779,200.001953,175.963989,200.001953,109.999992,175.963989,50,-1.52587891E-05,350,300,152.001953,148.963959,248.001953,202.963959,0,1
1250,1250,1247,offscreen_render,28.7403278,startup,27,27,1.77777779,200.002457,175.971664,200.002457,109.999992,175.971664,50,-1.52587891E-05,350,300,152.002472,148.971634,248.002472,202.971634,0,1
1251,1251,1248,offscreen_render,28.7567253,startup,27,27,1.77777779,200.005066,175.983856,200.005066,109.999992,175.983856,50,-1.52587891E-05,350,300,152.005066,148.983826,248.005066,202.983826,0,1
1252,1252,1249,offscreen_render,28.7739143,startup,27,27,1.77777779,200.0106,176.0028,200.0106,109.999992,176.0028,50,-1.52587891E-05,350,300,152.01062,149.002777,248.01062,203.002777,0,1
1253,1253,1250,offscreen_render,28.8868752,startup,27,27,1.77777779,200.133774,176.3399,200.133774,109.999992,176.3399,50,-1.52587891E-05,350,300,152.133774,149.339874,248.133774,203.339874,0,1
1254,1254,1251,offscreen_render,28.90433,startup,27,27,1.77777779,200.154358,176.394653,200.154358,109.999992,176.394653,50,-1.52587891E-05,350,300,152.154373,149.394638,248.154373,203.394638,0,1
1255,1255,1252,offscreen_render,28.9202843,startup,27,27,1.77777779,200.17572,176.451248,200.17572,109.999992,176.451248,50,-1.52587891E-05,350,300,152.17572,149.451233,248.17572,203.451233,0,1
1256,1256,1253,offscreen_render,28.9360275,startup,27,27,1.77777779,200.1987,176.511887,200.1987,109.999992,176.511887,50,-1.52587891E-05,350,300,152.1987,149.511871,248.1987,203.511871,0,1
1257,1257,1254,offscreen_render,28.9529247,startup,27,27,1.77777779,200.22345,176.576981,200.22345,109.999992,176.576981,50,-1.52587891E-05,350,300,152.22345,149.576965,248.22345,203.576965,0,1
1258,1258,1255,offscreen_render,28.9695053,startup,27,27,1.77777779,200.250336,176.647522,200.250336,109.999992,176.647522,50,-1.52587891E-05,350,300,152.250336,149.6475,248.250336,203.6475,0,1
1259,1259,1256,offscreen_render,28.9861984,startup,27,27,1.77777779,200.27948,176.723816,200.27948,109.999992,176.723816,50,-1.52587891E-05,350,300,152.27948,149.7238,248.27948,203.7238,0,1
1260,1260,1257,offscreen_render,29.0035,startup,27,27,1.77777779,200.310883,176.8059,200.310883,109.999992,176.8059,50,-1.52587891E-05,350,300,152.310883,149.805878,248.310883,203.805878,0,1
1261,1261,1258,offscreen_render,29.0196533,startup,27,27,1.77777779,200.344482,176.893616,200.344482,109.999992,176.893616,50,-1.52587891E-05,350,300,152.344482,149.893585,248.344482,203.893585,0,1
1262,1262,1259,offscreen_render,29.0362263,startup,27,27,1.77777779,200.380173,176.98674,200.380173,109.999992,176.98674,50,-1.52587891E-05,350,300,152.380188,149.986725,248.380188,203.986725,0,1
1263,1263,1260,offscreen_render,29.1442127,startup,27,27,1.77777779,200.647629,177.683273,200.647629,109.999992,177.683273,50,-1.52587891E-05,350,300,152.647644,150.683258,248.647644,204.683258,0,1
1264,1264,1261,offscreen_render,29.1611938,startup,27,27,1.77777779,200.684448,177.7791,200.684448,109.999992,177.7791,50,-1.52587891E-05,350,300,152.684464,150.779083,248.684464,204.779083,0,1
1265,1265,1262,offscreen_render,29.1772747,startup,27,27,1.77777779,200.720352,177.872528,200.720352,109.999992,177.872528,50,-1.52587891E-05,350,300,152.720352,150.872513,248.720352,204.872513,0,1
1266,1266,1263,offscreen_render,29.193924,startup,27,27,1.77777779,200.756134,177.965622,200.756134,109.999992,177.965622,50,-1.52587891E-05,350,300,152.756149,150.9656,248.756149,204.9656,0,1
1267,1267,1264,offscreen_render,29.2104969,startup,27,27,1.77777779,200.792343,178.05983,200.792343,109.999992,178.05983,50,-1.52587891E-05,350,300,152.792358,151.059814,248.792358,205.059814,0,1
1268,1268,1265,offscreen_render,29.2271538,startup,27,27,1.77777779,200.829361,178.156113,200.829361,109.999992,178.156113,50,-1.52587891E-05,350,300,152.829376,151.156082,248.829376,205.156082,0,1
1269,1269,1266,offscreen_render,29.2440319,startup,27,27,1.77777779,200.8674,178.255066,200.8674,109.999992,178.255066,50,-1.52587891E-05,350,300,152.8674,151.255035,248.8674,205.255035,0,1
1270,1270,1267,offscreen_render,29.2606735,startup,27,27,1.77777779,200.906616,178.35704,200.906616,109.999992,178.35704,50,-1.52587891E-05,350,300,152.906616,151.357025,248.906616,205.357025,0,1
1271,1271,1268,offscreen_render,29.2773418,startup,27,27,1.77777779,200.947052,178.462189,200.947052,109.999992,178.462189,50,-1.52587891E-05,350,300,152.947052,151.462173,248.947052,205.462173,0,1
1272,1272,1269,offscreen_render,29.2943344,startup,27,27,1.77777779,200.988708,178.570526,200.988708,109.999992,178.570526,50,-1.52587891E-05,350,300,152.988708,151.570511,248.988708,205.570511,0,1
1273,1273,1270,offscreen_render,29.31062,startup,27,27,1.77777779,201.031555,178.681961,201.031555,109.999992,178.681961,50,-1.52587891E-05,350,300,153.031555,151.681931,249.031555,205.681931,0,1
1274,1274,1271,offscreen_render,29.32726,startup,27,27,1.77777779,201.075546,178.796356,201.075546,109.999992,178.796356,50,-1.52587891E-05,350,300,153.075562,151.796341,249.075562,205.796341,0,1
1275,1275,1272,offscreen_render,29.34396,startup,27,27,1.77777779,201.1206,178.913513,201.1206,109.999992,178.913513,50,-1.52587891E-05,350,300,153.120621,151.9135,249.120621,205.9135,0,1
1276,1276,1273,offscreen_render,29.3603783,startup,27,27,1.77777779,201.166656,179.033234,201.166656,109.999992,179.033234,50,-1.52587891E-05,350,300,153.166672,152.0332,249.166672,206.0332,0,1
1277,1277,1274,offscreen_render,29.37733,startup,27,27,1.77777779,201.213608,179.155319,201.213608,109.999992,179.155319,50,-1.52587891E-05,350,300,153.213623,152.155289,249.213623,206.155289,0,1
1278,1278,1275,offscreen_render,29.3943672,startup,27,27,1.77777779,201.261383,179.279541,201.261383,109.999992,179.279541,50,-1.52587891E-05,350,300,153.261383,152.279526,249.261383,206.279526,0,1
1279,1279,1276,offscreen_render,29.4105148,startup,27,27,1.77777779,201.3099,179.405716,201.3099,109.999992,179.405716,50,-1.52587891E-05,350,300,153.3099,152.4057,249.3099,206.4057,0,1
1280,1280,1277,offscreen_render,29.427063,startup,27,27,1.77777779,201.359085,179.533585,201.359085,109.999992,179.533585,50,-1.52587891E-05,350,300,153.3591,152.533569,249.3591,206.533569,0,1
1281,1281,1278,offscreen_render,29.444109,startup,27,27,1.77777779,201.408859,179.663,201.408859,109.999992,179.663,50,-1.52587891E-05,350,300,153.408875,152.662964,249.408875,206.662964,0,1
1282,1282,1279,offscreen_render,29.4604664,startup,27,27,1.77777779,201.459152,179.793762,201.459152,109.999992,179.793762,50,-1.52587891E-05,350,300,153.459167,152.793732,249.459167,206.793732,0,1
1283,1283,1280,offscreen_render,29.4769783,startup,27,27,1.77777779,201.5099,179.925735,201.5099,109.999992,179.925735,50,-1.52587891E-05,350,300,153.5099,152.9257,249.5099,206.9257,0,1
1284,1284,1281,offscreen_render,29.4942513,startup,27,27,1.77777779,201.561066,180.058777,201.561066,109.999992,180.058777,50,-1.52587891E-05,350,300,153.561081,153.058762,249.561081,207.058762,0,1
1285,1285,1282,offscreen_render,29.51048,startup,27,27,1.77777779,201.6126,180.192749,201.6126,109.999992,180.192749,50,-1.52587891E-05,350,300,153.61261,153.192734,249.61261,207.192734,0,1
1286,1286,1283,offscreen_render,29.5269032,startup,27,27,1.77777779,201.664429,180.32753,201.664429,109.999992,180.32753,50,-1.52587891E-05,350,300,153.664444,153.3275,249.664444,207.3275,0,1
1287,1287,1284,offscreen_render,29.5440941,startup,27,27,1.77777779,201.716537,180.463028,201.716537,109.999992,180.463028,50,-1.52587891E-05,350,300,153.716537,153.463013,249.716537,207.463013,0,1
1288,1288,1285,offscreen_render,29.56041,startup,27,27,1.77777779,201.76889,180.599152,201.76889,109.999992,180.599152,50,-1.52587891E-05,350,300,153.7689,153.599136,249.7689,207.599136,0,1
1289,1289,1286,offscreen_render,29.5776653,startup,27,27,1.77777779,201.8219,180.737,201.8219,109.999992,180.737,50,-1.52587891E-05,350,300,153.821915,153.736984,249.821915,207.736984,0,1
1290,1290,1287,offscreen_render,29.5940876,startup,27,27,1.77777779,201.874649,180.874146,201.874649,109.999992,180.874146,50,-1.52587891E-05,350,300,153.874649,153.874115,249.874649,207.874115,0,1
1291,1291,1288,offscreen_render,29.6108379,startup,27,27,1.77777779,201.927551,181.011688,201.927551,109.999992,181.011688,50,-1.52587891E-05,350,300,153.927567,154.011673,249.927567,208.011673,0,1
1292,1292,1289,offscreen_render,29.626976,startup,27,27,1.77777779,201.980576,181.149567,201.980576,109.999992,181.149567,50,-1.52587891E-05,350,300,153.980576,154.149551,249.980576,208.149551,0,1
1293,1293,1290,offscreen_render,29.6440849,startup,27,27,1.77777779,202.033722,181.287766,202.033722,109.999992,181.287766,50,-1.52587891E-05,350,300,154.033722,154.287735,250.033722,208.287735,0,1
1294,1294,1291,offscreen_render,29.6605225,startup,27,27,1.77777779,202.086975,181.426208,202.086975,109.999992,181.426208,50,-1.52587891E-05,350,300,154.086975,154.426178,250.086975,208.426178,0,1
1295,1295,1292,offscreen_render,29.6773586,startup,27,27,1.77777779,202.1403,181.56488,202.1403,109.999992,181.56488,50,-1.52587891E-05,350,300,154.14032,154.56485,250.14032,208.56485,0,1
1296,1296,1293,offscreen_render,29.6938915,startup,27,27,1.77777779,202.19371,181.703735,202.19371,109.999992,181.703735,50,-1.52587891E-05,350,300,154.19371,154.7037,250.19371,208.7037,0,1
1297,1297,1294,offscreen_render,29.7105331,startup,27,27,1.77777779,202.2472,181.842758,202.2472,109.999992,181.842758,50,-1.52587891E-05,350,300,154.2472,154.842743,250.2472,208.842743,0,1
1298,1298,1295,offscreen_render,29.7272568,startup,27,27,1.77777779,202.30072,181.981934,202.30072,109.999992,181.981934,50,-1.52587891E-05,350,300,154.300735,154.981918,250.300735,208.981918,0,1
1299,1299,1296,offscreen_render,29.744175,startup,27,27,1.77777779,202.3543,182.121216,202.3543,109.999992,182.121216,50,-1.52587891E-05,350,300,154.3543,155.121185,250.3543,209.121185,0,1
1300,1300,1297,offscreen_render,29.7606163,startup,27,27,1.77777779,202.407913,182.26062,202.407913,109.999992,182.26062,50,-1.52587891E-05,350,300,154.407928,155.2606,250.407928,209.2606,0,1
1301,1301,1298,offscreen_render,29.7774,startup,27,27,1.77777779,202.461563,182.4001,202.461563,109.999992,182.4001,50,-1.52587891E-05,350,300,154.461578,155.400085,250.461578,209.400085,0,1
1302,1302,1299,offscreen_render,29.7940178,startup,27,27,1.77777779,202.515244,182.539658,202.515244,109.999992,182.539658,50,-1.52587891E-05,350,300,154.515244,155.539627,250.515244,209.539627,0,1
1303,1303,1300,offscreen_render,29.8107643,startup,27,27,1.77777779,202.568954,182.679291,202.568954,109.999992,182.679291,50,-1.52587891E-05,350,300,154.56897,155.67926,250.56897,209.67926,0,1
1304,1304,1301,offscreen_render,29.8271465,startup,27,27,1.77777779,202.622681,182.81897,202.622681,109.999992,182.81897,50,-1.52587891E-05,350,300,154.622681,155.818939,250.622681,209.818939,0,1
1305,1305,1302,offscreen_render,29.84377,startup,27,27,1.77777779,202.676422,182.9587,202.676422,109.999992,182.9587,50,-1.52587891E-05,350,300,154.676422,155.958679,250.676422,209.958679,0,1
1306,1306,1303,offscreen_render,29.86065,startup,27,27,1.77777779,202.730179,183.098465,202.730179,109.999992,183.098465,50,-1.52587891E-05,350,300,154.7302,156.098434,250.7302,210.098434,0,1
1307,1307,1304,offscreen_render,29.8776131,startup,27,27,1.77777779,202.783951,183.238281,202.783951,109.999992,183.238281,50,-1.52587891E-05,350,300,154.783951,156.238251,250.783951,210.238251,0,1
1308,1308,1305,offscreen_render,29.8942413,startup,27,27,1.77777779,202.837738,183.378113,202.837738,109.999992,183.378113,50,-1.52587891E-05,350,300,154.837738,156.378082,250.837738,210.378082,0,1
1309,1309,1306,offscreen_render,29.9109745,startup,27,27,1.77777779,202.891525,183.517975,202.891525,109.999992,183.517975,50,-1.52587891E-05,350,300,154.891525,156.51796,250.891525,210.51796,0,1
1310,1310,1307,offscreen_render,29.9270115,startup,27,27,1.77777779,202.945328,183.657852,202.945328,109.999992,183.657852,50,-1.52587891E-05,350,300,154.945343,156.657822,250.945343,210.657822,0,1
1311,1311,1308,offscreen_render,29.9438457,startup,27,27,1.77777779,202.999146,183.79776,202.999146,109.999992,183.79776,50,-1.52587891E-05,350,300,154.999146,156.797729,250.999146,210.797729,0,1
1312,1312,1309,offscreen_render,29.96061,startup,27,27,1.77777779,203.052963,183.937668,203.052963,109.999992,183.937668,50,-1.52587891E-05,350,300,155.052979,156.937637,251.052979,210.937637,0,1
1313,1313,1310,offscreen_render,29.977129,startup,27,27,1.77777779,203.106781,184.077591,203.106781,109.999992,184.077591,50,-1.52587891E-05,350,300,155.106781,157.07756,251.106781,211.07756,0,1
1314,1314,1311,offscreen_render,29.9938374,startup,27,27,1.77777779,203.1606,184.217529,203.1606,109.999992,184.217529,50,-1.52587891E-05,350,300,155.1606,157.217514,251.1606,211.217514,0,1
1315,1315,1312,offscreen_render,30.0111618,startup,27,27,1.77777779,203.214447,184.357544,203.214447,109.999992,184.357544,50,-1.52587891E-05,350,300,155.214447,157.357529,251.214447,211.357529,0,1
1316,1316,1313,offscreen_render,30.0272789,startup,27,27,1.77777779,203.26828,184.4975,203.26828,109.999992,184.4975,50,-1.52587891E-05,350,300,155.26828,157.497467,251.26828,211.497467,0,1
1317,1317,1314,offscreen_render,30.0439987,startup,27,27,1.77777779,203.322113,184.637466,203.322113,109.999992,184.637466,50,-1.52587891E-05,350,300,155.322113,157.637436,251.322113,211.637436,0,1
1318,1318,1315,offscreen_render,30.0606918,startup,27,27,1.77777779,203.375946,184.777435,203.375946,109.999992,184.777435,50,-1.52587891E-05,350,300,155.375946,157.77742,251.375946,211.77742,0,1
1319,1319,1316,offscreen_render,30.0771866,startup,27,27,1.77777779,203.429779,184.917419,203.429779,109.999992,184.917419,50,-1.52587891E-05,350,300,155.429779,157.9174,251.429779,211.9174,0,1
1320,1320,1317,offscreen_render,30.0941048,startup,27,27,1.77777779,203.483612,185.0574,203.483612,109.999992,185.0574,50,-1.52587891E-05,350,300,155.483612,158.057388,251.483612,212.057388,0,1
1321,1321,1318,offscreen_render,30.110899,startup,27,27,1.77777779,203.53746,185.197388,203.53746,109.999992,185.197388,50,-1.52587891E-05,350,300,155.537476,158.197357,251.537476,212.197357,0,1
1322,1322,1319,offscreen_render,30.1270924,startup,27,27,1.77777779,203.5913,185.337372,203.5913,109.999992,185.337372,50,-1.52587891E-05,350,300,155.591309,158.337341,251.591309,212.337341,0,1
1323,1323,1320,offscreen_render,30.1439476,startup,27,27,1.77777779,203.645142,185.477356,203.645142,109.999992,185.477356,50,-1.52587891E-05,350,300,155.645142,158.477325,251.645142,212.477325,0,1
1324,1324,1321,offscreen_render,30.16078,startup,27,27,1.77777779,203.699142,185.617767,203.699142,109.999992,185.617767,50,-1.52587891E-05,350,300,155.699158,158.617737,251.699158,212.617737,0,1
1325,1325,1322,offscreen_render,30.1773872,startup,27,27,1.77777779,203.752991,185.757767,203.752991,109.999992,185.757767,50,-1.52587891E-05,350,300,155.752991,158.757736,251.752991,212.757736,0,1
1326,1326,1323,offscreen_render,30.1938725,startup,27,27,1.77777779,203.806839,185.897766,203.806839,109.999992,185.897766,50,-1.52587891E-05,350,300,155.806854,158.897736,251.806854,212.897736,0,1
1327,1327,1324,offscreen_render,30.2109013,startup,27,27,1.77777779,203.8607,186.0378,203.8607,109.999992,186.0378,50,-1.52587891E-05,350,300,155.8607,159.037781,251.8607,213.037781,0,1
1328,1328,1325,offscreen_render,30.2273674,startup,27,27,1.77777779,203.914551,186.1778,203.914551,109.999992,186.1778,50,-1.52587891E-05,350,300,155.914551,159.17778,251.914551,213.17778,0,1
1329,1329,1326,offscreen_render,30.2441254,startup,27,27,1.77777779,203.9684,186.3178,203.9684,109.999992,186.3178,50,-1.52587891E-05,350,300,155.968414,159.317764,251.968414,213.317764,0,1
1330,1330,1327,offscreen_render,30.2606449,startup,27,27,1.77777779,204.022247,186.4578,204.022247,109.999992,186.4578,50,-1.52587891E-05,350,300,156.022247,159.457764,252.022247,213.457764,0,1
1331,1331,1328,offscreen_render,30.2774925,startup,27,27,1.77777779,204.0761,186.5978,204.0761,109.999992,186.5978,50,-1.52587891E-05,350,300,156.076111,159.597763,252.076111,213.597763,0,1
1332,1332,1329,offscreen_render,30.2945023,startup,27,27,1.77777779,204.129944,186.7378,204.129944,109.999992,186.7378,50,-1.52587891E-05,350,300,156.129959,159.737762,252.129959,213.737762,0,1
1333,1333,1330,offscreen_render,30.3106918,startup,27,27,1.77777779,204.183792,186.877777,204.183792,109.999992,186.877777,50,-1.52587891E-05,350,300,156.183792,159.877747,252.183792,213.877747,0,1
1334,1334,1331,offscreen_render,30.32742,startup,27,27,1.77777779,204.23764,187.017776,204.23764,109.999992,187.017776,50,-1.52587891E-05,350,300,156.23764,160.017746,252.23764,214.017746,0,1
1335,1335,1332,offscreen_render,30.3442249,startup,27,27,1.77777779,204.291489,187.157776,204.291489,109.999992,187.157776,50,-1.52587891E-05,350,300,156.2915,160.157745,252.2915,214.157745,0,1
1336,1336,1333,offscreen_render,30.3606682,startup,27,27,1.77777779,204.345337,187.297775,204.345337,109.999992,187.297775,50,-1.52587891E-05,350,300,156.345337,160.297745,252.345337,214.297745,0,1
1337,1337,1334,offscreen_render,30.377367,startup,27,27,1.77777779,204.3984,187.437927,204.3984,109.999992,187.437927,50,-1.52587891E-05,350,300,156.3984,160.4379,252.3984,214.4379,0,1
1338,1338,1335,offscreen_render,30.3941841,startup,27,27,1.77777779,204.449509,187.578461,204.449509,109.999992,187.578461,50,-1.52587891E-05,350,300,156.449524,160.578445,252.449524,214.578445,0,1
1339,1339,1336,offscreen_render,30.411459,startup,27,27,1.77777779,204.500259,187.726913,204.500259,109.999992,187.726913,50,-1.52587891E-05,350,300,156.500275,160.7269,252.500275,214.7269,0,1
1340,1340,1337,offscreen_render,30.4280071,startup,27,27,1.77777779,204.545212,187.868713,204.545212,109.999992,187.868713,50,-1.52587891E-05,350,300,156.545227,160.868683,252.545227,214.868683,0,1
1341,1341,1338,offscreen_render,30.4449673,startup,27,27,1.77777779,204.586731,188.011154,204.586731,109.999992,188.011154,50,-1.52587891E-05,350,300,156.586731,161.011124,252.586731,215.011124,0,1
1342,1342,1339,offscreen_render,30.46154,startup,27,27,1.77777779,204.624741,188.154251,204.624741,109.999992,188.154251,50,-1.52587891E-05,350,300,156.624756,161.154236,252.624756,215.154236,0,1
1343,1343,1340,offscreen_render,30.47816,startup,27,27,1.77777779,204.659332,188.297989,204.659332,109.999992,188.297989,50,-1.52587891E-05,350,300,156.659332,161.297958,252.659332,215.297958,0,1
1344,1344,1341,offscreen_render,30.4948387,startup,27,27,1.77777779,204.690628,188.442368,204.690628,109.999992,188.442368,50,-1.52587891E-05,350,300,156.690628,161.442352,252.690628,215.442352,0,1
1345,1345,1342,offscreen_render,30.511631,startup,27,27,1.77777779,204.718826,188.587326,204.718826,109.999992,188.587326,50,-1.52587891E-05,350,300,156.718826,161.587311,252.718826,215.587311,0,1
1346,1346,1343,offscreen_render,30.5280037,startup,27,27,1.77777779,204.744156,188.732849,204.744156,109.999992,188.732849,50,-1.52587891E-05,350,300,156.744171,161.732834,252.744171,215.732834,0,1
1347,1347,1344,offscreen_render,30.545084,startup,27,27,1.77777779,204.766846,188.878876,204.766846,109.999992,188.878876,50,-1.52587891E-05,350,300,156.766846,161.878845,252.766846,215.878845,0,1
1348,1348,1345,offscreen_render,30.5617676,startup,27,27,1.77777779,204.787125,189.025375,204.787125,109.999992,189.025375,50,-1.52587891E-05,350,300,156.787125,162.025345,252.787125,216.025345,0,1
1349,1349,1346,offscreen_render,30.5780888,startup,27,27,1.77777779,204.805237,189.172287,204.805237,109.999992,189.172287,50,-1.52587891E-05,350,300,156.805252,162.172256,252.805252,216.172256,0,1
1350,1350,1347,offscreen_render,30.59474,startup,27,27,1.77777779,204.8214,189.31958,204.8214,109.999992,189.31958,50,-1.52587891E-05,350,300,156.821411,162.319565,252.821411,216.319565,0,1
1351,1351,1348,offscreen_render,30.6114254,startup,27,27,1.77777779,204.835815,189.467209,204.835815,109.999992,189.467209,50,-1.52587891E-05,350,300,156.835831,162.467178,252.835831,216.467178,0,1
1352,1352,1349,offscreen_render,30.6279659,startup,27,27,1.77777779,204.8487,189.615143,204.8487,109.999992,189.615143,50,-1.52587891E-05,350,300,156.8487,162.615128,252.8487,216.615128,0,1
1353,1353,1350,offscreen_render,30.6449013,startup,27,27,1.77777779,204.8602,189.763336,204.8602,109.999992,189.763336,50,-1.52587891E-05,350,300,156.8602,162.7633,252.8602,216.7633,0,1
1354,1354,1351,offscreen_render,30.6615181,startup,27,27,1.77777779,204.8705,189.911758,204.8705,109.999992,189.911758,50,-1.52587891E-05,350,300,156.870514,162.911728,252.870514,216.911728,0,1
1355,1355,1352,offscreen_render,30.67835,startup,27,27,1.77777779,204.879745,190.0604,204.879745,109.999992,190.0604,50,-1.52587891E-05,350,300,156.879761,163.060364,252.879761,217.060364,0,1
1356,1356,1353,offscreen_render,30.6951714,startup,27,27,1.77777779,204.888077,190.2093,204.888077,109.999992,190.2093,50,-1.52587891E-05,350,300,156.888092,163.20929,252.888092,217.20929,0,1
1357,1357,1354,offscreen_render,30.7114563,startup,27,27,1.77777779,204.895584,190.358276,204.895584,109.999992,190.358276,50,-1.52587891E-05,350,300,156.8956,163.358261,252.8956,217.358261,0,1
1358,1358,1355,offscreen_render,30.7281952,startup,27,27,1.77777779,204.90239,190.507385,204.90239,109.999992,190.507385,50,-1.52587891E-05,350,300,156.90239,163.507355,252.90239,217.507355,0,1
1359,1359,1356,offscreen_render,30.7448082,startup,27,27,1.77777779,204.908585,190.656616,204.908585,109.999992,190.656616,50,-1.52587891E-05,350,300,156.9086,163.656586,252.9086,217.656586,0,1
1360,1360,1357,offscreen_render,30.7614975,startup,27,27,1.77777779,204.914246,190.805954,204.914246,109.999992,190.805954,50,-1.52587891E-05,350,300,156.914246,163.805939,252.914246,217.805939,0,1
1361,1361,1358,offscreen_render,30.7781334,startup,27,27,1.77777779,204.919434,190.955383,204.919434,109.999992,190.955383,50,-1.52587891E-05,350,300,156.919434,163.955353,252.919434,217.955353,0,1
1362,1362,1359,offscreen_render,30.7947731,startup,27,27,1.77777779,204.924225,191.104889,204.924225,109.999992,191.104889,50,-1.52587891E-05,350,300,156.924225,164.104874,252.924225,218.104874,0,1
1363,1363,1360,offscreen_render,30.8115768,startup,27,27,1.77777779,204.928665,191.254456,204.928665,109.999992,191.254456,50,-1.52587891E-05,350,300,156.928665,164.25444,252.928665,218.25444,0,1
1364,1364,1361,offscreen_render,30.8281345,startup,27,27,1.77777779,204.932816,191.4041,204.932816,109.999992,191.4041,50,-1.52587891E-05,350,300,156.932831,164.404083,252.932831,218.404083,0,1
1365,1365,1362,offscreen_render,30.844923,startup,27,27,1.77777779,204.9367,191.553787,204.9367,109.999992,191.553787,50,-1.52587891E-05,350,300,156.936722,164.553772,252.936722,218.553772,0,1
1366,1366,1363,offscreen_render,30.8616028,startup,27,27,1.77777779,204.940384,191.7035,204.940384,109.999992,191.7035,50,-1.52587891E-05,350,300,156.940384,164.703491,252.940384,218.703491,0,1
1367,1367,1364,offscreen_render,30.8781738,startup,27,27,1.77777779,204.943863,191.853271,204.943863,109.999992,191.853271,50,-1.52587891E-05,350,300,156.943863,164.853241,252.943863,218.853241,0,1
1368,1368,1365,offscreen_render,30.8950481,startup,27,27,1.77777779,204.947189,192.003067,204.947189,109.999992,192.003067,50,-1.52587891E-05,350,300,156.9472,165.003052,252.9472,219.003052,0,1
1369,1369,1366,offscreen_render,30.9114742,startup,27,27,1.77777779,204.950378,192.1529,204.950378,109.999992,192.1529,50,-1.52587891E-05,350,300,156.950378,165.1529,252.950378,219.1529,0,1
1370,1370,1367,offscreen_render,30.9281311,startup,27,27,1.77777779,204.953445,192.302734,204.953445,109.999992,192.302734,50,-1.52587891E-05,350,300,156.953461,165.302719,252.953461,219.302719,0,1
1371,1371,1368,offscreen_render,30.9449615,startup,27,27,1.77777779,204.9564,192.4526,204.9564,109.999992,192.4526,50,-1.52587891E-05,350,300,156.9564,165.452591,252.9564,219.452591,0,1
1372,1372,1369,offscreen_render,30.9617062,startup,27,27,1.77777779,204.959274,192.602478,204.959274,109.999992,192.602478,50,-1.52587891E-05,350,300,156.95929,165.602463,252.95929,219.602463,0,1
1373,1373,1370,offscreen_render,30.9781055,startup,27,27,1.77777779,204.962067,192.75238,204.962067,109.999992,192.75238,50,-1.52587891E-05,350,300,156.962082,165.752365,252.962082,219.752365,0,1
1374,1374,1371,offscreen_render,30.9953575,startup,27,27,1.77777779,204.9648,192.9023,204.9648,109.999992,192.9023,50,-1.52587891E-05,350,300,156.964813,165.9023,252.964813,219.9023,0,1
1375,1375,1372,offscreen_render,31.0124588,startup,27,27,1.77777779,204.967484,193.052216,204.967484,109.999992,193.052216,50,-1.52587891E-05,350,300,156.967484,166.0522,252.967484,220.0522,0,1
1376,1376,1373,offscreen_render,31.0286331,startup,27,27,1.77777779,204.970123,193.202148,204.970123,109.999992,193.202148,50,-1.52587891E-05,350,300,156.970139,166.202148,252.970139,220.202148,0,1
1377,1377,1374,offscreen_render,31.0454063,startup,27,27,1.77777779,204.9745,193.351135,204.9745,109.999992,193.351135,50,-1.52587891E-05,350,300,156.974518,166.35112,252.974518,220.35112,0,1
1378,1378,1375,offscreen_render,31.0617561,startup,27,27,1.77777779,204.983459,193.497711,204.983459,109.999992,193.497711,50,-1.52587891E-05,350,300,156.983459,166.497711,252.983459,220.497711,0,1
1379,1379,1376,offscreen_render,31.07842,startup,27,27,1.77777779,204.99881,193.6409,204.99881,109.999992,193.6409,50,-1.52587891E-05,350,300,156.99881,166.6409,252.99881,220.6409,0,1
1380,1380,1377,offscreen_render,31.0951,startup,27,27,1.77777779,205.021637,193.780136,205.021637,109.999992,193.780136,50,-1.52587891E-05,350,300,157.021637,166.780121,253.021637,220.780121,0,1
1381,1381,1378,offscreen_render,31.11164,startup,27,27,1.77777779,205.05246,193.915146,205.05246,109.999992,193.915146,50,-1.52587891E-05,350,300,157.05246,166.915131,253.05246,220.915131,0,1
1382,1382,1379,offscreen_render,31.1282539,startup,27,27,1.77777779,205.091431,194.045868,205.091431,109.999992,194.045868,50,-1.52587891E-05,350,300,157.091446,167.045853,253.091446,221.045853,0,1
1383,1383,1380,offscreen_render,31.1448154,startup,27,27,1.77777779,205.1384,194.172363,205.1384,109.999992,194.172363,50,-1.52587891E-05,350,300,157.138412,167.172363,253.138412,221.172363,0,1
1384,1384,1381,offscreen_render,31.161499,startup,27,27,1.77777779,205.193039,194.2948,205.193039,109.999992,194.2948,50,-1.52587891E-05,350,300,157.193054,167.2948,253.193054,221.2948,0,1
1385,1385,1382,offscreen_render,31.178587,startup,27,27,1.77777779,205.254929,194.413422,205.254929,109.999992,194.413422,50,-1.52587891E-05,350,300,157.254944,167.4134,253.254944,221.4134,0,1
1386,1386,1383,offscreen_render,31.1948051,startup,27,27,1.77777779,205.323532,194.528488,205.323532,109.999992,194.528488,50,-1.52587891E-05,350,300,157.323532,167.528488,253.323532,221.528488,0,1
1387,1387,1384,offscreen_render,31.21173,startup,27,27,1.77777779,205.398331,194.640289,205.398331,109.999992,194.640289,50,-1.52587891E-05,350,300,157.398331,167.640289,253.398331,221.640289,0,1
1388,1388,1385,offscreen_render,31.2280178,startup,27,27,1.77777779,205.478745,194.749115,205.478745,109.999992,194.749115,50,-1.52587891E-05,350,300,157.47876,167.7491,253.47876,221.7491,0,1
1389,1389,1386,offscreen_render,31.244854,startup,27,27,1.77777779,205.56424,194.85527,205.56424,109.999992,194.85527,50,-1.52587891E-05,350,300,157.56424,167.85527,253.56424,221.85527,0,1
1390,1390,1387,offscreen_render,31.261713,startup,27,27,1.77777779,205.654312,194.959015,205.654312,109.999992,194.959015,50,-1.52587891E-05,350,300,157.654312,167.959015,253.654312,221.959015,0,1
1391,1391,1388,offscreen_render,31.27836,startup,27,27,1.77777779,205.748459,195.060608,205.748459,109.999992,195.060608,50,-1.52587891E-05,350,300,157.748474,168.060608,253.748474,222.060608,0,1
1392,1392,1389,offscreen_render,31.2949524,startup,27,27,1.77777779,205.846222,195.160278,205.846222,109.999992,195.160278,50,-1.52587891E-05,350,300,157.846222,168.160263,253.846222,222.160263,0,1
1393,1393,1390,offscreen_render,31.3114643,startup,27,27,1.77777779,205.947189,195.25827,205.947189,109.999992,195.25827,50,-1.52587891E-05,350,300,157.947189,168.25827,253.947189,222.25827,0,1
1394,1394,1391,offscreen_render,31.32807,startup,27,27,1.77777779,206.051,195.354767,206.051,109.999992,195.354767,50,-1.52587891E-05,350,300,158.05101,168.354767,254.05101,222.354767,0,1
1395,1395,1392,offscreen_render,31.34497,startup,27,27,1.77777779,206.157288,195.449951,206.157288,109.999992,195.449951,50,-1.52587891E-05,350,300,158.1573,168.449951,254.1573,222.449951,0,1
1396,1396,1393,offscreen_render,31.3616886,startup,27,27,1.77777779,206.265747,195.543991,206.265747,109.999992,195.543991,50,-1.52587891E-05,350,300,158.265747,168.543976,254.265747,222.543976,0,1
1397,1397,1394,offscreen_render,31.37829,startup,27,27,1.77777779,206.3761,195.637024,206.3761,109.999992,195.637024,50,-1.52587891E-05,350,300,158.376114,168.637009,254.376114,222.637009,0,1
1398,1398,1395,offscreen_render,31.39492,startup,27,27,1.77777779,206.488113,195.729187,206.488113,109.999992,195.729187,50,-1.52587891E-05,350,300,158.488129,168.729187,254.488129,222.729187,0,1
1399,1399,1396,offscreen_render,31.411459,startup,27,27,1.77777779,206.601578,195.820587,206.601578,109.999992,195.820587,50,-1.52587891E-05,350,300,158.6016,168.820572,254.6016,222.820572,0,1
1400,1400,1397,offscreen_render,31.42804,startup,27,27,1.77777779,206.7163,195.911316,206.7163,109.999992,195.911316,50,-1.52587891E-05,350,300,158.716309,168.9113,254.716309,222.9113,0,1
1401,1401,1398,offscreen_render,31.4450016,startup,27,27,1.77777779,206.832092,196.00148,206.832092,109.999992,196.00148,50,-1.52587891E-05,350,300,158.832092,169.001465,254.832092,223.001465,0,1
1402,1402,1399,offscreen_render,31.4627686,startup,27,27,1.77777779,206.955276,196.096069,206.955276,109.999992,196.096069,50,-1.52587891E-05,350,300,158.955276,169.096054,254.955276,223.096054,0,1
1403,1403,1400,offscreen_render,31.4792423,startup,27,27,1.77777779,207.072937,196.185333,207.072937,109.999992,196.185333,50,-1.52587891E-05,350,300,159.072937,169.185333,255.072937,223.185333,0,1
1404,1404,1401,offscreen_render,31.4957466,startup,27,27,1.77777779,207.191254,196.274216,207.191254,109.999992,196.274216,50,-1.52587891E-05,350,300,159.191254,169.2742,255.191254,223.2742,0,1
1405,1405,1402,offscreen_render,31.5126858,startup,27,27,1.77777779,207.310165,196.362778,207.310165,109.999992,196.362778,50,-1.52587891E-05,350,300,159.310181,169.362762,255.310181,223.362762,0,1
1406,1406,1403,offscreen_render,31.5295582,startup,27,27,1.77777779,207.429565,196.45105,207.429565,109.999992,196.45105,50,-1.52587891E-05,350,300,159.429565,169.451035,255.429565,223.451035,0,1
1407,1407,1404,offscreen_render,31.5458317,startup,27,27,1.77777779,207.5494,196.539078,207.5494,109.999992,196.539078,50,-1.52587891E-05,350,300,159.549408,169.539078,255.549408,223.539078,0,1
1408,1408,1405,offscreen_render,31.5622864,startup,27,27,1.77777779,207.6696,196.6269,207.6696,109.999992,196.6269,50,-1.52587891E-05,350,300,159.669617,169.6269,255.669617,223.6269,0,1
1409,1409,1406,offscreen_render,31.579,startup,27,27,1.77777779,207.790131,196.714554,207.790131,109.999992,196.714554,50,-1.52587891E-05,350,300,159.790146,169.714539,255.790146,223.714539,0,1
1410,1410,1407,offscreen_render,31.5958023,startup,27,27,1.77777779,207.910934,196.802063,207.910934,109.999992,196.802063,50,-1.52587891E-05,350,300,159.91095,169.802048,255.91095,223.802048,0,1
1411,1411,1408,offscreen_render,31.612669,startup,27,27,1.77777779,208.031967,196.889435,208.031967,109.999992,196.889435,50,-1.52587891E-05,350,300,160.031982,169.889435,256.031982,223.889435,0,1
1412,1412,1409,offscreen_render,31.6292076,startup,27,27,1.77777779,208.153214,196.9767,208.153214,109.999992,196.9767,50,-1.52587891E-05,350,300,160.153229,169.9767,256.153229,223.9767,0,1
1413,1413,1410,offscreen_render,31.6459255,startup,27,27,1.77777779,208.274628,197.063873,208.274628,109.999992,197.063873,50,-1.52587891E-05,350,300,160.274643,170.063873,256.274658,224.063873,0,1
1414,1414,1411,offscreen_render,31.6623955,startup,27,27,1.77777779,208.3962,197.15097,208.3962,109.999992,197.15097,50,-1.52587891E-05,350,300,160.39621,170.15097,256.3962,224.15097,0,1
1415,1415,1412,offscreen_render,31.6794682,startup,27,27,1.77777779,208.5179,197.238,208.5179,109.999992,197.238,50,-1.52587891E-05,350,300,160.5179,170.237991,256.517883,224.237991,0,1
1416,1416,1413,offscreen_render,31.6958866,startup,27,27,1.77777779,208.6397,197.324982,208.6397,109.999992,197.324982,50,-1.52587891E-05,350,300,160.639709,170.324982,256.6397,224.324982,0,1
1417,1417,1414,offscreen_render,31.7128716,startup,27,27,1.77777779,208.7616,197.411911,208.7616,109.999992,197.411911,50,-1.52587891E-05,350,300,160.761612,170.411911,256.7616,224.411911,0,1
1418,1418,1415,offscreen_render,31.729002,startup,27,27,1.77777779,208.883575,197.4988,208.883575,109.999992,197.4988,50,-1.52587891E-05,350,300,160.883575,170.498779,256.883575,224.498779,0,1
1419,1419,1416,offscreen_render,31.7458782,startup,27,27,1.77777779,209.00563,197.585648,209.00563,109.999992,197.585648,50,-1.52587891E-05,350,300,161.005646,170.585632,257.005646,224.585632,0,1
1420,1420,1417,offscreen_render,31.7623882,startup,27,27,1.77777779,209.127731,197.67247,209.127731,109.999992,197.67247,50,-1.52587891E-05,350,300,161.127731,170.672455,257.127747,224.672455,0,1
1421,1421,1418,offscreen_render,31.7792034,startup,27,27,1.77777779,209.249878,197.759277,209.249878,109.999992,197.759277,50,-1.52587891E-05,350,300,161.249878,170.759262,257.249878,224.759262,0,1
1422,1422,1419,offscreen_render,31.7961884,startup,27,27,1.77777779,209.37207,197.846069,209.37207,109.999992,197.846069,50,-1.52587891E-05,350,300,161.372086,170.846069,257.37207,224.846069,0,1
1423,1423,1420,offscreen_render,31.8126354,startup,27,27,1.77777779,209.4943,197.932831,209.4943,109.999992,197.932831,50,-1.52587891E-05,350,300,161.494308,170.932831,257.494324,224.932831,0,1
1424,1424,1421,offscreen_render,31.8289852,startup,27,27,1.77777779,209.614975,198.020508,209.614975,109.999992,198.020508,50,-1.52587891E-05,350,300,161.614975,171.020508,257.615,225.020508,0,1
1425,1425,1422,offscreen_render,31.8457928,startup,27,27,1.77777779,209.731628,198.110565,209.731628,109.999992,198.110565,50,-1.52587891E-05,350,300,161.731628,171.110565,257.731628,225.110565,0,1
1426,1426,1423,offscreen_render,31.8624039,startup,27,27,1.77777779,209.842636,198.203949,209.842636,109.999992,198.203949,50,-1.52587891E-05,350,300,161.842651,171.203934,257.842651,225.203934,0,1
1427,1427,1424,offscreen_render,31.8793755,startup,27,27,1.77777779,209.947067,198.301224,209.947067,109.999992,198.301224,50,-1.52587891E-05,350,300,161.947083,171.301224,257.947083,225.301224,0,1
1428,1428,1425,offscreen_render,31.8957,startup,27,27,1.77777779,210.044449,198.402664,210.044449,109.999992,198.402664,50,-1.52587891E-05,350,300,162.044449,171.402664,258.044434,225.402664,0,1
1429,1429,1426,offscreen_render,31.91238,startup,27,27,1.77777779,210.134659,198.508331,210.134659,109.999992,198.508331,50,-1.52587891E-05,350,300,162.134674,171.508316,258.134674,225.508316,0,1
1430,1430,1427,offscreen_render,31.9294529,startup,27,27,1.77777779,210.217819,198.618164,210.217819,109.999992,198.618164,50,-1.52587891E-05,350,300,162.217834,171.618149,258.217834,225.618149,0,1
1431,1431,1428,offscreen_render,31.9458351,startup,27,27,1.77777779,210.29422,198.732,210.29422,109.999992,198.732,50,-1.52587891E-05,350,300,162.29422,171.732,258.29422,225.732,0,1
1432,1432,1429,offscreen_render,31.96263,startup,27,27,1.77777779,210.364243,198.849579,210.364243,109.999992,198.849579,50,-1.52587891E-05,350,300,162.364243,171.849579,258.364258,225.849579,0,1
1433,1433,1430,offscreen_render,31.97963,startup,27,27,1.77777779,210.428345,198.970673,210.428345,109.999992,198.970673,50,-1.52587891E-05,350,300,162.428345,171.970657,258.428345,225.970657,0,1
1434,1434,1431,offscreen_render,31.9958324,startup,27,27,1.77777779,210.487,199.094971,210.487,109.999992,199.094971,50,-1.52587891E-05,350,300,162.487015,172.094971,258.487,226.094971,0,1
1435,1435,1432,offscreen_render,32.0131264,startup,27,27,1.77777779,210.540726,199.222275,210.540726,109.999992,199.222275,50,-1.52587891E-05,350,300,162.540741,172.222275,258.540741,226.222275,0,1
1436,1436,1433,offscreen_render,32.0296936,startup,27,27,1.77777779,210.589935,199.352158,210.589935,109.999992,199.352158,50,-1.52587891E-05,350,300,162.589935,172.352142,258.589935,226.352142,0,1
1437,1437,1434,offscreen_render,32.0456543,startup,27,27,1.77777779,210.634872,199.482178,210.634872,109.999992,199.482178,50,-1.52587891E-05,350,300,162.634872,172.482162,258.6349,226.482162,0,1
1438,1438,1435,offscreen_render,32.06262,startup,27,27,1.77777779,210.675583,199.6086,210.675583,109.999992,199.6086,50,-1.52587891E-05,350,300,162.6756,172.608582,258.6756,226.608582,0,1
1439,1439,1436,offscreen_render,32.0799522,startup,27,27,1.77777779,210.7135,199.733276,210.7135,109.999992,199.733276,50,-1.52587891E-05,350,300,162.713516,172.733276,258.7135,226.733276,0,1
1440,1440,1437,offscreen_render,32.0965919,startup,27,27,1.77777779,210.746124,199.845657,210.746124,109.999992,199.845657,50,-1.52587891E-05,350,300,162.746124,172.845642,258.746124,226.845642,0,1
1441,1441,1438,offscreen_render,32.11328,startup,27,27,1.77777779,210.775146,199.949524,210.775146,109.999992,199.949524,50,-1.52587891E-05,350,300,162.775146,172.949509,258.775146,226.949509,0,1
1442,1442,1439,offscreen_render,32.1299057,startup,27,27,1.77777779,210.800858,200.044556,210.800858,109.999992,200.044556,50,-1.52587891E-05,350,300,162.800858,173.04454,258.800842,227.04454,0,1
1443,1443,1440,offscreen_render,32.1466446,startup,27,27,1.77777779,210.823547,200.130768,210.823547,109.999992,200.130768,50,-1.52587891E-05,350,300,162.823563,173.130768,258.823547,227.130768,0,1
1444,1444,1441,offscreen_render,32.1633034,startup,27,27,1.77777779,210.8435,200.208435,210.8435,109.999992,200.208435,50,-1.52587891E-05,350,300,162.843521,173.20842,258.8435,227.20842,0,1
1445,1445,1442,offscreen_render,32.17964,startup,27,27,1.77777779,210.861008,200.277985,210.861008,109.999992,200.277985,50,-1.52587891E-05,350,300,162.861008,173.277969,258.861023,227.277969,0,1
1446,1446,1443,offscreen_render,32.1968231,startup,27,27,1.77777779,210.876312,200.339935,210.876312,109.999992,200.339935,50,-1.52587891E-05,350,300,162.876312,173.33992,258.8763,227.33992,0,1
1447,1447,1444,offscreen_render,32.21296,startup,27,27,1.77777779,210.889664,200.394882,210.889664,109.999992,200.394882,50,-1.52587891E-05,350,300,162.889664,173.394867,258.889648,227.394867,0,1
1448,1448,1445,offscreen_render,32.22988,startup,27,27,1.77777779,210.901291,200.44342,210.901291,109.999992,200.44342,50,-1.52587891E-05,350,300,162.901291,173.4434,258.9013,227.4434,0,1
1449,1449,1446,offscreen_render,32.2467346,startup,27,27,1.77777779,210.911392,200.486145,210.911392,109.999992,200.486145,50,-1.52587891E-05,350,300,162.9114,173.486145,258.9114,227.486145,0,1
1450,1450,1447,offscreen_render,32.26303,startup,27,27,1.77777779,210.920151,200.523636,210.920151,109.999992,200.523636,50,-1.52587891E-05,350,300,162.920151,173.523636,258.920166,227.523636,0,1
1451,1451,1448,offscreen_render,32.2799339,startup,27,27,1.77777779,210.927734,200.556442,210.927734,109.999992,200.556442,50,-1.52587891E-05,350,300,162.92775,173.556442,258.927734,227.556442,0,1
1452,1452,1449,offscreen_render,32.2973671,startup,27,27,1.77777779,210.934586,200.5864,210.934586,109.999992,200.5864,50,-1.52587891E-05,350,300,162.9346,173.58638,258.9346,227.58638,0,1
1453,1453,1450,offscreen_render,32.31389,startup,27,27,1.77777779,210.9402,200.61116,210.9402,109.999992,200.61116,50,-1.52587891E-05,350,300,162.9402,173.61116,258.9402,227.61116,0,1
1454,1454,1451,offscreen_render,32.330513,startup,27,27,1.77777779,210.945038,200.63269,210.945038,109.999992,200.63269,50,-1.52587891E-05,350,300,162.945053,173.632675,258.945068,227.632675,0,1
1455,1455,1452,offscreen_render,32.3472061,startup,27,27,1.77777779,210.949249,200.651581,210.949249,109.999992,200.651581,50,-1.52587891E-05,350,300,162.949265,173.651566,258.94928,227.651566,0,1
1456,1456,1453,offscreen_render,32.3641853,startup,27,27,1.77777779,210.95282,200.667725,210.95282,109.999992,200.667725,50,-1.52587891E-05,350,300,162.952835,173.667709,258.95282,227.667709,0,1
1457,1457,1454,offscreen_render,32.38084,startup,27,27,1.77777779,210.955887,200.681671,210.955887,109.999992,200.681671,50,-1.52587891E-05,350,300,162.9559,173.681671,258.9559,227.681671,0,1
1458,1458,1455,offscreen_render,32.3973656,startup,27,27,1.77777779,210.958511,200.69371,210.958511,109.999992,200.69371,50,-1.52587891E-05,350,300,162.958511,173.69371,258.9585,227.69371,0,1
1459,1459,1456,offscreen_render,32.414196,startup,27,27,1.77777779,210.960754,200.704086,210.960754,109.999992,200.704086,50,-1.52587891E-05,350,300,162.960754,173.704086,258.960754,227.704086,0,1
1460,1460,1457,offscreen_render,32.4307365,startup,27,27,1.77777779,210.962677,200.713013,210.962677,109.999992,200.713013,50,-1.52587891E-05,350,300,162.962677,173.713,258.962677,227.713,0,1
1461,1461,1458,offscreen_render,32.44722,startup,27,27,1.77777779,210.964325,200.720688,210.964325,109.999992,200.720688,50,-1.52587891E-05,350,300,162.964325,173.720673,258.964325,227.720673,0,1
1462,1462,1459,offscreen_render,32.46432,startup,27,27,1.77777779,210.965729,200.72728,210.965729,109.999992,200.72728,50,-1.52587891E-05,350,300,162.965744,173.727264,258.965759,227.727264,0,1
1463,1463,1460,offscreen_render,32.4811821,startup,27,27,1.77777779,210.966934,200.732941,210.966934,109.999992,200.732941,50,-1.52587891E-05,350,300,162.966934,173.732941,258.966919,227.732941,0,1
1464,1464,1461,offscreen_render,32.4973373,startup,27,27,1.77777779,210.967957,200.7378,210.967957,109.999992,200.7378,50,-1.52587891E-05,350,300,162.967957,173.7378,258.967957,227.7378,0,1
1465,1465,1462,offscreen_render,32.5143471,startup,27,27,1.77777779,210.968826,200.741943,210.968826,109.999992,200.741943,50,-1.52587891E-05,350,300,162.968842,173.741928,258.968842,227.741928,0,1
1466,1466,1463,offscreen_render,32.5307579,startup,27,27,1.77777779,210.969574,200.7455,210.969574,109.999992,200.7455,50,-1.52587891E-05,350,300,162.969589,173.745483,258.9696,227.745483,0,1
1467,1467,1464,offscreen_render,32.54776,startup,27,27,1.77777779,210.970215,200.748535,210.970215,109.999992,200.748535,50,-1.52587891E-05,350,300,162.97023,173.74852,258.9702,227.74852,0,1
1468,1468,1465,offscreen_render,32.5645943,startup,27,27,1.77777779,210.970764,200.751129,210.970764,109.999992,200.751129,50,-1.52587891E-05,350,300,162.970779,173.751114,258.970764,227.751114,0,1
1469,1469,1466,offscreen_render,32.581337,startup,27,27,1.77777779,210.971222,200.753342,210.971222,109.999992,200.753342,50,-1.52587891E-05,350,300,162.971237,173.753326,258.971252,227.753326,0,1
1470,1470,1467,offscreen_render,32.5975876,startup,27,27,1.77777779,210.971619,200.755234,210.971619,109.999992,200.755234,50,-1.52587891E-05,350,300,162.971619,173.755219,258.971619,227.755219,0,1
1471,1471,1468,offscreen_render,32.6144638,startup,27,27,1.77777779,210.971954,200.756851,210.971954,109.999992,200.756851,50,-1.52587891E-05,350,300,162.97197,173.756836,258.972,227.756836,0,1
1472,1472,1469,offscreen_render,32.6308441,startup,27,27,1.77777779,210.972244,200.758224,210.972244,109.999992,200.758224,50,-1.52587891E-05,350,300,162.972244,173.758224,258.972229,227.758224,0,1
1473,1473,1470,offscreen_render,32.647274,startup,27,27,1.77777779,210.972488,200.7594,210.972488,109.999992,200.7594,50,-1.52587891E-05,350,300,162.9725,173.7594,258.9725,227.7594,0,1
1474,1474,1471,offscreen_render,32.6646767,startup,27,27,1.77777779,210.972687,200.760391,210.972687,109.999992,200.760391,50,-1.52587891E-05,350,300,162.9727,173.760376,258.972717,227.760376,0,1
1475,1475,1472,offscreen_render,32.681118,startup,27,27,1.77777779,210.972855,200.76123,210.972855,109.999992,200.76123,50,-1.52587891E-05,350,300,162.97287,173.761215,258.97287,227.761215,0,1
1476,1476,1473,offscreen_render,32.697628,startup,27,27,1.77777779,210.973,200.761948,210.973,109.999992,200.761948,50,-1.52587891E-05,350,300,162.973022,173.761948,258.973022,227.761948,0,1
1477,1477,1474,offscreen_render,32.7140923,startup,27,27,1.77777779,210.973129,200.762558,210.973129,109.999992,200.762558,50,-1.52587891E-05,350,300,162.973145,173.762543,258.973145,227.762543,0,1
1478,1478,1475,offscreen_render,32.7308121,startup,27,27,1.77777779,210.973236,200.763077,210.973236,109.999992,200.763077,50,-1.52587891E-05,350,300,162.973251,173.763062,258.973267,227.763062,0,1
1479,1479,1476,offscreen_render,32.74747,startup,27,27,1.77777779,210.973328,200.763519,210.973328,109.999992,200.763519,50,-1.52587891E-05,350,300,162.973343,173.763519,258.973328,227.763519,0,1
1480,1480,1477,offscreen_render,32.85696,startup,27,27,1.77777779,210.894745,200.636154,210.894745,109.999992,200.636154,50,-1.52587891E-05,350,300,162.894745,173.636139,258.894745,227.636139,0,1
1481,1481,1478,offscreen_render,32.8746643,startup,27,27,1.77777779,210.878143,200.609085,210.878143,109.999992,200.609085,50,-1.52587891E-05,350,300,162.878143,173.609085,258.878143,227.609085,0,1
1482,1482,1479,offscreen_render,32.8904076,startup,27,27,1.77777779,210.8593,200.578354,210.8593,109.999992,200.578354,50,-1.52587891E-05,350,300,162.859314,173.578354,258.8593,227.578354,0,1
1483,1483,1480,offscreen_render,32.9067459,startup,27,27,1.77777779,210.837219,200.542328,210.837219,109.999992,200.542328,50,-1.52587891E-05,350,300,162.837219,173.542313,258.837219,227.542313,0,1
1484,1484,1481,offscreen_render,32.92346,startup,27,27,1.77777779,210.81131,200.500015,210.81131,109.999992,200.500015,50,-1.52587891E-05,350,300,162.81131,173.5,258.8113,227.5,0,1
1485,1485,1482,offscreen_render,32.9401474,startup,27,27,1.77777779,210.78125,200.450928,210.78125,109.999992,200.450928,50,-1.52587891E-05,350,300,162.781265,173.450912,258.78125,227.450912,0,1
1486,1486,1483,offscreen_render,32.9570351,startup,27,27,1.77777779,210.746964,200.3949,210.746964,109.999992,200.3949,50,-1.52587891E-05,350,300,162.746979,173.394882,258.746979,227.394882,0,1
1487,1487,1484,offscreen_render,32.973423,startup,27,27,1.77777779,210.7085,200.332031,210.7085,109.999992,200.332031,50,-1.52587891E-05,350,300,162.7085,173.332016,258.7085,227.332016,0,1
1488,1488,1485,offscreen_render,32.99018,startup,27,27,1.77777779,210.666,200.262589,210.666,109.999992,200.262589,50,-1.52587891E-05,350,300,162.666,173.262573,258.666016,227.262573,0,1
1489,1489,1486,offscreen_render,33.00663,startup,27,27,1.77777779,210.6197,200.18692,210.6197,109.999992,200.18692,50,-1.52587891E-05,350,300,162.61972,173.1869,258.61972,227.1869,0,1
1490,1490,1487,offscreen_render,33.023674,startup,27,27,1.77777779,210.56987,200.105469,210.56987,109.999992,200.105469,50,-1.52587891E-05,350,300,162.56987,173.105469,258.5699,227.105469,0,1
1491,1491,1488,offscreen_render,33.03993,startup,27,27,1.77777779,210.516785,200.0187,210.516785,109.999992,200.0187,50,-1.52587891E-05,350,300,162.516785,173.0187,258.516785,227.0187,0,1
1492,1492,1489,offscreen_render,33.05682,startup,27,27,1.77777779,210.460739,199.9271,210.460739,109.999992,199.9271,50,-1.52587891E-05,350,300,162.460739,172.9271,258.460754,226.9271,0,1
1493,1493,1490,offscreen_render,33.07354,startup,27,27,1.77777779,210.402008,199.831085,210.402008,109.999992,199.831085,50,-1.52587891E-05,350,300,162.402008,172.831085,258.402,226.831085,0,1
1494,1494,1491,offscreen_render,33.0902061,startup,27,27,1.77777779,210.340866,199.73114,210.340866,109.999992,199.73114,50,-1.52587891E-05,350,300,162.340881,172.73114,258.340881,226.73114,0,1
1495,1495,1492,offscreen_render,33.106514,startup,27,27,1.77777779,210.277573,199.62767,210.277573,109.999992,199.62767,50,-1.52587891E-05,350,300,162.277588,172.62767,258.2776,226.62767,0,1
1496,1496,1493,offscreen_render,33.1233139,startup,27,27,1.77777779,210.212372,199.521072,210.212372,109.999992,199.521072,50,-1.52587891E-05,350,300,162.212372,172.521057,258.212372,226.521057,0,1
1497,1497,1494,offscreen_render,33.13995,startup,27,27,1.77777779,210.145462,199.4117,210.145462,109.999992,199.4117,50,-1.52587891E-05,350,300,162.145477,172.4117,258.145477,226.4117,0,1
1498,1498,1495,offscreen_render,33.1566772,startup,27,27,1.77777779,210.077057,199.299881,210.077057,109.999992,199.299881,50,-1.52587891E-05,350,300,162.077057,172.299881,258.077057,226.299881,0,1
1499,1499,1496,offscreen_render,33.17357,startup,27,27,1.77777779,210.007339,199.185913,210.007339,109.999992,199.185913,50,-1.52587891E-05,350,300,162.007355,172.185913,258.007355,226.185913,0,1
1500,1500,1497,offscreen_render,33.1899261,startup,27,27,1.77777779,209.936478,199.070068,209.936478,109.999992,199.070068,50,-1.52587891E-05,350,300,161.9365,172.070068,257.9365,226.070068,0,1
1501,1501,1498,offscreen_render,33.20639,startup,27,27,1.77777779,209.864456,198.952332,209.864456,109.999992,198.952332,50,-1.52587891E-05,350,300,161.864456,171.952332,257.864441,225.952332,0,1
1502,1502,1499,offscreen_render,33.2234344,startup,27,27,1.77777779,209.7917,198.8334,209.7917,109.999992,198.8334,50,-1.52587891E-05,350,300,161.791718,171.833389,257.791718,225.833389,0,1
1503,1503,1500,offscreen_render,33.23992,startup,27,27,1.77777779,209.718185,198.713226,209.718185,109.999992,198.713226,50,-1.52587891E-05,350,300,161.7182,171.713226,257.7182,225.713226,0,1
1504,1504,1501,offscreen_render,33.2566147,startup,27,27,1.77777779,209.643188,198.590637,209.643188,109.999992,198.590637,50,-1.52587891E-05,350,300,161.643188,171.590622,257.6432,225.590622,0,1
1505,1505,1502,offscreen_render,33.2738342,startup,27,27,1.77777779,209.56842,198.4684,209.56842,109.999992,198.4684,50,-1.52587891E-05,350,300,161.56842,171.4684,257.56842,225.4684,0,1
1506,1506,1503,offscreen_render,33.29025,startup,27,27,1.77777779,209.493149,198.345367,209.493149,109.999992,198.345367,50,-1.52587891E-05,350,300,161.493164,171.345352,257.493164,225.345352,0,1
1507,1507,1504,offscreen_render,33.3066521,startup,27,27,1.77777779,209.417465,198.221634,209.417465,109.999992,198.221634,50,-1.52587891E-05,350,300,161.41748,171.221634,257.41748,225.221634,0,1
1508,1508,1505,offscreen_render,33.3232574,startup,27,27,1.77777779,209.3414,198.09729,209.3414,109.999992,198.09729,50,-1.52587891E-05,350,300,161.341415,171.09729,257.341431,225.09729,0,1
1509,1509,1506,offscreen_render,33.339962,startup,27,27,1.77777779,209.26503,197.972427,209.26503,109.999992,197.972427,50,-1.52587891E-05,350,300,161.265045,170.972412,257.265045,224.972412,0,1
1510,1510,1507,offscreen_render,33.3572121,startup,27,27,1.77777779,209.188385,197.847122,209.188385,109.999992,197.847122,50,-1.52587891E-05,350,300,161.188385,170.847122,257.1884,224.847122,0,1
1511,1511,1508,offscreen_render,33.37346,startup,27,27,1.77777779,209.1115,197.721436,209.1115,109.999992,197.721436,50,-1.52587891E-05,350,300,161.111511,170.72142,257.1115,224.72142,0,1
1512,1512,1509,offscreen_render,33.39013,startup,27,27,1.77777779,209.034409,197.595428,209.034409,109.999992,197.595428,50,-1.52587891E-05,350,300,161.034424,170.595413,257.034424,224.595413,0,1
1513,1513,1510,offscreen_render,33.40646,startup,27,27,1.77777779,208.957153,197.469131,208.957153,109.999992,197.469131,50,-1.52587891E-05,350,300,160.957169,170.469116,256.957153,224.469116,0,1
1514,1514,1511,offscreen_render,33.4235573,startup,27,27,1.77777779,208.879745,197.342575,208.879745,109.999992,197.342575,50,-1.52587891E-05,350,300,160.879761,170.34256,256.879761,224.34256,0,1
1515,1515,1512,offscreen_render,33.4402733,startup,27,27,1.77777779,208.802216,197.21582,208.802216,109.999992,197.21582,50,-1.52587891E-05,350,300,160.802216,170.2158,256.802216,224.2158,0,1
1516,1516,1513,offscreen_render,33.4567032,startup,27,27,1.77777779,208.724564,197.088882,208.724564,109.999992,197.088882,50,-1.52587891E-05,350,300,160.724579,170.088867,256.724579,224.088867,0,1
1517,1517,1514,offscreen_render,33.47352,startup,27,27,1.77777779,208.64682,196.961792,208.64682,109.999992,196.961792,50,-1.52587891E-05,350,300,160.64682,169.961777,256.64682,223.961777,0,1
1518,1518,1515,offscreen_render,33.49007,startup,27,27,1.77777779,208.569,196.834579,208.569,109.999992,196.834579,50,-1.52587891E-05,350,300,160.569,169.834564,256.569,223.834564,0,1
1519,1519,1516,offscreen_render,33.50665,startup,27,27,1.77777779,208.491119,196.70726,208.491119,109.999992,196.70726,50,-1.52587891E-05,350,300,160.491119,169.70726,256.491119,223.70726,0,1
1520,1520,1517,offscreen_render,33.5233,startup,27,27,1.77777779,208.413177,196.579834,208.413177,109.999992,196.579834,50,-1.52587891E-05,350,300,160.413177,169.579819,256.413177,223.579819,0,1
1521,1521,1518,offscreen_render,33.5399361,startup,27,27,1.77777779,208.33519,196.452332,208.33519,109.999992,196.452332,50,-1.52587891E-05,350,300,160.3352,169.452316,256.3352,223.452316,0,1
1522,1522,1519,offscreen_render,33.55645,startup,27,27,1.77777779,208.257156,196.324768,208.257156,109.999992,196.324768,50,-1.52587891E-05,350,300,160.257156,169.324768,256.257141,223.324768,0,1
1523,1523,1520,offscreen_render,33.57385,startup,27,27,1.77777779,208.179077,196.197128,208.179077,109.999992,196.197128,50,-1.52587891E-05,350,300,160.179077,169.197128,256.179077,223.197128,0,1
1524,1524,1521,offscreen_render,33.5898247,startup,27,27,1.77777779,208.100983,196.069458,208.100983,109.999992,196.069458,50,-1.52587891E-05,350,300,160.100983,169.069443,256.100983,223.069443,0,1
1525,1525,1522,offscreen_render,33.6065254,startup,27,27,1.77777779,208.022858,195.941742,208.022858,109.999992,195.941742,50,-1.52587891E-05,350,300,160.022873,168.941727,256.0229,222.941727,0,1
1526,1526,1523,offscreen_render,33.6234131,startup,27,27,1.77777779,207.9447,195.81398,207.9447,109.999992,195.81398,50,-1.52587891E-05,350,300,159.9447,168.81398,255.9447,222.81398,0,1
1527,1527,1524,offscreen_render,33.64042,startup,27,27,1.77777779,207.866531,195.686188,207.866531,109.999992,195.686188,50,-1.52587891E-05,350,300,159.866547,168.686188,255.866547,222.686188,0,1
1528,1528,1525,offscreen_render,33.6568756,startup,27,27,1.77777779,207.788345,195.55838,207.788345,109.999992,195.55838,50,-1.52587891E-05,350,300,159.788361,168.55838,255.788361,222.55838,0,1
1529,1529,1526,offscreen_render,33.673336,startup,27,27,1.77777779,207.710144,195.430542,207.710144,109.999992,195.430542,50,-1.52587891E-05,350,300,159.710144,168.430527,255.710144,222.430527,0,1
1530,1530,1527,offscreen_render,33.6902428,startup,27,27,1.77777779,207.631927,195.302689,207.631927,109.999992,195.302689,50,-1.52587891E-05,350,300,159.631943,168.302689,255.631943,222.302689,0,1
1531,1531,1528,offscreen_render,33.70654,startup,27,27,1.77777779,207.553711,195.17482,207.553711,109.999992,195.17482,50,-1.52587891E-05,350,300,159.553711,168.17482,255.553711,222.17482,0,1
1532,1532,1529,offscreen_render,33.72328,startup,27,27,1.77777779,207.475479,195.046936,207.475479,109.999992,195.046936,50,-1.52587891E-05,350,300,159.475479,168.046936,255.475479,222.046936,0,1
1533,1533,1530,offscreen_render,33.7404442,startup,27,27,1.77777779,207.397247,194.919037,207.397247,109.999992,194.919037,50,-1.52587891E-05,350,300,159.397247,167.919022,255.397247,221.919022,0,1
1534,1534,1531,offscreen_render,33.7563362,startup,27,27,1.77777779,207.319016,194.791138,207.319016,109.999992,194.791138,50,-1.52587891E-05,350,300,159.319016,167.791122,255.319016,221.791122,0,1
1535,1535,1532,offscreen_render,33.7731133,startup,27,27,1.77777779,207.240768,194.663223,207.240768,109.999992,194.663223,50,-1.52587891E-05,350,300,159.240784,167.663223,255.240784,221.663223,0,1
1536,1536,1533,offscreen_render,33.789753,startup,27,27,1.77777779,207.162521,194.5353,207.162521,109.999992,194.5353,50,-1.52587891E-05,350,300,159.162537,167.535278,255.162537,221.535278,0,1
1537,1537,1534,offscreen_render,33.80652,startup,27,27,1.77777779,207.084274,194.407364,207.084274,109.999992,194.407364,50,-1.52587891E-05,350,300,159.084274,167.407364,255.084274,221.407364,0,1
1538,1538,1535,offscreen_render,33.8236351,startup,27,27,1.77777779,207.006012,194.279419,207.006012,109.999992,194.279419,50,-1.52587891E-05,350,300,159.006012,167.279419,255.006012,221.279419,0,1
1539,1539,1536,offscreen_render,33.83992,startup,27,27,1.77777779,206.927765,194.151489,206.927765,109.999992,194.151489,50,-1.52587891E-05,350,300,158.927765,167.151474,254.927765,221.151474,0,1
1540,1540,1537,offscreen_render,33.8570251,startup,27,27,1.77777779,206.8495,194.023544,206.8495,109.999992,194.023544,50,-1.52587891E-05,350,300,158.849518,167.023544,254.849518,221.023544,0,1
1541,1541,1538,offscreen_render,33.8736076,startup,27,27,1.77777779,206.77124,193.8956,206.77124,109.999992,193.8956,50,-1.52587891E-05,350,300,158.771255,166.8956,254.771255,220.8956,0,1
1542,1542,1539,offscreen_render,33.8901443,startup,27,27,1.77777779,206.692978,193.767654,206.692978,109.999992,193.767654,50,-1.52587891E-05,350,300,158.692978,166.767639,254.692978,220.767639,0,1
1543,1543,1540,offscreen_render,33.90692,startup,27,27,1.77777779,206.614716,193.639709,206.614716,109.999992,193.639709,50,-1.52587891E-05,350,300,158.614716,166.6397,254.614716,220.6397,0,1
1544,1544,1541,offscreen_render,33.9237823,startup,27,27,1.77777779,206.536438,193.511749,206.536438,109.999992,193.511749,50,-1.52587891E-05,350,300,158.536438,166.511734,254.536438,220.511734,0,1
1545,1545,1542,offscreen_render,33.94014,startup,27,27,1.77777779,206.458176,193.3838,206.458176,109.999992,193.3838,50,-1.52587891E-05,350,300,158.458191,166.383789,254.458191,220.383789,0,1
1546,1546,1543,offscreen_render,33.9571342,startup,27,27,1.77777779,206.379913,193.255844,206.379913,109.999992,193.255844,50,-1.52587891E-05,350,300,158.379913,166.255829,254.379913,220.255829,0,1
1547,1547,1544,offscreen_render,33.97362,startup,27,27,1.77777779,206.301651,193.127884,206.301651,109.999992,193.127884,50,-1.52587891E-05,350,300,158.301666,166.127884,254.301666,220.127884,0,1
1548,1548,1545,offscreen_render,33.9899979,startup,27,27,1.77777779,206.223373,192.999924,206.223373,109.999992,192.999924,50,-1.52587891E-05,350,300,158.223389,165.999924,254.223389,219.999924,0,1
1549,1549,1546,offscreen_render,34.00628,startup,27,27,1.77777779,206.145111,192.871979,206.145111,109.999992,192.871979,50,-1.52587891E-05,350,300,158.145126,165.871979,254.145126,219.871979,0,1
1550,1550,1547,offscreen_render,34.0239639,startup,27,27,1.77777779,206.066833,192.744019,206.066833,109.999992,192.744019,50,-1.52587891E-05,350,300,158.066849,165.744019,254.066849,219.744019,0,1
1551,1551,1548,offscreen_render,34.0402145,startup,27,27,1.77777779,205.9865,192.612686,205.9865,109.999992,192.612686,50,-1.52587891E-05,350,300,157.986511,165.612686,253.986511,219.612686,0,1
1552,1552,1549,offscreen_render,34.0568428,startup,27,27,1.77777779,205.9082,192.4847,205.9082,109.999992,192.4847,50,-1.52587891E-05,350,300,157.9082,165.4847,253.9082,219.4847,0,1
1553,1553,1550,offscreen_render,34.0737,startup,27,27,1.77777779,205.83107,192.356384,205.83107,109.999992,192.356384,50,-1.52587891E-05,350,300,157.831085,165.356369,253.831085,219.356369,0,1
1554,1554,1551,offscreen_render,34.0907,startup,27,27,1.77777779,205.7569,192.227234,205.7569,109.999992,192.227234,50,-1.52587891E-05,350,300,157.7569,165.227234,253.7569,219.227234,0,1
1555,1555,1552,offscreen_render,34.106823,startup,27,27,1.77777779,205.686859,192.096924,205.686859,109.999992,192.096924,50,-1.52587891E-05,350,300,157.686859,165.096909,253.686859,219.096909,0,1
1556,1556,1553,offscreen_render,34.12387,startup,27,27,1.77777779,205.621628,191.965225,205.621628,109.999992,191.965225,50,-1.52587891E-05,350,300,157.621628,164.96521,253.621628,218.96521,0,1
1557,1557,1554,offscreen_render,34.1404228,startup,27,27,1.77777779,205.561539,191.832077,205.561539,109.999992,191.832077,50,-1.52587891E-05,350,300,157.561554,164.832047,253.561554,218.832047,0,1
1558,1558,1555,offscreen_render,34.15709,startup,27,27,1.77777779,205.506683,191.697418,205.506683,109.999992,191.697418,50,-1.52587891E-05,350,300,157.506683,164.6974,253.506683,218.6974,0,1
1559,1559,1556,offscreen_render,34.1738739,startup,27,27,1.77777779,205.45697,191.5613,205.45697,109.999992,191.5613,50,-1.52587891E-05,350,300,157.45697,164.561279,253.45697,218.561279,0,1
1560,1560,1557,offscreen_render,34.19034,startup,27,27,1.77777779,205.4122,191.423767,205.4122,109.999992,191.423767,50,-1.52587891E-05,350,300,157.4122,164.423752,253.4122,218.423752,0,1
1561,1561,1558,offscreen_render,34.2069321,startup,27,27,1.77777779,205.372086,191.284912,205.372086,109.999992,191.284912,50,-1.52587891E-05,350,300,157.3721,164.284882,253.3721,218.284882,0,1
1562,1562,1559,offscreen_render,34.2239647,startup,27,27,1.77777779,205.336288,191.1448,205.336288,109.999992,191.1448,50,-1.52587891E-05,350,300,157.3363,164.144775,253.3363,218.144775,0,1
1563,1563,1560,offscreen_render,34.24033,startup,27,27,1.77777779,205.304459,191.003571,205.304459,109.999992,191.003571,50,-1.52587891E-05,350,300,157.304474,164.00354,253.304474,218.00354,0,1
1564,1564,1561,offscreen_render,34.25724,startup,27,27,1.77777779,205.276245,190.8613,205.276245,109.999992,190.8613,50,-1.52587891E-05,350,300,157.276245,163.861267,253.276245,217.861267,0,1
1565,1565,1562,offscreen_render,34.2738876,startup,27,27,1.77777779,205.251114,190.716934,205.251114,109.999992,190.716934,50,-1.52587891E-05,350,300,157.251114,163.7169,253.251114,217.7169,0,1
1566,1566,1563,offscreen_render,34.29035,startup,27,27,1.77777779,205.229126,190.572876,205.229126,109.999992,190.572876,50,-1.52587891E-05,350,300,157.229141,163.572845,253.229141,217.572845,0,1
1567,1567,1564,offscreen_render,34.3071442,startup,27,27,1.77777779,205.209747,190.42807,205.209747,109.999992,190.42807,50,-1.52587891E-05,350,300,157.209747,163.428055,253.209747,217.428055,0,1
1568,1568,1565,offscreen_render,34.3238449,startup,27,27,1.77777779,205.192688,190.282608,205.192688,109.999992,190.282608,50,-1.52587891E-05,350,300,157.1927,163.282578,253.1927,217.282578,0,1
1569,1569,1566,offscreen_render,34.3405876,startup,27,27,1.77777779,205.177689,190.136536,205.177689,109.999992,190.136536,50,-1.52587891E-05,350,300,157.177689,163.1365,253.177689,217.1365,0,1
1570,1570,1567,offscreen_render,34.35738,startup,27,27,1.77777779,205.1645,189.98996,205.1645,109.999992,189.98996,50,-1.52587891E-05,350,300,157.1645,162.989944,253.1645,216.989944,0,1
1571,1571,1568,offscreen_render,34.37395,startup,27,27,1.77777779,205.152908,189.842941,205.152908,109.999992,189.842941,50,-1.52587891E-05,350,300,157.152924,162.842911,253.152924,216.842911,0,1
1572,1572,1569,offscreen_render,34.39051,startup,27,27,1.77777779,205.142715,189.695511,205.142715,109.999992,189.695511,50,-1.52587891E-05,350,300,157.142715,162.69548,253.142715,216.69548,0,1
1573,1573,1570,offscreen_render,34.40728,startup,27,27,1.77777779,205.133743,189.547729,205.133743,109.999992,189.547729,50,-1.52587891E-05,350,300,157.133743,162.547714,253.133743,216.547714,0,1
1574,1574,1571,offscreen_render,34.4241257,startup,27,27,1.77777779,205.125824,189.399643,205.125824,109.999992,189.399643,50,-1.52587891E-05,350,300,157.125824,162.399612,253.125824,216.399612,0,1
1575,1575,1572,offscreen_render,34.44066,startup,27,27,1.77777779,205.118835,189.2513,205.118835,109.999992,189.2513,50,-1.52587891E-05,350,300,157.118835,162.251282,253.118835,216.251282,0,1
1576,1576,1573,offscreen_render,34.45844,startup,27,27,1.77777779,205.112335,189.094421,205.112335,109.999992,189.094421,50,-1.52587891E-05,350,300,157.112335,162.094391,253.112335,216.094391,0,1
1577,1577,1574,offscreen_render,34.4747849,startup,27,27,1.77777779,205.106888,188.945557,205.106888,109.999992,188.945557,50,-1.52587891E-05,350,300,157.1069,161.945526,253.1069,215.945526,0,1
1578,1578,1575,offscreen_render,34.4914436,startup,27,27,1.77777779,205.102036,188.796539,205.102036,109.999992,188.796539,50,-1.52587891E-05,350,300,157.102051,161.796524,253.102051,215.796524,0,1
1579,1579,1576,offscreen_render,34.5082054,startup,27,27,1.77777779,205.097687,188.6474,205.097687,109.999992,188.6474,50,-1.52587891E-05,350,300,157.097687,161.647385,253.097687,215.647385,0,1
1580,1580,1577,offscreen_render,34.5248,startup,27,27,1.77777779,205.0938,188.498154,205.0938,109.999992,188.498154,50,-1.52587891E-05,350,300,157.093811,161.498138,253.093811,215.498138,0,1
1581,1581,1578,offscreen_render,34.5413971,startup,27,27,1.77777779,205.090286,188.348816,205.090286,109.999992,188.348816,50,-1.52587891E-05,350,300,157.0903,161.348785,253.0903,215.348785,0,1
1582,1582,1579,offscreen_render,34.5581856,startup,27,27,1.77777779,205.087082,188.1982,205.087082,109.999992,188.1982,50,-1.52587891E-05,350,300,157.0871,161.198166,253.0871,215.198166,0,1
1583,1583,1580,offscreen_render,34.5751343,startup,27,27,1.77777779,205.084183,188.048676,205.084183,109.999992,188.048676,50,-1.52587891E-05,350,300,157.0842,161.04866,253.0842,215.04866,0,1
1584,1584,1581,offscreen_render,34.59135,startup,27,27,1.77777779,205.081528,187.899109,205.081528,109.999992,187.899109,50,-1.52587891E-05,350,300,157.081543,160.899078,253.081543,214.899078,0,1
1585,1585,1582,offscreen_render,34.6081161,startup,27,27,1.77777779,205.079071,187.749481,205.079071,109.999992,187.749481,50,-1.52587891E-05,350,300,157.079086,160.749451,253.079086,214.749451,0,1
1586,1586,1583,offscreen_render,34.624752,startup,27,27,1.77777779,205.0768,187.599808,205.0768,109.999992,187.599808,50,-1.52587891E-05,350,300,157.0768,160.5998,253.0768,214.5998,0,1
1587,1587,1584,offscreen_render,34.6415367,startup,27,27,1.77777779,205.074677,187.450073,205.074677,109.999992,187.450073,50,-1.52587891E-05,350,300,157.074692,160.450058,253.074692,214.450058,0,1
1588,1588,1585,offscreen_render,34.6582146,startup,27,27,1.77777779,205.0727,187.300323,205.0727,109.999992,187.300323,50,-1.52587891E-05,350,300,157.0727,160.3003,253.0727,214.3003,0,1
1589,1589,1586,offscreen_render,34.6747856,startup,27,27,1.77777779,205.070816,187.150528,205.070816,109.999992,187.150528,50,-1.52587891E-05,350,300,157.070831,160.1505,253.070831,214.1505,0,1
1590,1590,1587,offscreen_render,34.69173,startup,27,27,1.77777779,205.069031,187.0007,205.069031,109.999992,187.0007,50,-1.52587891E-05,350,300,157.069031,160.000671,253.069031,214.000671,0,1
1591,1591,1588,offscreen_render,34.70806,startup,27,27,1.77777779,205.067337,186.850861,205.067337,109.999992,186.850861,50,-1.52587891E-05,350,300,157.067352,159.850845,253.067352,213.850845,0,1
1592,1592,1589,offscreen_render,34.7247467,startup,27,27,1.77777779,205.0657,186.701,205.0657,109.999992,186.701,50,-1.52587891E-05,350,300,157.06572,159.700989,253.06572,213.700989,0,1
1593,1593,1590,offscreen_render,34.74138,startup,27,27,1.77777779,205.064133,186.551117,205.064133,109.999992,186.551117,50,-1.52587891E-05,350,300,157.064148,159.5511,253.064148,213.5511,0,1
1594,1594,1591,offscreen_render,34.7582436,startup,27,27,1.77777779,205.0626,186.401215,205.0626,109.999992,186.401215,50,-1.52587891E-05,350,300,157.0626,159.401184,253.0626,213.401184,0,1
1595,1595,1592,offscreen_render,34.7747459,startup,27,27,1.77777779,205.061127,186.2513,205.061127,109.999992,186.2513,50,-1.52587891E-05,350,300,157.061142,159.251266,253.061142,213.251266,0,1
1596,1596,1593,offscreen_render,34.7914162,startup,27,27,1.77777779,205.0597,186.101379,205.0597,109.999992,186.101379,50,-1.52587891E-05,350,300,157.0597,159.101364,253.0597,213.101364,0,1
1597,1597,1594,offscreen_render,34.80792,startup,27,27,1.77777779,205.058289,185.951447,205.058289,109.999992,185.951447,50,-1.52587891E-05,350,300,157.0583,158.951431,253.0583,212.951431,0,1
1598,1598,1595,offscreen_render,34.8247147,startup,27,27,1.77777779,205.0569,185.801514,205.0569,109.999992,185.801514,50,-1.52587891E-05,350,300,157.056915,158.801483,253.056915,212.801483,0,1
1599,1599,1596,offscreen_render,34.841568,startup,27,27,1.77777779,205.055542,185.651566,205.055542,109.999992,185.651566,50,-1.52587891E-05,350,300,157.055557,158.65155,253.055557,212.65155,0,1
1600,1600,1597,offscreen_render,34.8581429,startup,27,27,1.77777779,205.0542,185.501511,205.0542,109.999992,185.501511,50,-1.52587891E-05,350,300,157.0542,158.50148,253.0542,212.50148,0,1
1601,1601,1598,offscreen_render,34.8747444,startup,27,27,1.77777779,205.052872,185.351547,205.052872,109.999992,185.351547,50,-1.52587891E-05,350,300,157.052887,158.351517,253.052887,212.351517,0,1
1602,1602,1599,offscreen_render,34.8915,startup,27,27,1.77777779,205.051559,185.201584,205.051559,109.999992,185.201584,50,-1.52587891E-05,350,300,157.051575,158.201553,253.051575,212.201553,0,1
1603,1603,1600,offscreen_render,34.90797,startup,27,27,1.77777779,205.050262,185.05162,205.050262,109.999992,185.05162,50,-1.52587891E-05,350,300,157.050262,158.05159,253.050262,212.05159,0,1
1604,1604,1601,offscreen_render,34.9248619,startup,27,27,1.77777779,205.048965,184.901642,205.048965,109.999992,184.901642,50,-1.52587891E-05,350,300,157.048965,157.901611,253.048965,211.901611,0,1
1605,1605,1602,offscreen_render,34.94166,startup,27,27,1.77777779,205.047684,184.751663,205.047684,109.999992,184.751663,50,-1.52587891E-05,350,300,157.047684,157.751648,253.047684,211.751648,0,1
1606,1606,1603,offscreen_render,34.9582253,startup,27,27,1.77777779,205.0464,184.601685,205.0464,109.999992,184.601685,50,-1.52587891E-05,350,300,157.0464,157.601669,253.0464,211.601669,0,1
1607,1607,1604,offscreen_render,34.97479,startup,27,27,1.77777779,205.045135,184.4517,205.045135,109.999992,184.4517,50,-1.52587891E-05,350,300,157.045135,157.451691,253.045135,211.451691,0,1
1608,1608,1605,offscreen_render,34.9916534,startup,27,27,1.77777779,205.043869,184.301727,205.043869,109.999992,184.301727,50,-1.52587891E-05,350,300,157.043884,157.3017,253.043884,211.3017,0,1
1609,1609,1606,offscreen_render,35.0080032,startup,27,27,1.77777779,205.0426,184.151733,205.0426,109.999992,184.151733,50,-1.52587891E-05,350,300,157.0426,157.1517,253.0426,211.1517,0,1
1610,1610,1607,offscreen_render,35.0249367,startup,27,27,1.77777779,205.041351,184.001755,205.041351,109.999992,184.001755,50,-1.52587891E-05,350,300,157.041367,157.00174,253.041367,211.00174,0,1
1611,1611,1608,offscreen_render,35.0414467,startup,27,27,1.77777779,205.0401,183.851761,205.0401,109.999992,183.851761,50,-1.52587891E-05,350,300,157.0401,156.851746,253.0401,210.851746,0,1
1612,1612,1609,offscreen_render,35.05824,startup,27,27,1.77777779,205.038849,183.700867,205.038849,109.999992,183.700867,50,-1.52587891E-05,350,300,157.038849,156.700836,253.038849,210.700836,0,1
1613,1613,1610,offscreen_render,35.0749626,startup,27,27,1.77777779,205.0376,183.550858,205.0376,109.999992,183.550858,50,-1.52587891E-05,350,300,157.037613,156.550842,253.037613,210.550842,0,1
1614,1614,1611,offscreen_render,35.0916519,startup,27,27,1.77777779,205.036346,183.400848,205.036346,109.999992,183.400848,50,-1.52587891E-05,350,300,157.036346,156.400818,253.036346,210.400818,0,1
1615,1615,1612,offscreen_render,35.108036,startup,27,27,1.77777779,205.0351,183.250854,205.0351,109.999992,183.250854,50,-1.52587891E-05,350,300,157.0351,156.250839,253.0351,210.250839,0,1
1616,1616,1613,offscreen_render,35.1249,startup,27,27,1.77777779,205.033844,183.100861,205.033844,109.999992,183.100861,50,-1.52587891E-05,350,300,157.033859,156.10083,253.033859,210.10083,0,1
1617,1617,1614,offscreen_render,35.14156,startup,27,27,1.77777779,205.032608,182.950867,205.032608,109.999992,182.950867,50,-1.52587891E-05,350,300,157.032623,155.950851,253.032623,209.950851,0,1
1618,1618,1615,offscreen_render,35.1581764,startup,27,27,1.77777779,205.031372,182.800873,205.031372,109.999992,182.800873,50,-1.52587891E-05,350,300,157.031387,155.800858,253.031387,209.800858,0,1
1619,1619,1616,offscreen_render,35.1750145,startup,27,27,1.77777779,205.030136,182.650879,205.030136,109.999992,182.650879,50,-1.52587891E-05,350,300,157.030151,155.650848,253.030151,209.650848,0,1
1620,1620,1617,offscreen_render,35.19147,startup,27,27,1.77777779,205.0289,182.500885,205.0289,109.999992,182.500885,50,-1.52587891E-05,350,300,157.028915,155.50087,253.028915,209.50087,0,1
1621,1621,1618,offscreen_render,35.2080536,startup,27,27,1.77777779,205.027664,182.350891,205.027664,109.999992,182.350891,50,-1.52587891E-05,350,300,157.027679,155.350876,253.027679,209.350876,0,1
1622,1622,1619,offscreen_render,35.22482,startup,27,27,1.77777779,205.026428,182.2009,205.026428,109.999992,182.2009,50,-1.52587891E-05,350,300,157.026443,155.200867,253.026443,209.200867,0,1
1623,1623,1620,offscreen_render,35.2416573,startup,27,27,1.77777779,205.025192,182.0509,205.025192,109.999992,182.0509,50,-1.52587891E-05,350,300,157.0252,155.050888,253.0252,209.050888,0,1
1624,1624,1621,offscreen_render,35.2583,startup,27,27,1.77777779,205.023956,181.900909,205.023956,109.999992,181.900909,50,-1.52587891E-05,350,300,157.023972,154.900879,253.023972,208.900879,0,1
1625,1625,1622,offscreen_render,35.27523,startup,27,27,1.77777779,205.02272,181.750916,205.02272,109.999992,181.750916,50,-1.52587891E-05,350,300,157.022736,154.7509,253.022736,208.7509,0,1
1626,1626,1623,offscreen_render,35.2917557,startup,27,27,1.77777779,205.021484,181.600922,205.021484,109.999992,181.600922,50,-1.52587891E-05,350,300,157.0215,154.6009,253.0215,208.6009,0,1
1627,1627,1624,offscreen_render,35.30806,startup,27,27,1.77777779,205.020248,181.450928,205.020248,109.999992,181.450928,50,-1.52587891E-05,350,300,157.020264,154.4509,253.020264,208.4509,0,1
1628,1628,1625,offscreen_render,35.32482,startup,27,27,1.77777779,205.019012,181.300934,205.019012,109.999992,181.300934,50,-1.52587891E-05,350,300,157.019028,154.300919,253.019028,208.300919,0,1
1629,1629,1626,offscreen_render,35.3415146,startup,27,27,1.77777779,205.017776,181.15094,205.017776,109.999992,181.15094,50,-1.52587891E-05,350,300,157.017792,154.150925,253.017792,208.150925,0,1
1630,1630,1627,offscreen_render,35.35843,startup,27,27,1.77777779,205.016541,181.000946,205.016541,109.999992,181.000946,50,-1.52587891E-05,350,300,157.016556,154.000916,253.016556,208.000916,0,1
1631,1631,1628,offscreen_render,35.37506,startup,27,27,1.77777779,205.0153,180.850952,205.0153,109.999992,180.850952,50,-1.52587891E-05,350,300,157.01532,153.850937,253.01532,207.850937,0,1
1632,1632,1629,offscreen_render,35.3916359,startup,27,27,1.77777779,205.016022,180.702087,205.016022,109.999992,180.702087,50,-1.52587891E-05,350,300,157.016022,153.702057,253.016022,207.702057,0,1
1633,1633,1630,offscreen_render,35.408493,startup,27,27,1.77777779,205.021774,180.556091,205.021774,109.999992,180.556091,50,-1.52587891E-05,350,300,157.021774,153.556061,253.021774,207.556061,0,1
1634,1634,1631,offscreen_render,35.42496,startup,27,27,1.77777779,205.034546,180.414124,205.034546,109.999992,180.414124,50,-1.52587891E-05,350,300,157.034546,153.4141,253.034546,207.4141,0,1
1635,1635,1632,offscreen_render,35.44189,startup,27,27,1.77777779,205.055511,180.27684,205.055511,109.999992,180.27684,50,-1.52587891E-05,350,300,157.055511,153.27681,253.055511,207.27681,0,1
1636,1636,1633,offscreen_render,35.4582558,startup,27,27,1.77777779,205.085251,180.144577,205.085251,109.999992,180.144577,50,-1.52587891E-05,350,300,157.085266,153.144562,253.085266,207.144562,0,1
1637,1637,1634,offscreen_render,35.47533,startup,27,27,1.77777779,205.1239,180.01741,205.1239,109.999992,180.01741,50,-1.52587891E-05,350,300,157.1239,153.0174,253.1239,207.0174,0,1
1638,1638,1635,offscreen_render,35.49162,startup,27,27,1.77777779,205.17131,179.895279,205.17131,109.999992,179.895279,50,-1.52587891E-05,350,300,157.171326,152.895264,253.171326,206.895264,0,1
1639,1639,1636,offscreen_render,35.5085564,startup,27,27,1.77777779,205.227127,179.777939,205.227127,109.999992,179.777939,50,-1.52587891E-05,350,300,157.227127,152.777908,253.227127,206.777908,0,1
1640,1640,1637,offscreen_render,35.5252037,startup,27,27,1.77777779,205.290863,179.665146,205.290863,109.999992,179.665146,50,-1.52587891E-05,350,300,157.290863,152.665131,253.290863,206.665131,0,1
1641,1641,1638,offscreen_render,35.54153,startup,27,27,1.77777779,205.361954,179.556564,205.361954,109.999992,179.556564,50,-1.52587891E-05,350,300,157.361969,152.556549,253.361969,206.556549,0,1
1642,1642,1639,offscreen_render,35.5582275,startup,27,27,1.77777779,205.439819,179.451859,205.439819,109.999992,179.451859,50,-1.52587891E-05,350,300,157.439819,152.451843,253.439819,206.451843,0,1
1643,1643,1640,offscreen_render,35.57483,startup,27,27,1.77777779,205.523834,179.350677,205.523834,109.999992,179.350677,50,-1.52587891E-05,350,300,157.523849,152.350662,253.523849,206.350662,0,1
1644,1644,1641,offscreen_render,35.5915565,startup,27,27,1.77777779,205.613419,179.252686,205.613419,109.999992,179.252686,50,-1.52587891E-05,350,300,157.613434,152.25267,253.613434,206.25267,0,1
1645,1645,1642,offscreen_render,35.608078,startup,27,27,1.77777779,205.708008,179.157547,205.708008,109.999992,179.157547,50,-1.52587891E-05,350,300,157.708008,152.157516,253.708008,206.157516,0,1
1646,1646,1643,offscreen_render,35.6248779,startup,27,27,1.77777779,205.807053,179.064957,205.807053,109.999992,179.064957,50,-1.52587891E-05,350,300,157.807068,152.064926,253.807068,206.064926,0,1
1647,1647,1644,offscreen_render,35.6416626,startup,27,27,1.77777779,205.91008,178.974625,205.91008,109.999992,178.974625,50,-1.52587891E-05,350,300,157.9101,151.9746,253.9101,205.9746,0,1
1648,1648,1645,offscreen_render,35.658165,startup,27,27,1.77777779,206.016586,178.886322,206.016586,109.999992,178.886322,50,-1.52587891E-05,350,300,158.016586,151.8863,254.016586,205.8863,0,1
1649,1649,1646,offscreen_render,35.6748543,startup,27,27,1.77777779,206.12619,178.799789,206.12619,109.999992,178.799789,50,-1.52587891E-05,350,300,158.12619,151.799759,254.12619,205.799759,0,1
1650,1650,1647,offscreen_render,35.69153,startup,27,27,1.77777779,206.23851,178.714813,206.23851,109.999992,178.714813,50,-1.52587891E-05,350,300,158.23851,151.7148,254.23851,205.7148,0,1
1651,1651,1648,offscreen_render,35.7082138,startup,27,27,1.77777779,206.35321,178.6312,206.35321,109.999992,178.6312,50,-1.52587891E-05,350,300,158.353226,151.631165,254.353226,205.631165,0,1
1652,1652,1649,offscreen_render,35.7248955,startup,27,27,1.77777779,206.469986,178.548767,206.469986,109.999992,178.548767,50,-1.52587891E-05,350,300,158.47,151.548752,254.47,205.548752,0,1
1653,1653,1650,offscreen_render,35.74151,startup,27,27,1.77777779,206.588577,178.467377,206.588577,109.999992,178.467377,50,-1.52587891E-05,350,300,158.5886,151.467361,254.5886,205.467361,0,1
1654,1654,1651,offscreen_render,35.75816,startup,27,27,1.77777779,206.70874,178.386887,206.70874,109.999992,178.386887,50,-1.52587891E-05,350,300,158.70874,151.386856,254.70874,205.386856,0,1
1655,1655,1652,offscreen_render,35.7749062,startup,27,27,1.77777779,206.830276,178.307175,206.830276,109.999992,178.307175,50,-1.52587891E-05,350,300,158.830292,151.307159,254.830292,205.307159,0,1
1656,1656,1653,offscreen_render,35.7916145,startup,27,27,1.77777779,206.953,178.228149,206.953,109.999992,178.228149,50,-1.52587891E-05,350,300,158.953,151.228134,254.953,205.228134,0,1
1657,1657,1654,offscreen_render,35.8080521,startup,27,27,1.77777779,207.076752,178.149719,207.076752,109.999992,178.149719,50,-1.52587891E-05,350,300,159.076767,151.1497,255.076767,205.1497,0,1
1658,1658,1655,offscreen_render,35.825016,startup,27,27,1.77777779,207.201385,178.0718,207.201385,109.999992,178.0718,50,-1.52587891E-05,350,300,159.201385,151.071762,255.201385,205.071762,0,1
1659,1659,1656,offscreen_render,35.84163,startup,27,27,1.77777779,207.326782,177.994308,207.326782,109.999992,177.994308,50,-1.52587891E-05,350,300,159.3268,150.9943,255.3268,204.9943,0,1
1660,1660,1657,offscreen_render,35.8582344,startup,27,27,1.77777779,207.45285,177.917191,207.45285,109.999992,177.917191,50,-1.52587891E-05,350,300,159.452866,150.917175,255.452866,204.917175,0,1
1661,1661,1658,offscreen_render,35.874897,startup,27,27,1.77777779,207.579773,177.841476,207.579773,109.999992,177.841476,50,-1.52587891E-05,350,300,159.579773,150.841461,255.579773,204.841461,0,1
1662,1662,1659,offscreen_render,35.89182,startup,27,27,1.77777779,207.708237,177.768631,207.708237,109.999992,177.768631,50,-1.52587891E-05,350,300,159.708252,150.768616,255.708252,204.768616,0,1
1663,1663,1660,offscreen_render,35.90829,startup,27,27,1.77777779,207.8379,177.700027,207.8379,109.999992,177.700027,50,-1.52587891E-05,350,300,159.837921,150.7,255.837921,204.7,0,1
1664,1664,1661,offscreen_render,35.9248924,startup,27,27,1.77777779,207.9692,177.636108,207.9692,109.999992,177.636108,50,-1.52587891E-05,350,300,159.969208,150.6361,255.969208,204.6361,0,1
1665,1665,1662,offscreen_render,35.94153,startup,27,27,1.77777779,208.102112,177.577148,208.102112,109.999992,177.577148,50,-1.52587891E-05,350,300,160.102112,150.577133,256.1021,204.577133,0,1
1666,1666,1663,offscreen_render,35.9582138,startup,27,27,1.77777779,208.236649,177.523209,208.236649,109.999992,177.523209,50,-1.52587891E-05,350,300,160.236649,150.523178,256.236633,204.523178,0,1
1667,1667,1664,offscreen_render,35.97491,startup,27,27,1.77777779,208.372757,177.4742,208.372757,109.999992,177.4742,50,-1.52587891E-05,350,300,160.372772,150.474182,256.372772,204.474182,0,1
1668,1668,1665,offscreen_render,35.991806,startup,27,27,1.77777779,208.511276,177.4296,208.511276,109.999992,177.4296,50,-1.52587891E-05,350,300,160.511292,150.429565,256.5113,204.429565,0,1
1669,1669,1666,offscreen_render,36.008358,startup,27,27,1.77777779,208.650238,177.38974,208.650238,109.999992,177.38974,50,-1.52587891E-05,350,300,160.650238,150.389725,256.650238,204.389725,0,1
1670,1670,1667,offscreen_render,36.02539,startup,27,27,1.77777779,208.790451,177.353973,208.790451,109.999992,177.353973,50,-1.52587891E-05,350,300,160.790451,150.353943,256.790466,204.353943,0,1
1671,1671,1668,offscreen_render,36.04185,startup,27,27,1.77777779,208.931824,177.321976,208.931824,109.999992,177.321976,50,-1.52587891E-05,350,300,160.931824,150.321945,256.931824,204.321945,0,1
1672,1672,1669,offscreen_render,36.05835,startup,27,27,1.77777779,209.074219,177.2934,209.074219,109.999992,177.2934,50,-1.52587891E-05,350,300,161.074219,150.293365,257.074219,204.293365,0,1
1673,1673,1670,offscreen_render,36.0749969,startup,27,27,1.77777779,209.21756,177.2679,209.21756,109.999992,177.2679,50,-1.52587891E-05,350,300,161.21756,150.267883,257.21756,204.267883,0,1
1674,1674,1671,offscreen_render,36.091732,startup,27,27,1.77777779,209.361725,177.245178,209.361725,109.999992,177.245178,50,-1.52587891E-05,350,300,161.36174,150.245163,257.361755,204.245163,0,1
1675,1675,1672,offscreen_render,36.1082077,startup,27,27,1.77777779,209.506638,177.22493,209.506638,109.999992,177.22493,50,-1.52587891E-05,350,300,161.506653,150.2249,257.506653,204.2249,0,1
1676,1676,1673,offscreen_render,36.12542,startup,27,27,1.77777779,209.6522,177.206879,209.6522,109.999992,177.206879,50,-1.52587891E-05,350,300,161.652222,150.206848,257.652222,204.206848,0,1
1677,1677,1674,offscreen_render,36.1418152,startup,27,27,1.77777779,209.79834,177.190765,209.79834,109.999992,177.190765,50,-1.52587891E-05,350,300,161.798355,150.19075,257.79834,204.19075,0,1
1678,1678,1675,offscreen_render,36.15853,startup,27,27,1.77777779,209.944992,177.176361,209.944992,109.999992,177.176361,50,-1.52587891E-05,350,300,161.945,150.176346,257.945,204.176346,0,1
1679,1679,1676,offscreen_render,36.1749535,startup,27,27,1.77777779,210.092087,177.163452,210.092087,109.999992,177.163452,50,-1.52587891E-05,350,300,162.0921,150.163422,258.0921,204.163422,0,1
1680,1680,1677,offscreen_render,36.19185,startup,27,27,1.77777779,210.239578,177.151855,210.239578,109.999992,177.151855,50,-1.52587891E-05,350,300,162.2396,150.15184,258.2396,204.15184,0,1
1681,1681,1678,offscreen_render,36.2084427,startup,27,27,1.77777779,210.3874,177.141418,210.3874,109.999992,177.141418,50,-1.52587891E-05,350,300,162.3874,150.1414,258.3874,204.1414,0,1
1682,1682,1679,offscreen_render,36.22516,startup,27,27,1.77777779,210.535522,177.131973,210.535522,109.999992,177.131973,50,-1.52587891E-05,350,300,162.535538,150.131943,258.535522,204.131943,0,1
1683,1683,1680,offscreen_render,36.241642,startup,27,27,1.77777779,210.6839,177.1234,210.6839,109.999992,177.1234,50,-1.52587891E-05,350,300,162.6839,150.123367,258.6839,204.123367,0,1
1684,1684,1681,offscreen_render,36.2583275,startup,27,27,1.77777779,210.8325,177.115585,210.8325,109.999992,177.115585,50,-1.52587891E-05,350,300,162.83252,150.115555,258.83252,204.115555,0,1
1685,1685,1682,offscreen_render,36.2751236,startup,27,27,1.77777779,210.981308,177.108429,210.981308,109.999992,177.108429,50,-1.52587891E-05,350,300,162.981308,150.1084,258.981323,204.1084,0,1
1686,1686,1683,offscreen_render,36.2918549,startup,27,27,1.77777779,211.130264,177.101837,211.130264,109.999992,177.101837,50,-1.52587891E-05,350,300,163.130264,150.1018,259.130249,204.1018,0,1
1687,1687,1684,offscreen_render,36.3086243,startup,27,27,1.77777779,211.279373,177.095734,211.279373,109.999992,177.095734,50,-1.52587891E-05,350,300,163.279388,150.0957,259.2794,204.0957,0,1
1688,1688,1685,offscreen_render,36.3249626,startup,27,27,1.77777779,211.4286,177.090042,211.4286,109.999992,177.090042,50,-1.52587891E-05,350,300,163.428619,150.090012,259.428619,204.090012,0,1
1689,1689,1686,offscreen_render,36.34172,startup,27,27,1.77777779,211.577942,177.084717,211.577942,109.999992,177.084717,50,-1.52587891E-05,350,300,163.577957,150.0847,259.577942,204.0847,0,1
1690,1690,1687,offscreen_render,36.3584862,startup,27,27,1.77777779,211.727371,177.079712,211.727371,109.999992,177.079712,50,-1.52587891E-05,350,300,163.727371,150.0797,259.727356,204.0797,0,1
1691,1691,1688,offscreen_render,36.3755836,startup,27,27,1.77777779,211.876877,177.074966,211.876877,109.999992,177.074966,50,-1.52587891E-05,350,300,163.876877,150.074936,259.8769,204.074936,0,1
1692,1692,1689,offscreen_render,36.3917732,startup,27,27,1.77777779,212.026459,177.07045,212.026459,109.999992,177.07045,50,-1.52587891E-05,350,300,164.026474,150.070435,260.0265,204.070435,0,1
1693,1693,1690,offscreen_render,36.40846,startup,27,27,1.77777779,212.176086,177.066132,212.176086,109.999992,177.066132,50,-1.52587891E-05,350,300,164.176086,150.0661,260.1761,204.0661,0,1
1694,1694,1691,offscreen_render,36.42503,startup,27,27,1.77777779,212.32576,177.061981,212.32576,109.999992,177.061981,50,-1.52587891E-05,350,300,164.32576,150.061966,260.325745,204.061966,0,1
1695,1695,1692,offscreen_render,36.4416656,startup,27,27,1.77777779,212.4757,177.057983,212.4757,109.999992,177.057983,50,-1.52587891E-05,350,300,164.475708,150.057953,260.4757,204.057953,0,1
1696,1696,1693,offscreen_render,36.4583855,startup,27,27,1.77777779,212.625458,177.054108,212.625458,109.999992,177.054108,50,-1.52587891E-05,350,300,164.625458,150.054077,260.625458,204.054077,0,1
1697,1697,1694,offscreen_render,36.4750481,startup,27,27,1.77777779,212.775253,177.050339,212.775253,109.999992,177.050339,50,-1.52587891E-05,350,300,164.775269,150.050308,260.775269,204.050308,0,1
1698,1698,1695,offscreen_render,36.49171,startup,27,27,1.77777779,212.925064,177.046661,212.925064,109.999992,177.046661,50,-1.52587891E-05,350,300,164.925064,150.046646,260.925049,204.046646,0,1
1699,1699,1696,offscreen_render,36.5083351,startup,27,27,1.77777779,213.0749,177.04306,213.0749,109.999992,177.04306,50,-1.52587891E-05,350,300,165.074921,150.04303,261.074921,204.04303,0,1
1700,1700,1697,offscreen_render,36.5250931,startup,27,27,1.77777779,213.224762,177.03952,213.224762,109.999992,177.03952,50,-1.52587891E-05,350,300,165.224762,150.03949,261.224762,204.03949,0,1
1701,1701,1698,offscreen_render,36.5417175,startup,27,27,1.77777779,213.372467,177.03833,213.372467,109.999992,177.03833,50,-1.52587891E-05,350,300,165.372482,150.038315,261.3725,204.038315,0,1
1702,1702,1699,offscreen_render,36.5583954,startup,27,27,1.77777779,213.514587,177.04306,213.514587,109.999992,177.04306,50,-1.52587891E-05,350,300,165.514587,150.04303,261.5146,204.04303,0,1
1703,1703,1700,offscreen_render,36.5750542,startup,27,27,1.77777779,213.648926,177.05603,213.648926,109.999992,177.05603,50,-1.52587891E-05,350,300,165.648926,150.056015,261.648926,204.056015,0,1
1704,1704,1701,offscreen_render,36.591877,startup,27,27,1.77777779,213.774185,177.078583,213.774185,109.999992,177.078583,50,-1.52587891E-05,350,300,165.7742,150.078552,261.7742,204.078552,0,1
1705,1705,1702,offscreen_render,36.608284,startup,27,27,1.77777779,213.889709,177.111389,213.889709,109.999992,177.111389,50,-1.52587891E-05,350,300,165.889709,150.111359,261.8897,204.111359,0,1
1706,1706,1703,offscreen_render,36.62504,startup,27,27,1.77777779,213.995346,177.154633,213.995346,109.999992,177.154633,50,-1.52587891E-05,350,300,165.995361,150.1546,261.995361,204.1546,0,1
1707,1707,1704,offscreen_render,36.64189,startup,27,27,1.77777779,214.091263,177.208115,214.091263,109.999992,177.208115,50,-1.52587891E-05,350,300,166.091263,150.208084,262.091248,204.208084,0,1
1708,1708,1705,offscreen_render,36.6583252,startup,27,27,1.77777779,214.177856,177.271423,214.177856,109.999992,177.271423,50,-1.52587891E-05,350,300,166.177872,150.271408,262.177856,204.271408,0,1
1709,1709,1706,offscreen_render,36.67545,startup,27,27,1.77777779,214.257217,177.345673,214.257217,109.999992,177.345673,50,-1.52587891E-05,350,300,166.257233,150.345657,262.257233,204.345657,0,1
1710,1710,1707,offscreen_render,36.692028,startup,27,27,1.77777779,214.326675,177.427048,214.326675,109.999992,177.427048,50,-1.52587891E-05,350,300,166.326691,150.427017,262.3267,204.427017,0,1
1711,1711,1708,offscreen_render,36.7093048,startup,27,27,1.77777779,214.388641,177.516312,214.388641,109.999992,177.516312,50,-1.52587891E-05,350,300,166.388641,150.5163,262.388641,204.5163,0,1
1712,1712,1709,offscreen_render,36.72537,startup,27,27,1.77777779,214.443787,177.612732,214.443787,109.999992,177.612732,50,-1.52587891E-05,350,300,166.443787,150.612717,262.4438,204.612717,0,1
1713,1713,1710,offscreen_render,36.7420273,startup,27,27,1.77777779,214.492767,177.715637,214.492767,109.999992,177.715637,50,-1.52587891E-05,350,300,166.492767,150.715622,262.492767,204.715622,0,1
1714,1714,1711,offscreen_render,36.75878,startup,27,27,1.77777779,214.536469,177.825043,214.536469,109.999992,177.825043,50,-1.52587891E-05,350,300,166.536484,150.825027,262.5365,204.825027,0,1
1715,1715,1712,offscreen_render,36.77556,startup,27,27,1.77777779,214.574951,177.939,214.574951,109.999992,177.939,50,-1.52587891E-05,350,300,166.574951,150.938965,262.574951,204.938965,0,1
1716,1716,1713,offscreen_render,36.79223,startup,27,27,1.77777779,214.609055,178.057556,214.609055,109.999992,178.057556,50,-1.52587891E-05,350,300,166.60907,151.057526,262.60907,205.057526,0,1
1717,1717,1714,offscreen_render,36.80881,startup,27,27,1.77777779,214.639282,178.180191,214.639282,109.999992,178.180191,50,-1.52587891E-05,350,300,166.6393,151.180176,262.639282,205.180176,0,1
1718,1718,1715,offscreen_render,36.8254547,startup,27,27,1.77777779,214.666092,178.306427,214.666092,109.999992,178.306427,50,-1.52587891E-05,350,300,166.6661,151.306412,262.6661,205.306412,0,1
1719,1719,1716,offscreen_render,36.8423271,startup,27,27,1.77777779,214.6899,178.435822,214.6899,109.999992,178.435822,50,-1.52587891E-05,350,300,166.689911,151.4358,262.6899,205.4358,0,1
1720,1720,1717,offscreen_render,36.8588753,startup,27,27,1.77777779,214.71106,178.567978,214.71106,109.999992,178.567978,50,-1.52587891E-05,350,300,166.711075,151.567963,262.71106,205.567963,0,1
1721,1721,1718,offscreen_render,36.8756752,startup,27,27,1.77777779,214.729935,178.70256,214.729935,109.999992,178.70256,50,-1.52587891E-05,350,300,166.729935,151.70253,262.729919,205.70253,0,1
1722,1722,1719,offscreen_render,36.8921661,startup,27,27,1.77777779,214.7468,178.839249,214.7468,109.999992,178.839249,50,-1.52587891E-05,350,300,166.7468,151.839218,262.7468,205.839218,0,1
1723,1723,1720,offscreen_render,36.908905,startup,27,27,1.77777779,214.761917,178.977768,214.761917,109.999992,178.977768,50,-1.52587891E-05,350,300,166.761932,151.977737,262.761932,205.977737,0,1
1724,1724,1721,offscreen_render,36.9257278,startup,27,27,1.77777779,214.775528,179.117889,214.775528,109.999992,179.117889,50,-1.52587891E-05,350,300,166.775528,152.117874,262.7755,206.117874,0,1
1725,1725,1722,offscreen_render,36.9421768,startup,27,27,1.77777779,214.787827,179.259384,214.787827,109.999992,179.259384,50,-1.52587891E-05,350,300,166.787842,152.259354,262.787842,206.259354,0,1
1726,1726,1723,offscreen_render,36.95895,startup,27,27,1.77777779,214.798981,179.402069,214.798981,109.999992,179.402069,50,-1.52587891E-05,350,300,166.798981,152.402054,262.798981,206.402054,0,1
1727,1727,1724,offscreen_render,36.97543,startup,27,27,1.77777779,214.809158,179.545792,214.809158,109.999992,179.545792,50,-1.52587891E-05,350,300,166.809174,152.545776,262.809174,206.545776,0,1
1728,1728,1725,offscreen_render,36.9922943,startup,27,27,1.77777779,214.818481,179.6904,214.818481,109.999992,179.6904,50,-1.52587891E-05,350,300,166.818481,152.690384,262.818481,206.690384,0,1
1729,1729,1726,offscreen_render,37.00899,startup,27,27,1.77777779,214.827087,179.83577,214.827087,109.999992,179.83577,50,-1.52587891E-05,350,300,166.827087,152.835739,262.8271,206.835739,0,1
1730,1730,1727,offscreen_render,37.02577,startup,27,27,1.77777779,214.835068,179.981812,214.835068,109.999992,179.981812,50,-1.52587891E-05,350,300,166.835083,152.9818,262.835083,206.9818,0,1
1731,1731,1728,offscreen_render,37.0421066,startup,27,27,1.77777779,214.8425,180.128418,214.8425,109.999992,180.128418,50,-1.52587891E-05,350,300,166.8425,153.1284,262.8425,207.1284,0,1
1732,1732,1729,offscreen_render,37.0588341,startup,27,27,1.77777779,214.849487,180.275772,214.849487,109.999992,180.275772,50,-1.52587891E-05,350,300,166.8495,153.275742,262.8495,207.275742,0,1
1733,1733,1730,offscreen_render,37.0756874,startup,27,27,1.77777779,214.856064,180.423279,214.856064,109.999992,180.423279,50,-1.52587891E-05,350,300,166.856079,153.423248,262.856079,207.423248,0,1
1734,1734,1731,offscreen_render,37.09239,startup,27,27,1.77777779,214.8623,180.571152,214.8623,109.999992,180.571152,50,-1.52587891E-05,350,300,166.86232,153.571121,262.8623,207.571121,0,1
1735,1735,1732,offscreen_render,37.1091843,startup,27,27,1.77777779,214.868256,180.71933,214.868256,109.999992,180.71933,50,-1.52587891E-05,350,300,166.868271,153.7193,262.8683,207.7193,0,1
1736,1736,1733,offscreen_render,37.1256561,startup,27,27,1.77777779,214.873962,180.867767,214.873962,109.999992,180.867767,50,-1.52587891E-05,350,300,166.873962,153.867752,262.873962,207.867752,0,1
1737,1737,1734,offscreen_render,37.1421623,startup,27,27,1.77777779,214.879456,181.016434,214.879456,109.999992,181.016434,50,-1.52587891E-05,350,300,166.879456,154.0164,262.879456,208.0164,0,1
1738,1738,1735,offscreen_render,37.158905,startup,27,27,1.77777779,214.884811,181.166519,214.884811,109.999992,181.166519,50,-1.52587891E-05,350,300,166.884827,154.1665,262.884827,208.1665,0,1
1739,1739,1736,offscreen_render,37.1756,startup,27,27,1.77777779,214.889969,181.315552,214.889969,109.999992,181.315552,50,-1.52587891E-05,350,300,166.889969,154.315521,262.889954,208.315521,0,1
1740,1740,1737,offscreen_render,37.19314,startup,27,27,1.77777779,214.895,181.465073,214.895,109.999992,181.465073,50,-1.52587891E-05,350,300,166.895,154.465057,262.89502,208.465057,0,1
1741,1741,1738,offscreen_render,37.20965,startup,27,27,1.77777779,214.899918,181.614365,214.899918,109.999992,181.614365,50,-1.52587891E-05,350,300,166.899933,154.614349,262.899933,208.614349,0,1
1742,1742,1739,offscreen_render,37.225605,startup,27,27,1.77777779,214.904724,181.763733,214.904724,109.999992,181.763733,50,-1.52587891E-05,350,300,166.904724,154.763718,262.904724,208.763718,0,1
1743,1743,1740,offscreen_render,37.2429047,startup,27,27,1.77777779,214.909454,181.9132,214.909454,109.999992,181.9132,50,-1.52587891E-05,350,300,166.90947,154.913177,262.9095,208.913177,0,1
1744,1744,1741,offscreen_render,37.25919,startup,27,27,1.77777779,214.914108,182.062729,214.914108,109.999992,182.062729,50,-1.52587891E-05,350,300,166.914124,155.0627,262.914124,209.0627,0,1
1745,1745,1742,offscreen_render,37.2757645,startup,27,27,1.77777779,214.9187,182.212326,214.9187,109.999992,182.212326,50,-1.52587891E-05,350,300,166.918716,155.212311,262.9187,209.212311,0,1
1746,1746,1743,offscreen_render,37.2927475,startup,27,27,1.77777779,214.923248,182.361969,214.923248,109.999992,182.361969,50,-1.52587891E-05,350,300,166.923248,155.361954,262.923248,209.361954,0,1
1747,1747,1744,offscreen_render,37.3089943,startup,27,27,1.77777779,214.92775,182.511658,214.92775,109.999992,182.511658,50,-1.52587891E-05,350,300,166.927765,155.511642,262.927765,209.511642,0,1
1748,1748,1745,offscreen_render,37.32561,startup,27,27,1.77777779,214.93222,182.661377,214.93222,109.999992,182.661377,50,-1.52587891E-05,350,300,166.93222,155.661362,262.93222,209.661362,0,1
1749,1749,1746,offscreen_render,37.3425674,startup,27,27,1.77777779,214.936661,182.811127,214.936661,109.999992,182.811127,50,-1.52587891E-05,350,300,166.936661,155.8111,262.936646,209.8111,0,1
1750,1750,1747,offscreen_render,37.35929,startup,27,27,1.77777779,214.941071,182.9609,214.941071,109.999992,182.9609,50,-1.52587891E-05,350,300,166.941071,155.960892,262.941071,209.960892,0,1
1751,1751,1748,offscreen_render,37.3760719,startup,27,27,1.77777779,214.945465,183.110718,214.945465,109.999992,183.110718,50,-1.52587891E-05,350,300,166.945465,156.1107,262.945465,210.1107,0,1
1752,1752,1749,offscreen_render,37.3925056,startup,27,27,1.77777779,214.949844,183.260544,214.949844,109.999992,183.260544,50,-1.52587891E-05,350,300,166.949844,156.260513,262.949829,210.260513,0,1
1753,1753,1750,offscreen_render,37.4091072,startup,27,27,1.77777779,214.952637,183.4098,214.952637,109.999992,183.4098,50,-1.52587891E-05,350,300,166.952637,156.40979,262.952637,210.40979,0,1
1754,1754,1751,offscreen_render,37.4256935,startup,27,27,1.77777779,214.95137,183.557587,214.95137,109.999992,183.557587,50,-1.52587891E-05,350,300,166.951385,156.557556,262.9514,210.557556,0,1
1755,1755,1752,offscreen_render,37.4426231,startup,27,27,1.77777779,214.944473,183.7033,214.944473,109.999992,183.7033,50,-1.52587891E-05,350,300,166.944489,156.703278,262.9445,210.703278,0,1
1756,1756,1753,offscreen_render,37.4591331,startup,27,27,1.77777779,214.9309,183.847321,214.9309,109.999992,183.847321,50,-1.52587891E-05,350,300,166.9309,156.8473,262.9309,210.8473,0,1
1757,1757,1754,offscreen_render,37.47577,startup,27,27,1.77777779,214.910339,183.988,214.910339,109.999992,183.988,50,-1.52587891E-05,350,300,166.910339,156.987976,262.910339,210.987976,0,1
1758,1758,1755,offscreen_render,37.4929,startup,27,27,1.77777779,214.882629,184.126038,214.882629,109.999992,184.126038,50,-1.52587891E-05,350,300,166.882645,157.126,262.882629,211.126,0,1
1759,1759,1756,offscreen_render,37.50948,startup,27,27,1.77777779,214.847885,184.261475,214.847885,109.999992,184.261475,50,-1.52587891E-05,350,300,166.8479,157.261459,262.8479,211.261459,0,1
1760,1760,1757,offscreen_render,37.5260544,startup,27,27,1.77777779,214.8064,184.394424,214.8064,109.999992,184.394424,50,-1.52587891E-05,350,300,166.8064,157.3944,262.8064,211.3944,0,1
1761,1761,1758,offscreen_render,37.54277,startup,27,27,1.77777779,214.75856,184.525024,214.75856,109.999992,184.525024,50,-1.52587891E-05,350,300,166.758575,157.525,262.758575,211.525,0,1
1762,1762,1759,offscreen_render,37.5594635,startup,27,27,1.77777779,214.70462,184.65387,214.70462,109.999992,184.65387,50,-1.52587891E-05,350,300,166.70462,157.653839,262.70462,211.653839,0,1
1763,1763,1760,offscreen_render,37.5758247,startup,27,27,1.77777779,214.645432,184.780273,214.645432,109.999992,184.780273,50,-1.52587891E-05,350,300,166.645432,157.780243,262.645447,211.780243,0,1
1764,1764,1761,offscreen_render,37.59277,startup,27,27,1.77777779,214.581314,184.904861,214.581314,109.999992,184.904861,50,-1.52587891E-05,350,300,166.581329,157.904831,262.581329,211.904831,0,1
1765,1765,1762,offscreen_render,37.60924,startup,27,27,1.77777779,214.512741,185.027786,214.512741,109.999992,185.027786,50,-1.52587891E-05,350,300,166.512756,158.027756,262.512756,212.027756,0,1
1766,1766,1763,offscreen_render,37.6257362,startup,27,27,1.77777779,214.440155,185.149231,214.440155,109.999992,185.149231,50,-1.52587891E-05,350,300,166.44017,158.149216,262.4402,212.149216,0,1
1767,1767,1764,offscreen_render,37.6427727,startup,27,27,1.77777779,214.364,185.269363,214.364,109.999992,185.269363,50,-1.52587891E-05,350,300,166.364,158.269348,262.364,212.269348,0,1
1768,1768,1765,offscreen_render,37.6593666,startup,27,27,1.77777779,214.284668,185.3883,214.284668,109.999992,185.3883,50,-1.52587891E-05,350,300,166.284668,158.38829,262.284668,212.38829,0,1
1769,1769,1766,offscreen_render,37.67643,startup,27,27,1.77777779,214.20253,185.506226,214.20253,109.999992,185.506226,50,-1.52587891E-05,350,300,166.202545,158.50621,262.202545,212.50621,0,1
1770,1770,1767,offscreen_render,37.69336,startup,27,27,1.77777779,214.1179,185.62323,214.1179,109.999992,185.62323,50,-1.52587891E-05,350,300,166.1179,158.623215,262.11792,212.623215,0,1
1771,1771,1768,offscreen_render,37.7095528,startup,27,27,1.77777779,214.032623,185.737762,214.032623,109.999992,185.737762,50,-1.52587891E-05,350,300,166.032623,158.737747,262.032623,212.737747,0,1
1772,1772,1769,offscreen_render,37.726162,startup,27,27,1.77777779,213.94931,185.847336,213.94931,109.999992,185.847336,50,-1.52587891E-05,350,300,165.94931,158.8473,261.9493,212.8473,0,1
1773,1773,1770,offscreen_render,37.7427864,startup,27,27,1.77777779,213.86972,185.950363,213.86972,109.999992,185.950363,50,-1.52587891E-05,350,300,165.86972,158.950348,261.86972,212.950348,0,1
1774,1774,1771,offscreen_render,37.75926,startup,27,27,1.77777779,213.795,186.045914,213.795,109.999992,186.045914,50,-1.52587891E-05,350,300,165.795,159.045883,261.794983,213.045883,0,1
1775,1775,1772,offscreen_render,37.7761955,startup,27,27,1.77777779,213.725739,186.133591,213.725739,109.999992,186.133591,50,-1.52587891E-05,350,300,165.725739,159.133575,261.725739,213.133575,0,1
1776,1776,1773,offscreen_render,37.79256,startup,27,27,1.77777779,213.662247,186.213318,213.662247,109.999992,186.213318,50,-1.52587891E-05,350,300,165.662247,159.213287,261.662231,213.213287,0,1
1777,1777,1774,offscreen_render,37.80919,startup,27,27,1.77777779,213.604538,186.285278,213.604538,109.999992,186.285278,50,-1.52587891E-05,350,300,165.604553,159.285248,261.604553,213.285248,0,1
1778,1778,1775,offscreen_render,37.8259048,startup,27,27,1.77777779,213.552475,186.349838,213.552475,109.999992,186.349838,50,-1.52587891E-05,350,300,165.552475,159.349823,261.5525,213.349823,0,1
1779,1779,1776,offscreen_render,37.8426437,startup,27,27,1.77777779,213.5058,186.407425,213.5058,109.999992,186.407425,50,-1.52587891E-05,350,300,165.5058,159.40741,261.5058,213.40741,0,1
1780,1780,1777,offscreen_render,37.8597,startup,27,27,1.77777779,213.464172,186.458557,213.464172,109.999992,186.458557,50,-1.52587891E-05,350,300,165.464172,159.458527,261.464172,213.458527,0,1
1781,1781,1778,offscreen_render,37.8760033,startup,27,27,1.77777779,213.427216,186.503784,213.427216,109.999992,186.503784,50,-1.52587891E-05,350,300,165.427231,159.503754,261.427246,213.503754,0,1
1782,1782,1779,offscreen_render,37.892662,startup,27,27,1.77777779,213.394547,186.54364,213.394547,109.999992,186.54364,50,-1.52587891E-05,350,300,165.394547,159.543625,261.394531,213.543625,0,1
1783,1783,1780,offscreen_render,37.90944,startup,27,27,1.77777779,213.365768,186.578644,213.365768,109.999992,186.578644,50,-1.52587891E-05,350,300,165.365784,159.578629,261.365784,213.578629,0,1
1784,1784,1781,offscreen_render,37.9259224,startup,27,27,1.77777779,213.3405,186.6093,213.3405,109.999992,186.6093,50,-1.52587891E-05,350,300,165.340515,159.609283,261.3405,213.609283,0,1
1785,1785,1782,offscreen_render,37.9424934,startup,27,27,1.77777779,213.318375,186.636078,213.318375,109.999992,186.636078,50,-1.52587891E-05,350,300,165.318375,159.636063,261.318359,213.636063,0,1
1786,1786,1783,offscreen_render,37.9593353,startup,27,27,1.77777779,213.299057,186.659409,213.299057,109.999992,186.659409,50,-1.52587891E-05,350,300,165.299057,159.6594,261.299072,213.6594,0,1
1787,1787,1784,offscreen_render,37.9759674,startup,27,27,1.77777779,213.282227,186.6797,213.282227,109.999992,186.6797,50,-1.52587891E-05,350,300,165.282227,159.679672,261.282227,213.679672,0,1
1788,1788,1785,offscreen_render,37.99299,startup,27,27,1.77777779,213.2676,186.697311,213.2676,109.999992,186.697311,50,-1.52587891E-05,350,300,165.267609,159.6973,261.2676,213.6973,0,1
1789,1789,1786,offscreen_render,38.0091743,startup,27,27,1.77777779,213.254883,186.71257,213.254883,109.999992,186.71257,50,-1.52587891E-05,350,300,165.254883,159.71254,261.254883,213.71254,0,1
1790,1790,1787,offscreen_render,38.02596,startup,27,27,1.77777779,213.243881,186.725769,213.243881,109.999992,186.725769,50,-1.52587891E-05,350,300,165.2439,159.725739,261.2439,213.725739,0,1
1791,1791,1788,offscreen_render,38.04283,startup,27,27,1.77777779,213.23436,186.737167,213.23436,109.999992,186.737167,50,-1.52587891E-05,350,300,165.234375,159.737152,261.234375,213.737152,0,1
1792,1792,1789,offscreen_render,38.05912,startup,27,27,1.77777779,213.226135,186.747,213.226135,109.999992,186.747,50,-1.52587891E-05,350,300,165.226135,159.746979,261.226135,213.746979,0,1
1793,1793,1790,offscreen_render,38.0757751,startup,27,27,1.77777779,213.219055,186.755463,213.219055,109.999992,186.755463,50,-1.52587891E-05,350,300,165.219055,159.755447,261.219055,213.755447,0,1
1794,1794,1791,offscreen_render,38.0929527,startup,27,27,1.77777779,213.212952,186.762741,213.212952,109.999992,186.762741,50,-1.52587891E-05,350,300,165.212952,159.762711,261.212952,213.762711,0,1
1795,1795,1792,offscreen_render,38.1090736,startup,27,27,1.77777779,213.2077,186.769,213.2077,109.999992,186.769,50,-1.52587891E-05,350,300,165.2077,159.768982,261.2077,213.768982,0,1
1796,1796,1793,offscreen_render,38.1258163,startup,27,27,1.77777779,213.203186,186.774368,213.203186,109.999992,186.774368,50,-1.52587891E-05,350,300,165.2032,159.774338,261.2032,213.774338,0,1
1797,1797,1794,offscreen_render,38.14256,startup,27,27,1.77777779,213.19931,186.778976,213.19931,109.999992,186.778976,50,-1.52587891E-05,350,300,165.19931,159.778946,261.1993,213.778946,0,1
1798,1798,1795,offscreen_render,38.15954,startup,27,27,1.77777779,213.196,186.782928,213.196,109.999992,186.782928,50,-1.52587891E-05,350,300,165.196014,159.7829,261.196,213.7829,0,1
1799,1799,1796,offscreen_render,38.17617,startup,27,27,1.77777779,213.193161,186.7863,213.193161,109.999992,186.7863,50,-1.52587891E-05,350,300,165.193176,159.786285,261.193176,213.786285,0,1
1800,1800,1797,offscreen_render,38.1924934,startup,27,27,1.77777779,213.190735,186.789185,213.190735,109.999992,186.789185,50,-1.52587891E-05,350,300,165.19075,159.789169,261.190735,213.789169,0,1
1801,1801,1798,offscreen_render,38.2097359,startup,27,27,1.77777779,213.18866,186.791656,213.18866,109.999992,186.791656,50,-1.52587891E-05,350,300,165.18866,159.791641,261.18866,213.791641,0,1
1802,1802,1799,offscreen_render,38.22574,startup,27,27,1.77777779,213.18689,186.793762,213.18689,109.999992,186.793762,50,-1.52587891E-05,350,300,165.1869,159.793747,261.1869,213.793747,0,1
1803,1803,1800,offscreen_render,38.24241,startup,27,27,1.77777779,213.185379,186.795563,213.185379,109.999992,186.795563,50,-1.52587891E-05,350,300,165.1854,159.795532,261.1854,213.795532,0,1
1804,1804,1801,offscreen_render,38.2593346,startup,27,27,1.77777779,213.184082,186.797089,213.184082,109.999992,186.797089,50,-1.52587891E-05,350,300,165.184082,159.797073,261.184082,213.797073,0,1
1805,1805,1802,offscreen_render,38.2759743,startup,27,27,1.77777779,213.182983,186.7984,213.182983,109.999992,186.7984,50,-1.52587891E-05,350,300,165.182983,159.798386,261.182983,213.798386,0,1
1806,1806,1803,offscreen_render,38.2925339,startup,27,27,1.77777779,213.182037,186.799515,213.182037,109.999992,186.799515,50,-1.52587891E-05,350,300,165.182053,159.799484,261.182068,213.799484,0,1
1807,1807,1804,offscreen_render,38.30914,startup,27,27,1.77777779,213.181229,186.800461,213.181229,109.999992,186.800461,50,-1.52587891E-05,350,300,165.181229,159.800446,261.1812,213.800446,0,1
1808,1808,1805,offscreen_render,38.3256645,startup,27,27,1.77777779,213.180542,186.80127,213.180542,109.999992,186.80127,50,-1.52587891E-05,350,300,165.180542,159.801254,261.180542,213.801254,0,1
1809,1809,1806,offscreen_render,38.3427238,startup,27,27,1.77777779,213.179962,186.801956,213.179962,109.999992,186.801956,50,-1.52587891E-05,350,300,165.179962,159.801941,261.179962,213.801941,0,1
1810,1810,1807,offscreen_render,38.3590775,startup,27,27,1.77777779,213.179474,186.802536,213.179474,109.999992,186.802536,50,-1.52587891E-05,350,300,165.179489,159.8025,261.1795,213.8025,0,1
1811,1811,1808,offscreen_render,38.37604,startup,27,27,1.77777779,213.179047,186.803024,213.179047,109.999992,186.803024,50,-1.52587891E-05,350,300,165.179047,159.803009,261.179047,213.803009,0,1
1812,1812,1809,offscreen_render,38.3926735,startup,27,27,1.77777779,213.1787,186.803436,213.1787,109.999992,186.803436,50,-1.52587891E-05,350,300,165.178711,159.803421,261.1787,213.803421,0,1
1813,1813,1810,offscreen_render,38.4095345,startup,27,27,1.77777779,213.178391,186.803787,213.178391,109.999992,186.803787,50,-1.52587891E-05,350,300,165.178391,159.803757,261.1784,213.803757,0,1
1814,1814,1811,offscreen_render,38.42583,startup,27,27,1.77777779,213.178131,186.8041,213.178131,109.999992,186.8041,50,-1.52587891E-05,350,300,165.178131,159.804077,261.178131,213.804077,0,1
1815,1815,1812,offscreen_render,38.4428024,startup,27,27,1.77777779,213.177917,186.804352,213.177917,109.999992,186.804352,50,-1.52587891E-05,350,300,165.177933,159.804321,261.177917,213.804321,0,1
1816,1816,1813,offscreen_render,38.4595566,startup,27,27,1.77777779,213.177734,186.804565,213.177734,109.999992,186.804565,50,-1.52587891E-05,350,300,165.17775,159.80455,261.177734,213.80455,0,1
1817,1817,1814,offscreen_render,38.4758568,startup,27,27,1.77777779,213.177582,186.804749,213.177582,109.999992,186.804749,50,-1.52587891E-05,350,300,165.177582,159.804733,261.177582,213.804733,0,1
1818,1818,1815,offscreen_render,38.4930038,startup,27,27,1.77777779,213.177444,186.8049,213.177444,109.999992,186.8049,50,-1.52587891E-05,350,300,165.17746,159.804886,261.17746,213.804886,0,1
1819,1819,1816,offscreen_render,38.5092964,startup,27,27,1.77777779,213.177338,186.805038,213.177338,109.999992,186.805038,50,-1.52587891E-05,350,300,165.177338,159.805008,261.177338,213.805008,0,1
1820,1820,1817,offscreen_render,38.52595,startup,27,27,1.77777779,213.177246,186.805145,213.177246,109.999992,186.805145,50,-1.52587891E-05,350,300,165.177246,159.80513,261.177246,213.80513,0,1
1821,1821,1818,offscreen_render,38.5431023,startup,27,27,1.77777779,213.17717,186.805237,213.17717,109.999992,186.805237,50,-1.52587891E-05,350,300,165.177185,159.805222,261.1772,213.805222,0,1
1822,1822,1819,offscreen_render,38.5595169,startup,27,27,1.77777779,213.1771,186.805313,213.1771,109.999992,186.805313,50,-1.52587891E-05,350,300,165.177109,159.8053,261.177124,213.8053,0,1
1823,1823,1820,offscreen_render,38.5759773,startup,27,27,1.77777779,213.177032,186.805374,213.177032,109.999992,186.805374,50,-1.52587891E-05,350,300,165.177032,159.805344,261.177032,213.805344,0,1
1824,1824,1821,offscreen_render,38.59269,startup,27,27,1.77777779,213.176987,186.805435,213.176987,109.999992,186.805435,50,-1.52587891E-05,350,300,165.177,159.8054,261.177,213.8054,0,1
1825,1825,1822,offscreen_render,38.60966,startup,27,27,1.77777779,213.176941,186.805481,213.176941,109.999992,186.805481,50,-1.52587891E-05,350,300,165.176941,159.805466,261.176941,213.805466,0,1
1826,1826,1823,offscreen_render,38.6259422,startup,27,27,1.77777779,213.17691,186.805527,213.17691,109.999992,186.805527,50,-1.52587891E-05,350,300,165.176926,159.8055,261.176941,213.8055,0,1
1827,1827,1824,offscreen_render,38.6431465,startup,27,27,1.77777779,213.17688,186.805557,213.17688,109.999992,186.805557,50,-1.52587891E-05,350,300,165.17688,159.805542,261.17688,213.805542,0,1
1828,1828,1825,offscreen_render,38.6591759,startup,27,27,1.77777779,213.176849,186.805588,213.176849,109.999992,186.805588,50,-1.52587891E-05,350,300,165.176849,159.805557,261.176849,213.805557,0,1
1829,1829,1826,offscreen_render,38.6761,startup,27,27,1.77777779,213.176834,186.805618,213.176834,109.999992,186.805618,50,-1.52587891E-05,350,300,165.176834,159.805588,261.176819,213.805588,0,1
1830,1830,1827,offscreen_render,38.6927452,startup,27,27,1.77777779,213.176819,186.805634,213.176819,109.999992,186.805634,50,-1.52587891E-05,350,300,165.176834,159.805618,261.176819,213.805618,0,1
1831,1831,1828,offscreen_render,38.7097435,startup,27,27,1.77777779,213.1768,186.805649,213.1768,109.999992,186.805649,50,-1.52587891E-05,350,300,165.176819,159.805634,261.176819,213.805634,0,1
1832,1832,1829,offscreen_render,38.7263832,startup,27,27,1.77777779,213.176788,186.805664,213.176788,109.999992,186.805664,50,-1.52587891E-05,350,300,165.176788,159.805649,261.1768,213.805649,0,1
1833,1833,1830,offscreen_render,38.74307,startup,27,27,1.77777779,213.176773,186.805679,213.176773,109.999992,186.805679,50,-1.52587891E-05,350,300,165.176788,159.805649,261.1768,213.805649,0,1
1834,1834,1831,offscreen_render,38.7593231,startup,27,27,1.77777779,213.176758,186.8057,213.176758,109.999992,186.8057,50,-1.52587891E-05,350,300,165.176758,159.805664,261.176758,213.805664,0,1
1835,1835,1832,offscreen_render,38.7760658,startup,27,27,1.77777779,213.176743,186.80571,213.176743,109.999992,186.80571,50,-1.52587891E-05,350,300,165.176743,159.8057,261.176758,213.8057,0,1
1836,1836,1833,offscreen_render,38.7931976,startup,27,27,1.77777779,213.176743,186.805725,213.176743,109.999992,186.805725,50,-1.52587891E-05,350,300,165.176743,159.80571,261.176758,213.80571,0,1
1837,1837,1834,offscreen_render,38.80967,startup,27,27,1.77777779,213.176743,186.805725,213.176743,109.999992,186.805725,50,-1.52587891E-05,350,300,165.176743,159.80571,261.176758,213.80571,0,1
1838,1838,1835,offscreen_render,38.8257561,startup,27,27,1.77777779,213.176743,186.805725,213.176743,109.999992,186.805725,50,-1.52587891E-05,350,300,165.176743,159.80571,261.176758,213.80571,0,1
1839,1839,1836,offscreen_render,38.8428268,startup,27,27,1.77777779,213.176743,186.805725,213.176743,109.999992,186.805725,50,-1.52587891E-05,350,300,165.176743,159.80571,261.176758,213.80571,0,1
1840,1840,1837,offscreen_render,38.85922,startup,27,27,1.77777779,213.176743,186.805725,213.176743,109.999992,186.805725,50,-1.52587891E-05,350,300,165.176743,159.80571,261.176758,213.80571,0,1
1841,1841,1838,offscreen_render,38.87617,startup,27,27,1.77777779,213.176743,186.805725,213.176743,109.999992,186.805725,50,-1.52587891E-05,350,300,165.176743,159.80571,261.176758,213.80571,0,1
1842,1842,1839,offscreen_render,38.8928871,startup,27,27,1.77777779,213.176743,186.805725,213.176743,109.999992,186.805725,50,-1.52587891E-05,350,300,165.176743,159.80571,261.176758,213.80571,0,1
1843,1843,1840,offscreen_render,38.9096947,startup,27,27,1.77777779,213.176743,186.805725,213.176743,109.999992,186.805725,50,-1.52587891E-05,350,300,165.176743,159.80571,261.176758,213.80571,0,1
1844,1844,1841,offscreen_render,38.925766,startup,27,27,1.77777779,213.176743,186.805725,213.176743,109.999992,186.805725,50,-1.52587891E-05,350,300,165.176743,159.80571,261.176758,213.80571,0,1
1845,1845,1842,offscreen_render,38.94289,startup,27,27,1.77777779,213.176743,186.805725,213.176743,109.999992,186.805725,50,-1.52587891E-05,350,300,165.176743,159.80571,261.176758,213.80571,0,1
1846,1846,1843,offscreen_render,38.9596329,startup,27,27,1.77777779,213.176743,186.805725,213.176743,109.999992,186.805725,50,-1.52587891E-05,350,300,165.176743,159.80571,261.176758,213.80571,0,1
1847,1847,1844,offscreen_render,38.97628,startup,27,27,1.77777779,213.176743,186.805725,213.176743,109.999992,186.805725,50,-1.52587891E-05,350,300,165.176743,159.80571,261.176758,213.80571,0,1
1848,1848,1845,offscreen_render,38.9928551,startup,27,27,1.77777779,213.176743,186.805725,213.176743,109.999992,186.805725,50,-1.52587891E-05,350,300,165.176743,159.80571,261.176758,213.80571,0,1
1849,1849,1846,offscreen_render,39.00948,startup,27,27,1.77777779,213.176743,186.805725,213.176743,109.999992,186.805725,50,-1.52587891E-05,350,300,165.176743,159.80571,261.176758,213.80571,0,1
1850,1850,1847,offscreen_render,39.0257835,startup,27,27,1.77777779,213.176743,186.805725,213.176743,109.999992,186.805725,50,-1.52587891E-05,350,300,165.176743,159.80571,261.176758,213.80571,0,1
1851,1851,1848,offscreen_render,39.04291,startup,27,27,1.77777779,213.176743,186.805725,213.176743,109.999992,186.805725,50,-1.52587891E-05,350,300,165.176743,159.80571,261.176758,213.80571,0,1
1852,1852,1849,offscreen_render,39.06029,startup,27,27,1.77777779,213.176743,186.805725,213.176743,109.999992,186.805725,50,-1.52587891E-05,350,300,165.176743,159.80571,261.176758,213.80571,0,1
1853,1853,1850,offscreen_render,39.0765228,startup,27,27,1.77777779,213.176743,186.805725,213.176743,109.999992,186.805725,50,-1.52587891E-05,350,300,165.176743,159.80571,261.176758,213.80571,0,1
1854,1854,1851,offscreen_render,39.09322,startup,27,27,1.77777779,213.176743,186.805725,213.176743,109.999992,186.805725,50,-1.52587891E-05,350,300,165.176743,159.80571,261.176758,213.80571,0,1
1855,1855,1852,offscreen_render,39.1101952,startup,27,27,1.77777779,213.176743,186.805725,213.176743,109.999992,186.805725,50,-1.52587891E-05,350,300,165.176743,159.80571,261.176758,213.80571,0,1
1856,1856,1853,offscreen_render,39.2437477,startup,27,27,1.77777779,213.3654,186.80574,213.3654,109.999992,186.80574,50,-1.52587891E-05,350,300,165.365417,159.805725,261.365417,213.805725,0,1
1857,1857,1854,offscreen_render,39.3513031,startup,27,27,1.77777779,213.656647,186.805756,213.656647,109.999992,186.805756,50,-1.52587891E-05,350,300,165.656662,159.805725,261.656677,213.805725,0,1
1858,1858,1855,offscreen_render,39.3676872,startup,27,27,1.77777779,213.703644,186.805756,213.703644,109.999992,186.805756,50,-1.52587891E-05,350,300,165.703644,159.805725,261.703644,213.805725,0,1
1859,1859,1856,offscreen_render,39.38349,startup,27,27,1.77777779,213.753265,186.805756,213.753265,109.999992,186.805756,50,-1.52587891E-05,350,300,165.753265,159.805725,261.753265,213.805725,0,1
1860,1860,1857,offscreen_render,39.39968,startup,27,27,1.77777779,213.807556,186.805756,213.807556,109.999992,186.805756,50,-1.52587891E-05,350,300,165.807556,159.805725,261.807556,213.805725,0,1
1861,1861,1858,offscreen_render,39.4162178,startup,27,27,1.77777779,213.8678,186.805756,213.8678,109.999992,186.805756,50,-1.52587891E-05,350,300,165.8678,159.805725,261.8678,213.805725,0,1
1862,1862,1859,offscreen_render,39.4332161,startup,27,27,1.77777779,213.934723,186.805756,213.934723,109.999992,186.805756,50,-1.52587891E-05,350,300,165.934723,159.805725,261.934723,213.805725,0,1
1863,1863,1860,offscreen_render,39.449646,startup,27,27,1.77777779,214.008621,186.805756,214.008621,109.999992,186.805756,50,-1.52587891E-05,350,300,166.008636,159.805725,262.008636,213.805725,0,1
1864,1864,1861,offscreen_render,39.46618,startup,27,27,1.77777779,214.089508,186.805756,214.089508,109.999992,186.805756,50,-1.52587891E-05,350,300,166.089523,159.805725,262.089539,213.805725,0,1
1865,1865,1862,offscreen_render,39.48273,startup,27,27,1.77777779,214.177185,186.805756,214.177185,109.999992,186.805756,50,-1.52587891E-05,350,300,166.177185,159.805725,262.1772,213.805725,0,1
1866,1866,1863,offscreen_render,39.4993553,startup,27,27,1.77777779,214.271347,186.805756,214.271347,109.999992,186.805756,50,-1.52587891E-05,350,300,166.271347,159.805725,262.271362,213.805725,0,1
1867,1867,1864,offscreen_render,39.51602,startup,27,27,1.77777779,214.371567,186.805756,214.371567,109.999992,186.805756,50,-1.52587891E-05,350,300,166.371582,159.805725,262.371582,213.805725,0,1
1868,1868,1865,offscreen_render,39.53297,startup,27,27,1.77777779,214.4774,186.805756,214.4774,109.999992,186.805756,50,-1.52587891E-05,350,300,166.477417,159.805725,262.477417,213.805725,0,1
1869,1869,1866,offscreen_render,39.5496635,startup,27,27,1.77777779,214.588364,186.805756,214.588364,109.999992,186.805756,50,-1.52587891E-05,350,300,166.588379,159.805725,262.588379,213.805725,0,1
1870,1870,1867,offscreen_render,39.5660133,startup,27,27,1.77777779,214.703979,186.805756,214.703979,109.999992,186.805756,50,-1.52587891E-05,350,300,166.703979,159.805725,262.703979,213.805725,0,1
1871,1871,1868,offscreen_render,39.5829964,startup,27,27,1.77777779,214.8238,186.805756,214.8238,109.999992,186.805756,50,-1.52587891E-05,350,300,166.823822,159.805725,262.823822,213.805725,0,1
1872,1872,1869,offscreen_render,39.60006,startup,27,27,1.77777779,214.9474,186.805756,214.9474,109.999992,186.805756,50,-1.52587891E-05,350,300,166.947418,159.805725,262.947418,213.805725,0,1
1873,1873,1870,offscreen_render,39.70794,startup,27,27,1.77777779,215.801926,186.805756,215.801926,109.999992,186.805756,50,-1.52587891E-05,350,300,167.801926,159.805725,263.801941,213.805725,0,1
1874,1874,1871,offscreen_render,39.7254524,startup,27,27,1.77777779,215.9149,186.805756,215.9149,109.999992,186.805756,50,-1.52587891E-05,350,300,167.9149,159.805725,263.914917,213.805725,0,1
1875,1875,1872,offscreen_render,39.7414932,startup,27,27,1.77777779,216.024033,186.805756,216.024033,109.999992,186.805756,50,-1.52587891E-05,350,300,168.024033,159.805725,264.024048,213.805725,0,1
1876,1876,1873,offscreen_render,39.7575264,startup,27,27,1.77777779,216.131668,186.805756,216.131668,109.999992,186.805756,50,-1.52587891E-05,350,300,168.131683,159.805725,264.131683,213.805725,0,1
1877,1877,1874,offscreen_render,39.77433,startup,27,27,1.77777779,216.239487,186.805756,216.239487,109.999992,186.805756,50,-1.52587891E-05,350,300,168.2395,159.805725,264.2395,213.805725,0,1
1878,1878,1875,offscreen_render,39.7906265,startup,27,27,1.77777779,216.348618,186.805756,216.348618,109.999992,186.805756,50,-1.52587891E-05,350,300,168.348633,159.805725,264.348633,213.805725,0,1
1879,1879,1876,offscreen_render,39.8075,startup,27,27,1.77777779,216.459839,186.805756,216.459839,109.999992,186.805756,50,-1.52587891E-05,350,300,168.459839,159.805725,264.459839,213.805725,0,1
1880,1880,1877,offscreen_render,39.8241959,startup,27,27,1.77777779,216.573608,186.805756,216.573608,109.999992,186.805756,50,-1.52587891E-05,350,300,168.573624,159.805725,264.5736,213.805725,0,1
1881,1881,1878,offscreen_render,39.8407974,startup,27,27,1.77777779,216.690811,186.805756,216.690811,109.999992,186.805756,50,-1.52587891E-05,350,300,168.690811,159.805725,264.6908,213.805725,0,1
1882,1882,1879,offscreen_render,39.8573532,startup,27,27,1.77777779,216.810272,186.805756,216.810272,109.999992,186.805756,50,-1.52587891E-05,350,300,168.810287,159.805725,264.8103,213.805725,0,1
1883,1883,1880,offscreen_render,39.87455,startup,27,27,1.77777779,216.932587,186.805756,216.932587,109.999992,186.805756,50,-1.52587891E-05,350,300,168.9326,159.805725,264.932617,213.805725,0,1
1884,1884,1881,offscreen_render,39.89116,startup,27,27,1.77777779,217.057663,186.805756,217.057663,109.999992,186.805756,50,-1.52587891E-05,350,300,169.057663,159.805725,265.057678,213.805725,0,1
1885,1885,1882,offscreen_render,39.9080544,startup,27,27,1.77777779,217.187515,186.805756,217.187515,109.999992,186.805756,50,-1.52587891E-05,350,300,169.187531,159.805725,265.187531,213.805725,0,1
1886,1886,1883,offscreen_render,39.924305,startup,27,27,1.77777779,217.317719,186.805756,217.317719,109.999992,186.805756,50,-1.52587891E-05,350,300,169.317719,159.805725,265.317719,213.805725,0,1
1887,1887,1884,offscreen_render,39.94155,startup,27,27,1.77777779,217.450165,186.805756,217.450165,109.999992,186.805756,50,-1.52587891E-05,350,300,169.450165,159.805725,265.450165,213.805725,0,1
1888,1888,1885,offscreen_render,39.9577751,startup,27,27,1.77777779,217.584671,186.805756,217.584671,109.999992,186.805756,50,-1.52587891E-05,350,300,169.584686,159.805725,265.5847,213.805725,0,1
1889,1889,1886,offscreen_render,39.9745522,startup,27,27,1.77777779,217.721024,186.805756,217.721024,109.999992,186.805756,50,-1.52587891E-05,350,300,169.721039,159.805725,265.721039,213.805725,0,1
1890,1890,1887,offscreen_render,39.9911766,startup,27,27,1.77777779,217.859055,186.805756,217.859055,109.999992,186.805756,50,-1.52587891E-05,350,300,169.85907,159.805725,265.85907,213.805725,0,1
1891,1891,1888,offscreen_render,40.0077858,startup,27,27,1.77777779,217.998581,186.805756,217.998581,109.999992,186.805756,50,-1.52587891E-05,350,300,169.9986,159.805725,265.9986,213.805725,0,1
1892,1892,1889,offscreen_render,40.02484,startup,27,27,1.77777779,218.13945,186.805756,218.13945,109.999992,186.805756,50,-1.52587891E-05,350,300,170.13945,159.805725,266.139465,213.805725,0,1
1893,1893,1890,offscreen_render,40.04117,startup,27,27,1.77777779,218.281479,186.805756,218.281479,109.999992,186.805756,50,-1.52587891E-05,350,300,170.2815,159.805725,266.2815,213.805725,0,1
1894,1894,1891,offscreen_render,40.05834,startup,27,27,1.77777779,218.424561,186.805756,218.424561,109.999992,186.805756,50,-1.52587891E-05,350,300,170.424561,159.805725,266.424561,213.805725,0,1
1895,1895,1892,offscreen_render,40.07445,startup,27,27,1.77777779,218.568985,186.805756,218.568985,109.999992,186.805756,50,-1.52587891E-05,350,300,170.569,159.805725,266.569,213.805725,0,1
1896,1896,1893,offscreen_render,40.0913429,startup,27,27,1.77777779,218.7138,186.805756,218.7138,109.999992,186.805756,50,-1.52587891E-05,350,300,170.7138,159.805725,266.7138,213.805725,0,1
1897,1897,1894,offscreen_render,40.1077271,startup,27,27,1.77777779,218.859314,186.805756,218.859314,109.999992,186.805756,50,-1.52587891E-05,350,300,170.859329,159.805725,266.8593,213.805725,0,1
1898,1898,1895,offscreen_render,40.1249466,startup,27,27,1.77777779,219.007584,186.805756,219.007584,109.999992,186.805756,50,-1.52587891E-05,350,300,171.0076,159.805725,267.0076,213.805725,0,1
1899,1899,1896,offscreen_render,40.1412621,startup,27,27,1.77777779,219.154266,186.805756,219.154266,109.999992,186.805756,50,-1.52587891E-05,350,300,171.154266,159.805725,267.154266,213.805725,0,1
1900,1900,1897,offscreen_render,40.15822,startup,27,27,1.77777779,219.301422,186.805756,219.301422,109.999992,186.805756,50,-1.52587891E-05,350,300,171.301437,159.805725,267.301453,213.805725,0,1
1901,1901,1898,offscreen_render,40.17487,startup,27,27,1.77777779,219.448959,186.805756,219.448959,109.999992,186.805756,50,-1.52587891E-05,350,300,171.448975,159.805725,267.448975,213.805725,0,1
1902,1902,1899,offscreen_render,40.19142,startup,27,27,1.77777779,219.5946,186.805756,219.5946,109.999992,186.805756,50,-1.52587891E-05,350,300,171.5946,159.805725,267.5946,213.805725,0,1
1903,1903,1900,offscreen_render,40.2083549,startup,27,27,1.77777779,219.736267,186.805756,219.736267,109.999992,186.805756,50,-1.52587891E-05,350,300,171.736267,159.805725,267.736267,213.805725,0,1
1904,1904,1901,offscreen_render,40.22511,startup,27,27,1.77777779,219.868591,186.805756,219.868591,109.999992,186.805756,50,-1.52587891E-05,350,300,171.8686,159.805725,267.8686,213.805725,0,1
1905,1905,1902,offscreen_render,40.2417564,startup,27,27,1.77777779,219.99176,186.805756,219.99176,109.999992,186.805756,50,-1.52587891E-05,350,300,171.99176,159.805725,267.99176,213.805725,0,1
1906,1906,1903,offscreen_render,40.25833,startup,27,27,1.77777779,220.1051,186.805756,220.1051,109.999992,186.805756,50,-1.52587891E-05,350,300,172.1051,159.805725,268.1051,213.805725,0,1
1907,1907,1904,offscreen_render,40.27537,startup,27,27,1.77777779,220.20842,186.805756,220.20842,109.999992,186.805756,50,-1.52587891E-05,350,300,172.208435,159.805725,268.208435,213.805725,0,1
1908,1908,1905,offscreen_render,40.2914963,startup,27,27,1.77777779,220.301865,186.805756,220.301865,109.999992,186.805756,50,-1.52587891E-05,350,300,172.30188,159.805725,268.30188,213.805725,0,1
1909,1909,1906,offscreen_render,40.308094,startup,27,27,1.77777779,220.385818,186.805756,220.385818,109.999992,186.805756,50,-1.52587891E-05,350,300,172.385834,159.805725,268.385834,213.805725,0,1
1910,1910,1907,offscreen_render,40.32503,startup,27,27,1.77777779,220.460831,186.805756,220.460831,109.999992,186.805756,50,-1.52587891E-05,350,300,172.460846,159.805725,268.460846,213.805725,0,1
1911,1911,1908,offscreen_render,40.341938,startup,27,27,1.77777779,220.527527,186.805756,220.527527,109.999992,186.805756,50,-1.52587891E-05,350,300,172.527527,159.805725,268.527527,213.805725,0,1
1912,1912,1909,offscreen_render,40.35856,startup,27,27,1.77777779,220.586578,186.805756,220.586578,109.999992,186.805756,50,-1.52587891E-05,350,300,172.586578,159.805725,268.586578,213.805725,0,1
1913,1913,1910,offscreen_render,40.375145,startup,27,27,1.77777779,220.638657,186.805756,220.638657,109.999992,186.805756,50,-1.52587891E-05,350,300,172.638657,159.805725,268.638672,213.805725,0,1
1914,1914,1911,offscreen_render,40.3918228,startup,27,27,1.77777779,220.684448,186.805756,220.684448,109.999992,186.805756,50,-1.52587891E-05,350,300,172.684448,159.805725,268.684448,213.805725,0,1
1915,1915,1912,offscreen_render,40.40834,startup,27,27,1.77777779,220.724609,186.805756,220.724609,109.999992,186.805756,50,-1.52587891E-05,350,300,172.724625,159.805725,268.7246,213.805725,0,1
1916,1916,1913,offscreen_render,40.4250336,startup,27,27,1.77777779,220.759689,186.805756,220.759689,109.999992,186.805756,50,-1.52587891E-05,350,300,172.759689,159.805725,268.7597,213.805725,0,1
1917,1917,1914,offscreen_render,40.4417839,startup,27,27,1.77777779,220.790283,186.805756,220.790283,109.999992,186.805756,50,-1.52587891E-05,350,300,172.790283,159.805725,268.790283,213.805725,0,1
1918,1918,1915,offscreen_render,40.4582939,startup,27,27,1.77777779,220.8169,186.805756,220.8169,109.999992,186.805756,50,-1.52587891E-05,350,300,172.81691,159.805725,268.8169,213.805725,0,1
1919,1919,1916,offscreen_render,40.4753723,startup,27,27,1.77777779,220.840012,186.805756,220.840012,109.999992,186.805756,50,-1.52587891E-05,350,300,172.840027,159.805725,268.840027,213.805725,0,1
1920,1920,1917,offscreen_render,40.4914932,startup,27,27,1.77777779,220.860046,186.805756,220.860046,109.999992,186.805756,50,-1.52587891E-05,350,300,172.860046,159.805725,268.860046,213.805725,0,1
1921,1921,1918,offscreen_render,40.5082932,startup,27,27,1.77777779,220.87738,186.805756,220.87738,109.999992,186.805756,50,-1.52587891E-05,350,300,172.87738,159.805725,268.87738,213.805725,0,1
1922,1922,1919,offscreen_render,40.5251122,startup,27,27,1.77777779,220.892349,186.805756,220.892349,109.999992,186.805756,50,-1.52587891E-05,350,300,172.892349,159.805725,268.892334,213.805725,0,1
1923,1923,1920,offscreen_render,40.542057,startup,27,27,1.77777779,220.905273,186.805756,220.905273,109.999992,186.805756,50,-1.52587891E-05,350,300,172.905273,159.805725,268.905273,213.805725,0,1
1924,1924,1921,offscreen_render,40.5585861,startup,27,27,1.77777779,220.9164,186.805756,220.9164,109.999992,186.805756,50,-1.52587891E-05,350,300,172.916412,159.805725,268.9164,213.805725,0,1
1925,1925,1922,offscreen_render,40.5753937,startup,27,27,1.77777779,220.92598,186.805756,220.92598,109.999992,186.805756,50,-1.52587891E-05,350,300,172.926,159.805725,268.926,213.805725,0,1
1926,1926,1923,offscreen_render,40.59186,startup,27,27,1.77777779,220.934219,186.805756,220.934219,109.999992,186.805756,50,-1.52587891E-05,350,300,172.934235,159.805725,268.934235,213.805725,0,1
1927,1927,1924,offscreen_render,40.6083565,startup,27,27,1.77777779,220.941284,186.805756,220.941284,109.999992,186.805756,50,-1.52587891E-05,350,300,172.941284,159.805725,268.941284,213.805725,0,1
1928,1928,1925,offscreen_render,40.6252022,startup,27,27,1.77777779,220.947342,186.805756,220.947342,109.999992,186.805756,50,-1.52587891E-05,350,300,172.947357,159.805725,268.947357,213.805725,0,1
1929,1929,1926,offscreen_render,40.6414833,startup,27,27,1.77777779,220.95253,186.805756,220.95253,109.999992,186.805756,50,-1.52587891E-05,350,300,172.952545,159.805725,268.952545,213.805725,0,1
1930,1930,1927,offscreen_render,40.6580963,startup,27,27,1.77777779,220.95697,186.805756,220.95697,109.999992,186.805756,50,-1.52587891E-05,350,300,172.956985,159.805725,268.95697,213.805725,0,1
1931,1931,1928,offscreen_render,40.6749878,startup,27,27,1.77777779,220.96077,186.805756,220.96077,109.999992,186.805756,50,-1.52587891E-05,350,300,172.960785,159.805725,268.9608,213.805725,0,1
1932,1932,1929,offscreen_render,40.6917,startup,27,27,1.77777779,220.412186,186.659439,220.412186,109.999992,186.659439,50,-1.52587891E-05,350,300,172.4122,159.659409,268.4122,213.659409,0,1
1933,1933,1930,offscreen_render,40.7082,startup,27,27,1.77777779,218.9952,186.28299,218.9952,109.999992,186.28299,50,-1.52587891E-05,350,300,170.9952,159.282974,266.995178,213.282974,0,1
1934,1934,1931,offscreen_render,40.7250137,startup,27,27,1.77777779,217.018692,185.7583,217.018692,109.999992,185.7583,50,-1.52587891E-05,350,300,169.0187,158.758286,265.0187,212.758286,0,1
1935,1935,1932,offscreen_render,40.74166,startup,27,27,1.77777779,214.711227,185.14595,214.711227,109.999992,185.14595,50,-1.52587891E-05,350,300,166.711243,158.14592,262.711243,212.14592,0,1
1936,1936,1933,offscreen_render,40.75855,startup,27,27,1.77777779,212.2159,184.483871,212.2159,109.999992,184.483871,50,-1.52587891E-05,350,300,164.2159,157.483856,260.215881,211.483856,0,1
1937,1937,1934,offscreen_render,40.77499,startup,27,27,1.77777779,209.7052,183.81778,209.7052,109.999992,183.81778,50,-1.52587891E-05,350,300,161.7052,156.817749,257.7052,210.817749,0,1
1938,1938,1935,offscreen_render,40.79155,startup,27,27,1.77777779,207.237976,183.163284,207.237976,109.999992,183.163284,50,-1.52587891E-05,350,300,159.237991,156.163269,255.237991,210.163269,0,1
1939,1939,1936,offscreen_render,40.8081779,startup,27,27,1.77777779,204.871078,182.535431,204.871078,109.999992,182.535431,50,-1.52587891E-05,350,300,156.871078,155.5354,252.871078,209.5354,0,1
1940,1940,1937,offscreen_render,40.8257675,startup,27,27,1.77777779,202.640244,181.9437,202.640244,109.999992,181.9437,50,-1.52587891E-05,350,300,154.640259,154.94368,250.640259,208.94368,0,1
1941,1941,1938,offscreen_render,40.84181,startup,27,27,1.77777779,200.568344,181.394135,200.568344,109.999992,181.394135,50,-1.52587891E-05,350,300,152.568359,154.394119,248.568359,208.394119,0,1
1942,1942,1939,offscreen_render,40.8583527,startup,27,27,1.77777779,198.664673,180.889221,198.664673,109.999992,180.889221,50,-1.52587891E-05,350,300,150.664673,153.889191,246.664673,207.889191,0,1
1943,1943,1940,offscreen_render,40.87524,startup,27,27,1.77777779,196.931519,180.429535,196.931519,109.999992,180.429535,50,-1.52587891E-05,350,300,148.931534,153.4295,244.931534,207.4295,0,1
1944,1944,1941,offscreen_render,40.8916054,startup,27,27,1.77777779,195.365555,180.0142,195.365555,109.999992,180.0142,50,-1.52587891E-05,350,300,147.36557,153.014191,243.36557,207.014191,0,1
1945,1945,1942,offscreen_render,40.9081841,startup,27,27,1.77777779,193.959778,179.641357,193.959778,109.999992,179.641357,50,-1.52587891E-05,350,300,145.959778,152.641342,241.959778,206.641342,0,1
1946,1946,1943,offscreen_render,40.9249458,startup,27,27,1.77777779,192.704681,179.308487,192.704681,109.999992,179.308487,50,-1.52587891E-05,350,300,144.704681,152.308472,240.704681,206.308472,0,1
1947,1947,1944,offscreen_render,40.9419632,startup,27,27,1.77777779,191.589478,179.012726,191.589478,109.999992,179.012726,50,-1.52587891E-05,350,300,143.589478,152.012711,239.589478,206.012711,0,1
1948,1948,1945,offscreen_render,40.95843,startup,27,27,1.77777779,190.6027,178.751022,190.6027,109.999992,178.751022,50,-1.52587891E-05,350,300,142.6027,151.750992,238.6027,205.750992,0,1
1949,1949,1946,offscreen_render,40.9751549,startup,27,27,1.77777779,189.7328,178.520325,189.7328,109.999992,178.520325,50,-1.52587891E-05,350,300,141.732819,151.520309,237.732819,205.520309,0,1
1950,1950,1947,offscreen_render,40.9917564,startup,27,27,1.77777779,188.96843,178.317612,188.96843,109.999992,178.317612,50,-1.52587891E-05,350,300,140.968445,151.317581,236.968445,205.317581,0,1
1951,1951,1948,offscreen_render,41.0082054,startup,27,27,1.77777779,188.298752,178.140015,188.298752,109.999992,178.140015,50,-1.52587891E-05,350,300,140.298752,151.14,236.298752,205.14,0,1
1952,1952,1949,offscreen_render,41.02496,startup,27,27,1.77777779,187.713562,177.984818,187.713562,109.999992,177.984818,50,-1.52587891E-05,350,300,139.713562,150.9848,235.713562,204.9848,0,1
1953,1953,1950,offscreen_render,41.0416,startup,27,27,1.77777779,187.203445,177.849533,187.203445,109.999992,177.849533,50,-1.52587891E-05,350,300,139.203445,150.849518,235.203445,204.849518,0,1
1954,1954,1951,offscreen_render,41.0588722,startup,27,27,1.77777779,186.75972,177.731857,186.75972,109.999992,177.731857,50,-1.52587891E-05,350,300,138.759735,150.731842,234.759735,204.731842,0,1
1955,1955,1952,offscreen_render,41.0751534,startup,27,27,1.77777779,186.374512,177.6297,186.374512,109.999992,177.6297,50,-1.52587891E-05,350,300,138.374512,150.629684,234.374512,204.629684,0,1
1956,1956,1953,offscreen_render,41.0916443,startup,27,27,1.77777779,186.04071,177.541183,186.04071,109.999992,177.541183,50,-1.52587891E-05,350,300,138.04071,150.541168,234.04071,204.541168,0,1
1957,1957,1954,offscreen_render,41.10823,startup,27,27,1.77777779,185.751938,177.4646,185.751938,109.999992,177.4646,50,-1.52587891E-05,350,300,137.751938,150.464584,233.751938,204.464584,0,1
1958,1958,1955,offscreen_render,41.1250076,startup,27,27,1.77777779,185.5025,177.398453,185.5025,109.999992,177.398453,50,-1.52587891E-05,350,300,137.5025,150.398422,233.5025,204.398422,0,1
1959,1959,1956,offscreen_render,41.14164,startup,27,27,1.77777779,185.287354,177.3414,185.287354,109.999992,177.3414,50,-1.52587891E-05,350,300,137.287354,150.341385,233.287354,204.341385,0,1
1960,1960,1957,offscreen_render,41.1583557,startup,27,27,1.77777779,185.10202,177.292252,185.10202,109.999992,177.292252,50,-1.52587891E-05,350,300,137.10202,150.292221,233.10202,204.292221,0,1
1961,1961,1958,offscreen_render,41.1750031,startup,27,27,1.77777779,184.942581,177.249969,184.942581,109.999992,177.249969,50,-1.52587891E-05,350,300,136.9426,150.249939,232.9426,204.249939,0,1
1962,1962,1959,offscreen_render,41.19165,startup,27,27,1.77777779,184.805557,177.213638,184.805557,109.999992,177.213638,50,-1.52587891E-05,350,300,136.805557,150.213608,232.805557,204.213608,0,1
1963,1963,1960,offscreen_render,41.2084236,startup,27,27,1.77777779,184.687943,177.182449,184.687943,109.999992,177.182449,50,-1.52587891E-05,350,300,136.687943,150.182434,232.687943,204.182434,0,1
1964,1964,1961,offscreen_render,41.2252541,startup,27,27,1.77777779,184.587082,177.1557,184.587082,109.999992,177.1557,50,-1.52587891E-05,350,300,136.5871,150.15567,232.5871,204.15567,0,1
1965,1965,1962,offscreen_render,41.2418137,startup,27,27,1.77777779,184.500671,177.132782,184.500671,109.999992,177.132782,50,-1.52587891E-05,350,300,136.500671,150.132767,232.500671,204.132767,0,1
1966,1966,1963,offscreen_render,41.2583427,startup,27,27,1.77777779,184.4267,177.113159,184.4267,109.999992,177.113159,50,-1.52587891E-05,350,300,136.4267,150.113144,232.4267,204.113144,0,1
1967,1967,1964,offscreen_render,41.2750854,startup,27,27,1.77777779,184.363434,177.096375,184.363434,109.999992,177.096375,50,-1.52587891E-05,350,300,136.363434,150.096344,232.363434,204.096344,0,1
1968,1968,1965,offscreen_render,41.2919,startup,27,27,1.77777779,184.309372,177.082031,184.309372,109.999992,177.082031,50,-1.52587891E-05,350,300,136.309372,150.082016,232.309372,204.082016,0,1
1969,1969,1966,offscreen_render,41.3083878,startup,27,27,1.77777779,184.2632,177.0698,184.2632,109.999992,177.0698,50,-1.52587891E-05,350,300,136.2632,150.069778,232.2632,204.069778,0,1
1970,1970,1967,offscreen_render,41.32501,startup,27,27,1.77777779,184.2238,177.059341,184.2238,109.999992,177.059341,50,-1.52587891E-05,350,300,136.223816,150.059326,232.223816,204.059326,0,1
1971,1971,1968,offscreen_render,41.3418236,startup,27,27,1.77777779,184.1902,177.05043,184.1902,109.999992,177.05043,50,-1.52587891E-05,350,300,136.190216,150.050415,232.190216,204.050415,0,1
1972,1972,1969,offscreen_render,41.35835,startup,27,27,1.77777779,184.161575,177.042831,184.161575,109.999992,177.042831,50,-1.52587891E-05,350,300,136.161575,150.0428,232.161575,204.0428,0,1
1973,1973,1970,offscreen_render,41.375412,startup,27,27,1.77777779,184.137192,177.036362,184.137192,109.999992,177.036362,50,-1.52587891E-05,350,300,136.1372,150.036346,232.1372,204.036346,0,1
1974,1974,1971,offscreen_render,41.3920059,startup,27,27,1.77777779,184.11644,177.030853,184.11644,109.999992,177.030853,50,-1.52587891E-05,350,300,136.11644,150.030838,232.11644,204.030838,0,1
1975,1975,1972,offscreen_render,41.40851,startup,27,27,1.77777779,184.098785,177.026169,184.098785,109.999992,177.026169,50,-1.52587891E-05,350,300,136.098785,150.026138,232.098785,204.026138,0,1
1976,1976,1973,offscreen_render,41.42544,startup,27,27,1.77777779,184.083771,177.022186,184.083771,109.999992,177.022186,50,-1.52587891E-05,350,300,136.083771,150.022171,232.083771,204.022171,0,1
1977,1977,1974,offscreen_render,41.4416924,startup,27,27,1.77777779,184.071014,177.0188,184.071014,109.999992,177.0188,50,-1.52587891E-05,350,300,136.071014,150.018784,232.071014,204.018784,0,1
1978,1978,1975,offscreen_render,41.4583473,startup,27,27,1.77777779,184.060181,177.01593,184.060181,109.999992,177.01593,50,-1.52587891E-05,350,300,136.060181,150.015915,232.060181,204.015915,0,1
1979,1979,1976,offscreen_render,41.475132,startup,27,27,1.77777779,184.05098,177.013489,184.05098,109.999992,177.013489,50,-1.52587891E-05,350,300,136.05098,150.013458,232.05098,204.013458,0,1
1980,1980,1977,offscreen_render,41.4923439,startup,27,27,1.77777779,184.043167,177.011414,184.043167,109.999992,177.011414,50,-1.52587891E-05,350,300,136.043182,150.0114,232.043182,204.0114,0,1
1981,1981,1978,offscreen_render,41.5085449,startup,27,27,1.77777779,184.035538,177.011658,184.035538,109.999992,177.011658,50,-1.52587891E-05,350,300,136.035538,150.011642,232.035538,204.011642,0,1
1982,1982,1979,offscreen_render,41.52522,startup,27,27,1.77777779,184.026337,177.017319,184.026337,109.999992,177.017319,50,-1.52587891E-05,350,300,136.026337,150.0173,232.026337,204.0173,0,1
1983,1983,1980,offscreen_render,41.5417137,startup,27,27,1.77777779,184.0144,177.0304,184.0144,109.999992,177.0304,50,-1.52587891E-05,350,300,136.0144,150.030365,232.0144,204.030365,0,1
1984,1984,1981,offscreen_render,41.5583725,startup,27,27,1.77777779,183.999008,177.052032,183.999008,109.999992,177.052032,50,-1.52587891E-05,350,300,135.999008,150.052017,231.999008,204.052017,0,1
1985,1985,1982,offscreen_render,41.5755463,startup,27,27,1.77777779,183.979752,177.0828,183.979752,109.999992,177.0828,50,-1.52587891E-05,350,300,135.979752,150.082764,231.979752,204.082764,0,1
1986,1986,1983,offscreen_render,41.5918541,startup,27,27,1.77777779,183.956467,177.122818,183.956467,109.999992,177.122818,50,-1.52587891E-05,350,300,135.956482,150.1228,231.956482,204.1228,0,1
1987,1987,1984,offscreen_render,41.60854,startup,27,27,1.77777779,183.929153,177.1719,183.929153,109.999992,177.1719,50,-1.52587891E-05,350,300,135.929153,150.17189,231.929153,204.17189,0,1
1988,1988,1985,offscreen_render,41.6251144,startup,27,27,1.77777779,183.897919,177.229691,183.897919,109.999992,177.229691,50,-1.52587891E-05,350,300,135.897919,150.22966,231.897919,204.22966,0,1
1989,1989,1986,offscreen_render,41.6420441,startup,27,27,1.77777779,183.862946,177.29567,183.862946,109.999992,177.29567,50,-1.52587891E-05,350,300,135.862946,150.295654,231.862946,204.295654,0,1
1990,1990,1987,offscreen_render,41.6583977,startup,27,27,1.77777779,183.824478,177.369232,183.824478,109.999992,177.369232,50,-1.52587891E-05,350,300,135.824478,150.369217,231.824478,204.369217,0,1
1991,1991,1988,offscreen_render,41.67508,startup,27,27,1.77777779,183.782791,177.449783,183.782791,109.999992,177.449783,50,-1.52587891E-05,350,300,135.7828,150.449753,231.7828,204.449753,0,1
1992,1992,1989,offscreen_render,41.69173,startup,27,27,1.77777779,183.738144,177.536682,183.738144,109.999992,177.536682,50,-1.52587891E-05,350,300,135.738144,150.536667,231.738144,204.536667,0,1
1993,1993,1990,offscreen_render,41.70863,startup,27,27,1.77777779,183.690811,177.629318,183.690811,109.999992,177.629318,50,-1.52587891E-05,350,300,135.690811,150.629288,231.690811,204.629288,0,1
1994,1994,1991,offscreen_render,41.7253342,startup,27,27,1.77777779,183.642,177.727325,183.642,109.999992,177.727325,50,-1.52587891E-05,350,300,135.642,150.72731,231.642,204.72731,0,1
1995,1995,1992,offscreen_render,41.7418671,startup,27,27,1.77777779,183.59343,177.830536,183.59343,109.999992,177.830536,50,-1.52587891E-05,350,300,135.59343,150.8305,231.59343,204.8305,0,1
1996,1996,1993,offscreen_render,41.75837,startup,27,27,1.77777779,183.54628,177.93866,183.54628,109.999992,177.93866,50,-1.52587891E-05,350,300,135.54628,150.938629,231.54628,204.938629,0,1
1997,1997,1994,offscreen_render,41.77507,startup,27,27,1.77777779,183.501328,178.051376,183.501328,109.999992,178.051376,50,-1.52587891E-05,350,300,135.501328,151.051346,231.501328,205.051346,0,1
1998,1998,1995,offscreen_render,41.791748,startup,27,27,1.77777779,183.459045,178.16832,183.459045,109.999992,178.16832,50,-1.52587891E-05,350,300,135.459045,151.1683,231.459045,205.1683,0,1
1999,1999,1996,offscreen_render,41.80869,startup,27,27,1.77777779,183.4197,178.289139,183.4197,109.999992,178.289139,50,-1.52587891E-05,350,300,135.419708,151.289124,231.419708,205.289124,0,1
2000,2000,1997,offscreen_render,41.8251572,startup,27,27,1.77777779,183.383347,178.413452,183.383347,109.999992,178.413452,50,-1.52587891E-05,350,300,135.383362,151.413437,231.383362,205.413437,0,1
2001,2001,1998,offscreen_render,41.8419151,startup,27,27,1.77777779,183.349991,178.540924,183.349991,109.999992,178.540924,50,-1.52587891E-05,350,300,135.349991,151.540909,231.349991,205.540909,0,1
2002,2002,1999,offscreen_render,41.8592644,startup,27,27,1.77777779,183.319519,178.671219,183.319519,109.999992,178.671219,50,-1.52587891E-05,350,300,135.319519,151.6712,231.319519,205.6712,0,1
2003,2003,2000,offscreen_render,41.8754921,startup,27,27,1.77777779,183.2918,178.804,183.2918,109.999992,178.804,50,-1.52587891E-05,350,300,135.291809,151.80397,231.291809,205.80397,0,1
2004,2004,2001,offscreen_render,41.8922119,startup,27,27,1.77777779,183.266617,178.939011,183.266617,109.999992,178.939011,50,-1.52587891E-05,350,300,135.266632,151.939,231.266632,205.939,0,1
2005,2005,2002,offscreen_render,41.90877,startup,27,27,1.77777779,183.24379,179.075974,183.24379,109.999992,179.075974,50,-1.52587891E-05,350,300,135.24379,152.075943,231.24379,206.075943,0,1
2006,2006,2003,offscreen_render,41.925663,startup,27,27,1.77777779,183.2231,179.214661,183.2231,109.999992,179.214661,50,-1.52587891E-05,350,300,135.2231,152.21463,231.2231,206.21463,0,1
2007,2007,2004,offscreen_render,41.9422951,startup,27,27,1.77777779,183.204361,179.354858,183.204361,109.999992,179.354858,50,-1.52587891E-05,350,300,135.204376,152.354843,231.204376,206.354843,0,1
2008,2008,2005,offscreen_render,41.95901,startup,27,27,1.77777779,183.187378,179.496368,183.187378,109.999992,179.496368,50,-1.52587891E-05,350,300,135.187378,152.496338,231.187378,206.496338,0,1
2009,2009,2006,offscreen_render,41.975235,startup,27,27,1.77777779,183.171951,179.639023,183.171951,109.999992,179.639023,50,-1.52587891E-05,350,300,135.171967,152.639,231.171967,206.639,0,1
2010,2010,2007,offscreen_render,41.9920578,startup,27,27,1.77777779,183.157913,179.7827,183.157913,109.999992,179.7827,50,-1.52587891E-05,350,300,135.157913,152.782669,231.157913,206.782669,0,1
2011,2011,2008,offscreen_render,42.0084229,startup,27,27,1.77777779,183.145111,179.927246,183.145111,109.999992,179.927246,50,-1.52587891E-05,350,300,135.145111,152.927216,231.145111,206.927216,0,1
2012,2012,2009,offscreen_render,42.0253029,startup,27,27,1.77777779,183.133392,180.07254,183.133392,109.999992,180.07254,50,-1.52587891E-05,350,300,135.133392,153.072525,231.133392,207.072525,0,1
2013,2013,2010,offscreen_render,42.0418358,startup,27,27,1.77777779,183.122635,180.218491,183.122635,109.999992,180.218491,50,-1.52587891E-05,350,300,135.122635,153.21846,231.122635,207.21846,0,1
2014,2014,2011,offscreen_render,42.0587234,startup,27,27,1.77777779,183.112717,180.365,183.112717,109.999992,180.365,50,-1.52587891E-05,350,300,135.112732,153.364975,231.112732,207.364975,0,1
2015,2015,2012,offscreen_render,42.07552,startup,27,27,1.77777779,183.103531,180.512009,183.103531,109.999992,180.512009,50,-1.52587891E-05,350,300,135.103531,153.511978,231.103531,207.511978,0,1
2016,2016,2013,offscreen_render,42.0917053,startup,27,27,1.77777779,183.094986,180.659439,183.094986,109.999992,180.659439,50,-1.52587891E-05,350,300,135.094986,153.659424,231.094986,207.659424,0,1
2017,2017,2014,offscreen_render,42.1083832,startup,27,27,1.77777779,183.087,180.807236,183.087,109.999992,180.807236,50,-1.52587891E-05,350,300,135.087,153.8072,231.087,207.8072,0,1
2018,2018,2015,offscreen_render,42.1253548,startup,27,27,1.77777779,183.0795,180.955338,183.0795,109.999992,180.955338,50,-1.52587891E-05,350,300,135.0795,153.955322,231.0795,207.955322,0,1
2019,2019,2016,offscreen_render,42.1417656,startup,27,27,1.77777779,183.0724,181.1039,183.0724,109.999992,181.1039,50,-1.52587891E-05,350,300,135.0724,154.103882,231.0724,208.103882,0,1
2020,2020,2017,offscreen_render,42.1585159,startup,27,27,1.77777779,183.065689,181.2525,183.065689,109.999992,181.2525,50,-1.52587891E-05,350,300,135.065689,154.252472,231.065689,208.252472,0,1
2021,2021,2018,offscreen_render,42.1753578,startup,27,27,1.77777779,183.061584,181.399231,183.061584,109.999992,181.399231,50,-1.52587891E-05,350,300,135.061584,154.399216,231.061584,208.399216,0,1
2022,2022,2019,offscreen_render,42.1919975,startup,27,27,1.77777779,183.063675,181.540863,183.063675,109.999992,181.540863,50,-1.52587891E-05,350,300,135.063675,154.540848,231.063675,208.540848,0,1
2023,2023,2020,offscreen_render,42.2083435,startup,27,27,1.77777779,183.074249,181.67514,183.074249,109.999992,181.67514,50,-1.52587891E-05,350,300,135.074249,154.67511,231.074249,208.67511,0,1
2024,2024,2021,offscreen_render,42.22505,startup,27,27,1.77777779,183.094635,181.800873,183.094635,109.999992,181.800873,50,-1.52587891E-05,350,300,135.094635,154.800842,231.094635,208.800842,0,1
2025,2025,2022,offscreen_render,42.2418976,startup,27,27,1.77777779,183.125488,181.917435,183.125488,109.999992,181.917435,50,-1.52587891E-05,350,300,135.125488,154.917419,231.125488,208.917419,0,1
2026,2026,2023,offscreen_render,42.2585068,startup,27,27,1.77777779,183.166962,182.024643,183.166962,109.999992,182.024643,50,-1.52587891E-05,350,300,135.166962,155.024612,231.166962,209.024612,0,1
2027,2027,2024,offscreen_render,42.2754974,startup,27,27,1.77777779,183.218857,182.122665,183.218857,109.999992,182.122665,50,-1.52587891E-05,350,300,135.218857,155.12265,231.218857,209.12265,0,1
2028,2028,2025,offscreen_render,42.29178,startup,27,27,1.77777779,183.280731,182.211853,183.280731,109.999992,182.211853,50,-1.52587891E-05,350,300,135.280731,155.211823,231.280731,209.211823,0,1
2029,2029,2026,offscreen_render,42.30831,startup,27,27,1.77777779,183.352,182.292725,183.352,109.999992,182.292725,50,-1.52587891E-05,350,300,135.352,155.292709,231.352,209.292709,0,1
2030,2030,2027,offscreen_render,42.32529,startup,27,27,1.77777779,183.431992,182.36586,183.431992,109.999992,182.36586,50,-1.52587891E-05,350,300,135.431992,155.365829,231.431992,209.365829,0,1
2031,2031,2028,offscreen_render,42.3417549,startup,27,27,1.77777779,183.519989,182.43187,183.519989,109.999992,182.43187,50,-1.52587891E-05,350,300,135.519989,155.431839,231.519989,209.431839,0,1
2032,2032,2029,offscreen_render,42.35861,startup,27,27,1.77777779,183.61528,182.491409,183.61528,109.999992,182.491409,50,-1.52587891E-05,350,300,135.61528,155.4914,231.61528,209.4914,0,1
2033,2033,2030,offscreen_render,42.37547,startup,27,27,1.77777779,183.717148,182.54509,183.717148,109.999992,182.54509,50,-1.52587891E-05,350,300,135.717163,155.545059,231.717163,209.545059,0,1
2034,2034,2031,offscreen_render,42.39213,startup,27,27,1.77777779,183.824936,182.5935,183.824936,109.999992,182.5935,50,-1.52587891E-05,350,300,135.824936,155.593491,231.824936,209.593491,0,1
2035,2035,2032,offscreen_render,42.4083443,startup,27,27,1.77777779,183.937988,182.637222,183.937988,109.999992,182.637222,50,-1.52587891E-05,350,300,135.937988,155.6372,231.937988,209.6372,0,1
2036,2036,2033,offscreen_render,42.42549,startup,27,27,1.77777779,184.055725,182.676773,184.055725,109.999992,182.676773,50,-1.52587891E-05,350,300,136.055725,155.676758,232.055725,209.676758,0,1
2037,2037,2034,offscreen_render,42.4417953,startup,27,27,1.77777779,184.177612,182.712631,184.177612,109.999992,182.712631,50,-1.52587891E-05,350,300,136.177612,155.712616,232.177612,209.712616,0,1
2038,2038,2035,offscreen_render,42.4585381,startup,27,27,1.77777779,184.300919,182.745056,184.300919,109.999992,182.745056,50,-1.52587891E-05,350,300,136.300919,155.745026,232.300919,209.745026,0,1
2039,2039,2036,offscreen_render,42.47531,startup,27,27,1.77777779,184.421692,182.7742,184.421692,109.999992,182.7742,50,-1.52587891E-05,350,300,136.421692,155.774185,232.421692,209.774185,0,1
2040,2040,2037,offscreen_render,42.4918022,startup,27,27,1.77777779,184.537262,182.800232,184.537262,109.999992,182.800232,50,-1.52587891E-05,350,300,136.537262,155.800217,232.537262,209.800217,0,1
2041,2041,2038,offscreen_render,42.508358,startup,27,27,1.77777779,184.64595,182.82338,184.64595,109.999992,182.82338,50,-1.52587891E-05,350,300,136.645966,155.823364,232.645966,209.823364,0,1
2042,2042,2039,offscreen_render,42.52508,startup,27,27,1.77777779,184.7468,182.843872,184.7468,109.999992,182.843872,50,-1.52587891E-05,350,300,136.7468,155.843857,232.7468,209.843857,0,1
2043,2043,2040,offscreen_render,42.5419846,startup,27,27,1.77777779,184.83934,182.861954,184.83934,109.999992,182.861954,50,-1.52587891E-05,350,300,136.83934,155.861938,232.83934,209.861938,0,1
2044,2044,2041,offscreen_render,42.55836,startup,27,27,1.77777779,184.923508,182.877853,184.923508,109.999992,182.877853,50,-1.52587891E-05,350,300,136.923508,155.877838,232.923508,209.877838,0,1
2045,2045,2042,offscreen_render,42.57526,startup,27,27,1.77777779,184.9995,182.891785,184.9995,109.999992,182.891785,50,-1.52587891E-05,350,300,136.9995,155.891769,232.9995,209.891769,0,1
2046,2046,2043,offscreen_render,42.59177,startup,27,27,1.77777779,185.067657,182.903961,185.067657,109.999992,182.903961,50,-1.52587891E-05,350,300,137.067657,155.903946,233.067657,209.903946,0,1
2047,2047,2044,offscreen_render,42.608326,startup,27,27,1.77777779,185.128479,182.914581,185.128479,109.999992,182.914581,50,-1.52587891E-05,350,300,137.128479,155.914566,233.128479,209.914566,0,1
2048,2048,2045,offscreen_render,42.6250877,startup,27,27,1.77777779,185.1825,182.923828,185.1825,109.999992,182.923828,50,-1.52587891E-05,350,300,137.1825,155.923813,233.1825,209.923813,0,1
2049,2049,2046,offscreen_render,42.6417656,startup,27,27,1.77777779,185.23027,182.931854,185.23027,109.999992,182.931854,50,-1.52587891E-05,350,300,137.23027,155.931824,233.23027,209.931824,0,1
2050,2050,2047,offscreen_render,42.65848,startup,27,27,1.77777779,185.272369,182.938812,185.272369,109.999992,182.938812,50,-1.52587891E-05,350,300,137.272369,155.9388,233.272369,209.9388,0,1
2051,2051,2048,offscreen_render,42.6750565,startup,27,27,1.77777779,185.309341,182.944824,185.309341,109.999992,182.944824,50,-1.52587891E-05,350,300,137.309357,155.944809,233.309357,209.944809,0,1
2052,2052,2049,offscreen_render,42.6917,startup,27,27,1.77777779,185.341721,182.950027,185.341721,109.999992,182.950027,50,-1.52587891E-05,350,300,137.341721,155.950012,233.341721,209.950012,0,1
2053,2053,2050,offscreen_render,42.7082977,startup,27,27,1.77777779,185.37001,182.954514,185.37001,109.999992,182.954514,50,-1.52587891E-05,350,300,137.37001,155.954483,233.37001,209.954483,0,1
2054,2054,2051,offscreen_render,42.72606,startup,27,27,1.77777779,185.394669,182.958374,185.394669,109.999992,182.958374,50,-1.52587891E-05,350,300,137.394684,155.958344,233.394684,209.958344,0,1
2055,2055,2052,offscreen_render,42.742588,startup,27,27,1.77777779,185.416733,182.961792,185.416733,109.999992,182.961792,50,-1.52587891E-05,350,300,137.416748,155.961777,233.416748,209.961777,0,1
2056,2056,2053,offscreen_render,42.7590141,startup,27,27,1.77777779,185.435257,182.96463,185.435257,109.999992,182.96463,50,-1.52587891E-05,350,300,137.435257,155.9646,233.435257,209.9646,0,1
2057,2057,2054,offscreen_render,42.7756462,startup,27,27,1.77777779,185.451309,182.967072,185.451309,109.999992,182.967072,50,-1.52587891E-05,350,300,137.451309,155.967056,233.451309,209.967056,0,1
2058,2058,2055,offscreen_render,42.7924156,startup,27,27,1.77777779,185.4652,182.969162,185.4652,109.999992,182.969162,50,-1.52587891E-05,350,300,137.4652,155.969131,233.4652,209.969131,0,1
2059,2059,2056,offscreen_render,42.8088837,startup,27,27,1.77777779,185.477188,182.970963,185.477188,109.999992,182.970963,50,-1.52587891E-05,350,300,137.477188,155.970947,233.477188,209.970947,0,1
2060,2060,2057,offscreen_render,42.825634,startup,27,27,1.77777779,185.487518,182.9725,185.487518,109.999992,182.9725,50,-1.52587891E-05,350,300,137.487518,155.972488,233.487518,209.972488,0,1
2061,2061,2058,offscreen_render,42.8423,startup,27,27,1.77777779,185.496414,182.973816,185.496414,109.999992,182.973816,50,-1.52587891E-05,350,300,137.496414,155.9738,233.496414,209.9738,0,1
2062,2062,2059,offscreen_render,42.8589859,startup,27,27,1.77777779,185.504074,182.974945,185.504074,109.999992,182.974945,50,-1.52587891E-05,350,300,137.504089,155.974915,233.504089,209.974915,0,1
2063,2063,2060,offscreen_render,42.8755341,startup,27,27,1.77777779,185.510651,182.9759,185.510651,109.999992,182.9759,50,-1.52587891E-05,350,300,137.510651,155.975891,233.510651,209.975891,0,1
2064,2064,2061,offscreen_render,42.8924522,startup,27,27,1.77777779,185.5163,182.97673,185.5163,109.999992,182.97673,50,-1.52587891E-05,350,300,137.5163,155.976715,233.5163,209.976715,0,1
2065,2065,2062,offscreen_render,42.9094238,startup,27,27,1.77777779,185.521133,182.977432,185.521133,109.999992,182.977432,50,-1.52587891E-05,350,300,137.521133,155.9774,233.521133,209.9774,0,1
2066,2066,2063,offscreen_render,42.92555,startup,27,27,1.77777779,185.525284,182.978027,185.525284,109.999992,182.978027,50,-1.52587891E-05,350,300,137.525284,155.978012,233.525284,209.978012,0,1
2067,2067,2064,offscreen_render,42.942543,startup,27,27,1.77777779,185.528839,182.978531,185.528839,109.999992,182.978531,50,-1.52587891E-05,350,300,137.528839,155.978516,233.528839,209.978516,0,1
2068,2068,2065,offscreen_render,42.95928,startup,27,27,1.77777779,185.531876,182.978958,185.531876,109.999992,182.978958,50,-1.52587891E-05,350,300,137.531876,155.978943,233.531876,209.978943,0,1
2069,2069,2066,offscreen_render,42.9755936,startup,27,27,1.77777779,185.53447,182.979324,185.53447,109.999992,182.979324,50,-1.52587891E-05,350,300,137.534485,155.9793,233.534485,209.9793,0,1
2070,2070,2067,offscreen_render,42.9922943,startup,27,27,1.77777779,185.536682,182.97963,185.536682,109.999992,182.97963,50,-1.52587891E-05,350,300,137.536682,155.9796,233.536682,209.9796,0,1
2071,2071,2068,offscreen_render,43.0088844,startup,27,27,1.77777779,185.538574,182.979889,185.538574,109.999992,182.979889,50,-1.52587891E-05,350,300,137.538574,155.979858,233.538574,209.979858,0,1
2072,2072,2069,offscreen_render,43.02559,startup,27,27,1.77777779,185.540192,182.980118,185.540192,109.999992,182.980118,50,-1.52587891E-05,350,300,137.540192,155.9801,233.540192,209.9801,0,1
2073,2073,2070,offscreen_render,43.0425835,startup,27,27,1.77777779,185.541565,182.980316,185.541565,109.999992,182.980316,50,-1.52587891E-05,350,300,137.541565,155.980286,233.541565,209.980286,0,1
2074,2074,2071,offscreen_render,43.058918,startup,27,27,1.77777779,185.54274,182.980484,185.54274,109.999992,182.980484,50,-1.52587891E-05,350,300,137.54274,155.980453,233.54274,209.980453,0,1
2075,2075,2072,offscreen_render,43.07577,startup,27,27,1.77777779,185.543732,182.980621,185.543732,109.999992,182.980621,50,-1.52587891E-05,350,300,137.543732,155.980591,233.543732,209.980591,0,1
2076,2076,2073,offscreen_render,43.0924072,startup,27,27,1.77777779,185.544586,182.980743,185.544586,109.999992,182.980743,50,-1.52587891E-05,350,300,137.544586,155.980728,233.544586,209.980728,0,1
2077,2077,2074,offscreen_render,43.1089554,startup,27,27,1.77777779,185.5453,182.98085,185.5453,109.999992,182.98085,50,-1.52587891E-05,350,300,137.5453,155.980835,233.5453,209.980835,0,1
2078,2078,2075,offscreen_render,43.1255264,startup,27,27,1.77777779,185.545914,182.980942,185.545914,109.999992,182.980942,50,-1.52587891E-05,350,300,137.545929,155.980927,233.545929,209.980927,0,1
2079,2079,2076,offscreen_render,43.1426964,startup,27,27,1.77777779,185.546432,182.981018,185.546432,109.999992,182.981018,50,-1.52587891E-05,350,300,137.546432,155.981,233.546432,209.981,0,1
2080,2080,2077,offscreen_render,43.15894,startup,27,27,1.77777779,185.546875,182.981079,185.546875,109.999992,182.981079,50,-1.52587891E-05,350,300,137.546875,155.981064,233.546875,209.981064,0,1
2081,2081,2078,offscreen_render,43.1755676,startup,27,27,1.77777779,185.547256,182.981125,185.547256,109.999992,182.981125,50,-1.52587891E-05,350,300,137.547256,155.9811,233.547256,209.9811,0,1
2082,2082,2079,offscreen_render,43.19257,startup,27,27,1.77777779,185.547577,182.981171,185.547577,109.999992,182.981171,50,-1.52587891E-05,350,300,137.547577,155.981155,233.547577,209.981155,0,1
2083,2083,2080,offscreen_render,43.20909,startup,27,27,1.77777779,185.547852,182.9812,185.547852,109.999992,182.9812,50,-1.52587891E-05,350,300,137.547852,155.981171,233.547852,209.981171,0,1
2084,2084,2081,offscreen_render,43.2257652,startup,27,27,1.77777779,185.54808,182.981232,185.54808,109.999992,182.981232,50,-1.52587891E-05,350,300,137.54808,155.981216,233.54808,209.981216,0,1
2085,2085,2082,offscreen_render,43.2422371,startup,27,27,1.77777779,185.548279,182.981262,185.548279,109.999992,182.981262,50,-1.52587891E-05,350,300,137.548279,155.981247,233.548279,209.981247,0,1
2086,2086,2083,offscreen_render,43.2593536,startup,27,27,1.77777779,185.548447,182.981277,185.548447,109.999992,182.981277,50,-1.52587891E-05,350,300,137.548447,155.981247,233.548447,209.981247,0,1
2087,2087,2084,offscreen_render,43.38527,startup,27,27,1.77777779,185.549072,182.981354,185.549072,109.999992,182.981354,50,-1.52587891E-05,350,300,137.549072,155.981339,233.549072,209.981339,0,1
2088,2088,2085,offscreen_render,43.50371,startup,27,27,1.77777779,185.383865,182.982574,185.383865,109.999992,182.982574,50,-1.52587891E-05,350,300,137.383881,155.982559,233.383881,209.982559,0,1
2089,2089,2086,offscreen_render,43.51949,startup,27,27,1.77777779,185.352585,182.9828,185.352585,109.999992,182.9828,50,-1.52587891E-05,350,300,137.352585,155.982788,233.352585,209.982788,0,1
2090,2090,2087,offscreen_render,43.5357933,startup,27,27,1.77777779,185.317245,182.983063,185.317245,109.999992,182.983063,50,-1.52587891E-05,350,300,137.317245,155.983047,233.317245,209.983047,0,1
2091,2091,2088,offscreen_render,43.552227,startup,27,27,1.77777779,185.275681,182.983368,185.275681,109.999992,182.983368,50,-1.52587891E-05,350,300,137.275681,155.983337,233.275681,209.983337,0,1
2092,2092,2089,offscreen_render,43.568718,startup,27,27,1.77777779,185.226944,182.983719,185.226944,109.999992,182.983719,50,-1.52587891E-05,350,300,137.226959,155.9837,233.226959,209.9837,0,1
2093,2093,2090,offscreen_render,43.5853767,startup,27,27,1.77777779,185.170273,182.984131,185.170273,109.999992,182.984131,50,-1.52587891E-05,350,300,137.170288,155.984116,233.170288,209.984116,0,1
2094,2094,2091,offscreen_render,43.6021042,startup,27,27,1.77777779,185.105469,182.9846,185.105469,109.999992,182.9846,50,-1.52587891E-05,350,300,137.105469,155.984573,233.105469,209.984573,0,1
2095,2095,2092,offscreen_render,43.6187477,startup,27,27,1.77777779,185.032623,182.985138,185.032623,109.999992,182.985138,50,-1.52587891E-05,350,300,137.032623,155.985123,233.032623,209.985123,0,1
2096,2096,2093,offscreen_render,43.6355,startup,27,27,1.77777779,184.952011,182.985733,184.952011,109.999992,182.985733,50,-1.52587891E-05,350,300,136.952026,155.9857,232.952026,209.9857,0,1
2097,2097,2094,offscreen_render,43.6522522,startup,27,27,1.77777779,184.864059,182.986374,184.864059,109.999992,182.986374,50,-1.52587891E-05,350,300,136.864059,155.986359,232.864059,209.986359,0,1
2098,2098,2095,offscreen_render,43.6691132,startup,27,27,1.77777779,184.769272,182.987061,184.769272,109.999992,182.987061,50,-1.52587891E-05,350,300,136.769287,155.98703,232.769287,209.98703,0,1
2099,2099,2096,offscreen_render,43.6852531,startup,27,27,1.77777779,184.6682,182.9878,184.6682,109.999992,182.9878,50,-1.52587891E-05,350,300,136.668213,155.987762,232.668213,209.987762,0,1
2100,2100,2097,offscreen_render,43.70252,startup,27,27,1.77777779,184.560089,182.988586,184.560089,109.999992,182.988586,50,-1.52587891E-05,350,300,136.560089,155.988571,232.560089,209.988571,0,1
2101,2101,2098,offscreen_render,43.7192574,startup,27,27,1.77777779,184.450119,182.987152,184.450119,109.999992,182.987152,50,-1.52587891E-05,350,300,136.450134,155.987122,232.450134,209.987122,0,1
2102,2102,2099,offscreen_render,43.7357178,startup,27,27,1.77777779,184.340958,182.979965,184.340958,109.999992,182.979965,50,-1.52587891E-05,350,300,136.340958,155.979935,232.340958,209.979935,0,1
2103,2103,2100,offscreen_render,43.75215,startup,27,27,1.77777779,184.23526,182.964737,184.23526,109.999992,182.964737,50,-1.52587891E-05,350,300,136.23526,155.9647,232.23526,209.9647,0,1
2104,2104,2101,offscreen_render,43.76918,startup,27,27,1.77777779,184.13475,182.940109,184.13475,109.999992,182.940109,50,-1.52587891E-05,350,300,136.13475,155.940079,232.13475,209.940079,0,1
2105,2105,2102,offscreen_render,43.7854843,startup,27,27,1.77777779,184.040482,182.905426,184.040482,109.999992,182.905426,50,-1.52587891E-05,350,300,136.040482,155.905411,232.040482,209.905411,0,1
2106,2106,2103,offscreen_render,43.8022079,startup,27,27,1.77777779,183.953,182.8605,183.953,109.999992,182.8605,50,-1.52587891E-05,350,300,135.953,155.860474,231.953,209.860474,0,1
2107,2107,2104,offscreen_render,43.8188171,startup,27,27,1.77777779,183.8725,182.805527,183.8725,109.999992,182.805527,50,-1.52587891E-05,350,300,135.8725,155.8055,231.8725,209.8055,0,1
2108,2108,2105,offscreen_render,43.8355026,startup,27,27,1.77777779,183.798889,182.740891,183.798889,109.999992,182.740891,50,-1.52587891E-05,350,300,135.798889,155.740875,231.798889,209.740875,0,1
2109,2109,2106,offscreen_render,43.85238,startup,27,27,1.77777779,183.731934,182.66716,183.731934,109.999992,182.66716,50,-1.52587891E-05,350,300,135.731934,155.667145,231.731934,209.667145,0,1
2110,2110,2107,offscreen_render,43.8691139,startup,27,27,1.77777779,183.671265,182.584976,183.671265,109.999992,182.584976,50,-1.52587891E-05,350,300,135.671265,155.584946,231.671265,209.584946,0,1
2111,2111,2108,offscreen_render,43.88551,startup,27,27,1.77777779,183.61647,182.495026,183.61647,109.999992,182.495026,50,-1.52587891E-05,350,300,135.61647,155.49501,231.61647,209.49501,0,1
2112,2112,2109,offscreen_render,43.9024773,startup,27,27,1.77777779,183.567078,182.39801,183.567078,109.999992,182.39801,50,-1.52587891E-05,350,300,135.567078,155.39798,231.567078,209.39798,0,1
2113,2113,2110,offscreen_render,43.9189,startup,27,27,1.77777779,183.522614,182.2946,183.522614,109.999992,182.2946,50,-1.52587891E-05,350,300,135.522614,155.294571,231.522614,209.294571,0,1
2114,2114,2111,offscreen_render,43.9355278,startup,27,27,1.77777779,183.4826,182.185455,183.4826,109.999992,182.185455,50,-1.52587891E-05,350,300,135.4826,155.18544,231.4826,209.18544,0,1
2115,2115,2112,offscreen_render,43.95239,startup,27,27,1.77777779,183.446609,182.071182,183.446609,109.999992,182.071182,50,-1.52587891E-05,350,300,135.446625,155.071167,231.446625,209.071167,0,1
2116,2116,2113,offscreen_render,43.96941,startup,27,27,1.77777779,183.4142,181.952362,183.4142,109.999992,181.952362,50,-1.52587891E-05,350,300,135.414215,154.952347,231.414215,208.952347,0,1
2117,2117,2114,offscreen_render,43.98554,startup,27,27,1.77777779,183.384979,181.829514,183.384979,109.999992,181.829514,50,-1.52587891E-05,350,300,135.384979,154.8295,231.384979,208.8295,0,1
2118,2118,2115,offscreen_render,44.0023155,startup,27,27,1.77777779,183.358582,181.70311,183.358582,109.999992,181.70311,50,-1.52587891E-05,350,300,135.358582,154.7031,231.358582,208.7031,0,1
2119,2119,2116,offscreen_render,44.0190048,startup,27,27,1.77777779,183.334671,181.573578,183.334671,109.999992,181.573578,50,-1.52587891E-05,350,300,135.334671,154.573563,231.334671,208.573563,0,1
2120,2120,2117,offscreen_render,44.0355873,startup,27,27,1.77777779,183.312958,181.441315,183.312958,109.999992,181.441315,50,-1.52587891E-05,350,300,135.312958,154.4413,231.312958,208.4413,0,1
2121,2121,2118,offscreen_render,44.0523224,startup,27,27,1.77777779,183.293167,181.306671,183.293167,109.999992,181.306671,50,-1.52587891E-05,350,300,135.293182,154.306656,231.293182,208.306656,0,1
2122,2122,2119,offscreen_render,44.0692368,startup,27,27,1.77777779,183.275055,181.169937,183.275055,109.999992,181.169937,50,-1.52587891E-05,350,300,135.275055,154.1699,231.275055,208.1699,0,1
2123,2123,2120,offscreen_render,44.08574,startup,27,27,1.77777779,183.2584,181.031387,183.2584,109.999992,181.031387,50,-1.52587891E-05,350,300,135.2584,154.031372,231.2584,208.031372,0,1
2124,2124,2121,offscreen_render,44.10239,startup,27,27,1.77777779,183.243027,180.891266,183.243027,109.999992,180.891266,50,-1.52587891E-05,350,300,135.243027,153.891235,231.243027,207.891235,0,1
2125,2125,2122,offscreen_render,44.1188927,startup,27,27,1.77777779,183.22876,180.749786,183.22876,109.999992,180.749786,50,-1.52587891E-05,350,300,135.22876,153.749771,231.22876,207.749771,0,1
2126,2126,2123,offscreen_render,44.135952,startup,27,27,1.77777779,183.215439,180.607025,183.215439,109.999992,180.607025,50,-1.52587891E-05,350,300,135.215454,153.607,231.215454,207.607,0,1
2127,2127,2124,offscreen_render,44.1524239,startup,27,27,1.77777779,183.202957,180.463348,183.202957,109.999992,180.463348,50,-1.52587891E-05,350,300,135.202957,153.463333,231.202957,207.463333,0,1
2128,2128,2125,offscreen_render,44.16962,startup,27,27,1.77777779,183.19101,180.316437,183.19101,109.999992,180.316437,50,-1.52587891E-05,350,300,135.19101,153.316422,231.19101,207.316422,0,1
2129,2129,2126,offscreen_render,44.1859169,startup,27,27,1.77777779,183.179886,180.171082,183.179886,109.999992,180.171082,50,-1.52587891E-05,350,300,135.179886,153.171066,231.179886,207.171066,0,1
2130,2130,2127,offscreen_render,44.2029343,startup,27,27,1.77777779,183.1693,180.025085,183.1693,109.999992,180.025085,50,-1.52587891E-05,350,300,135.169312,153.02507,231.169312,207.02507,0,1
2131,2131,2128,offscreen_render,44.2192726,startup,27,27,1.77777779,183.159164,179.87854,183.159164,109.999992,179.87854,50,-1.52587891E-05,350,300,135.159164,152.87851,231.159164,206.87851,0,1
2132,2132,2129,offscreen_render,44.2362,startup,27,27,1.77777779,183.149414,179.731522,183.149414,109.999992,179.731522,50,-1.52587891E-05,350,300,135.149414,152.731491,231.149414,206.731491,0,1
2133,2133,2130,offscreen_render,44.25294,startup,27,27,1.77777779,183.140015,179.5841,183.140015,109.999992,179.5841,50,-1.52587891E-05,350,300,135.140015,152.584091,231.140015,206.584091,0,1
2134,2134,2131,offscreen_render,44.2693939,startup,27,27,1.77777779,183.1309,179.43634,183.1309,109.999992,179.43634,50,-1.52587891E-05,350,300,135.1309,152.436325,231.1309,206.436325,0,1
2135,2135,2132,offscreen_render,44.285923,startup,27,27,1.77777779,183.12204,179.288269,183.12204,109.999992,179.288269,50,-1.52587891E-05,350,300,135.12204,152.288254,231.12204,206.288254,0,1
2136,2136,2133,offscreen_render,44.30284,startup,27,27,1.77777779,183.113388,179.139938,183.113388,109.999992,179.139938,50,-1.52587891E-05,350,300,135.113388,152.139908,231.113388,206.139908,0,1
2137,2137,2134,offscreen_render,44.31956,startup,27,27,1.77777779,183.104919,178.991379,183.104919,109.999992,178.991379,50,-1.52587891E-05,350,300,135.104919,151.991364,231.104919,205.991364,0,1
2138,2138,2135,offscreen_render,44.3362732,startup,27,27,1.77777779,183.0966,178.842636,183.0966,109.999992,178.842636,50,-1.52587891E-05,350,300,135.096619,151.8426,231.096619,205.8426,0,1
2139,2139,2136,offscreen_render,44.35273,startup,27,27,1.77777779,183.090744,178.695618,183.090744,109.999992,178.695618,50,-1.52587891E-05,350,300,135.090759,151.6956,231.090759,205.6956,0,1
2140,2140,2137,offscreen_render,44.3694153,startup,27,27,1.77777779,183.090973,178.5533,183.090973,109.999992,178.5533,50,-1.52587891E-05,350,300,135.090973,151.553284,231.090973,205.553284,0,1
2141,2141,2138,offscreen_render,44.38599,startup,27,27,1.77777779,183.099609,178.4176,183.099609,109.999992,178.4176,50,-1.52587891E-05,350,300,135.099609,151.417587,231.099609,205.417587,0,1
2142,2142,2139,offscreen_render,44.4027939,startup,27,27,1.77777779,183.118042,178.289673,183.118042,109.999992,178.289673,50,-1.52587891E-05,350,300,135.118042,151.289642,231.118042,205.289642,0,1
2143,2143,2140,offscreen_render,44.41936,startup,27,27,1.77777779,183.146927,178.170074,183.146927,109.999992,178.170074,50,-1.52587891E-05,350,300,135.146927,151.170059,231.146927,205.170059,0,1
2144,2144,2141,offscreen_render,44.4358521,startup,27,27,1.77777779,183.186447,178.05896,183.186447,109.999992,178.05896,50,-1.52587891E-05,350,300,135.186447,151.058929,231.186447,205.058929,0,1
2145,2145,2142,offscreen_render,44.4527359,startup,27,27,1.77777779,183.2364,177.956192,183.2364,109.999992,177.956192,50,-1.52587891E-05,350,300,135.23642,150.956161,231.23642,204.956161,0,1
2146,2146,2143,offscreen_render,44.4697571,startup,27,27,1.77777779,183.296371,177.86145,183.296371,109.999992,177.86145,50,-1.52587891E-05,350,300,135.296387,150.86142,231.296387,204.86142,0,1
2147,2147,2144,offscreen_render,44.485817,startup,27,27,1.77777779,183.365753,177.774277,183.365753,109.999992,177.774277,50,-1.52587891E-05,350,300,135.365753,150.774246,231.365753,204.774246,0,1
2148,2148,2145,offscreen_render,44.5025673,startup,27,27,1.77777779,183.4439,177.694122,183.4439,109.999992,177.694122,50,-1.52587891E-05,350,300,135.4439,150.6941,231.4439,204.6941,0,1
2149,2149,2146,offscreen_render,44.5197868,startup,27,27,1.77777779,183.530075,177.620422,183.530075,109.999992,177.620422,50,-1.52587891E-05,350,300,135.530075,150.620392,231.530075,204.620392,0,1
2150,2150,2147,offscreen_render,44.5358963,startup,27,27,1.77777779,183.623566,177.552612,183.623566,109.999992,177.552612,50,-1.52587891E-05,350,300,135.623566,150.552582,231.623566,204.552582,0,1
2151,2151,2148,offscreen_render,44.55255,startup,27,27,1.77777779,183.723679,177.490128,183.723679,109.999992,177.490128,50,-1.52587891E-05,350,300,135.723679,150.490112,231.723679,204.490112,0,1
2152,2152,2149,offscreen_render,44.56944,startup,27,27,1.77777779,183.829727,177.432419,183.829727,109.999992,177.432419,50,-1.52587891E-05,350,300,135.829727,150.4324,231.829727,204.4324,0,1
2153,2153,2150,offscreen_render,44.5859146,startup,27,27,1.77777779,183.941086,177.378967,183.941086,109.999992,177.378967,50,-1.52587891E-05,350,300,135.9411,150.378952,231.9411,204.378952,0,1
2154,2154,2151,offscreen_render,44.6028671,startup,27,27,1.77777779,184.057144,177.329315,184.057144,109.999992,177.329315,50,-1.52587891E-05,350,300,136.057144,150.329285,232.057144,204.329285,0,1
2155,2155,2152,offscreen_render,44.6194763,startup,27,27,1.77777779,184.177368,177.28302,184.177368,109.999992,177.28302,50,-1.52587891E-05,350,300,136.177368,150.28299,232.177368,204.28299,0,1
2156,2156,2153,offscreen_render,44.63611,startup,27,27,1.77777779,184.30127,177.239685,184.30127,109.999992,177.239685,50,-1.52587891E-05,350,300,136.30127,150.239655,232.30127,204.239655,0,1
2157,2157,2154,offscreen_render,44.65317,startup,27,27,1.77777779,184.4284,177.198944,184.4284,109.999992,177.198944,50,-1.52587891E-05,350,300,136.4284,150.198929,232.4284,204.198929,0,1
2158,2158,2155,offscreen_render,44.66939,startup,27,27,1.77777779,184.55835,177.160477,184.55835,109.999992,177.160477,50,-1.52587891E-05,350,300,136.55835,150.160446,232.55835,204.160446,0,1
2159,2159,2156,offscreen_render,44.6858521,startup,27,27,1.77777779,184.690765,177.124008,184.690765,109.999992,177.124008,50,-1.52587891E-05,350,300,136.690765,150.124,232.690765,204.124,0,1
2160,2160,2157,offscreen_render,44.7026024,startup,27,27,1.77777779,184.825348,177.089264,184.825348,109.999992,177.089264,50,-1.52587891E-05,350,300,136.825348,150.089249,232.825348,204.089249,0,1
2161,2161,2158,offscreen_render,44.7192039,startup,27,27,1.77777779,184.961792,177.05603,184.961792,109.999992,177.05603,50,-1.52587891E-05,350,300,136.961792,150.056015,232.961792,204.056015,0,1
2162,2162,2159,offscreen_render,44.7359962,startup,27,27,1.77777779,185.099869,177.024109,185.099869,109.999992,177.024109,50,-1.52587891E-05,350,300,137.099884,150.024078,233.099884,204.024078,0,1
2163,2163,2160,offscreen_render,44.75272,startup,27,27,1.77777779,185.239349,176.993332,185.239349,109.999992,176.993332,50,-1.52587891E-05,350,300,137.239349,149.993317,233.239349,203.993317,0,1
2164,2164,2161,offscreen_render,44.76956,startup,27,27,1.77777779,185.380051,176.963531,185.380051,109.999992,176.963531,50,-1.52587891E-05,350,300,137.380051,149.963516,233.380051,203.963516,0,1
2165,2165,2162,offscreen_render,44.78581,startup,27,27,1.77777779,185.5218,176.934586,185.5218,109.999992,176.934586,50,-1.52587891E-05,350,300,137.5218,149.93457,233.5218,203.93457,0,1
2166,2166,2163,offscreen_render,44.8028,startup,27,27,1.77777779,185.664459,176.906372,185.664459,109.999992,176.906372,50,-1.52587891E-05,350,300,137.664459,149.906342,233.664459,203.906342,0,1
2167,2167,2164,offscreen_render,44.8194466,startup,27,27,1.77777779,185.8079,176.878784,185.8079,109.999992,176.878784,50,-1.52587891E-05,350,300,137.8079,149.878754,233.8079,203.878754,0,1
2168,2168,2165,offscreen_render,44.8360367,startup,27,27,1.77777779,185.952026,176.851746,185.952026,109.999992,176.851746,50,-1.52587891E-05,350,300,137.952026,149.851715,233.952026,203.851715,0,1
2169,2169,2166,offscreen_render,44.852787,startup,27,27,1.77777779,186.096725,176.825165,186.096725,109.999992,176.825165,50,-1.52587891E-05,350,300,138.096725,149.82515,234.096725,203.82515,0,1
2170,2170,2167,offscreen_render,44.8691559,startup,27,27,1.77777779,186.241913,176.798981,186.241913,109.999992,176.798981,50,-1.52587891E-05,350,300,138.241913,149.798965,234.241913,203.798965,0,1
2171,2171,2168,offscreen_render,44.8857422,startup,27,27,1.77777779,186.385315,176.7735,186.385315,109.999992,176.7735,50,-1.52587891E-05,350,300,138.385315,149.773483,234.385315,203.773483,0,1
2172,2172,2169,offscreen_render,44.90253,startup,27,27,1.77777779,186.5234,176.749222,186.5234,109.999992,176.749222,50,-1.52587891E-05,350,300,138.5234,149.7492,234.5234,203.7492,0,1
2173,2173,2170,offscreen_render,44.9192848,startup,27,27,1.77777779,186.653885,176.726486,186.653885,109.999992,176.726486,50,-1.52587891E-05,350,300,138.6539,149.726471,234.6539,203.726471,0,1
2174,2174,2171,offscreen_render,44.9357834,startup,27,27,1.77777779,186.775375,176.705444,186.775375,109.999992,176.705444,50,-1.52587891E-05,350,300,138.775391,149.705429,234.775391,203.705429,0,1
2175,2175,2172,offscreen_render,44.9529724,startup,27,27,1.77777779,186.8872,176.686188,186.8872,109.999992,176.686188,50,-1.52587891E-05,350,300,138.8872,149.686172,234.8872,203.686172,0,1
2176,2176,2173,offscreen_render,44.96942,startup,27,27,1.77777779,186.989166,176.6687,186.989166,109.999992,176.6687,50,-1.52587891E-05,350,300,138.989166,149.668686,234.989166,203.668686,0,1
2177,2177,2174,offscreen_render,44.9859428,startup,27,27,1.77777779,187.0814,176.652939,187.0814,109.999992,176.652939,50,-1.52587891E-05,350,300,139.0814,149.652924,235.0814,203.652924,0,1
2178,2178,2175,offscreen_render,45.00256,startup,27,27,1.77777779,187.1643,176.638824,187.1643,109.999992,176.638824,50,-1.52587891E-05,350,300,139.1643,149.6388,235.1643,203.6388,0,1
2179,2179,2176,offscreen_render,45.0192337,startup,27,27,1.77777779,187.238754,176.626175,187.238754,109.999992,176.626175,50,-1.52587891E-05,350,300,139.238754,149.62616,235.238754,203.62616,0,1
2180,2180,2177,offscreen_render,45.036087,startup,27,27,1.77777779,187.304581,176.615021,187.304581,109.999992,176.615021,50,-1.52587891E-05,350,300,139.304581,149.61499,235.304581,203.61499,0,1
2181,2181,2178,offscreen_render,45.0529175,startup,27,27,1.77777779,187.362869,176.605164,187.362869,109.999992,176.605164,50,-1.52587891E-05,350,300,139.362885,149.605148,235.362885,203.605148,0,1
2182,2182,2179,offscreen_render,45.06981,startup,27,27,1.77777779,187.414291,176.596481,187.414291,109.999992,176.596481,50,-1.52587891E-05,350,300,139.414291,149.596451,235.414291,203.596451,0,1
2183,2183,2180,offscreen_render,45.0864563,startup,27,27,1.77777779,187.4595,176.588867,187.4595,109.999992,176.588867,50,-1.52587891E-05,350,300,139.4595,149.588852,235.4595,203.588852,0,1
2184,2184,2181,offscreen_render,45.1025963,startup,27,27,1.77777779,187.49913,176.5822,187.49913,109.999992,176.5822,50,-1.52587891E-05,350,300,139.49913,149.582184,235.49913,203.582184,0,1
2185,2185,2182,offscreen_render,45.1198845,startup,27,27,1.77777779,187.534088,176.576324,187.534088,109.999992,176.576324,50,-1.52587891E-05,350,300,139.534088,149.576309,235.534088,203.576309,0,1
2186,2186,2183,offscreen_render,45.13634,startup,27,27,1.77777779,187.564255,176.571259,187.564255,109.999992,176.571259,50,-1.52587891E-05,350,300,139.564255,149.571228,235.564255,203.571228,0,1
2187,2187,2184,offscreen_render,45.15283,startup,27,27,1.77777779,187.5905,176.566864,187.5905,109.999992,176.566864,50,-1.52587891E-05,350,300,139.5905,149.566849,235.5905,203.566849,0,1
2188,2188,2185,offscreen_render,45.1699066,startup,27,27,1.77777779,187.6133,176.563049,187.6133,109.999992,176.563049,50,-1.52587891E-05,350,300,139.6133,149.563034,235.6133,203.563034,0,1
2189,2189,2186,offscreen_render,45.18612,startup,27,27,1.77777779,187.633057,176.559738,187.633057,109.999992,176.559738,50,-1.52587891E-05,350,300,139.633057,149.559708,235.633057,203.559708,0,1
2190,2190,2187,offscreen_render,45.2029381,startup,27,27,1.77777779,187.650162,176.556885,187.650162,109.999992,176.556885,50,-1.52587891E-05,350,300,139.650177,149.55687,235.650177,203.55687,0,1
2191,2191,2188,offscreen_render,45.2196121,startup,27,27,1.77777779,187.664932,176.554413,187.664932,109.999992,176.554413,50,-1.52587891E-05,350,300,139.664932,149.5544,235.664932,203.5544,0,1
2192,2192,2189,offscreen_render,45.23619,startup,27,27,1.77777779,187.677673,176.552292,187.677673,109.999992,176.552292,50,-1.52587891E-05,350,300,139.677673,149.552277,235.677673,203.552277,0,1
2193,2193,2190,offscreen_render,45.25274,startup,27,27,1.77777779,187.68866,176.550461,187.68866,109.999992,176.550461,50,-1.52587891E-05,350,300,139.68866,149.550446,235.68866,203.550446,0,1
2194,2194,2191,offscreen_render,45.2699661,startup,27,27,1.77777779,187.6981,176.548889,187.6981,109.999992,176.548889,50,-1.52587891E-05,350,300,139.6981,149.548874,235.6981,203.548874,0,1
2195,2195,2192,offscreen_render,45.28609,startup,27,27,1.77777779,187.706223,176.547531,187.706223,109.999992,176.547531,50,-1.52587891E-05,350,300,139.706223,149.5475,235.706223,203.5475,0,1
2196,2196,2193,offscreen_render,45.30314,startup,27,27,1.77777779,187.7132,176.546371,187.7132,109.999992,176.546371,50,-1.52587891E-05,350,300,139.7132,149.546341,235.7132,203.546341,0,1
2197,2197,2194,offscreen_render,45.319725,startup,27,27,1.77777779,187.719177,176.54538,187.719177,109.999992,176.54538,50,-1.52587891E-05,350,300,139.719177,149.545349,235.719177,203.545349,0,1
2198,2198,2195,offscreen_render,45.33601,startup,27,27,1.77777779,187.7243,176.544525,187.7243,109.999992,176.544525,50,-1.52587891E-05,350,300,139.7243,149.54451,235.7243,203.54451,0,1
2199,2199,2196,offscreen_render,45.353157,startup,27,27,1.77777779,187.7287,176.5438,187.7287,109.999992,176.5438,50,-1.52587891E-05,350,300,139.7287,149.543777,235.7287,203.543777,0,1
2200,2200,2197,offscreen_render,45.36965,startup,27,27,1.77777779,187.732452,176.543167,187.732452,109.999992,176.543167,50,-1.52587891E-05,350,300,139.732452,149.543137,235.732452,203.543137,0,1
2201,2201,2198,offscreen_render,45.3869133,startup,27,27,1.77777779,187.735657,176.542633,187.735657,109.999992,176.542633,50,-1.52587891E-05,350,300,139.735657,149.542618,235.735657,203.542618,0,1
2202,2202,2199,offscreen_render,45.4032326,startup,27,27,1.77777779,187.738388,176.542175,187.738388,109.999992,176.542175,50,-1.52587891E-05,350,300,139.738388,149.542145,235.738388,203.542145,0,1
2203,2203,2200,offscreen_render,45.4194565,startup,27,27,1.77777779,187.740723,176.5418,187.740723,109.999992,176.5418,50,-1.52587891E-05,350,300,139.740723,149.541779,235.740723,203.541779,0,1
2204,2204,2201,offscreen_render,45.43651,startup,27,27,1.77777779,187.742722,176.541458,187.742722,109.999992,176.541458,50,-1.52587891E-05,350,300,139.742737,149.541443,235.742737,203.541443,0,1
2205,2205,2202,offscreen_render,45.4530067,startup,27,27,1.77777779,187.744415,176.541168,187.744415,109.999992,176.541168,50,-1.52587891E-05,350,300,139.744415,149.541153,235.744415,203.541153,0,1
2206,2206,2203,offscreen_render,45.46975,startup,27,27,1.77777779,187.745865,176.540924,187.745865,109.999992,176.540924,50,-1.52587891E-05,350,300,139.745865,149.540909,235.745865,203.540909,0,1
2207,2207,2204,offscreen_render,45.4861145,startup,27,27,1.77777779,187.7471,176.540726,187.7471,109.999992,176.540726,50,-1.52587891E-05,350,300,139.7471,149.54071,235.7471,203.54071,0,1
2208,2208,2205,offscreen_render,45.5028954,startup,27,27,1.77777779,187.748154,176.540558,187.748154,109.999992,176.540558,50,-1.52587891E-05,350,300,139.748154,149.540543,235.748154,203.540543,0,1
2209,2209,2206,offscreen_render,45.5196381,startup,27,27,1.77777779,187.749039,176.5404,187.749039,109.999992,176.5404,50,-1.52587891E-05,350,300,139.749054,149.54039,235.749054,203.54039,0,1
2210,2210,2207,offscreen_render,45.5364723,startup,27,27,1.77777779,187.7498,176.540283,187.7498,109.999992,176.540283,50,-1.52587891E-05,350,300,139.7498,149.540253,235.7498,203.540253,0,1
2211,2211,2208,offscreen_render,45.55267,startup,27,27,1.77777779,187.750443,176.540176,187.750443,109.999992,176.540176,50,-1.52587891E-05,350,300,139.750443,149.540161,235.750443,203.540161,0,1
2212,2212,2209,offscreen_render,45.5698051,startup,27,27,1.77777779,187.750992,176.540085,187.750992,109.999992,176.540085,50,-1.52587891E-05,350,300,139.750992,149.54007,235.750992,203.54007,0,1
2213,2213,2210,offscreen_render,45.5860634,startup,27,27,1.77777779,187.75145,176.540009,187.75145,109.999992,176.540009,50,-1.52587891E-05,350,300,139.75145,149.54,235.75145,203.54,0,1
2214,2214,2211,offscreen_render,45.60277,startup,27,27,1.77777779,187.751846,176.539948,187.751846,109.999992,176.539948,50,-1.52587891E-05,350,300,139.751846,149.539917,235.751846,203.539917,0,1
2215,2215,2212,offscreen_render,45.6196136,startup,27,27,1.77777779,187.752182,176.539886,187.752182,109.999992,176.539886,50,-1.52587891E-05,350,300,139.752182,149.539856,235.752182,203.539856,0,1
2216,2216,2213,offscreen_render,45.63612,startup,27,27,1.77777779,187.752472,176.539841,187.752472,109.999992,176.539841,50,-1.52587891E-05,350,300,139.752472,149.539825,235.752472,203.539825,0,1
2217,2217,2214,offscreen_render,45.6531067,startup,27,27,1.77777779,187.752716,176.5398,187.752716,109.999992,176.5398,50,-1.52587891E-05,350,300,139.752716,149.539764,235.752716,203.539764,0,1
2218,2218,2215,offscreen_render,45.6698341,startup,27,27,1.77777779,187.752914,176.539764,187.752914,109.999992,176.539764,50,-1.52587891E-05,350,300,139.752914,149.539749,235.752914,203.539749,0,1
2219,2219,2216,offscreen_render,45.6863556,startup,27,27,1.77777779,187.753082,176.539734,187.753082,109.999992,176.539734,50,-1.52587891E-05,350,300,139.753082,149.539719,235.753082,203.539719,0,1
2220,2220,2217,offscreen_render,45.8112259,startup,27,27,1.77777779,187.92804,176.564346,187.92804,109.999992,176.564346,50,-1.52587891E-05,350,300,139.92804,149.564316,235.92804,203.564316,0,1
2221,2221,2218,offscreen_render,45.82809,startup,27,27,1.77777779,187.958542,176.568665,187.958542,109.999992,176.568665,50,-1.52587891E-05,350,300,139.958542,149.568649,235.958542,203.568649,0,1
2222,2222,2219,offscreen_render,45.8453026,startup,27,27,1.77777779,187.992935,176.573532,187.992935,109.999992,176.573532,50,-1.52587891E-05,350,300,139.99295,149.573517,235.99295,203.573517,0,1
2223,2223,2220,offscreen_render,45.86062,startup,27,27,1.77777779,188.033264,176.579239,188.033264,109.999992,176.579239,50,-1.52587891E-05,350,300,140.033264,149.579224,236.033264,203.579224,0,1
2224,2224,2221,offscreen_render,45.8774529,startup,27,27,1.77777779,188.08078,176.585968,188.08078,109.999992,176.585968,50,-1.52587891E-05,350,300,140.08078,149.585953,236.08078,203.585953,0,1
2225,2225,2222,offscreen_render,45.894062,startup,27,27,1.77777779,188.136154,176.593811,188.136154,109.999992,176.593811,50,-1.52587891E-05,350,300,140.136154,149.5938,236.136154,203.5938,0,1
2226,2226,2223,offscreen_render,45.91028,startup,27,27,1.77777779,188.199585,176.6028,188.199585,109.999992,176.6028,50,-1.52587891E-05,350,300,140.199585,149.602783,236.199585,203.602783,0,1
2227,2227,2224,offscreen_render,45.9273567,startup,27,27,1.77777779,188.271027,176.61293,188.271027,109.999992,176.61293,50,-1.52587891E-05,350,300,140.271027,149.612915,236.271027,203.612915,0,1
2228,2228,2225,offscreen_render,45.9439621,startup,27,27,1.77777779,188.350189,176.624161,188.350189,109.999992,176.624161,50,-1.52587891E-05,350,300,140.350189,149.62413,236.350189,203.62413,0,1
2229,2229,2226,offscreen_render,45.9606476,startup,27,27,1.77777779,188.436676,176.636429,188.436676,109.999992,176.636429,50,-1.52587891E-05,350,300,140.436676,149.6364,236.436676,203.6364,0,1
2230,2230,2227,offscreen_render,45.9773445,startup,27,27,1.77777779,188.529984,176.649658,188.529984,109.999992,176.649658,50,-1.52587891E-05,350,300,140.53,149.649643,236.53,203.649643,0,1
2231,2231,2228,offscreen_render,45.9938774,startup,27,27,1.77777779,188.629578,176.663788,188.629578,109.999992,176.663788,50,-1.52587891E-05,350,300,140.629578,149.663757,236.629578,203.663757,0,1
2232,2232,2229,offscreen_render,46.01068,startup,27,27,1.77777779,188.734909,176.678726,188.734909,109.999992,176.678726,50,-1.52587891E-05,350,300,140.734909,149.6787,236.734909,203.6787,0,1
2233,2233,2230,offscreen_render,46.0273132,startup,27,27,1.77777779,188.845428,176.6944,188.845428,109.999992,176.6944,50,-1.52587891E-05,350,300,140.845428,149.694382,236.845428,203.694382,0,1
2234,2234,2231,offscreen_render,46.0436935,startup,27,27,1.77777779,188.960617,176.710739,188.960617,109.999992,176.710739,50,-1.52587891E-05,350,300,140.960617,149.710724,236.960617,203.710724,0,1
2235,2235,2232,offscreen_render,46.06079,startup,27,27,1.77777779,189.079987,176.727676,189.079987,109.999992,176.727676,50,-1.52587891E-05,350,300,141.079987,149.727661,237.079987,203.727661,0,1
2236,2236,2233,offscreen_render,46.0775,startup,27,27,1.77777779,189.203079,176.745132,189.203079,109.999992,176.745132,50,-1.52587891E-05,350,300,141.2031,149.7451,237.2031,203.7451,0,1
2237,2237,2234,offscreen_render,46.09399,startup,27,27,1.77777779,189.329453,176.763062,189.329453,109.999992,176.763062,50,-1.52587891E-05,350,300,141.329453,149.763046,237.329453,203.763046,0,1
2238,2238,2235,offscreen_render,46.1103973,startup,27,27,1.77777779,189.4568,176.78331,189.4568,109.999992,176.78331,50,-1.52587891E-05,350,300,141.4568,149.7833,237.4568,203.7833,0,1
2239,2239,2236,offscreen_render,46.1271667,startup,27,27,1.77777779,189.581757,176.808823,189.581757,109.999992,176.808823,50,-1.52587891E-05,350,300,141.581757,149.808792,237.581757,203.808792,0,1
2240,2240,2237,offscreen_render,46.14416,startup,27,27,1.77777779,189.702011,176.841476,189.702011,109.999992,176.841476,50,-1.52587891E-05,350,300,141.702011,149.841461,237.702011,203.841461,0,1
2241,2241,2238,offscreen_render,46.16101,startup,27,27,1.77777779,189.816162,176.882385,189.816162,109.999992,176.882385,50,-1.52587891E-05,350,300,141.816162,149.882355,237.816162,203.882355,0,1
2242,2242,2239,offscreen_render,46.1771164,startup,27,27,1.77777779,189.923355,176.932068,189.923355,109.999992,176.932068,50,-1.52587891E-05,350,300,141.923355,149.932053,237.923355,203.932053,0,1
2243,2243,2240,offscreen_render,46.1938629,startup,27,27,1.77777779,190.023254,176.990646,190.023254,109.999992,176.990646,50,-1.52587891E-05,350,300,142.023254,149.990631,238.023254,203.990631,0,1
2244,2244,2241,offscreen_render,46.21042,startup,27,27,1.77777779,190.115814,177.057922,190.115814,109.999992,177.057922,50,-1.52587891E-05,350,300,142.115814,150.0579,238.115814,204.0579,0,1
2245,2245,2242,offscreen_render,46.22735,startup,27,27,1.77777779,190.2012,177.133545,190.2012,109.999992,177.133545,50,-1.52587891E-05,350,300,142.2012,150.133514,238.2012,204.133514,0,1
2246,2246,2243,offscreen_render,46.24397,startup,27,27,1.77777779,190.279739,177.21701,190.279739,109.999992,177.21701,50,-1.52587891E-05,350,300,142.279755,150.21698,238.279755,204.21698,0,1
2247,2247,2244,offscreen_render,46.2608261,startup,27,27,1.77777779,190.351852,177.30777,190.351852,109.999992,177.30777,50,-1.52587891E-05,350,300,142.351852,150.307755,238.351852,204.307755,0,1
2248,2248,2245,offscreen_render,46.2769165,startup,27,27,1.77777779,190.41803,177.405212,190.41803,109.999992,177.405212,50,-1.52587891E-05,350,300,142.41803,150.405182,238.41803,204.405182,0,1
2249,2249,2246,offscreen_render,46.2939568,startup,27,27,1.77777779,190.47876,177.508728,190.47876,109.999992,177.508728,50,-1.52587891E-05,350,300,142.47876,150.508713,238.47876,204.508713,0,1
2250,2250,2247,offscreen_render,46.3110352,startup,27,27,1.77777779,190.534531,177.617737,190.534531,109.999992,177.617737,50,-1.52587891E-05,350,300,142.534546,150.617722,238.534546,204.617722,0,1
2251,2251,2248,offscreen_render,46.3269157,startup,27,27,1.77777779,190.585831,177.731674,190.585831,109.999992,177.731674,50,-1.52587891E-05,350,300,142.585831,150.731644,238.585831,204.731644,0,1
2252,2252,2249,offscreen_render,46.34407,startup,27,27,1.77777779,190.633133,177.850021,190.633133,109.999992,177.850021,50,-1.52587891E-05,350,300,142.633148,150.85,238.633148,204.85,0,1
2253,2253,2250,offscreen_render,46.36054,startup,27,27,1.77777779,190.676865,177.97226,190.676865,109.999992,177.97226,50,-1.52587891E-05,350,300,142.676865,150.972229,238.676865,204.972229,0,1
2254,2254,2251,offscreen_render,46.3772774,startup,27,27,1.77777779,190.717438,178.097961,190.717438,109.999992,178.097961,50,-1.52587891E-05,350,300,142.717438,151.097946,238.717438,205.097946,0,1
2255,2255,2252,offscreen_render,46.39398,startup,27,27,1.77777779,190.7552,178.2267,190.7552,109.999992,178.2267,50,-1.52587891E-05,350,300,142.7552,151.226669,238.7552,205.226669,0,1
2256,2256,2253,offscreen_render,46.41059,startup,27,27,1.77777779,190.7905,178.358109,190.7905,109.999992,178.358109,50,-1.52587891E-05,350,300,142.7905,151.3581,238.7905,205.3581,0,1
2257,2257,2254,offscreen_render,46.4271927,startup,27,27,1.77777779,190.823624,178.491867,190.823624,109.999992,178.491867,50,-1.52587891E-05,350,300,142.823624,151.491837,238.823624,205.491837,0,1
2258,2258,2255,offscreen_render,46.44365,startup,27,27,1.77777779,190.854858,178.62767,190.854858,109.999992,178.62767,50,-1.52587891E-05,350,300,142.854858,151.62764,238.854858,205.62764,0,1
2259,2259,2256,offscreen_render,46.4603767,startup,27,27,1.77777779,190.884445,178.765259,190.884445,109.999992,178.765259,50,-1.52587891E-05,350,300,142.88446,151.765228,238.88446,205.765228,0,1
2260,2260,2257,offscreen_render,46.47698,startup,27,27,1.77777779,190.912582,178.9044,190.912582,109.999992,178.9044,50,-1.52587891E-05,350,300,142.912582,151.904388,238.912582,205.904388,0,1
2261,2261,2258,offscreen_render,46.493824,startup,27,27,1.77777779,190.939468,179.044891,190.939468,109.999992,179.044891,50,-1.52587891E-05,350,300,142.939484,152.044876,238.939484,206.044876,0,1
2262,2262,2259,offscreen_render,46.5105972,startup,27,27,1.77777779,190.965271,179.186554,190.965271,109.999992,179.186554,50,-1.52587891E-05,350,300,142.965271,152.186523,238.965271,206.186523,0,1
2263,2263,2260,offscreen_render,46.52711,startup,27,27,1.77777779,190.990128,179.329208,190.990128,109.999992,179.329208,50,-1.52587891E-05,350,300,142.990128,152.3292,238.990128,206.3292,0,1
2264,2264,2261,offscreen_render,46.5439,startup,27,27,1.77777779,191.014175,179.472748,191.014175,109.999992,179.472748,50,-1.52587891E-05,350,300,143.014191,152.472733,239.014191,206.472733,0,1
2265,2265,2262,offscreen_render,46.56075,startup,27,27,1.77777779,191.037521,179.617035,191.037521,109.999992,179.617035,50,-1.52587891E-05,350,300,143.037537,152.61702,239.037537,206.61702,0,1
2266,2266,2263,offscreen_render,46.5775223,startup,27,27,1.77777779,191.060257,179.761963,191.060257,109.999992,179.761963,50,-1.52587891E-05,350,300,143.060257,152.761948,239.060257,206.761948,0,1
2267,2267,2264,offscreen_render,46.59372,startup,27,27,1.77777779,191.082474,179.907455,191.082474,109.999992,179.907455,50,-1.52587891E-05,350,300,143.082489,152.907425,239.082489,206.907425,0,1
2268,2268,2265,offscreen_render,46.61072,startup,27,27,1.77777779,191.104233,180.053421,191.104233,109.999992,180.053421,50,-1.52587891E-05,350,300,143.104233,153.0534,239.104233,207.0534,0,1
2269,2269,2266,offscreen_render,46.62718,startup,27,27,1.77777779,191.12561,180.1998,191.12561,109.999992,180.1998,50,-1.52587891E-05,350,300,143.12561,153.199768,239.12561,207.199768,0,1
2270,2270,2267,offscreen_render,46.6446877,startup,27,27,1.77777779,191.146683,180.346741,191.146683,109.999992,180.346741,50,-1.52587891E-05,350,300,143.146683,153.346725,239.146683,207.346725,0,1
2271,2271,2268,offscreen_render,46.6607056,startup,27,27,1.77777779,191.167435,180.493759,191.167435,109.999992,180.493759,50,-1.52587891E-05,350,300,143.16745,153.493744,239.16745,207.493744,0,1
2272,2272,2269,offscreen_render,46.6774254,startup,27,27,1.77777779,191.187958,180.641052,191.187958,109.999992,180.641052,50,-1.52587891E-05,350,300,143.187958,153.641022,239.187958,207.641022,0,1
2273,2273,2270,offscreen_render,46.694088,startup,27,27,1.77777779,191.208267,180.788559,191.208267,109.999992,180.788559,50,-1.52587891E-05,350,300,143.208282,153.788544,239.208282,207.788544,0,1
2274,2274,2271,offscreen_render,46.7106972,startup,27,27,1.77777779,191.2284,180.936264,191.2284,109.999992,180.936264,50,-1.52587891E-05,350,300,143.2284,153.936234,239.2284,207.936234,0,1
2275,2275,2272,offscreen_render,46.72731,startup,27,27,1.77777779,191.248367,181.084122,191.248367,109.999992,181.084122,50,-1.52587891E-05,350,300,143.248383,154.0841,239.248383,208.0841,0,1
2276,2276,2273,offscreen_render,46.74412,startup,27,27,1.77777779,191.268219,181.232117,191.268219,109.999992,181.232117,50,-1.52587891E-05,350,300,143.268219,154.2321,239.268219,208.2321,0,1
2277,2277,2274,offscreen_render,46.76045,startup,27,27,1.77777779,191.287674,181.378,191.287674,109.999992,181.378,50,-1.52587891E-05,350,300,143.287674,154.377975,239.287674,208.377975,0,1
2278,2278,2275,offscreen_render,46.7771263,startup,27,27,1.77777779,191.3063,181.51828,191.3063,109.999992,181.51828,50,-1.52587891E-05,350,300,143.3063,154.518265,239.3063,208.518265,0,1
2279,2279,2276,offscreen_render,46.79381,startup,27,27,1.77777779,191.323822,181.6507,191.323822,109.999992,181.6507,50,-1.52587891E-05,350,300,143.323822,154.650681,239.323822,208.650681,0,1
2280,2280,2277,offscreen_render,46.8104553,startup,27,27,1.77777779,191.340088,181.7739,191.340088,109.999992,181.7739,50,-1.52587891E-05,350,300,143.340088,154.77388,239.340088,208.77388,0,1
2281,2281,2278,offscreen_render,46.82706,startup,27,27,1.77777779,191.355011,181.8872,191.355011,109.999992,181.8872,50,-1.52587891E-05,350,300,143.355011,154.887177,239.355011,208.887177,0,1
2282,2282,2279,offscreen_render,46.844,startup,27,27,1.77777779,191.368591,181.990463,191.368591,109.999992,181.990463,50,-1.52587891E-05,350,300,143.368591,154.990433,239.368591,208.990433,0,1
2283,2283,2280,offscreen_render,46.86047,startup,27,27,1.77777779,191.380844,182.083832,191.380844,109.999992,182.083832,50,-1.52587891E-05,350,300,143.380859,155.0838,239.380859,209.0838,0,1
2284,2284,2281,offscreen_render,46.877182,startup,27,27,1.77777779,191.391846,182.167709,191.391846,109.999992,182.167709,50,-1.52587891E-05,350,300,143.391846,155.167679,239.391846,209.167679,0,1
2285,2285,2282,offscreen_render,46.89392,startup,27,27,1.77777779,191.401657,182.24263,191.401657,109.999992,182.24263,50,-1.52587891E-05,350,300,143.401657,155.242615,239.401657,209.242615,0,1
2286,2286,2283,offscreen_render,46.9104843,startup,27,27,1.77777779,191.41037,182.309235,191.41037,109.999992,182.309235,50,-1.52587891E-05,350,300,143.41037,155.309219,239.41037,209.309219,0,1
2287,2287,2284,offscreen_render,46.92726,startup,27,27,1.77777779,191.418076,182.3682,191.418076,109.999992,182.3682,50,-1.52587891E-05,350,300,143.418076,155.368179,239.418076,209.368179,0,1
2288,2288,2285,offscreen_render,46.9440269,startup,27,27,1.77777779,191.424866,182.4202,191.424866,109.999992,182.4202,50,-1.52587891E-05,350,300,143.424866,155.420181,239.424866,209.420181,0,1
2289,2289,2286,offscreen_render,46.9604568,startup,27,27,1.77777779,191.430832,182.4659,191.430832,109.999992,182.4659,50,-1.52587891E-05,350,300,143.430847,155.465866,239.430847,209.465866,0,1
2290,2290,2287,offscreen_render,46.97712,startup,27,27,1.77777779,191.436066,182.505951,191.436066,109.999992,182.505951,50,-1.52587891E-05,350,300,143.436066,155.50592,239.436066,209.50592,0,1
2291,2291,2288,offscreen_render,46.993866,startup,27,27,1.77777779,191.440643,182.54097,191.440643,109.999992,182.54097,50,-1.52587891E-05,350,300,143.440643,155.540939,239.440643,209.540939,0,1
2292,2292,2289,offscreen_render,47.0105972,startup,27,27,1.77777779,191.444626,182.5715,191.444626,109.999992,182.5715,50,-1.52587891E-05,350,300,143.444626,155.571487,239.444626,209.571487,0,1
2293,2293,2290,offscreen_render,47.0273857,startup,27,27,1.77777779,191.44809,182.598068,191.44809,109.999992,182.598068,50,-1.52587891E-05,350,300,143.44809,155.598038,239.44809,209.598038,0,1
2294,2294,2291,offscreen_render,47.04351,startup,27,27,1.77777779,191.4511,182.62114,191.4511,109.999992,182.62114,50,-1.52587891E-05,350,300,143.4511,155.621109,239.4511,209.621109,0,1
2295,2295,2292,offscreen_render,47.060688,startup,27,27,1.77777779,191.4537,182.641129,191.4537,109.999992,182.641129,50,-1.52587891E-05,350,300,143.4537,155.641113,239.4537,209.641113,0,1
2296,2296,2293,offscreen_render,47.07708,startup,27,27,1.77777779,191.455963,182.658432,191.455963,109.999992,182.658432,50,-1.52587891E-05,350,300,143.455963,155.658417,239.455963,209.658417,0,1
2297,2297,2294,offscreen_render,47.09402,startup,27,27,1.77777779,191.457916,182.67337,191.457916,109.999992,182.67337,50,-1.52587891E-05,350,300,143.457916,155.67334,239.457916,209.67334,0,1
2298,2298,2295,offscreen_render,47.11098,startup,27,27,1.77777779,191.4596,182.686264,191.4596,109.999992,182.686264,50,-1.52587891E-05,350,300,143.4596,155.686249,239.4596,209.686249,0,1
2299,2299,2296,offscreen_render,47.12707,startup,27,27,1.77777779,191.461044,182.697372,191.461044,109.999992,182.697372,50,-1.52587891E-05,350,300,143.46106,155.697357,239.46106,209.697357,0,1
2300,2300,2297,offscreen_render,47.1441078,startup,27,27,1.77777779,191.46228,182.706924,191.46228,109.999992,182.706924,50,-1.52587891E-05,350,300,143.46228,155.7069,239.46228,209.7069,0,1
2301,2301,2298,offscreen_render,47.1605034,startup,27,27,1.77777779,191.463348,182.715134,191.463348,109.999992,182.715134,50,-1.52587891E-05,350,300,143.463348,155.7151,239.463348,209.7151,0,1
2302,2302,2299,offscreen_render,47.17751,startup,27,27,1.77777779,191.464264,182.722183,191.464264,109.999992,182.722183,50,-1.52587891E-05,350,300,143.464264,155.722168,239.464264,209.722168,0,1
2303,2303,2300,offscreen_render,47.1938477,startup,27,27,1.77777779,191.465042,182.728226,191.465042,109.999992,182.728226,50,-1.52587891E-05,350,300,143.465042,155.72821,239.465042,209.72821,0,1
2304,2304,2301,offscreen_render,47.2107849,startup,27,27,1.77777779,191.465714,182.733414,191.465714,109.999992,182.733414,50,-1.52587891E-05,350,300,143.465729,155.7334,239.465729,209.7334,0,1
2305,2305,2302,offscreen_render,47.2273254,startup,27,27,1.77777779,191.4663,182.737854,191.4663,109.999992,182.737854,50,-1.52587891E-05,350,300,143.4663,155.737839,239.4663,209.737839,0,1
2306,2306,2303,offscreen_render,47.2441254,startup,27,27,1.77777779,191.466782,182.741653,191.466782,109.999992,182.741653,50,-1.52587891E-05,350,300,143.466782,155.741638,239.466782,209.741638,0,1
2307,2307,2304,offscreen_render,47.2608833,startup,27,27,1.77777779,191.467209,182.744888,191.467209,109.999992,182.744888,50,-1.52587891E-05,350,300,143.467209,155.744858,239.467209,209.744858,0,1
2308,2308,2305,offscreen_render,47.2772636,startup,27,27,1.77777779,191.467575,182.74765,191.467575,109.999992,182.74765,50,-1.52587891E-05,350,300,143.467575,155.747635,239.467575,209.747635,0,1
2309,2309,2306,offscreen_render,47.2940865,startup,27,27,1.77777779,191.46788,182.750015,191.46788,109.999992,182.750015,50,-1.52587891E-05,350,300,143.46788,155.749985,239.46788,209.749985,0,1
2310,2310,2307,offscreen_render,47.3106041,startup,27,27,1.77777779,191.46814,182.752029,191.46814,109.999992,182.752029,50,-1.52587891E-05,350,300,143.46814,155.752014,239.46814,209.752014,0,1
2311,2311,2308,offscreen_render,47.32704,startup,27,27,1.77777779,191.468369,182.753754,191.468369,109.999992,182.753754,50,-1.52587891E-05,350,300,143.468384,155.753738,239.468384,209.753738,0,1
2312,2312,2309,offscreen_render,47.343708,startup,27,27,1.77777779,191.468552,182.755219,191.468552,109.999992,182.755219,50,-1.52587891E-05,350,300,143.468567,155.7552,239.468567,209.7552,0,1
2313,2313,2310,offscreen_render,47.3610077,startup,27,27,1.77777779,191.468719,182.75647,191.468719,109.999992,182.75647,50,-1.52587891E-05,350,300,143.468719,155.756454,239.468719,209.756454,0,1
2314,2314,2311,offscreen_render,47.37727,startup,27,27,1.77777779,191.468857,182.757523,191.468857,109.999992,182.757523,50,-1.52587891E-05,350,300,143.468857,155.7575,239.468857,209.7575,0,1
2315,2315,2312,offscreen_render,47.39399,startup,27,27,1.77777779,191.468979,182.758423,191.468979,109.999992,182.758423,50,-1.52587891E-05,350,300,143.468979,155.758392,239.468979,209.758392,0,1
2316,2316,2313,offscreen_render,47.4109573,startup,27,27,1.77777779,191.46907,182.759186,191.46907,109.999992,182.759186,50,-1.52587891E-05,350,300,143.46907,155.759171,239.46907,209.759171,0,1
2317,2317,2314,offscreen_render,47.4275246,startup,27,27,1.77777779,191.469162,182.759842,191.469162,109.999992,182.759842,50,-1.52587891E-05,350,300,143.469162,155.759827,239.469162,209.759827,0,1
2318,2318,2315,offscreen_render,47.4437943,startup,27,27,1.77777779,191.469238,182.760391,191.469238,109.999992,182.760391,50,-1.52587891E-05,350,300,143.469238,155.760361,239.469238,209.760361,0,1
2319,2319,2316,offscreen_render,47.46047,startup,27,27,1.77777779,191.4693,182.760864,191.4693,109.999992,182.760864,50,-1.52587891E-05,350,300,143.4693,155.760834,239.4693,209.760834,0,1
2320,2320,2317,offscreen_render,47.47727,startup,27,27,1.77777779,191.469345,182.761261,191.469345,109.999992,182.761261,50,-1.52587891E-05,350,300,143.469345,155.761246,239.469345,209.761246,0,1
2321,2321,2318,offscreen_render,47.4941673,startup,27,27,1.77777779,191.469391,182.7616,191.469391,109.999992,182.7616,50,-1.52587891E-05,350,300,143.469391,155.761581,239.469391,209.761581,0,1
2322,2322,2319,offscreen_render,47.5104866,startup,27,27,1.77777779,191.469421,182.761887,191.469421,109.999992,182.761887,50,-1.52587891E-05,350,300,143.469421,155.761871,239.469421,209.761871,0,1
2323,2323,2320,offscreen_render,47.5272369,startup,27,27,1.77777779,191.469452,182.762131,191.469452,109.999992,182.762131,50,-1.52587891E-05,350,300,143.469452,155.7621,239.469452,209.7621,0,1
2324,2324,2321,offscreen_render,47.54391,startup,27,27,1.77777779,191.469482,182.762329,191.469482,109.999992,182.762329,50,-1.52587891E-05,350,300,143.469482,155.762314,239.469482,209.762314,0,1
2325,2325,2322,offscreen_render,47.5605164,startup,27,27,1.77777779,191.4695,182.7625,191.4695,109.999992,182.7625,50,-1.52587891E-05,350,300,143.4695,155.762482,239.4695,209.762482,0,1
2326,2326,2323,offscreen_render,47.6756821,startup,27,27,1.77777779,181.997,182.8478,181.997,109.999992,182.8478,50,-1.52587891E-05,350,300,133.997,155.847763,229.997,209.847763,0,1
2327,2327,2324,offscreen_render,47.6926842,startup,27,27,1.77777779,180.276978,182.8632,180.276978,109.999992,182.8632,50,-1.52587891E-05,350,300,132.276978,155.863174,228.276978,209.863174,0,1
2328,2328,2325,offscreen_render,47.70867,startup,27,27,1.77777779,178.653275,182.877762,178.653275,109.999992,182.877762,50,-1.52587891E-05,350,300,130.65329,155.877747,226.65329,209.877747,0,1
2329,2329,2326,offscreen_render,47.72537,startup,27,27,1.77777779,177.142365,182.8913,177.142365,109.999992,182.8913,50,-1.52587891E-05,350,300,129.142365,155.891266,225.142365,209.891266,0,1
2330,2330,2327,offscreen_render,47.7418556,startup,27,27,1.77777779,175.752441,182.903748,175.752441,109.999992,182.903748,50,-1.52587891E-05,350,300,127.752441,155.903717,223.752441,209.903717,0,1
2331,2331,2328,offscreen_render,47.75843,startup,27,27,1.77777779,174.485748,182.915085,174.485748,109.999992,182.915085,50,-1.52587891E-05,350,300,126.485748,155.91507,222.485748,209.91507,0,1
2332,2332,2329,offscreen_render,47.77509,startup,27,27,1.77777779,173.340256,182.925339,173.340256,109.999992,182.925339,50,-1.52587891E-05,350,300,125.340256,155.925308,221.340256,209.925308,0,1
2333,2333,2330,offscreen_render,47.7917442,startup,27,27,1.77777779,172.311142,182.934555,172.311142,109.999992,182.934555,50,-1.52587891E-05,350,300,124.311157,155.934525,220.311157,209.934525,0,1
2334,2334,2331,offscreen_render,47.8087273,startup,27,27,1.77777779,171.391785,182.94278,171.391785,109.999992,182.94278,50,-1.52587891E-05,350,300,123.391785,155.942764,219.391785,209.942764,0,1
2335,2335,2332,offscreen_render,47.82511,startup,27,27,1.77777779,170.5745,182.9501,170.5745,109.999992,182.9501,50,-1.52587891E-05,350,300,122.574493,155.950089,218.5745,209.950089,0,1
2336,2336,2333,offscreen_render,47.84193,startup,27,27,1.77777779,169.850937,182.956589,169.850937,109.999992,182.956589,50,-1.52587891E-05,350,300,121.850952,155.956558,217.850952,209.956558,0,1
2337,2337,2334,offscreen_render,47.85885,startup,27,27,1.77777779,169.212814,182.9623,169.212814,109.999992,182.9623,50,-1.52587891E-05,350,300,121.21283,155.96228,217.21283,209.96228,0,1
2338,2338,2335,offscreen_render,47.8752556,startup,27,27,1.77777779,168.651886,182.967316,168.651886,109.999992,182.967316,50,-1.52587891E-05,350,300,120.651886,155.9673,216.651886,209.9673,0,1
2339,2339,2336,offscreen_render,47.89178,startup,27,27,1.77777779,168.160278,182.97171,168.160278,109.999992,182.97171,50,-1.52587891E-05,350,300,120.160278,155.9717,216.160278,209.9717,0,1
2340,2340,2337,offscreen_render,47.9083672,startup,27,27,1.77777779,167.730576,182.975555,167.730576,109.999992,182.975555,50,-1.52587891E-05,350,300,119.730591,155.97554,215.730591,209.97554,0,1
2341,2341,2338,offscreen_render,47.9253654,startup,27,27,1.77777779,167.355835,182.978912,167.355835,109.999992,182.978912,50,-1.52587891E-05,350,300,119.355835,155.978882,215.355835,209.978882,0,1
2342,2342,2339,offscreen_render,47.9419327,startup,27,27,1.77777779,167.029861,182.981827,167.029861,109.999992,182.981827,50,-1.52587891E-05,350,300,119.029861,155.981812,215.029861,209.981812,0,1
2343,2343,2340,offscreen_render,47.95852,startup,27,27,1.77777779,166.7468,182.98436,166.7468,109.999992,182.98436,50,-1.52587891E-05,350,300,118.746796,155.984344,214.7468,209.984344,0,1
2344,2344,2341,offscreen_render,47.9756126,startup,27,27,1.77777779,166.50145,182.986557,166.50145,109.999992,182.986557,50,-1.52587891E-05,350,300,118.50145,155.986526,214.50145,209.986526,0,1
2345,2345,2342,offscreen_render,47.9920921,startup,27,27,1.77777779,166.2881,182.988464,166.2881,109.999992,182.988464,50,-1.52587891E-05,350,300,118.2881,155.988434,214.2881,209.988434,0,1
2346,2346,2343,offscreen_render,48.0088,startup,27,27,1.77777779,166.104843,182.990112,166.104843,109.999992,182.990112,50,-1.52587891E-05,350,300,118.104843,155.990082,214.104843,209.990082,0,1
2347,2347,2344,offscreen_render,48.0255241,startup,27,27,1.77777779,165.946732,182.991531,165.946732,109.999992,182.991531,50,-1.52587891E-05,350,300,117.946732,155.991516,213.946732,209.991516,0,1
2348,2348,2345,offscreen_render,48.0419769,startup,27,27,1.77777779,165.810516,182.992752,165.810516,109.999992,182.992752,50,-1.52587891E-05,350,300,117.810516,155.992722,213.810516,209.992722,0,1
2349,2349,2346,offscreen_render,48.058548,startup,27,27,1.77777779,165.693314,182.9938,165.693314,109.999992,182.9938,50,-1.52587891E-05,350,300,117.693314,155.993774,213.693314,209.993774,0,1
2350,2350,2347,offscreen_render,48.0753,startup,27,27,1.77777779,165.592575,182.9947,165.592575,109.999992,182.9947,50,-1.52587891E-05,350,300,117.592575,155.994675,213.592575,209.994675,0,1
2351,2351,2348,offscreen_render,48.0921021,startup,27,27,1.77777779,165.506088,182.995483,165.506088,109.999992,182.995483,50,-1.52587891E-05,350,300,117.506088,155.995468,213.506088,209.995468,0,1
2352,2352,2349,offscreen_render,48.1086922,startup,27,27,1.77777779,165.431915,182.99614,165.431915,109.999992,182.99614,50,-1.52587891E-05,350,300,117.431915,155.996109,213.431915,209.996109,0,1
2353,2353,2350,offscreen_render,48.125515,startup,27,27,1.77777779,165.368362,182.9967,165.368362,109.999992,182.9967,50,-1.52587891E-05,350,300,117.368362,155.996674,213.368362,209.996674,0,1
2354,2354,2351,offscreen_render,48.1418,startup,27,27,1.77777779,165.313965,182.9972,165.313965,109.999992,182.9972,50,-1.52587891E-05,350,300,117.313965,155.997162,213.313965,209.997162,0,1
2355,2355,2352,offscreen_render,48.1586876,startup,27,27,1.77777779,165.267426,182.9976,165.267426,109.999992,182.9976,50,-1.52587891E-05,350,300,117.267426,155.997574,213.267426,209.997574,0,1
2356,2356,2353,offscreen_render,48.1755867,startup,27,27,1.77777779,165.227661,182.997955,165.227661,109.999992,182.997955,50,-1.52587891E-05,350,300,117.227661,155.99794,213.227661,209.99794,0,1
2357,2357,2354,offscreen_render,48.19204,startup,27,27,1.77777779,165.1937,182.99826,165.1937,109.999992,182.99826,50,-1.52587891E-05,350,300,117.193695,155.99823,213.1937,209.99823,0,1
2358,2358,2355,offscreen_render,48.2088356,startup,27,27,1.77777779,165.1647,182.99852,165.1647,109.999992,182.99852,50,-1.52587891E-05,350,300,117.1647,155.998489,213.1647,209.998489,0,1
2359,2359,2356,offscreen_render,48.2256851,startup,27,27,1.77777779,165.139984,182.998749,165.139984,109.999992,182.998749,50,-1.52587891E-05,350,300,117.139984,155.998718,213.139984,209.998718,0,1
2360,2360,2357,offscreen_render,48.24202,startup,27,27,1.77777779,165.118912,182.998932,165.118912,109.999992,182.998932,50,-1.52587891E-05,350,300,117.118912,155.9989,213.118912,209.9989,0,1
2361,2361,2358,offscreen_render,48.2586632,startup,27,27,1.77777779,165.100967,182.9991,165.100967,109.999992,182.9991,50,-1.52587891E-05,350,300,117.100967,155.999069,213.100967,209.999069,0,1
2362,2362,2359,offscreen_render,48.27528,startup,27,27,1.77777779,165.0857,182.999237,165.0857,109.999992,182.999237,50,-1.52587891E-05,350,300,117.085693,155.9992,213.0857,209.9992,0,1
2363,2363,2360,offscreen_render,48.2924652,startup,27,27,1.77777779,165.0727,182.999359,165.0727,109.999992,182.999359,50,-1.52587891E-05,350,300,117.072693,155.999344,213.0727,209.999344,0,1
2364,2364,2361,offscreen_render,48.3087158,startup,27,27,1.77777779,165.061646,182.999451,165.061646,109.999992,182.999451,50,-1.52587891E-05,350,300,117.061646,155.999435,213.061646,209.999435,0,1
2365,2365,2362,offscreen_render,48.325367,startup,27,27,1.77777779,165.052261,182.999527,165.052261,109.999992,182.999527,50,-1.52587891E-05,350,300,117.052261,155.999512,213.052261,209.999512,0,1
2366,2366,2363,offscreen_render,48.34184,startup,27,27,1.77777779,165.044281,182.9996,165.044281,109.999992,182.9996,50,-1.52587891E-05,350,300,117.044281,155.999588,213.044281,209.999588,0,1
2367,2367,2364,offscreen_render,48.3584557,startup,27,27,1.77777779,165.0375,182.999664,165.0375,109.999992,182.999664,50,-1.52587891E-05,350,300,117.037506,155.999634,213.0375,209.999634,0,1
2368,2368,2365,offscreen_render,48.375145,startup,27,27,1.77777779,165.031754,182.99971,165.031754,109.999992,182.99971,50,-1.52587891E-05,350,300,117.031754,155.9997,213.031754,209.9997,0,1
2369,2369,2366,offscreen_render,48.391922,startup,27,27,1.77777779,165.026871,182.999756,165.026871,109.999992,182.999756,50,-1.52587891E-05,350,300,117.026871,155.999725,213.026871,209.999725,0,1
2370,2370,2367,offscreen_render,48.4085732,startup,27,27,1.77777779,165.022736,182.999786,165.022736,109.999992,182.999786,50,-1.52587891E-05,350,300,117.022736,155.999771,213.022736,209.999771,0,1
2371,2371,2368,offscreen_render,48.4250832,startup,27,27,1.77777779,165.019226,182.999817,165.019226,109.999992,182.999817,50,-1.52587891E-05,350,300,117.019226,155.999786,213.019226,209.999786,0,1
2372,2372,2369,offscreen_render,48.4417572,startup,27,27,1.77777779,165.016251,182.999847,165.016251,109.999992,182.999847,50,-1.52587891E-05,350,300,117.016251,155.999817,213.016251,209.999817,0,1
2373,2373,2370,offscreen_render,48.4585953,startup,27,27,1.77777779,165.013733,182.999878,165.013733,109.999992,182.999878,50,-1.52587891E-05,350,300,117.013733,155.999863,213.013733,209.999863,0,1
2374,2374,2371,offscreen_render,48.47513,startup,27,27,1.77777779,165.0116,182.9999,165.0116,109.999992,182.9999,50,-1.52587891E-05,350,300,117.0116,155.999878,213.0116,209.999878,0,1
2375,2375,2372,offscreen_render,48.58464,startup,27,27,1.77777779,175.755,187.703583,175.755,109.999992,187.703583,50,-1.52587891E-05,350,300,127.755005,160.703552,223.755,214.703552,0,1
2376,2376,2373,offscreen_render,48.60188,startup,27,27,1.77777779,177.861984,188.625656,177.861984,109.999992,188.625656,50,-1.52587891E-05,350,300,129.862,161.625641,225.862,215.625641,0,1
2377,2377,2374,offscreen_render,48.61794,startup,27,27,1.77777779,179.862991,189.501328,179.862991,109.999992,189.501328,50,-1.52587891E-05,350,300,131.862991,162.5013,227.862991,216.5013,0,1
2378,2378,2375,offscreen_render,48.63411,startup,27,27,1.77777779,181.733887,190.320038,181.733887,109.999992,190.320038,50,-1.52587891E-05,350,300,133.733887,163.32,229.733887,217.32,0,1
2379,2379,2376,offscreen_render,48.6509132,startup,27,27,1.77777779,183.4615,191.076035,183.4615,109.999992,191.076035,50,-1.52587891E-05,350,300,135.4615,164.076,231.4615,218.076,0,1
2380,2380,2377,offscreen_render,48.6675949,startup,27,27,1.77777779,185.040955,191.767181,185.040955,109.999992,191.767181,50,-1.52587891E-05,350,300,137.040955,164.767151,233.040955,218.767151,0,1
2381,2381,2378,offscreen_render,48.6840477,startup,27,27,1.77777779,186.472946,192.3938,186.472946,109.999992,192.3938,50,-1.52587891E-05,350,300,138.472946,165.393784,234.472946,219.393784,0,1
2382,2382,2379,offscreen_render,48.70114,startup,27,27,1.77777779,187.76239,192.958023,187.76239,109.999992,192.958023,50,-1.52587891E-05,350,300,139.76239,165.958008,235.76239,219.958008,0,1
2383,2383,2380,offscreen_render,48.717308,startup,27,27,1.77777779,188.916428,193.463,188.916428,109.999992,193.463,50,-1.52587891E-05,350,300,140.916443,166.463,236.916443,220.463,0,1
2384,2384,2381,offscreen_render,48.73446,startup,27,27,1.77777779,189.944168,193.9127,189.944168,109.999992,193.9127,50,-1.52587891E-05,350,300,141.944168,166.912689,237.944168,220.912689,0,1
2385,2385,2382,offscreen_render,48.7511,startup,27,27,1.77777779,190.855286,194.311386,190.855286,109.999992,194.311386,50,-1.52587891E-05,350,300,142.855286,167.311386,238.855286,221.311386,0,1
2386,2386,2383,offscreen_render,48.7672958,startup,27,27,1.77777779,191.659836,194.663422,191.659836,109.999992,194.663422,50,-1.52587891E-05,350,300,143.659836,167.6634,239.659836,221.6634,0,1
2387,2387,2384,offscreen_render,48.78424,startup,27,27,1.77777779,192.3679,194.973236,192.3679,109.999992,194.973236,50,-1.52587891E-05,350,300,144.3679,167.973221,240.3679,221.973221,0,1
2388,2388,2385,offscreen_render,48.8014374,startup,27,27,1.77777779,193.007385,195.253052,193.007385,109.999992,195.253052,50,-1.52587891E-05,350,300,145.0074,168.253036,241.0074,222.253036,0,1
2389,2389,2386,offscreen_render,48.8179855,startup,27,27,1.77777779,193.548538,195.489838,193.548538,109.999992,195.489838,50,-1.52587891E-05,350,300,145.548553,168.489838,241.548553,222.489838,0,1
2390,2390,2387,offscreen_render,48.8344955,startup,27,27,1.77777779,194.020782,195.696472,194.020782,109.999992,195.696472,50,-1.52587891E-05,350,300,146.0208,168.696472,242.0208,222.696472,0,1
2391,2391,2388,offscreen_render,48.8518372,startup,27,27,1.77777779,194.431992,195.8764,194.431992,109.999992,195.8764,50,-1.52587891E-05,350,300,146.432,168.876389,242.432,222.876389,0,1
2392,2392,2389,offscreen_render,48.8677025,startup,27,27,1.77777779,194.7892,196.0327,194.7892,109.999992,196.0327,50,-1.52587891E-05,350,300,146.7892,169.032684,242.7892,223.032684,0,1
2393,2393,2390,offscreen_render,48.8845,startup,27,27,1.77777779,195.099014,196.168259,195.099014,109.999992,196.168259,50,-1.52587891E-05,350,300,147.099014,169.168243,243.099014,223.168243,0,1
2394,2394,2391,offscreen_render,48.90114,startup,27,27,1.77777779,195.367249,196.285614,195.367249,109.999992,196.285614,50,-1.52587891E-05,350,300,147.367264,169.285614,243.367264,223.285614,0,1
2395,2395,2392,offscreen_render,48.91867,startup,27,27,1.77777779,195.607681,196.390808,195.607681,109.999992,196.390808,50,-1.52587891E-05,350,300,147.607681,169.3908,243.607681,223.3908,0,1
2396,2396,2393,offscreen_render,48.935257,startup,27,27,1.77777779,195.8066,196.477844,195.8066,109.999992,196.477844,50,-1.52587891E-05,350,300,147.80661,169.477844,243.80661,223.477844,0,1
2397,2397,2394,offscreen_render,48.9518661,startup,27,27,1.77777779,195.978027,196.552856,195.978027,109.999992,196.552856,50,-1.52587891E-05,350,300,147.978027,169.552841,243.978027,223.552841,0,1
2398,2398,2395,offscreen_render,48.968605,startup,27,27,1.77777779,196.1256,196.617416,196.1256,109.999992,196.617416,50,-1.52587891E-05,350,300,148.1256,169.617416,244.1256,223.617416,0,1
2399,2399,2396,offscreen_render,48.985218,startup,27,27,1.77777779,196.252472,196.672928,196.252472,109.999992,196.672928,50,-1.52587891E-05,350,300,148.252487,169.672913,244.252487,223.672913,0,1
2400,2400,2397,offscreen_render,49.0018272,startup,27,27,1.77777779,196.36142,196.7206,196.36142,109.999992,196.7206,50,-1.52587891E-05,350,300,148.361435,169.7206,244.361435,223.7206,0,1
2401,2401,2398,offscreen_render,49.0185661,startup,27,27,1.77777779,196.4549,196.76149,196.4549,109.999992,196.76149,50,-1.52587891E-05,350,300,148.45491,169.761475,244.45491,223.761475,0,1
2402,2402,2399,offscreen_render,49.0351524,startup,27,27,1.77777779,196.535,196.796539,196.535,109.999992,196.796539,50,-1.52587891E-05,350,300,148.535019,169.796524,244.535019,223.796524,0,1
2403,2403,2400,offscreen_render,49.0518074,startup,27,27,1.77777779,196.6036,196.826553,196.6036,109.999992,196.826553,50,-1.52587891E-05,350,300,148.6036,169.826553,244.6036,223.826553,0,1
2404,2404,2401,offscreen_render,49.0684052,startup,27,27,1.77777779,196.6623,196.852234,196.6623,109.999992,196.852234,50,-1.52587891E-05,350,300,148.6623,169.852219,244.6623,223.852219,0,1
2405,2405,2402,offscreen_render,49.08516,startup,27,27,1.77777779,196.712463,196.874191,196.712463,109.999992,196.874191,50,-1.52587891E-05,350,300,148.712463,169.874191,244.712463,223.874191,0,1
2406,2406,2403,offscreen_render,49.10205,startup,27,27,1.77777779,196.755325,196.892944,196.755325,109.999992,196.892944,50,-1.52587891E-05,350,300,148.755341,169.892929,244.755341,223.892929,0,1
2407,2407,2404,offscreen_render,49.1185265,startup,27,27,1.77777779,196.7919,196.908951,196.7919,109.999992,196.908951,50,-1.52587891E-05,350,300,148.791916,169.908951,244.791916,223.908951,0,1
2408,2408,2405,offscreen_render,49.1354179,startup,27,27,1.77777779,196.8231,196.9226,196.8231,109.999992,196.9226,50,-1.52587891E-05,350,300,148.82312,169.922592,244.82312,223.922592,0,1
2409,2409,2406,offscreen_render,49.15189,startup,27,27,1.77777779,196.8497,196.93425,196.8497,109.999992,196.93425,50,-1.52587891E-05,350,300,148.8497,169.93425,244.8497,223.93425,0,1
2410,2410,2407,offscreen_render,49.16845,startup,27,27,1.77777779,196.87236,196.944168,196.87236,109.999992,196.944168,50,-1.52587891E-05,350,300,148.872375,169.944153,244.872375,223.944153,0,1
2411,2411,2408,offscreen_render,49.1856575,startup,27,27,1.77777779,196.891647,196.9526,196.891647,109.999992,196.9526,50,-1.52587891E-05,350,300,148.891663,169.952591,244.891663,223.952591,0,1
2412,2412,2409,offscreen_render,49.20193,startup,27,27,1.77777779,196.908066,196.9598,196.908066,109.999992,196.9598,50,-1.52587891E-05,350,300,148.908081,169.9598,244.908081,223.9598,0,1
2413,2413,2410,offscreen_render,49.2186852,startup,27,27,1.77777779,196.922028,196.9659,196.922028,109.999992,196.9659,50,-1.52587891E-05,350,300,148.922028,169.9659,244.922028,223.9659,0,1
2414,2414,2411,offscreen_render,49.2352943,startup,27,27,1.77777779,196.9339,196.971085,196.9339,109.999992,196.971085,50,-1.52587891E-05,350,300,148.933914,169.971085,244.933914,223.971085,0,1
2415,2415,2412,offscreen_render,49.2518425,startup,27,27,1.77777779,196.943985,196.9755,196.943985,109.999992,196.9755,50,-1.52587891E-05,350,300,148.943985,169.975479,244.943985,223.975479,0,1
2416,2416,2413,offscreen_render,49.26848,startup,27,27,1.77777779,196.952545,196.979233,196.952545,109.999992,196.979233,50,-1.52587891E-05,350,300,148.952545,169.979233,244.952545,223.979233,0,1
2417,2417,2414,offscreen_render,49.2853279,startup,27,27,1.77777779,196.959808,196.9824,196.959808,109.999992,196.9824,50,-1.52587891E-05,350,300,148.959824,169.982391,244.959824,223.982391,0,1
2418,2418,2415,offscreen_render,49.30194,startup,27,27,1.77777779,196.965973,196.9851,196.965973,109.999992,196.9851,50,-1.52587891E-05,350,300,148.965973,169.985092,244.965973,223.985092,0,1
2419,2419,2416,offscreen_render,49.3187447,startup,27,27,1.77777779,196.9712,196.9874,196.9712,109.999992,196.9874,50,-1.52587891E-05,350,300,148.971222,169.9874,244.971222,223.9874,0,1
2420,2420,2417,offscreen_render,49.3353844,startup,27,27,1.77777779,196.975647,196.989334,196.975647,109.999992,196.989334,50,-1.52587891E-05,350,300,148.975662,169.989319,244.975662,223.989319,0,1
2421,2421,2418,offscreen_render,49.3518829,startup,27,27,1.77777779,196.9794,196.990982,196.9794,109.999992,196.990982,50,-1.52587891E-05,350,300,148.979416,169.990967,244.979416,223.990967,0,1
2422,2422,2419,offscreen_render,49.3684921,startup,27,27,1.77777779,196.98259,196.992371,196.98259,109.999992,196.992371,50,-1.52587891E-05,350,300,148.9826,169.992355,244.9826,223.992355,0,1
2423,2423,2420,offscreen_render,49.3855171,startup,27,27,1.77777779,196.985291,196.993546,196.985291,109.999992,196.993546,50,-1.52587891E-05,350,300,148.985291,169.99353,244.985291,223.99353,0,1
2424,2424,2421,offscreen_render,49.5052719,startup,27,27,1.77777779,159.961121,194.005371,159.961121,109.999992,194.005371,50,-1.52587891E-05,350,300,111.961121,167.005356,207.961121,221.005356,0,1
2425,2425,2422,offscreen_render,49.5222931,startup,27,27,1.77777779,153.6013,193.4917,153.6013,109.999992,193.4917,50,-1.52587891E-05,350,300,105.6013,166.4917,201.6013,220.4917,0,1
2426,2426,2423,offscreen_render,49.53834,startup,27,27,1.77777779,147.546341,193.002625,147.546341,109.999992,193.002625,50,-1.52587891E-05,350,300,99.54634,166.002609,195.546341,220.002609,0,1
2427,2427,2424,offscreen_render,49.55484,startup,27,27,1.77777779,142.0078,192.555237,142.0078,109.999992,192.555237,50,-1.52587891E-05,350,300,94.0078,165.555237,190.0078,219.555237,0,1
2428,2428,2425,offscreen_render,49.571537,startup,27,27,1.77777779,136.92691,192.1448,136.92691,109.999992,192.1448,50,-1.52587891E-05,350,300,88.92691,165.1448,184.92691,219.1448,0,1
2429,2429,2426,offscreen_render,49.58881,startup,27,27,1.77777779,132.098038,191.75473,132.098038,109.999992,191.75473,50,-1.52587891E-05,350,300,84.09804,164.7547,180.098038,218.7547,0,1
2430,2430,2427,offscreen_render,49.6053619,startup,27,27,1.77777779,127.949753,191.419617,127.949753,109.999992,191.419617,50,-1.52587891E-05,350,300,79.94975,164.419586,175.949753,218.419586,0,1
2431,2431,2428,offscreen_render,49.62247,startup,27,27,1.77777779,124.230019,191.119125,124.230019,109.999992,191.119125,50,-1.52587891E-05,350,300,76.23003,164.1191,172.230026,218.1191,0,1
2432,2432,2429,offscreen_render,49.6390038,startup,27,27,1.77777779,120.912842,190.851151,120.912842,109.999992,190.851151,50,-1.52587891E-05,350,300,72.91285,163.85112,168.912842,217.85112,0,1
2433,2433,2430,offscreen_render,49.6556358,startup,27,27,1.77777779,117.967934,190.613235,117.967934,109.999992,190.613235,50,-1.52587891E-05,350,300,69.96794,163.61322,165.967941,217.61322,0,1
2434,2434,2431,offscreen_render,49.6723976,startup,27,27,1.77777779,115.36425,190.4029,115.36425,109.999992,190.4029,50,-1.52587891E-05,350,300,67.36425,163.402863,163.364258,217.402863,0,1
2435,2435,2432,offscreen_render,49.6888428,startup,27,27,1.77777779,113.070404,190.217575,113.070404,109.999992,190.217575,50,-1.52587891E-05,350,300,65.0704041,163.21756,161.0704,217.21756,0,1
2436,2436,2433,offscreen_render,49.7057,startup,27,27,1.77777779,111.05645,190.054871,111.05645,109.999992,190.054871,50,-1.52587891E-05,350,300,63.0564575,163.05484,159.056458,217.05484,0,1
2437,2437,2434,offscreen_render,49.72218,startup,27,27,1.77777779,109.292862,189.912384,109.292862,109.999992,189.912384,50,-1.52587891E-05,350,300,61.2928619,162.912354,157.292862,216.912354,0,1
2438,2438,2435,offscreen_render,49.73894,startup,27,27,1.77777779,107.752579,189.787949,107.752579,109.999992,189.787949,50,-1.52587891E-05,350,300,59.75258,162.787933,155.752579,216.787933,0,1
2439,2439,2436,offscreen_render,49.7556648,startup,27,27,1.77777779,106.4105,189.67952,106.4105,109.999992,189.67952,50,-1.52587891E-05,350,300,58.4105072,162.6795,154.4105,216.6795,0,1
2440,2440,2437,offscreen_render,49.772213,startup,27,27,1.77777779,105.243591,189.585236,105.243591,109.999992,189.585236,50,-1.52587891E-05,350,300,57.2436,162.58522,153.243591,216.58522,0,1
2441,2441,2438,offscreen_render,49.78889,startup,27,27,1.77777779,104.230972,189.503418,104.230972,109.999992,189.503418,50,-1.52587891E-05,350,300,56.23098,162.5034,152.230988,216.5034,0,1
2442,2442,2439,offscreen_render,49.80574,startup,27,27,1.77777779,103.353783,189.432541,103.353783,109.999992,189.432541,50,-1.52587891E-05,350,300,55.35379,162.432526,151.35379,216.432526,0,1
2443,2443,2440,offscreen_render,49.8221779,startup,27,27,1.77777779,102.5952,189.371246,102.5952,109.999992,189.371246,50,-1.52587891E-05,350,300,54.5952072,162.371231,150.595215,216.371231,0,1
2444,2444,2441,offscreen_render,49.8388557,startup,27,27,1.77777779,101.94014,189.318329,101.94014,109.999992,189.318329,50,-1.52587891E-05,350,300,53.9401474,162.3183,149.940155,216.3183,0,1
2445,2445,2442,offscreen_render,49.85585,startup,27,27,1.77777779,101.37529,189.27269,101.37529,109.999992,189.27269,50,-1.52587891E-05,350,300,53.37529,162.272675,149.37529,216.272675,0,1
2446,2446,2443,offscreen_render,49.87233,startup,27,27,1.77777779,100.888863,189.233383,100.888863,109.999992,189.233383,50,-1.52587891E-05,350,300,52.88887,162.233368,148.88887,216.233368,0,1
2447,2447,2444,offscreen_render,49.88881,startup,27,27,1.77777779,100.470467,189.199585,100.470467,109.999992,189.199585,50,-1.52587891E-05,350,300,52.4704742,162.199554,148.470474,216.199554,0,1
2448,2448,2445,offscreen_render,49.905777,startup,27,27,1.77777779,100.111008,189.170547,100.111008,109.999992,189.170547,50,-1.52587891E-05,350,300,52.1110153,162.170532,148.111023,216.170532,0,1
2449,2449,2446,offscreen_render,49.922184,startup,27,27,1.77777779,99.80249,189.14563,99.80249,109.999992,189.14563,50,-1.52587891E-05,350,300,51.80249,162.145615,147.80249,216.145615,0,1
2450,2450,2447,offscreen_render,49.93909,startup,27,27,1.77777779,99.53799,189.124268,99.53799,109.999992,189.124268,50,-1.52587891E-05,350,300,51.5379868,162.124237,147.538,216.124237,0,1
2451,2451,2448,offscreen_render,49.95547,startup,27,27,1.77777779,99.31142,189.105957,99.31142,109.999992,189.105957,50,-1.52587891E-05,350,300,51.3114166,162.105927,147.311417,216.105927,0,1
2452,2452,2449,offscreen_render,49.9722366,startup,27,27,1.77777779,99.11751,189.090286,99.11751,109.999992,189.090286,50,-1.52587891E-05,350,300,51.1175079,162.090271,147.117508,216.090271,0,1
2453,2453,2450,offscreen_render,49.9888763,startup,27,27,1.77777779,98.95169,189.076889,98.95169,109.999992,189.076889,50,-1.52587891E-05,350,300,50.95169,162.076859,146.951691,216.076859,0,1
2454,2454,2451,offscreen_render,50.0054245,startup,27,27,1.77777779,98.81001,189.065445,98.81001,109.999992,189.065445,50,-1.52587891E-05,350,300,50.8100128,162.065414,146.810013,216.065414,0,1
2455,2455,2452,offscreen_render,50.0223427,startup,27,27,1.77777779,98.68904,189.055664,98.68904,109.999992,189.055664,50,-1.52587891E-05,350,300,50.68904,162.055649,146.689041,216.055649,0,1
2456,2456,2453,offscreen_render,50.0390778,startup,27,27,1.77777779,98.58583,189.047333,98.58583,109.999992,189.047333,50,-1.52587891E-05,350,300,50.58584,162.047318,146.585846,216.047318,0,1
2457,2457,2454,offscreen_render,50.05549,startup,27,27,1.77777779,98.49783,189.040222,98.49783,109.999992,189.040222,50,-1.52587891E-05,350,300,50.4978333,162.040192,146.497833,216.040192,0,1
2458,2458,2455,offscreen_render,50.07232,startup,27,27,1.77777779,98.42285,189.034164,98.42285,109.999992,189.034164,50,-1.52587891E-05,350,300,50.42285,162.034149,146.422852,216.034149,0,1
2459,2459,2456,offscreen_render,50.08892,startup,27,27,1.77777779,98.35899,189.029,98.35899,109.999992,189.029,50,-1.52587891E-05,350,300,50.3589935,162.028976,146.359,216.028976,0,1
2460,2460,2457,offscreen_render,50.1055336,startup,27,27,1.77777779,98.30465,189.024612,98.30465,109.999992,189.024612,50,-1.52587891E-05,350,300,50.304657,162.0246,146.304657,216.0246,0,1
2461,2461,2458,offscreen_render,50.1225624,startup,27,27,1.77777779,98.2574158,189.0208,98.2574158,109.999992,189.0208,50,-1.52587891E-05,350,300,50.2574158,162.020782,146.257416,216.020782,0,1
2462,2462,2459,offscreen_render,50.1395836,startup,27,27,1.77777779,98.21826,189.017639,98.21826,109.999992,189.017639,50,-1.52587891E-05,350,300,50.21826,162.017609,146.218262,216.017609,0,1
2463,2463,2460,offscreen_render,50.15592,startup,27,27,1.77777779,98.18499,189.014954,98.18499,109.999992,189.014954,50,-1.52587891E-05,350,300,50.1849976,162.014938,146.185,216.014938,0,1
2464,2464,2461,offscreen_render,50.172657,startup,27,27,1.77777779,98.15673,189.012665,98.15673,109.999992,189.012665,50,-1.52587891E-05,350,300,50.15673,162.01265,146.156738,216.01265,0,1
2465,2465,2462,offscreen_render,50.1892,startup,27,27,1.77777779,98.1327438,189.010727,98.1327438,109.999992,189.010727,50,-1.52587891E-05,350,300,50.1327438,162.0107,146.132751,216.0107,0,1
2466,2466,2463,offscreen_render,50.20591,startup,27,27,1.77777779,98.11222,189.009064,98.11222,109.999992,189.009064,50,-1.52587891E-05,350,300,50.11223,162.009033,146.112228,216.009033,0,1
2467,2467,2464,offscreen_render,50.2228127,startup,27,27,1.77777779,98.09498,189.007675,98.09498,109.999992,189.007675,50,-1.52587891E-05,350,300,50.09498,162.007645,146.094971,216.007645,0,1
2468,2468,2465,offscreen_render,50.2393265,startup,27,27,1.77777779,98.08036,189.0065,98.08036,109.999992,189.0065,50,-1.52587891E-05,350,300,50.080368,162.00647,146.080368,216.00647,0,1
2469,2469,2466,offscreen_render,50.25626,startup,27,27,1.77777779,98.06797,189.0055,98.06797,109.999992,189.0055,50,-1.52587891E-05,350,300,50.06797,162.005478,146.067963,216.005478,0,1
2470,2470,2467,offscreen_render,50.27282,startup,27,27,1.77777779,98.05747,189.004639,98.05747,109.999992,189.004639,50,-1.52587891E-05,350,300,50.05748,162.004608,146.05748,216.004608,0,1
2471,2471,2468,offscreen_render,50.2894669,startup,27,27,1.77777779,98.048584,189.003922,98.048584,109.999992,189.003922,50,-1.52587891E-05,350,300,50.048584,162.0039,146.048584,216.0039,0,1
2472,2472,2469,offscreen_render,50.3063965,startup,27,27,1.77777779,98.04106,189.003311,98.04106,109.999992,189.003311,50,-1.52587891E-05,350,300,50.04106,162.003281,146.041061,216.003281,0,1
2473,2473,2470,offscreen_render,50.3232,startup,27,27,1.77777779,98.03469,189.002792,98.03469,109.999992,189.002792,50,-1.52587891E-05,350,300,50.03469,162.002762,146.0347,216.002762,0,1
2474,2474,2471,offscreen_render,50.34022,startup,27,27,1.77777779,98.0293045,189.00235,98.0293045,109.999992,189.00235,50,-1.52587891E-05,350,300,50.0293121,162.002335,146.029312,216.002335,0,1
2475,2475,2472,offscreen_render,50.3566132,startup,27,27,1.77777779,98.02475,189.001984,98.02475,109.999992,189.001984,50,-1.52587891E-05,350,300,50.0247574,162.001953,146.02475,216.001953,0,1
2476,2476,2473,offscreen_render,50.3731842,startup,27,27,1.77777779,98.0209,189.001678,98.0209,109.999992,189.001678,50,-1.52587891E-05,350,300,50.0209045,162.001648,146.0209,216.001648,0,1
2477,2477,2474,offscreen_render,50.3897972,startup,27,27,1.77777779,98.01764,189.001419,98.01764,109.999992,189.001419,50,-1.52587891E-05,350,300,50.01764,162.001389,146.017639,216.001389,0,1
2478,2478,2475,offscreen_render,50.5081825,startup,27,27,1.77777779,98.00533,188.862,98.00533,109.999992,188.862,50,-1.52587891E-05,350,300,50.00534,161.861969,146.005341,215.861969,0,1
2479,2479,2476,offscreen_render,50.52521,startup,27,27,1.77777779,98.00449,188.835938,98.00449,109.999992,188.835938,50,-1.52587891E-05,350,300,50.0045,161.835922,146.0045,215.835922,0,1
2480,2480,2477,offscreen_render,50.542347,startup,27,27,1.77777779,98.0037842,188.806519,98.0037842,109.999992,188.806519,50,-1.52587891E-05,350,300,50.00379,161.8065,146.003784,215.8065,0,1
2481,2481,2478,offscreen_render,50.5575752,startup,27,27,1.77777779,98.00319,188.772064,98.00319,109.999992,188.772064,50,-1.52587891E-05,350,300,50.0031967,161.772049,146.0032,215.772049,0,1
2482,2482,2479,offscreen_render,50.5746536,startup,27,27,1.77777779,98.0026855,188.731552,98.0026855,109.999992,188.731552,50,-1.52587891E-05,350,300,50.0026932,161.731522,146.002686,215.731522,0,1
2483,2483,2480,offscreen_render,50.59092,startup,27,27,1.77777779,98.00226,188.684448,98.00226,109.999992,188.684448,50,-1.52587891E-05,350,300,50.00226,161.684418,146.002258,215.684418,0,1
2484,2484,2481,offscreen_render,50.6078568,startup,27,27,1.77777779,98.0019,188.630478,98.0019,109.999992,188.630478,50,-1.52587891E-05,350,300,50.0019073,161.630447,146.0019,215.630447,0,1
2485,2485,2482,offscreen_render,50.62411,startup,27,27,1.77777779,98.0016,188.5699,98.0016,109.999992,188.5699,50,-1.52587891E-05,350,300,50.0016022,161.56987,146.0016,215.56987,0,1
2486,2486,2483,offscreen_render,50.64112,startup,27,27,1.77777779,98.00135,188.502853,98.00135,109.999992,188.502853,50,-1.52587891E-05,350,300,50.001358,161.502838,146.001358,215.502838,0,1
2487,2487,2484,offscreen_render,50.65772,startup,27,27,1.77777779,98.00114,188.4297,98.00114,109.999992,188.4297,50,-1.52587891E-05,350,300,50.0011368,161.429688,146.001129,215.429688,0,1
2488,2488,2485,offscreen_render,50.67455,startup,27,27,1.77777779,98.00095,188.350861,98.00095,109.999992,188.350861,50,-1.52587891E-05,350,300,50.0009537,161.350845,146.000946,215.350845,0,1
2489,2489,2486,offscreen_render,50.691288,startup,27,27,1.77777779,98.0008,188.266785,98.0008,109.999992,188.266785,50,-1.52587891E-05,350,300,50.00081,161.266769,146.000809,215.266769,0,1
2490,2490,2487,offscreen_render,50.7074,startup,27,27,1.77777779,98.00067,188.177933,98.00067,109.999992,188.177933,50,-1.52587891E-05,350,300,50.00068,161.1779,146.000671,215.1779,0,1
2491,2491,2488,offscreen_render,50.7242966,startup,27,27,1.77777779,98.0005646,188.084381,98.0005646,109.999992,188.084381,50,-1.52587891E-05,350,300,50.0005646,161.084366,146.000565,215.084366,0,1
2492,2492,2489,offscreen_render,50.7411079,startup,27,27,1.77777779,98.00047,187.987274,98.00047,109.999992,187.987274,50,-1.52587891E-05,350,300,50.000473,160.987244,146.000473,214.987244,0,1
2493,2493,2490,offscreen_render,50.75789,startup,27,27,1.77777779,98.0004,187.8867,98.0004,109.999992,187.8867,50,-1.52587891E-05,350,300,50.0004044,160.886688,146.0004,214.886688,0,1
2494,2494,2491,offscreen_render,50.7746,startup,27,27,1.77777779,98.0003357,187.783035,98.0003357,109.999992,187.783035,50,-1.52587891E-05,350,300,50.0003357,160.78302,146.000336,214.78302,0,1
2495,2495,2492,offscreen_render,50.7910767,startup,27,27,1.77777779,98.00028,187.676636,98.00028,109.999992,187.676636,50,-1.52587891E-05,350,300,50.00029,160.6766,146.00029,214.6766,0,1
2496,2496,2493,offscreen_render,50.8078651,startup,27,27,1.77777779,98.00024,187.5678,98.00024,109.999992,187.5678,50,-1.52587891E-05,350,300,50.0002441,160.567764,146.000244,214.567764,0,1
2497,2497,2494,offscreen_render,50.824482,startup,27,27,1.77777779,98.0002,187.456863,98.0002,109.999992,187.456863,50,-1.52587891E-05,350,300,50.0002,160.456833,146.0002,214.456833,0,1
2498,2498,2495,offscreen_render,50.84091,startup,27,27,1.77777779,98.00017,187.345917,98.00017,109.999992,187.345917,50,-1.52587891E-05,350,300,50.0001755,160.3459,146.000183,214.3459,0,1
2499,2499,2496,offscreen_render,50.85772,startup,27,27,1.77777779,98.00014,187.238129,98.00014,109.999992,187.238129,50,-1.52587891E-05,350,300,50.0001373,160.238113,146.000137,214.238113,0,1
2500,2500,2497,offscreen_render,50.87439,startup,27,27,1.77777779,98.0001144,187.13559,98.0001144,109.999992,187.13559,50,-1.52587891E-05,350,300,50.0001221,160.135559,146.000122,214.135559,0,1
2501,2501,2498,offscreen_render,50.8912277,startup,27,27,1.77777779,98.0001,187.039612,98.0001,109.999992,187.039612,50,-1.52587891E-05,350,300,50.0001068,160.039581,146.0001,214.039581,0,1
2502,2502,2499,offscreen_render,50.9076958,startup,27,27,1.77777779,98.0000839,186.9509,98.0000839,109.999992,186.9509,50,-1.52587891E-05,350,300,50.0000839,159.950882,146.000092,213.950882,0,1
2503,2503,2500,offscreen_render,50.92461,startup,27,27,1.77777779,98.00007,186.869736,98.00007,109.999992,186.869736,50,-1.52587891E-05,350,300,50.0000763,159.86972,146.000076,213.86972,0,1
2504,2504,2501,offscreen_render,50.94125,startup,27,27,1.77777779,98.00006,186.7961,98.00006,109.999992,186.7961,50,-1.52587891E-05,350,300,50.00006,159.796082,146.000061,213.796082,0,1
2505,2505,2502,offscreen_render,50.95797,startup,27,27,1.77777779,98.00005,186.729767,98.00005,109.999992,186.729767,50,-1.52587891E-05,350,300,50.00006,159.729752,146.000061,213.729752,0,1
2506,2506,2503,offscreen_render,50.9741936,startup,27,27,1.77777779,98.0000458,186.670364,98.0000458,109.999992,186.670364,50,-1.52587891E-05,350,300,50.0000458,159.670349,146.000046,213.670349,0,1
2507,2507,2504,offscreen_render,50.9912949,startup,27,27,1.77777779,98.00004,186.617447,98.00004,109.999992,186.617447,50,-1.52587891E-05,350,300,50.00004,159.617432,146.000031,213.617432,0,1
2508,2508,2505,offscreen_render,51.00739,startup,27,27,1.77777779,98.00003,186.570511,98.00003,109.999992,186.570511,50,-1.52587891E-05,350,300,50.00004,159.57048,146.000031,213.57048,0,1
2509,2509,2506,offscreen_render,51.0248756,startup,27,27,1.77777779,98.00002,186.527512,98.00002,109.999992,186.527512,50,-1.52587891E-05,350,300,50.00003,159.527481,146.000031,213.527481,0,1
2510,2510,2507,offscreen_render,51.0416832,startup,27,27,1.77777779,98.0000153,186.491211,98.0000153,109.999992,186.491211,50,-1.52587891E-05,350,300,50.0000153,159.4912,146.000015,213.4912,0,1
2511,2511,2508,offscreen_render,51.0581741,startup,27,27,1.77777779,98.0000153,186.459351,98.0000153,109.999992,186.459351,50,-1.52587891E-05,350,300,50.0000153,159.45932,146.000015,213.45932,0,1
2512,2512,2509,offscreen_render,51.0748177,startup,27,27,1.77777779,98.0000153,186.431473,98.0000153,109.999992,186.431473,50,-1.52587891E-05,350,300,50.0000153,159.431458,146.000015,213.431458,0,1
2513,2513,2510,offscreen_render,51.0915031,startup,27,27,1.77777779,98.0000153,186.40715,98.0000153,109.999992,186.40715,50,-1.52587891E-05,350,300,50.0000153,159.407135,146.000015,213.407135,0,1
2514,2514,2511,offscreen_render,51.1082535,startup,27,27,1.77777779,98.0000153,186.385971,98.0000153,109.999992,186.385971,50,-1.52587891E-05,350,300,50.0000153,159.385941,146.000015,213.385941,0,1
2515,2515,2512,offscreen_render,51.1248,startup,27,27,1.77777779,98.0000153,186.367554,98.0000153,109.999992,186.367554,50,-1.52587891E-05,350,300,50.0000153,159.367538,146.000015,213.367538,0,1
2516,2516,2513,offscreen_render,51.141716,startup,27,27,1.77777779,98.0000153,186.351578,98.0000153,109.999992,186.351578,50,-1.52587891E-05,350,300,50.0000153,159.351547,146.000015,213.351547,0,1
2517,2517,2514,offscreen_render,51.158165,startup,27,27,1.77777779,98.0000153,186.337753,98.0000153,109.999992,186.337753,50,-1.52587891E-05,350,300,50.0000153,159.337723,146.000015,213.337723,0,1
2518,2518,2515,offscreen_render,51.1748848,startup,27,27,1.77777779,98.0000153,186.3258,98.0000153,109.999992,186.3258,50,-1.52587891E-05,350,300,50.0000153,159.325775,146.000015,213.325775,0,1
2519,2519,2516,offscreen_render,51.1914978,startup,27,27,1.77777779,98.0000153,186.315491,98.0000153,109.999992,186.315491,50,-1.52587891E-05,350,300,50.0000153,159.31546,146.000015,213.31546,0,1
2520,2520,2517,offscreen_render,51.20807,startup,27,27,1.77777779,98.0000153,186.3066,98.0000153,109.999992,186.3066,50,-1.52587891E-05,350,300,50.0000153,159.306564,146.000015,213.306564,0,1
2521,2521,2518,offscreen_render,51.2248421,startup,27,27,1.77777779,98.0000153,186.298935,98.0000153,109.999992,186.298935,50,-1.52587891E-05,350,300,50.0000153,159.2989,146.000015,213.2989,0,1
2522,2522,2519,offscreen_render,51.2415276,startup,27,27,1.77777779,98.0000153,186.292358,98.0000153,109.999992,186.292358,50,-1.52587891E-05,350,300,50.0000153,159.292328,146.000015,213.292328,0,1
2523,2523,2520,offscreen_render,51.2584953,startup,27,27,1.77777779,98.0000153,186.2867,98.0000153,109.999992,186.2867,50,-1.52587891E-05,350,300,50.0000153,159.286682,146.000015,213.286682,0,1
2524,2524,2521,offscreen_render,51.27483,startup,27,27,1.77777779,98.0000153,186.281845,98.0000153,109.999992,186.281845,50,-1.52587891E-05,350,300,50.0000153,159.28183,146.000015,213.28183,0,1
2525,2525,2522,offscreen_render,51.2915459,startup,27,27,1.77777779,98.0000153,186.277679,98.0000153,109.999992,186.277679,50,-1.52587891E-05,350,300,50.0000153,159.277649,146.000015,213.277649,0,1
2526,2526,2523,offscreen_render,51.30811,startup,27,27,1.77777779,98.0000153,186.274124,98.0000153,109.999992,186.274124,50,-1.52587891E-05,350,300,50.0000153,159.2741,146.000015,213.2741,0,1
2527,2527,2524,offscreen_render,51.3255577,startup,27,27,1.77777779,98.0000153,186.270966,98.0000153,109.999992,186.270966,50,-1.52587891E-05,350,300,50.0000153,159.27095,146.000015,213.27095,0,1
2528,2528,2525,offscreen_render,51.34245,startup,27,27,1.77777779,98.0000153,186.268372,98.0000153,109.999992,186.268372,50,-1.52587891E-05,350,300,50.0000153,159.268341,146.000015,213.268341,0,1
2529,2529,2526,offscreen_render,51.3590279,startup,27,27,1.77777779,98.0000153,186.266159,98.0000153,109.999992,186.266159,50,-1.52587891E-05,350,300,50.0000153,159.266129,146.000015,213.266129,0,1
2530,2530,2527,offscreen_render,51.3757324,startup,27,27,1.77777779,98.0000153,186.264267,98.0000153,109.999992,186.264267,50,-1.52587891E-05,350,300,50.0000153,159.264236,146.000015,213.264236,0,1
2531,2531,2528,offscreen_render,51.3923073,startup,27,27,1.77777779,98.0000153,186.262665,98.0000153,109.999992,186.262665,50,-1.52587891E-05,350,300,50.0000153,159.26265,146.000015,213.26265,0,1
2532,2532,2529,offscreen_render,51.4089127,startup,27,27,1.77777779,98.0000153,186.261292,98.0000153,109.999992,186.261292,50,-1.52587891E-05,350,300,50.0000153,159.261261,146.000015,213.261261,0,1
2533,2533,2530,offscreen_render,51.4259,startup,27,27,1.77777779,98.0000153,186.260117,98.0000153,109.999992,186.260117,50,-1.52587891E-05,350,300,50.0000153,159.260086,146.000015,213.260086,0,1
2534,2534,2531,offscreen_render,51.4422379,startup,27,27,1.77777779,98.0000153,186.259125,98.0000153,109.999992,186.259125,50,-1.52587891E-05,350,300,50.0000153,159.2591,146.000015,213.2591,0,1
2535,2535,2532,offscreen_render,51.4588737,startup,27,27,1.77777779,98.0000153,186.258286,98.0000153,109.999992,186.258286,50,-1.52587891E-05,350,300,50.0000153,159.25827,146.000015,213.25827,0,1
2536,2536,2533,offscreen_render,51.47652,startup,27,27,1.77777779,98.0000153,186.257538,98.0000153,109.999992,186.257538,50,-1.52587891E-05,350,300,50.0000153,159.257523,146.000015,213.257523,0,1
2537,2537,2534,offscreen_render,51.4929733,startup,27,27,1.77777779,98.0000153,186.256927,98.0000153,109.999992,186.256927,50,-1.52587891E-05,350,300,50.0000153,159.2569,146.000015,213.2569,0,1
2538,2538,2535,offscreen_render,51.5098419,startup,27,27,1.77777779,98.0000153,186.256409,98.0000153,109.999992,186.256409,50,-1.52587891E-05,350,300,50.0000153,159.256378,146.000015,213.256378,0,1
2539,2539,2536,offscreen_render,51.5263329,startup,27,27,1.77777779,98.0000153,186.255966,98.0000153,109.999992,186.255966,50,-1.52587891E-05,350,300,50.0000153,159.255951,146.000015,213.255951,0,1
2540,2540,2537,offscreen_render,51.54296,startup,27,27,1.77777779,98.0000153,186.2556,98.0000153,109.999992,186.2556,50,-1.52587891E-05,350,300,50.0000153,159.255569,146.000015,213.255569,0,1
2541,2541,2538,offscreen_render,51.5596962,startup,27,27,1.77777779,98.0000153,186.25528,98.0000153,109.999992,186.25528,50,-1.52587891E-05,350,300,50.0000153,159.255249,146.000015,213.255249,0,1
2542,2542,2539,offscreen_render,51.5762634,startup,27,27,1.77777779,98.0000153,186.255,98.0000153,109.999992,186.255,50,-1.52587891E-05,350,300,50.0000153,159.254974,146.000015,213.254974,0,1
2543,2543,2540,offscreen_render,51.59338,startup,27,27,1.77777779,98.0000153,186.254776,98.0000153,109.999992,186.254776,50,-1.52587891E-05,350,300,50.0000153,159.254745,146.000015,213.254745,0,1
2544,2544,2541,offscreen_render,51.60958,startup,27,27,1.77777779,98.0000153,186.254578,98.0000153,109.999992,186.254578,50,-1.52587891E-05,350,300,50.0000153,159.254562,146.000015,213.254562,0,1
2545,2545,2542,offscreen_render,51.6262169,startup,27,27,1.77777779,98.0000153,186.25441,98.0000153,109.999992,186.25441,50,-1.52587891E-05,350,300,50.0000153,159.2544,146.000015,213.2544,0,1
2546,2546,2543,offscreen_render,51.6431274,startup,27,27,1.77777779,98.0000153,186.254272,98.0000153,109.999992,186.254272,50,-1.52587891E-05,350,300,50.0000153,159.254242,146.000015,213.254242,0,1
2547,2547,2544,offscreen_render,51.6596,startup,27,27,1.77777779,98.0000153,186.25415,98.0000153,109.999992,186.25415,50,-1.52587891E-05,350,300,50.0000153,159.254135,146.000015,213.254135,0,1
2548,2548,2545,offscreen_render,51.67652,startup,27,27,1.77777779,98.0000153,186.254059,98.0000153,109.999992,186.254059,50,-1.52587891E-05,350,300,50.0000153,159.254044,146.000015,213.254044,0,1
2549,2549,2546,offscreen_render,51.6932945,startup,27,27,1.77777779,98.0000153,186.253983,98.0000153,109.999992,186.253983,50,-1.52587891E-05,350,300,50.0000153,159.253967,146.000015,213.253967,0,1
2550,2550,2547,offscreen_render,51.7097435,startup,27,27,1.77777779,98.0000153,186.2539,98.0000153,109.999992,186.2539,50,-1.52587891E-05,350,300,50.0000153,159.253891,146.000015,213.253891,0,1
2551,2551,2548,offscreen_render,51.7265053,startup,27,27,1.77777779,98.0000153,186.253845,98.0000153,109.999992,186.253845,50,-1.52587891E-05,350,300,50.0000153,159.25383,146.000015,213.25383,0,1
2552,2552,2549,offscreen_render,51.74318,startup,27,27,1.77777779,98.0000153,186.2538,98.0000153,109.999992,186.2538,50,-1.52587891E-05,350,300,50.0000153,159.253769,146.000015,213.253769,0,1
2553,2553,2550,offscreen_render,51.8656921,startup,27,27,1.77777779,175.911591,185.011017,175.911591,109.999992,185.011017,50,-1.52587891E-05,350,300,127.911591,158.011,223.911591,212.011,0,1
2554,2554,2551,offscreen_render,51.8819923,startup,27,27,1.77777779,188.941238,184.803192,188.941238,109.999992,184.803192,50,-1.52587891E-05,350,300,140.941254,157.803162,236.941254,211.803162,0,1
2555,2555,2552,offscreen_render,51.8978577,startup,27,27,1.77777779,201.164474,184.608231,201.164474,109.999992,184.608231,50,-1.52587891E-05,350,300,153.164474,157.6082,249.164474,211.6082,0,1
2556,2556,2553,offscreen_render,51.91437,startup,27,27,1.77777779,212.4838,184.427689,212.4838,109.999992,184.427689,50,-1.52587891E-05,350,300,164.4838,157.427658,260.4838,211.427658,0,1
2557,2557,2554,offscreen_render,51.9311676,startup,27,27,1.77777779,222.855087,184.262268,222.855087,109.999992,184.262268,50,-1.52587891E-05,350,300,174.8551,157.262253,270.8551,211.262253,0,1
2558,2558,2555,offscreen_render,51.94747,startup,27,27,1.77777779,232.275787,184.112015,232.275787,109.999992,184.112015,50,-1.52587891E-05,350,300,184.275787,157.111984,280.2758,211.111984,0,1
2559,2559,2556,offscreen_render,51.9647522,startup,27,27,1.77777779,240.771942,183.9765,240.771942,109.999992,183.9765,50,-1.52587891E-05,350,300,192.771942,156.976471,288.771942,210.976471,0,1
2560,2560,2557,offscreen_render,51.98092,startup,27,27,1.77777779,248.3863,183.855057,248.3863,109.999992,183.855057,50,-1.52587891E-05,350,300,200.386322,156.855042,296.386322,210.855042,0,1
2561,2561,2558,offscreen_render,51.997612,startup,27,27,1.77777779,255.175049,183.74678,255.175049,109.999992,183.74678,50,-1.52587891E-05,350,300,207.175049,156.74675,303.175049,210.74675,0,1
2562,2562,2559,offscreen_render,52.0146255,startup,27,27,1.77777779,261.199951,183.6507,261.199951,109.999992,183.6507,50,-1.52587891E-05,350,300,213.199951,156.650665,309.199951,210.650665,0,1
2563,2563,2560,offscreen_render,52.0313873,startup,27,27,1.77777779,266.525146,183.565765,266.525146,109.999992,183.565765,50,-1.52587891E-05,350,300,218.525146,156.56575,314.525146,210.56575,0,1
2564,2564,2561,offscreen_render,52.0477524,startup,27,27,1.77777779,271.2152,183.490967,271.2152,109.999992,183.490967,50,-1.52587891E-05,350,300,223.21521,156.490952,319.2152,210.490952,0,1
2565,2565,2562,offscreen_render,52.06444,startup,27,27,1.77777779,275.3328,183.4253,275.3328,109.999992,183.4253,50,-1.52587891E-05,350,300,227.332825,156.425278,323.332825,210.425278,0,1
2566,2566,2563,offscreen_render,52.0813751,startup,27,27,1.77777779,278.9376,183.3678,278.9376,109.999992,183.3678,50,-1.52587891E-05,350,300,230.937622,156.367783,326.937622,210.367783,0,1
2567,2567,2564,offscreen_render,52.0979347,startup,27,27,1.77777779,282.085083,183.3176,282.085083,109.999992,183.3176,50,-1.52587891E-05,350,300,234.085083,156.317581,330.085083,210.317581,0,1
2568,2568,2565,offscreen_render,52.11464,startup,27,27,1.77777779,284.827423,183.273865,284.827423,109.999992,183.273865,50,-1.52587891E-05,350,300,236.827423,156.273849,332.827423,210.273849,0,1
2569,2569,2566,offscreen_render,52.1309853,startup,27,27,1.77777779,287.212067,183.23584,287.212067,109.999992,183.23584,50,-1.52587891E-05,350,300,239.212067,156.235825,335.212067,210.235825,0,1
2570,2570,2567,offscreen_render,52.147728,startup,27,27,1.77777779,289.280457,183.20285,289.280457,109.999992,183.20285,50,-1.52587891E-05,350,300,241.280457,156.20282,337.280457,210.20282,0,1
2571,2571,2568,offscreen_render,52.16521,startup,27,27,1.77777779,291.072021,183.174271,291.072021,109.999992,183.174271,50,-1.52587891E-05,350,300,243.072021,156.17424,339.072021,210.17424,0,1
2572,2572,2569,offscreen_render,52.1809731,startup,27,27,1.77777779,292.621063,183.149567,292.621063,109.999992,183.149567,50,-1.52587891E-05,350,300,244.6211,156.149551,340.6211,210.149551,0,1
2573,2573,2570,offscreen_render,52.19764,startup,27,27,1.77777779,293.958618,183.128235,293.958618,109.999992,183.128235,50,-1.52587891E-05,350,300,245.958618,156.12822,341.958618,210.12822,0,1
2574,2574,2571,offscreen_render,52.2144547,startup,27,27,1.77777779,295.111877,183.109848,295.111877,109.999992,183.109848,50,-1.52587891E-05,350,300,247.111877,156.109818,343.111877,210.109818,0,1
2575,2575,2572,offscreen_render,52.2314034,startup,27,27,1.77777779,296.10498,183.094009,296.10498,109.999992,183.094009,50,-1.52587891E-05,350,300,248.10498,156.093979,344.10498,210.093979,0,1
2576,2576,2573,offscreen_render,52.2475777,startup,27,27,1.77777779,296.959,183.080383,296.959,109.999992,183.080383,50,-1.52587891E-05,350,300,248.959045,156.080368,344.959045,210.080368,0,1
2577,2577,2574,offscreen_render,52.26454,startup,27,27,1.77777779,297.69278,183.06868,297.69278,109.999992,183.06868,50,-1.52587891E-05,350,300,249.69278,156.068665,345.69278,210.068665,0,1
2578,2578,2575,offscreen_render,52.2810822,startup,27,27,1.77777779,298.322449,183.05864,298.322449,109.999992,183.05864,50,-1.52587891E-05,350,300,250.322449,156.058624,346.322449,210.058624,0,1
2579,2579,2576,offscreen_render,52.29784,startup,27,27,1.77777779,298.862274,183.050034,298.862274,109.999992,183.050034,50,-1.52587891E-05,350,300,250.862274,156.050018,346.862274,210.050018,0,1
2580,2580,2577,offscreen_render,52.3145523,startup,27,27,1.77777779,299.324646,183.042664,299.324646,109.999992,183.042664,50,-1.52587891E-05,350,300,251.324646,156.042633,347.324646,210.042633,0,1
2581,2581,2578,offscreen_render,52.33151,startup,27,27,1.77777779,299.720337,183.036346,299.720337,109.999992,183.036346,50,-1.52587891E-05,350,300,251.720337,156.036316,347.720337,210.036316,0,1
2582,2582,2579,offscreen_render,52.34763,startup,27,27,1.77777779,300.058655,183.030945,300.058655,109.999992,183.030945,50,-1.52587891E-05,350,300,252.058655,156.03093,348.058655,210.03093,0,1
2583,2583,2580,offscreen_render,52.36435,startup,27,27,1.77777779,300.347717,183.026337,300.347717,109.999992,183.026337,50,-1.52587891E-05,350,300,252.347717,156.026321,348.347717,210.026321,0,1
2584,2584,2581,offscreen_render,52.3812561,startup,27,27,1.77777779,300.594543,183.0224,300.594543,109.999992,183.0224,50,-1.52587891E-05,350,300,252.594543,156.022369,348.594543,210.022369,0,1
2585,2585,2582,offscreen_render,52.39773,startup,27,27,1.77777779,300.805084,183.019043,300.805084,109.999992,183.019043,50,-1.52587891E-05,350,300,252.805084,156.019012,348.805084,210.019012,0,1
2586,2586,2583,offscreen_render,52.41447,startup,27,27,1.77777779,300.984619,183.016174,300.984619,109.999992,183.016174,50,-1.52587891E-05,350,300,252.984619,156.016159,348.984619,210.016159,0,1
2587,2587,2584,offscreen_render,52.4312134,startup,27,27,1.77777779,301.137573,183.013733,301.137573,109.999992,183.013733,50,-1.52587891E-05,350,300,253.137573,156.013718,349.137573,210.013718,0,1
2588,2588,2585,offscreen_render,52.44758,startup,27,27,1.77777779,301.267822,183.011658,301.267822,109.999992,183.011658,50,-1.52587891E-05,350,300,253.267822,156.011642,349.267822,210.011642,0,1
2589,2589,2586,offscreen_render,52.4645042,startup,27,27,1.77777779,301.3787,183.009888,301.3787,109.999992,183.009888,50,-1.52587891E-05,350,300,253.3787,156.009857,349.3787,210.009857,0,1
2590,2590,2587,offscreen_render,52.48109,startup,27,27,1.77777779,301.473,183.008392,301.473,109.999992,183.008392,50,-1.52587891E-05,350,300,253.472992,156.008362,349.473,210.008362,0,1
2591,2591,2588,offscreen_render,52.49763,startup,27,27,1.77777779,301.553162,183.007111,301.553162,109.999992,183.007111,50,-1.52587891E-05,350,300,253.553162,156.0071,349.553162,210.0071,0,1
2592,2592,2589,offscreen_render,52.51474,startup,27,27,1.77777779,301.6213,183.006027,301.6213,109.999992,183.006027,50,-1.52587891E-05,350,300,253.6213,156.006,349.6213,210.006,0,1
2593,2593,2590,offscreen_render,52.53107,startup,27,27,1.77777779,301.679169,183.005112,301.679169,109.999992,183.005112,50,-1.52587891E-05,350,300,253.679169,156.005081,349.679169,210.005081,0,1
2594,2594,2591,offscreen_render,52.54755,startup,27,27,1.77777779,301.728271,183.004333,301.728271,109.999992,183.004333,50,-1.52587891E-05,350,300,253.728271,156.004318,349.728271,210.004318,0,1
2595,2595,2592,offscreen_render,52.564827,startup,27,27,1.77777779,301.769958,183.003662,301.769958,109.999992,183.003662,50,-1.52587891E-05,350,300,253.769958,156.003647,349.769958,210.003647,0,1
2596,2596,2593,offscreen_render,52.5813141,startup,27,27,1.77777779,301.8053,183.0031,301.8053,109.999992,183.0031,50,-1.52587891E-05,350,300,253.8053,156.003082,349.8053,210.003082,0,1
2597,2597,2594,offscreen_render,52.5976563,startup,27,27,1.77777779,301.835266,183.002625,301.835266,109.999992,183.002625,50,-1.52587891E-05,350,300,253.835266,156.0026,349.835266,210.0026,0,1
2598,2598,2595,offscreen_render,52.6144066,startup,27,27,1.77777779,301.860657,183.002213,301.860657,109.999992,183.002213,50,-1.52587891E-05,350,300,253.860657,156.002182,349.860657,210.002182,0,1
2599,2599,2596,offscreen_render,52.6310768,startup,27,27,1.77777779,301.882172,183.001877,301.882172,109.999992,183.001877,50,-1.52587891E-05,350,300,253.8822,156.001846,349.8822,210.001846,0,1
2600,2600,2597,offscreen_render,52.6476173,startup,27,27,1.77777779,301.9004,183.001587,301.9004,109.999992,183.001587,50,-1.52587891E-05,350,300,253.900391,156.001572,349.9004,210.001572,0,1
2601,2601,2598,offscreen_render,52.6646233,startup,27,27,1.77777779,301.915833,183.001343,301.915833,109.999992,183.001343,50,-1.52587891E-05,350,300,253.915833,156.001328,349.915833,210.001328,0,1
2602,2602,2599,offscreen_render,52.6813736,startup,27,27,1.77777779,301.9289,183.001129,301.9289,109.999992,183.001129,50,-1.52587891E-05,350,300,253.9289,156.001114,349.9289,210.001114,0,1
2603,2603,2600,offscreen_render,52.6978645,startup,27,27,1.77777779,301.939941,183.000946,301.939941,109.999992,183.000946,50,-1.52587891E-05,350,300,253.939941,156.000931,349.939941,210.000931,0,1
2604,2604,2601,offscreen_render,52.71462,startup,27,27,1.77777779,301.94928,183.0008,301.94928,109.999992,183.0008,50,-1.52587891E-05,350,300,253.94928,156.000778,349.94928,210.000778,0,1
2605,2605,2602,offscreen_render,52.73103,startup,27,27,1.77777779,301.957184,183.000671,301.957184,109.999992,183.000671,50,-1.52587891E-05,350,300,253.957184,156.000641,349.957184,210.000641,0,1
2606,2606,2603,offscreen_render,52.7478,startup,27,27,1.77777779,301.963867,183.000565,301.963867,109.999992,183.000565,50,-1.52587891E-05,350,300,253.963867,156.000534,349.963867,210.000534,0,1
2607,2607,2604,offscreen_render,52.86983,startup,27,27,1.77777779,258.153076,123.53521,258.153076,109.999992,123.5352,50,-1.52587891E-05,350,300,210.153076,96.5351944,306.153076,150.535187,0,1
2608,2608,2605,offscreen_render,52.8867874,startup,27,27,1.77777779,250.8054,113.565643,250.8054,109.999992,113.565636,50,-1.52587891E-05,350,300,202.80542,86.5656357,298.80542,140.565628,0,1
2609,2609,2606,offscreen_render,52.90285,startup,27,27,1.77777779,243.910858,104.211121,243.910858,109.999992,104.211113,50,-1.52587891E-05,350,300,195.910858,77.2111053,291.910858,131.21109,0,1
2610,2610,2607,offscreen_render,52.9188652,startup,27,27,1.77777779,237.525772,95.54799,237.525772,109.999992,95.54798,50,-1.52587891E-05,350,300,189.525787,68.547966,285.5258,122.547958,0,1
2611,2611,2608,offscreen_render,52.9358139,startup,27,27,1.77777779,231.6743,87.60898,231.6743,109.999992,87.60897,50,-1.52587891E-05,350,300,183.674316,60.6089554,279.674316,114.608948,0,1
2612,2612,2609,offscreen_render,52.9528465,startup,27,27,1.77777779,226.262039,80.26595,226.262039,109.999992,80.2659454,50,-1.52587891E-05,350,300,178.262054,53.26593,274.262054,107.265923,0,1
2613,2613,2610,offscreen_render,52.9694748,startup,27,27,1.77777779,221.477386,73.7745,221.477386,109.999992,73.77449,50,-1.52587891E-05,350,300,173.477386,46.7744751,269.4774,100.774467,0,1
2614,2614,2611,offscreen_render,52.98627,startup,27,27,1.77777779,217.189072,67.95648,217.189072,109.999992,67.9564743,50,-1.52587891E-05,350,300,169.189087,40.9564667,265.1891,94.95646,0,1
2615,2615,2612,offscreen_render,53.0028763,startup,27,27,1.77777779,213.366211,62.7699928,213.366211,109.999992,62.7699852,50,-1.52587891E-05,350,300,165.366211,35.7699738,261.3662,89.7699661,0,1
2616,2616,2613,offscreen_render,53.0192375,startup,27,27,1.77777779,209.973572,58.1672134,209.973572,109.999992,58.1672058,50,-1.52587891E-05,350,300,161.973587,31.16719,257.973572,85.16718,0,1
2617,2617,2614,offscreen_render,53.0360641,startup,27,27,1.77777779,206.97493,54.0990067,206.97493,109.999992,54.099,50,-1.52587891E-05,350,300,158.974945,27.0989838,254.974945,81.0989761,0,1
2618,2618,2615,offscreen_render,53.05276,startup,27,27,1.77777779,204.333954,50.51605,204.333954,109.999992,50.51604,50,-1.52587891E-05,350,300,156.333954,23.5160332,252.333954,77.51603,0,1
2619,2619,2616,offscreen_render,53.0694,startup,27,27,1.77777779,202.015366,47.3704872,202.015366,109.999992,47.37048,50,-1.52587891E-05,350,300,154.015366,20.3704681,250.015366,74.37046,0,1
2620,2620,2617,offscreen_render,53.08594,startup,27,27,1.77777779,199.98558,44.616745,199.98558,109.999992,44.6167374,50,-1.52587891E-05,350,300,151.9856,17.61673,247.9856,71.61672,0,1
2621,2621,2618,offscreen_render,53.1026878,startup,27,27,1.77777779,198.213165,42.21219,198.213165,109.999992,42.21218,50,-1.52587891E-05,350,300,150.213181,15.2121706,246.213181,69.2121658,0,1
2622,2622,2619,offscreen_render,53.1193924,startup,27,27,1.77777779,196.669037,40.11733,196.669037,109.999992,40.11732,50,-1.52587891E-05,350,300,148.669052,13.1173143,244.669052,67.11731,0,1
2623,2623,2620,offscreen_render,53.1358337,startup,27,27,1.77777779,195.326752,38.2963257,195.326752,109.999992,38.2963181,50,-1.52587891E-05,350,300,147.326752,11.2963114,243.326752,65.2963,0,1
2624,2624,2621,offscreen_render,53.1527519,startup,27,27,1.77777779,194.162064,36.7162476,194.162064,109.999992,36.71624,50,-1.52587891E-05,350,300,146.162064,9.716229,242.162064,63.7162247,0,1
2625,2625,2622,offscreen_render,53.1693153,startup,27,27,1.77777779,193.153275,35.34767,193.153275,109.999992,35.3476639,50,-1.52587891E-05,350,300,145.15329,8.347657,241.15329,62.34765,0,1
2626,2626,2623,offscreen_render,53.1857948,startup,27,27,1.77777779,192.281,34.1643143,192.281,109.999992,34.1643066,50,-1.52587891E-05,350,300,144.281021,7.16429663,240.281021,61.16429,0,1
2627,2627,2624,offscreen_render,53.2025871,startup,27,27,1.77777779,191.527863,33.1425629,191.527863,109.999992,33.1425552,50,-1.52587891E-05,350,300,143.527863,6.142545,239.527863,60.14254,0,1
2628,2628,2625,offscreen_render,53.2193069,startup,27,27,1.77777779,190.8785,32.2616043,190.8785,109.999992,32.2615967,50,-1.52587891E-05,350,300,142.87851,5.26159048,238.87851,59.26158,0,1
2629,2629,2626,offscreen_render,53.2360458,startup,27,27,1.77777779,190.319321,31.5030136,190.319321,109.999992,31.5030079,50,-1.52587891E-05,350,300,142.319321,4.502998,238.319321,58.50299,0,1
2630,2630,2627,offscreen_render,53.2527,startup,27,27,1.77777779,189.838409,30.8506012,189.838409,109.999992,30.8505955,50,-1.52587891E-05,350,300,141.838409,3.85058522,237.838409,57.85058,0,1
2631,2631,2628,offscreen_render,53.26955,startup,27,27,1.77777779,189.425262,30.290123,189.425262,109.999992,30.2901173,50,-1.52587891E-05,350,300,141.425262,3.290109,237.425262,57.2901,0,1
2632,2632,2629,offscreen_render,53.28608,startup,27,27,1.77777779,189.070724,29.8091431,189.070724,109.999992,29.8091373,50,-1.52587891E-05,350,300,141.070724,2.809129,237.070724,56.80912,0,1
2633,2633,2630,offscreen_render,53.3027267,startup,27,27,1.77777779,188.766769,29.3967838,188.766769,109.999992,29.3967781,50,-1.52587891E-05,350,300,140.766769,2.39676785,236.766769,56.39676,0,1
2634,2634,2631,offscreen_render,53.3194466,startup,27,27,1.77777779,188.506424,29.04359,188.506424,109.999992,29.0435848,50,-1.52587891E-05,350,300,140.506424,2.04357648,236.506424,56.04357,0,1
2635,2635,2632,offscreen_render,53.3362045,startup,27,27,1.77777779,188.28363,28.7413445,188.28363,109.999992,28.7413387,50,-1.52587891E-05,350,300,140.28363,1.74132836,236.28363,55.74132,0,1
2636,2636,2633,offscreen_render,53.3527031,startup,27,27,1.77777779,188.093124,28.4828968,188.093124,109.999992,28.4828911,50,-1.52587891E-05,350,300,140.093124,1.48288071,236.093124,55.482872,0,1
2637,2637,2634,offscreen_render,53.3694,startup,27,27,1.77777779,187.930359,28.2620811,187.930359,109.999992,28.2620754,50,-1.52587891E-05,350,300,139.930359,1.262065,235.930359,55.26206,0,1
2638,2638,2635,offscreen_render,53.3860855,startup,27,27,1.77777779,187.7914,28.07356,187.7914,109.999992,28.073555,50,-1.52587891E-05,350,300,139.7914,1.07354653,235.7914,55.07354,0,1
2639,2639,2636,offscreen_render,53.4026871,startup,27,27,1.77777779,187.672836,27.9127216,187.672836,109.999992,27.9127159,50,-1.52587891E-05,350,300,139.672836,0.9127056,235.672836,54.9126968,0,1
2640,2640,2637,offscreen_render,53.41966,startup,27,27,1.77777779,187.571747,27.7755852,187.571747,109.999992,27.77558,50,-1.52587891E-05,350,300,139.571747,0.775569141,235.571747,54.7755623,0,1
2641,2641,2638,offscreen_render,53.43632,startup,27,27,1.77777779,187.485611,27.6587448,187.485611,109.999992,27.65874,50,-1.52587891E-05,350,300,139.485611,0.6587288,235.485611,54.6587219,0,1
2642,2642,2639,offscreen_render,53.4526367,startup,27,27,1.77777779,187.412262,27.559248,187.412262,109.999992,27.5592422,50,-1.52587891E-05,350,300,139.412262,0.559233844,235.412262,54.559227,0,1
2643,2643,2640,offscreen_render,53.46971,startup,27,27,1.77777779,187.349838,27.4745712,187.349838,109.999992,27.4745655,50,-1.52587891E-05,350,300,139.349838,0.4745552,235.349838,54.47455,0,1
2644,2644,2641,offscreen_render,53.4857864,startup,27,27,1.77777779,187.296738,27.402544,187.296738,109.999992,27.4025383,50,-1.52587891E-05,350,300,139.296738,0.402528,235.296738,54.40252,0,1
2645,2645,2642,offscreen_render,53.5025253,startup,27,27,1.77777779,187.2516,27.34131,187.2516,109.999992,27.3413048,50,-1.52587891E-05,350,300,139.2516,0.341296375,235.2516,54.34129,0,1
2646,2646,2643,offscreen_render,53.519207,startup,27,27,1.77777779,187.213242,27.289278,187.213242,109.999992,27.2892723,50,-1.52587891E-05,350,300,139.213242,0.2892639,235.213242,54.289257,0,1
2647,2647,2644,offscreen_render,53.536087,startup,27,27,1.77777779,187.180664,27.2450867,187.180664,109.999992,27.24508,50,-1.52587891E-05,350,300,139.180664,0.245070636,235.180664,54.2450638,0,1
2648,2648,2645,offscreen_render,53.55291,startup,27,27,1.77777779,187.153015,27.2075729,187.153015,109.999992,27.2075672,50,-1.52587891E-05,350,300,139.153015,0.207558811,235.153015,54.20755,0,1
2649,2649,2646,offscreen_render,53.5692635,startup,27,27,1.77777779,187.129547,27.17574,187.129547,109.999992,27.1757336,50,-1.52587891E-05,350,300,139.129547,0.175725162,235.129547,54.17572,0,1
2650,2650,2647,offscreen_render,53.5859756,startup,27,27,1.77777779,187.10965,27.148737,187.10965,109.999992,27.1487312,50,-1.52587891E-05,350,300,139.10965,0.14872092,235.10965,54.1487122,0,1
2651,2651,2648,offscreen_render,53.60269,startup,27,27,1.77777779,187.092773,27.125843,187.092773,109.999992,27.1258373,50,-1.52587891E-05,350,300,139.092773,0.125827014,235.092773,54.12582,0,1
2652,2652,2649,offscreen_render,53.6192,startup,27,27,1.77777779,187.078476,27.10644,187.078476,109.999992,27.1064339,50,-1.52587891E-05,350,300,139.078476,0.106425457,235.078476,54.10642,0,1
2653,2653,2650,offscreen_render,53.6359138,startup,27,27,1.77777779,187.06636,27.0900021,187.06636,109.999992,27.0899963,50,-1.52587891E-05,350,300,139.06636,0.0899879262,235.06636,54.08998,0,1
2654,2654,2651,offscreen_render,53.6527176,startup,27,27,1.77777779,187.056091,27.07608,187.056091,109.999992,27.0760746,50,-1.52587891E-05,350,300,139.056091,0.07606619,235.056091,54.0760574,0,1
2655,2655,2652,offscreen_render,53.66961,startup,27,27,1.77777779,187.047409,27.0642948,187.047409,109.999992,27.06429,50,-1.52587891E-05,350,300,139.047409,0.06428068,235.047409,54.0642738,0,1
2656,2656,2653,offscreen_render,53.68582,startup,27,27,1.77777779,187.040054,27.05432,187.040054,109.999992,27.0543137,50,-1.52587891E-05,350,300,139.04007,0.05430525,235.04007,54.0543,0,1
2657,2657,2654,offscreen_render,53.7029076,startup,27,27,1.77777779,187.033829,27.04588,187.033829,109.999992,27.0458736,50,-1.52587891E-05,350,300,139.033844,0.045865234,235.033844,54.04586,0,1
2658,2658,2655,offscreen_render,53.71938,startup,27,27,1.77777779,187.028564,27.0387421,187.028564,109.999992,27.0387363,50,-1.52587891E-05,350,300,139.028564,0.0387279354,235.028564,54.03872,0,1
2659,2659,2656,offscreen_render,53.73635,startup,27,27,1.77777779,187.024109,27.0327072,187.024109,109.999992,27.0327015,50,-1.52587891E-05,350,300,139.024109,0.032691177,235.024109,54.0326843,0,1
2660,2660,2657,offscreen_render,53.7528839,startup,27,27,1.77777779,187.02034,27.0276051,187.02034,109.999992,27.0276,50,-1.52587891E-05,350,300,139.02034,0.0275909249,235.02034,54.0275841,0,1
2661,2661,2658,offscreen_render,53.88196,startup,27,27,1.77777779,191.885315,127.042732,191.885315,109.999992,127.042725,50,-1.52587891E-05,350,300,143.885315,100.042717,239.885315,154.042709,0,1
2662,2662,2659,offscreen_render,53.8987656,startup,27,27,1.77777779,192.635391,142.436,192.635391,109.999992,142.436,50,-1.52587891E-05,350,300,144.6354,115.436,240.6354,169.435989,0,1
2663,2663,2660,offscreen_render,53.9146957,startup,27,27,1.77777779,193.334915,156.790421,193.334915,109.999992,156.790421,50,-1.52587891E-05,350,300,145.33493,129.7904,241.33493,183.7904,0,1
2664,2664,2661,offscreen_render,53.93129,startup,27,27,1.77777779,193.979721,170.0208,193.979721,109.999992,170.0208,50,-1.52587891E-05,350,300,145.979736,143.020782,241.979736,197.020782,0,1
2665,2665,2662,offscreen_render,53.94793,startup,27,27,1.77777779,194.568268,182.095947,194.568268,109.999992,182.095947,50,-1.52587891E-05,350,300,146.568283,155.095917,242.568283,209.095917,0,1
2666,2666,2663,offscreen_render,53.9647141,startup,27,27,1.77777779,195.101181,193.029266,195.101181,109.999992,193.029266,50,-1.52587891E-05,350,300,147.1012,166.029266,243.1012,220.029266,0,1
2667,2667,2664,offscreen_render,53.9812,startup,27,27,1.77777779,195.58046,202.861649,195.58046,109.999992,202.861649,50,-1.52587891E-05,350,300,147.580475,175.861633,243.580475,229.861633,0,1
2668,2668,2665,offscreen_render,53.99783,startup,27,27,1.77777779,196.009048,211.653778,196.009048,109.999992,211.653778,50,-1.52587891E-05,350,300,148.009048,184.653763,244.009048,238.653763,0,1
2669,2669,2666,offscreen_render,54.01481,startup,27,27,1.77777779,196.3904,219.4765,196.3904,109.999992,219.4765,50,-1.52587891E-05,350,300,148.390411,192.476486,244.390411,246.476486,0,1
2670,2670,2667,offscreen_render,54.0313835,startup,27,27,1.77777779,196.728241,226.406525,196.728241,109.999992,226.406525,50,-1.52587891E-05,350,300,148.728241,199.4065,244.728241,253.4065,0,1
2671,2671,2668,offscreen_render,54.04807,startup,27,27,1.77777779,197.026382,232.522125,197.026382,109.999992,232.522125,50,-1.52587891E-05,350,300,149.026382,205.5221,245.026382,259.5221,0,1
2672,2672,2669,offscreen_render,54.0646744,startup,27,27,1.77777779,197.2886,237.900833,197.2886,109.999992,237.900833,50,-1.52587891E-05,350,300,149.2886,210.900818,245.2886,264.900818,0,1
2673,2673,2670,offscreen_render,54.0818443,startup,27,27,1.77777779,197.518555,242.617188,197.518555,109.999992,242.617188,50,-1.52587891E-05,350,300,149.51857,215.617172,245.51857,269.6172,0,1
2674,2674,2671,offscreen_render,54.098156,startup,27,27,1.77777779,197.719635,246.741547,197.719635,109.999992,246.741547,50,-1.52587891E-05,350,300,149.719635,219.741516,245.719635,273.741516,0,1
2675,2675,2672,offscreen_render,54.114563,startup,27,27,1.77777779,197.89505,250.3392,197.89505,109.999992,250.3392,50,-1.52587891E-05,350,300,149.89505,223.339172,245.89505,277.339172,0,1
2676,2676,2673,offscreen_render,54.13141,startup,27,27,1.77777779,198.047729,253.470566,198.047729,109.999992,253.470566,50,-1.52587891E-05,350,300,150.047745,226.470535,246.047745,280.470551,0,1
2677,2677,2674,offscreen_render,54.1479836,startup,27,27,1.77777779,198.180359,256.1907,198.180359,109.999992,256.1907,50,-1.52587891E-05,350,300,150.180359,229.190689,246.180359,283.1907,0,1
2678,2678,2675,offscreen_render,54.1650543,startup,27,27,1.77777779,198.295334,258.548859,198.295334,109.999992,258.548859,50,-1.52587891E-05,350,300,150.295349,231.548843,246.295349,285.548859,0,1
2679,2679,2676,offscreen_render,54.1812057,startup,27,27,1.77777779,198.394852,260.589844,198.394852,109.999992,260.589844,50,-1.52587891E-05,350,300,150.394867,233.589828,246.394867,287.589844,0,1
2680,2680,2677,offscreen_render,54.1981277,startup,27,27,1.77777779,198.480927,262.355133,198.480927,109.999992,262.355133,50,-1.52587891E-05,350,300,150.480927,235.355118,246.480927,289.355133,0,1
2681,2681,2678,offscreen_render,54.2145958,startup,27,27,1.77777779,198.55513,263.876923,198.55513,109.999992,263.876923,50,-1.52587891E-05,350,300,150.55513,236.8769,246.55513,290.876923,0,1
2682,2682,2679,offscreen_render,54.2313957,startup,27,27,1.77777779,198.61908,265.188263,198.61908,109.999992,265.188263,50,-1.52587891E-05,350,300,150.61908,238.188248,246.61908,292.188263,0,1
2683,2683,2680,offscreen_render,54.2478333,startup,27,27,1.77777779,198.674118,266.3169,198.674118,109.999992,266.3169,50,-1.52587891E-05,350,300,150.674133,239.316879,246.674133,293.3169,0,1
2684,2684,2681,offscreen_render,54.2648621,startup,27,27,1.77777779,198.72142,267.2871,198.72142,109.999992,267.2871,50,-1.52587891E-05,350,300,150.721436,240.2871,246.721436,294.2871,0,1
2685,2685,2682,offscreen_render,54.2817421,startup,27,27,1.77777779,198.762039,268.120239,198.762039,109.999992,268.120239,50,-1.52587891E-05,350,300,150.762039,241.120224,246.762039,295.120239,0,1
2686,2686,2683,offscreen_render,54.29837,startup,27,27,1.77777779,198.79689,268.834869,198.79689,109.999992,268.834869,50,-1.52587891E-05,350,300,150.7969,241.834854,246.7969,295.834869,0,1
2687,2687,2684,offscreen_render,54.3144875,startup,27,27,1.77777779,198.826752,269.447235,198.826752,109.999992,269.447235,50,-1.52587891E-05,350,300,150.826767,242.44722,246.826767,296.447235,0,1
2688,2688,2685,offscreen_render,54.3311653,startup,27,27,1.77777779,198.852325,269.971619,198.852325,109.999992,269.971619,50,-1.52587891E-05,350,300,150.852325,242.9716,246.852325,296.971619,0,1
2689,2689,2686,offscreen_render,54.34769,startup,27,27,1.77777779,198.874191,270.420166,198.874191,109.999992,270.420166,50,-1.52587891E-05,350,300,150.874191,243.420151,246.874191,297.420166,0,1
2690,2690,2687,offscreen_render,54.3645248,startup,27,27,1.77777779,198.892883,270.8036,198.892883,109.999992,270.8036,50,-1.52587891E-05,350,300,150.892883,243.803574,246.892883,297.8036,0,1
2691,2691,2688,offscreen_render,54.38111,startup,27,27,1.77777779,198.908859,271.131073,198.908859,109.999992,271.131073,50,-1.52587891E-05,350,300,150.908875,244.131058,246.908875,298.131073,0,1
2692,2692,2689,offscreen_render,54.3979073,startup,27,27,1.77777779,198.922485,271.410583,198.922485,109.999992,271.410583,50,-1.52587891E-05,350,300,150.922485,244.410568,246.922485,298.410583,0,1
2693,2693,2690,offscreen_render,54.41453,startup,27,27,1.77777779,198.934113,271.649017,198.934113,109.999992,271.649017,50,-1.52587891E-05,350,300,150.934113,244.649,246.934113,298.649017,0,1
2694,2694,2691,offscreen_render,54.4311066,startup,27,27,1.77777779,198.944016,271.852234,198.944016,109.999992,271.852234,50,-1.52587891E-05,350,300,150.944031,244.852219,246.944031,298.852234,0,1
2695,2695,2692,offscreen_render,54.44799,startup,27,27,1.77777779,198.952454,272.02536,198.952454,109.999992,272.02536,50,-1.52587891E-05,350,300,150.952469,245.025345,246.952469,299.02536,0,1
2696,2696,2693,offscreen_render,54.46459,startup,27,27,1.77777779,198.959641,272.172729,198.959641,109.999992,272.172729,50,-1.52587891E-05,350,300,150.959656,245.172714,246.959656,299.172729,0,1
2697,2697,2694,offscreen_render,54.48164,startup,27,27,1.77777779,198.965759,272.298126,198.965759,109.999992,272.298126,50,-1.52587891E-05,350,300,150.965759,245.298111,246.965759,299.298126,0,1
2698,2698,2695,offscreen_render,54.4982262,startup,27,27,1.77777779,198.970963,272.404755,198.970963,109.999992,272.404755,50,-1.52587891E-05,350,300,150.970963,245.404739,246.970963,299.404755,0,1
2699,2699,2696,offscreen_render,54.51507,startup,27,27,1.77777779,198.975388,272.4954,198.975388,109.999992,272.4954,50,-1.52587891E-05,350,300,150.9754,245.495377,246.9754,299.4954,0,1
2700,2700,2697,offscreen_render,54.5312729,startup,27,27,1.77777779,198.979141,272.5724,198.979141,109.999992,272.5724,50,-1.52587891E-05,350,300,150.979156,245.572372,246.979156,299.5724,0,1
2701,2701,2698,offscreen_render,54.54792,startup,27,27,1.77777779,198.98233,272.6378,198.98233,109.999992,272.6378,50,-1.52587891E-05,350,300,150.98233,245.637772,246.98233,299.6378,0,1
2702,2702,2699,offscreen_render,54.5647469,startup,27,27,1.77777779,198.985031,272.693268,198.985031,109.999992,272.693268,50,-1.52587891E-05,350,300,150.985046,245.693253,246.985046,299.693268,0,1
2703,2703,2700,offscreen_render,54.58139,startup,27,27,1.77777779,198.987335,272.740356,198.987335,109.999992,272.740356,50,-1.52587891E-05,350,300,150.98735,245.740341,246.98735,299.740356,0,1
2704,2704,2701,offscreen_render,54.5980072,startup,27,27,1.77777779,198.989288,272.780273,198.989288,109.999992,272.780273,50,-1.52587891E-05,350,300,150.989288,245.780258,246.989288,299.780273,0,1
2705,2705,2702,offscreen_render,54.614624,startup,27,27,1.77777779,198.990936,272.814117,198.990936,109.999992,272.814117,50,-1.52587891E-05,350,300,150.990936,245.8141,246.990936,299.814117,0,1
2706,2706,2703,offscreen_render,54.63143,startup,27,27,1.77777779,198.99234,272.8428,198.99234,109.999992,272.8428,50,-1.52587891E-05,350,300,150.99234,245.842789,246.99234,299.8428,0,1
2707,2707,2704,offscreen_render,54.64805,startup,27,27,1.77777779,198.99353,272.867249,198.99353,109.999992,272.867249,50,-1.52587891E-05,350,300,150.99353,245.867233,246.99353,299.867249,0,1
2708,2708,2705,offscreen_render,54.6647835,startup,27,27,1.77777779,198.994537,272.887817,198.994537,109.999992,272.887817,50,-1.52587891E-05,350,300,150.994537,245.8878,246.994537,299.887817,0,1
2709,2709,2706,offscreen_render,54.6815224,startup,27,27,1.77777779,198.995392,272.9052,198.995392,109.999992,272.9052,50,-1.52587891E-05,350,300,150.9954,245.9052,246.9954,299.9052,0,1
2710,2710,2707,offscreen_render,54.6982727,startup,27,27,1.77777779,198.996109,272.919922,198.996109,109.999992,272.919922,50,-1.52587891E-05,350,300,150.996124,245.9199,246.996124,299.919922,0,1
2711,2711,2708,offscreen_render,54.71483,startup,27,27,1.77777779,198.996719,272.932373,198.996719,109.999992,272.932373,50,-1.52587891E-05,350,300,150.996735,245.932358,246.996735,299.932373,0,1
2712,2712,2709,offscreen_render,54.7318954,startup,27,27,1.77777779,198.997238,272.9429,198.997238,109.999992,272.9429,50,-1.52587891E-05,350,300,150.997238,245.942886,246.997238,299.9429,0,1
2713,2713,2710,offscreen_render,54.7481575,startup,27,27,1.77777779,198.997665,272.9518,198.997665,109.999992,272.9518,50,-1.52587891E-05,350,300,150.997681,245.9518,246.997681,299.9518,0,1
2714,2714,2711,offscreen_render,54.7649155,startup,27,27,1.77777779,198.998032,272.959351,198.998032,109.999992,272.959351,50,-1.52587891E-05,350,300,150.998047,245.959335,246.998047,299.959351,0,1
2715,2715,2712,offscreen_render,54.8767433,zoom_w_base,12,12,1.77777779,71.3333359,150,71.3333359,109.999992,150,50,-1.52587891E-05,350,300,50,137.999985,92.66667,161.999985,0,1
2716,2716,2713,offscreen_render,54.9792366,zoom_w_out,23.4802589,30,1.77777779,91.74268,150,91.74268,109.999992,150,50,-1.52587891E-05,350,300,50,126.51973,133.485367,173.48024,0,1
2717,2717,2714,offscreen_render,55.08786,zoom_w_out,27.8009586,30,1.77777779,99.42393,150,99.42393,109.999992,150,50,-1.52587891E-05,350,300,50,122.199051,148.847855,177.800949,0,1
2718,2718,2715,offscreen_render,55.20788,zoom_w_out,29.336092,30,1.77777779,102.153053,150,102.153053,109.999992,150,50,-1.52587891E-05,350,300,50.0000038,120.663895,154.3061,179.336075,0,1
2719,2719,2716,offscreen_render,55.2251244,zoom_w_out,29.43802,30,1.77777779,102.334259,150,102.334259,109.999992,150,50,-1.52587891E-05,350,300,49.9999962,120.561981,154.668518,179.438019,3.81469727E-06,1
2720,2720,2717,offscreen_render,55.2398453,zoom_w_out,29.524292,30,1.77777779,102.487625,150,102.487625,109.999992,150,50,-1.52587891E-05,350,300,49.9999962,120.4757,154.97525,179.524277,3.81469727E-06,1
2721,2721,2718,offscreen_render,55.25629,zoom_w_out,29.5973282,30,1.77777779,102.617477,150,102.617477,109.999992,150,50,-1.52587891E-05,350,300,50.0000038,120.402664,155.234955,179.5973,0,1
2722,2722,2719,offscreen_render,55.2732849,zoom_w_out,29.6591454,30,1.77777779,102.727371,150,102.727371,109.999992,150,50,-1.52587891E-05,350,300,49.9999962,120.340843,155.454727,179.659134,3.81469727E-06,1
2723,2723,2720,offscreen_render,55.28972,zoom_w_out,29.7114735,30,1.77777779,102.8204,150,102.8204,109.999992,150,50,-1.52587891E-05,350,300,50,120.288513,155.6408,179.711456,0,1
2724,2724,2721,offscreen_render,55.3063164,zoom_w_out,29.7557678,30,1.77777779,102.899139,150,102.899139,109.999992,150,50,-1.52587891E-05,350,300,49.9999962,120.244225,155.798279,179.755753,3.81469727E-06,1
2725,2725,2722,offscreen_render,55.32315,zoom_w_out,29.7932625,30,1.77777779,102.965805,150,102.965805,109.999992,150,50,-1.52587891E-05,350,300,50.0000038,120.206726,155.93161,179.793243,0,1
2726,2726,2723,offscreen_render,55.3395424,zoom_w_out,29.825,30,1.77777779,103.022224,150,103.022224,109.999992,150,50,-1.52587891E-05,350,300,50,120.174988,156.044449,179.824982,0,1
2727,2727,2724,offscreen_render,55.3562355,zoom_w_out,29.8518658,30,1.77777779,103.069984,150,103.069984,109.999992,150,50,-1.52587891E-05,350,300,50.0000076,120.148125,156.139984,179.851852,0,1
2728,2728,2725,offscreen_render,55.37357,zoom_w_out,29.874609,30,1.77777779,103.110413,150,103.110413,109.999992,150,50,-1.52587891E-05,350,300,49.99999,120.125381,156.220825,179.874588,1.14440918E-05,1
2729,2729,2726,offscreen_render,55.3896751,zoom_w_out,29.893858,30,1.77777779,103.144638,150,103.144638,109.999992,150,50,-1.52587891E-05,350,300,50,120.106133,156.289276,179.893845,0,1
2730,2730,2727,offscreen_render,55.406353,zoom_w_out,29.9101734,30,1.77777779,103.173645,150,103.173645,109.999992,150,50,-1.52587891E-05,350,300,50.0000038,120.089813,156.34729,179.910156,0,1
2731,2731,2728,offscreen_render,55.42291,zoom_w_out,29.9239635,30,1.77777779,103.198158,150,103.198158,109.999992,150,50,-1.52587891E-05,350,300,50,120.076027,156.396317,179.92395,0,1
2732,2732,2729,offscreen_render,55.43989,zoom_w_out,29.9356365,30,1.77777779,103.21891,150,103.21891,109.999992,150,50,-1.52587891E-05,350,300,50,120.064354,156.43782,179.935623,0,1
2733,2733,2730,offscreen_render,55.45634,zoom_w_out,29.9455166,30,1.77777779,103.236473,150,103.236473,109.999992,150,50,-1.52587891E-05,350,300,49.9999962,120.054474,156.472931,179.9455,3.81469727E-06,1
2734,2734,2731,offscreen_render,55.47288,zoom_w_out,29.95388,30,1.77777779,103.251343,150,103.251343,109.999992,150,50,-1.52587891E-05,350,300,49.9999962,120.046112,156.50267,179.953873,3.81469727E-06,1
2735,2735,2732,offscreen_render,55.4896164,zoom_w_out,29.96096,30,1.77777779,103.263931,150,103.263931,109.999992,150,50,-1.52587891E-05,350,300,50,120.039032,156.527863,179.960938,0,1
2736,2736,2733,offscreen_render,55.5063057,zoom_w_out,29.9669533,30,1.77777779,103.274582,150,103.274582,109.999992,150,50,-1.52587891E-05,350,300,49.9999962,120.03302,156.549164,179.966919,3.81469727E-06,1
2737,2737,2734,offscreen_render,55.5228958,zoom_w_out,29.9720268,30,1.77777779,103.2836,150,103.2836,109.999992,150,50,-1.52587891E-05,350,300,50,120.027962,156.5672,179.972015,0,1
2738,2738,2735,offscreen_render,55.539753,zoom_w_out,29.9763222,30,1.77777779,103.291245,150,103.291245,109.999992,150,50,-1.52587891E-05,350,300,50.0000076,120.023666,156.582489,179.9763,0,1
2739,2739,2736,offscreen_render,55.55621,zoom_w_out,29.9799576,30,1.77777779,103.2977,150,103.2977,109.999992,150,50,-1.52587891E-05,350,300,49.9999962,120.020035,156.5954,179.979935,3.81469727E-06,1
2740,2740,2737,offscreen_render,55.5727844,zoom_w_out,29.9830341,30,1.77777779,103.303177,150,103.303177,109.999992,150,50,-1.52587891E-05,350,300,50.0000076,120.016953,156.606354,179.983017,0,1
2741,2741,2738,offscreen_render,55.5896568,zoom_w_out,29.98564,30,1.77777779,103.3078,150,103.3078,109.999992,150,50,-1.52587891E-05,350,300,49.9999924,120.014351,156.6156,179.985626,7.62939453E-06,1
2742,2742,2739,offscreen_render,55.6062241,zoom_w_out,29.9878445,30,1.77777779,103.311722,150,103.311722,109.999992,150,50,-1.52587891E-05,350,300,50,120.012146,156.623444,179.987823,0,1
2743,2743,2740,offscreen_render,55.62288,zoom_w_out,29.98971,30,1.77777779,103.315041,150,103.315041,109.999992,150,50,-1.52587891E-05,350,300,50.0000038,120.010284,156.6301,179.9897,0,1
2744,2744,2741,offscreen_render,55.64004,zoom_w_out,29.99129,30,1.77777779,103.317848,150,103.317848,109.999992,150,50,-1.52587891E-05,350,300,50,120.0087,156.6357,179.991272,0,1
2745,2745,2742,offscreen_render,55.65624,zoom_w_out,29.9926262,30,1.77777779,103.320221,150,103.320221,109.999992,150,50,-1.52587891E-05,350,300,49.9999924,120.007362,156.640442,179.992615,7.62939453E-06,1
2746,2746,2743,offscreen_render,55.6732445,zoom_w_out,29.99376,30,1.77777779,103.322235,150,103.322235,109.999992,150,50,-1.52587891E-05,350,300,49.9999962,120.006226,156.64447,179.993744,3.81469727E-06,1
2747,2747,2744,offscreen_render,55.6897964,zoom_w_out,29.9947166,30,1.77777779,103.323944,150,103.323944,109.999992,150,50,-1.52587891E-05,350,300,50.0000038,120.005272,156.647888,179.9947,0,1
2748,2748,2745,offscreen_render,55.80327,zoom_w_in,17.8028965,12,1.77777779,95.6951752,150,95.6951752,109.999992,150,50,-1.52587891E-05,350,300,64.04558,132.1971,127.344772,167.802887,0,1
2749,2749,2746,offscreen_render,55.9125328,zoom_w_in,13.99318,12,1.77777779,86.00443,150,86.00443,109.999992,150,50,-1.52587891E-05,350,300,61.1276779,136.0068,110.8812,163.993164,0,1
2750,2750,2747,offscreen_render,56.018425,zoom_w_in,12.6825762,12,1.77777779,78.96742,150,78.96742,109.999992,150,50,-1.52587891E-05,350,300,56.42062,137.317413,101.514221,162.682556,0,1
2751,2751,2748,offscreen_render,56.0349922,zoom_w_in,12.5777788,12,1.77777779,78.17815,150,78.17815,109.999992,150,50,-1.52587891E-05,350,300,55.81765,137.422226,100.538643,162.577774,0,1
2752,2752,2749,offscreen_render,56.05155,zoom_w_in,12.4885864,12,1.77777779,77.46064,150,77.46064,109.999992,150,50,-1.52587891E-05,350,300,55.2587166,137.5114,99.66258,162.488571,0,1
2753,2753,2750,offscreen_render,56.0668831,zoom_w_in,12.4135876,12,1.77777779,76.81627,150,76.81627,109.999992,150,50,-1.52587891E-05,350,300,54.74767,137.5864,98.88487,162.413574,0,1
2754,2754,2751,offscreen_render,56.0838051,zoom_w_in,12.3500948,12,1.77777779,76.23405,150,76.23405,109.999992,150,50,-1.52587891E-05,350,300,54.27832,137.649887,98.18977,162.350082,0,1
2755,2755,2752,offscreen_render,56.1006241,zoom_w_in,12.2963467,12,1.77777779,75.70841,150,75.70841,109.999992,150,50,-1.52587891E-05,350,300,53.84824,137.703644,97.56859,162.296326,0,1
2756,2756,2753,offscreen_render,56.1173019,zoom_w_in,12.2508507,12,1.77777779,75.23439,150,75.23439,109.999992,150,50,-1.52587891E-05,350,300,53.4551,137.74913,97.01368,162.250839,0,1
2757,2757,2754,offscreen_render,56.1338539,zoom_w_in,12.2123423,12,1.77777779,74.8074341,150,74.8074341,109.999992,150,50,-1.52587891E-05,350,300,53.0965958,137.787643,96.51826,162.212326,0,1
2758,2758,2755,offscreen_render,56.15041,zoom_w_in,12.1797438,12,1.77777779,74.4233246,150,74.4233246,109.999992,150,50,-1.52587891E-05,350,300,52.7704468,137.820267,96.0762,162.179749,0,1
2759,2759,2756,offscreen_render,56.1671448,zoom_w_in,12.1521492,12,1.77777779,74.0782547,150,74.0782547,109.999992,150,50,-1.52587891E-05,350,300,52.4744339,137.847839,95.6820755,162.15213,0,1
2760,2760,2757,offscreen_render,56.1837158,zoom_w_in,12.1287918,12,1.77777779,73.76873,150,73.76873,109.999992,150,50,-1.52587891E-05,350,300,52.2064362,137.871216,95.3310242,162.1288,0,1
2761,2761,2758,offscreen_render,56.20061,zoom_w_in,12.1090193,12,1.77777779,73.49146,150,73.49146,109.999992,150,50,-1.52587891E-05,350,300,51.9643173,137.890976,95.01861,162.109024,0,1
2762,2762,2759,offscreen_render,56.2173462,zoom_w_in,12.0922832,12,1.77777779,73.24349,150,73.24349,109.999992,150,50,-1.52587891E-05,350,300,51.7461,137.9077,94.74088,162.09227,0,1
2763,2763,2760,offscreen_render,56.23406,zoom_w_in,12.0779228,12,1.77777779,73.01892,150,73.01892,109.999992,150,50,-1.52587891E-05,350,300,51.54706,137.922073,94.49078,162.077927,0,1
2764,2764,2761,offscreen_render,56.25058,zoom_w_in,12.06596,12,1.77777779,72.82176,150,72.82176,109.999992,150,50,-1.52587891E-05,350,300,51.3711662,137.934036,94.2723541,162.065948,0,1
2765,2765,2762,offscreen_render,56.26731,zoom_w_in,12.0558338,12,1.77777779,72.6462,150,72.6462,109.999992,150,50,-1.52587891E-05,350,300,51.2136078,137.944153,94.0788,162.055817,0,1
2766,2766,2763,offscreen_render,56.2839432,zoom_w_in,12.0472622,12,1.77777779,72.4901,150,72.4901,109.999992,150,50,-1.52587891E-05,350,300,51.07275,137.952744,93.9074554,162.047256,0,1
2767,2767,2764,offscreen_render,56.3008232,zoom_w_in,12.0400066,12,1.77777779,72.35148,150,72.35148,109.999992,150,50,-1.52587891E-05,350,300,50.94702,137.959991,93.7559357,162.040009,0,1
2768,2768,2765,offscreen_render,56.317585,zoom_w_in,12.03381,12,1.77777779,72.2274246,150,72.2274246,109.999992,150,50,-1.52587891E-05,350,300,50.8339844,137.966171,93.6208649,162.0338,0,1
2769,2769,2766,offscreen_render,56.3346252,zoom_w_in,12.0286188,12,1.77777779,72.11869,150,72.11869,109.999992,150,50,-1.52587891E-05,350,300,50.73448,137.971375,93.5029,162.02861,0,1
2770,2770,2767,offscreen_render,56.35088,zoom_w_in,12.0242252,12,1.77777779,72.02253,150,72.02253,109.999992,150,50,-1.52587891E-05,350,300,50.64613,137.975769,93.3989258,162.024216,0,1
2771,2771,2768,offscreen_render,56.3676071,zoom_w_in,12.0205059,12,1.77777779,71.93758,150,71.93758,109.999992,150,50,-1.52587891E-05,350,300,50.5677872,137.979477,93.3073654,162.0205,0,1
2772,2772,2769,offscreen_render,56.38457,zoom_w_in,12.0173578,12,1.77777779,71.86262,150,71.86262,109.999992,150,50,-1.52587891E-05,350,300,50.49843,137.982635,93.22681,162.017349,0,1
2773,2773,2770,offscreen_render,56.4009132,zoom_w_in,12.0146933,12,1.77777779,71.79656,150,71.79656,109.999992,150,50,-1.52587891E-05,350,300,50.4371071,137.985291,93.15602,162.014679,0,1
2774,2774,2771,offscreen_render,56.41809,zoom_w_in,12.0124378,12,1.77777779,71.7384,150,71.7384,109.999992,150,50,-1.52587891E-05,350,300,50.3829575,137.987564,93.09385,162.012436,0,1
2775,2775,2772,offscreen_render,56.43426,zoom_w_in,12.0105286,12,1.77777779,71.6872559,150,71.6872559,109.999992,150,50,-1.52587891E-05,350,300,50.3352051,137.989456,93.03931,162.010513,0,1
2776,2776,2773,offscreen_render,56.4509048,zoom_w_in,12.0089121,12,1.77777779,71.64233,150,71.64233,109.999992,150,50,-1.52587891E-05,350,300,50.2931442,137.991089,92.99149,162.008911,0,1
2777,2777,2774,offscreen_render,56.4674721,zoom_w_in,12.0075436,12,1.77777779,71.6029,150,71.6029,109.999992,150,50,-1.52587891E-05,350,300,50.2561531,137.992462,92.949646,162.007538,0,1
2778,2778,2775,offscreen_render,56.4843636,zoom_w_in,12.0063858,12,1.77777779,71.56832,150,71.56832,109.999992,150,50,-1.52587891E-05,350,300,50.2236328,137.993622,92.91301,162.0064,0,1
2779,2779,2776,offscreen_render,56.50084,zoom_w_in,12.0054054,12,1.77777779,71.53803,150,71.53803,109.999992,150,50,-1.52587891E-05,350,300,50.19509,137.9946,92.8809738,162.0054,0,1
2780,2780,2777,offscreen_render,56.5185051,zoom_w_in,12.0045233,12,1.77777779,71.5098343,150,71.5098343,109.999992,150,50,-1.52587891E-05,350,300,50.168457,137.995468,92.85121,162.0045,0,1
2781,2781,2778,offscreen_render,56.6276665,zoom_e_base,12,12,1.77777779,328.666656,150,328.666656,109.999992,150,50,-1.52587891E-05,350,300,307.333344,137.999985,350.000031,161.999985,3.05175781E-05,1
2782,2782,2779,offscreen_render,56.7325249,zoom_e_out,23.592638,30,1.77777779,308.057526,150,308.057526,109.999992,150,50,-1.52587891E-05,350,300,266.115051,126.407349,350,173.592621,0,1
2783,2783,2780,offscreen_render,56.84272,zoom_e_out,27.8921337,30,1.77777779,300.413971,150,300.413971,109.999992,150,50,-1.52587891E-05,350,300,250.827957,122.107857,350,177.89212,0,1
2784,2784,2781,offscreen_render,56.95195,zoom_e_out,29.285574,30,1.77777779,297.936768,150,297.936768,109.999992,150,50,-1.52587891E-05,350,300,245.87352,120.714417,350,179.285553,0,1
2785,2785,2782,offscreen_render,56.96718,zoom_e_out,29.3952541,30,1.77777779,297.74176,150,297.74176,109.999992,150,50,-1.52587891E-05,350,300,245.4835,120.604736,349.999939,179.395233,0,1
2786,2786,2783,offscreen_render,56.9835129,zoom_e_out,29.4880962,30,1.77777779,297.576721,150,297.576721,109.999992,150,50,-1.52587891E-05,350,300,245.153442,120.511894,350,179.488083,0,1
2787,2787,2784,offscreen_render,57.0002251,zoom_e_out,29.5666847,30,1.77777779,297.437,150,297.437,109.999992,150,50,-1.52587891E-05,350,300,244.874023,120.433304,350,179.566666,0,1
2788,2788,2785,offscreen_render,57.0161972,zoom_e_out,29.6332073,30,1.77777779,297.318726,150,297.318726,109.999992,150,50,-1.52587891E-05,350,300,244.637466,120.366783,350,179.6332,0,1
2789,2789,2786,offscreen_render,57.0328865,zoom_e_out,29.6895161,30,1.77777779,297.218628,150,297.218628,109.999992,150,50,-1.52587891E-05,350,300,244.437256,120.310471,350,179.6895,0,1
2790,2790,2787,offscreen_render,57.05009,zoom_e_out,29.7371826,30,1.77777779,297.1339,150,297.1339,109.999992,150,50,-1.52587891E-05,350,300,244.2678,120.262825,350,179.737183,0,1
2791,2791,2788,offscreen_render,57.0664063,zoom_e_out,29.77753,30,1.77777779,297.062164,150,297.062164,109.999992,150,50,-1.52587891E-05,350,300,244.124329,120.222458,350,179.777512,0,1
2792,2792,2789,offscreen_render,57.0828972,zoom_e_out,29.8117924,30,1.77777779,297.001251,150,297.001251,109.999992,150,50,-1.52587891E-05,350,300,244.0025,120.1882,350,179.811783,0,1
2793,2793,2790,offscreen_render,57.09972,zoom_e_out,29.8406868,30,1.77777779,296.9499,150,296.9499,109.999992,150,50,-1.52587891E-05,350,300,243.89978,120.1593,350,179.840668,0,1
2794,2794,2791,offscreen_render,57.1164627,zoom_e_out,29.8651447,30,1.77777779,296.9064,150,296.9064,109.999992,150,50,-1.52587891E-05,350,300,243.8128,120.134842,350,179.865128,0,1
2795,2795,2792,offscreen_render,57.1330833,zoom_e_out,29.885849,30,1.77777779,296.8696,150,296.8696,109.999992,150,50,-1.52587891E-05,350,300,243.7392,120.114136,350,179.885834,0,1
2796,2796,2793,offscreen_render,57.1497841,zoom_e_out,29.9033718,30,1.77777779,296.83844,150,296.83844,109.999992,150,50,-1.52587891E-05,350,300,243.6769,120.096619,350,179.903351,0,1
2797,2797,2794,offscreen_render,57.1665154,zoom_e_out,29.9182072,30,1.77777779,296.812073,150,296.812073,109.999992,150,50,-1.52587891E-05,350,300,243.624146,120.081787,350,179.9182,0,1
2798,2798,2795,offscreen_render,57.1830368,zoom_e_out,29.9307632,30,1.77777779,296.789764,150,296.789764,109.999992,150,50,-1.52587891E-05,350,300,243.579514,120.069229,350,179.93074,0,1
2799,2799,2796,offscreen_render,57.1998177,zoom_e_out,29.9413929,30,1.77777779,296.770844,150,296.770844,109.999992,150,50,-1.52587891E-05,350,300,243.5417,120.058594,350,179.941376,0,1
2800,2800,2797,offscreen_render,57.2164078,zoom_e_out,29.95039,30,1.77777779,296.754852,150,296.754852,109.999992,150,50,-1.52587891E-05,350,300,243.50975,120.0496,350.000031,179.950378,3.05175781E-05,1
2801,2801,2798,offscreen_render,57.23321,zoom_e_out,29.9580059,30,1.77777779,296.741333,150,296.741333,109.999992,150,50,-1.52587891E-05,350,300,243.482651,120.041985,350,179.958,0,1
2802,2802,2799,offscreen_render,57.2498055,zoom_e_out,29.9644527,30,1.77777779,296.729858,150,296.729858,109.999992,150,50,-1.52587891E-05,350,300,243.459717,120.035538,350,179.964432,0,1
2803,2803,2800,offscreen_render,57.2665329,zoom_e_out,29.96991,30,1.77777779,296.720154,150,296.720154,109.999992,150,50,-1.52587891E-05,350,300,243.440292,120.03009,349.999969,179.96991,0,1
2804,2804,2801,offscreen_render,57.2830467,zoom_e_out,29.97453,30,1.77777779,296.711945,150,296.711945,109.999992,150,50,-1.52587891E-05,350,300,243.423889,120.025459,350,179.974518,0,1
2805,2805,2802,offscreen_render,57.29999,zoom_e_out,29.97844,30,1.77777779,296.705,150,296.705,109.999992,150,50,-1.52587891E-05,350,300,243.409958,120.021553,349.999939,179.978424,0,1
2806,2806,2803,offscreen_render,57.3167534,zoom_e_out,29.9817486,30,1.77777779,296.6991,150,296.6991,109.999992,150,50,-1.52587891E-05,350,300,243.398209,120.018242,350,179.981735,0,1
2807,2807,2804,offscreen_render,57.33355,zoom_e_out,29.98455,30,1.77777779,296.694122,150,296.694122,109.999992,150,50,-1.52587891E-05,350,300,243.38826,120.015442,350,179.984528,0,1
2808,2808,2805,offscreen_render,57.34981,zoom_e_out,29.9869213,30,1.77777779,296.6899,150,296.6899,109.999992,150,50,-1.52587891E-05,350,300,243.379822,120.013069,350,179.986908,0,1
2809,2809,2806,offscreen_render,57.3662376,zoom_e_out,29.98893,30,1.77777779,296.68634,150,296.68634,109.999992,150,50,-1.52587891E-05,350,300,243.372711,120.011063,350.000031,179.9889,3.05175781E-05,1
2810,2810,2807,offscreen_render,57.38339,zoom_e_out,29.99063,30,1.77777779,296.683319,150,296.683319,109.999992,150,50,-1.52587891E-05,350,300,243.366638,120.009361,350,179.990616,0,1
2811,2811,2808,offscreen_render,57.39974,zoom_e_out,29.9920673,30,1.77777779,296.680756,150,296.680756,109.999992,150,50,-1.52587891E-05,350,300,243.361526,120.007919,350,179.99205,0,1
2812,2812,2809,offscreen_render,57.4168549,zoom_e_out,29.9932861,30,1.77777779,296.6786,150,296.6786,109.999992,150,50,-1.52587891E-05,350,300,243.3572,120.0067,350,179.993271,0,1
2813,2813,2810,offscreen_render,57.43327,zoom_e_out,29.9943161,30,1.77777779,296.676758,150,296.676758,109.999992,150,50,-1.52587891E-05,350,300,243.353531,120.005676,350,179.9943,0,1
2814,2814,2811,offscreen_render,57.4497032,zoom_e_out,29.9951878,30,1.77777779,296.675232,150,296.675232,109.999992,150,50,-1.52587891E-05,350,300,243.350449,120.004807,350,179.995163,0,1
2815,2815,2812,offscreen_render,57.55869,zoom_e_in,18.0907021,12,1.77777779,303.744171,150,303.744171,109.999992,150,50,-1.52587891E-05,350,300,271.582916,131.909271,335.905426,168.090668,0,1
2816,2816,2813,offscreen_render,57.6630669,zoom_e_in,14.1605988,12,1.77777779,313.229218,150,313.229218,109.999992,150,50,-1.52587891E-05,350,300,288.0548,135.8394,338.403625,164.1606,0,1
2817,2817,2814,offscreen_render,57.7671471,zoom_e_in,12.76885,12,1.77777779,320.351,150,320.351,109.999992,150,50,-1.52587891E-05,350,300,297.650879,137.231155,343.0512,162.768845,0,1
2818,2818,2815,offscreen_render,57.7833138,zoom_e_in,12.6508093,12,1.77777779,321.1973,150,321.1973,109.999992,150,50,-1.52587891E-05,350,300,298.70697,137.349182,343.687622,162.6508,0,1
2819,2819,2816,offscreen_render,57.7990456,zoom_e_in,12.5508995,12,1.77777779,321.964478,150,321.964478,109.999992,150,50,-1.52587891E-05,350,300,299.6518,137.449081,344.277222,162.550888,0,1
2820,2820,2817,offscreen_render,57.8158951,zoom_e_in,12.4663219,12,1.77777779,322.6599,150,322.6599,109.999992,150,50,-1.52587891E-05,350,300,300.497559,137.533661,344.822266,162.466309,0,1
2821,2821,2818,offscreen_render,57.832,zoom_e_in,12.3945169,12,1.77777779,323.291779,150,323.291779,109.999992,150,50,-1.52587891E-05,350,300,301.25708,137.605469,345.326477,162.3945,0,1
2822,2822,2819,offscreen_render,57.84829,zoom_e_in,12.3339529,12,1.77777779,323.8616,150,323.8616,109.999992,150,50,-1.52587891E-05,350,300,301.93457,137.666046,345.788635,162.333954,0,1
2823,2823,2820,offscreen_render,57.86502,zoom_e_in,12.2826834,12,1.77777779,324.3767,150,324.3767,109.999992,150,50,-1.52587891E-05,350,300,302.540863,137.7173,346.212616,162.282669,0,1
2824,2824,2821,offscreen_render,57.8819046,zoom_e_in,12.2392874,12,1.77777779,324.841644,150,324.841644,109.999992,150,50,-1.52587891E-05,350,300,303.082916,137.7607,346.600372,162.239273,0,1
2825,2825,2822,offscreen_render,57.8988762,zoom_e_in,12.2025518,12,1.77777779,325.260742,150,325.260742,109.999992,150,50,-1.52587891E-05,350,300,303.567322,137.79744,346.954163,162.20253,0,1
2826,2826,2823,offscreen_render,57.91541,zoom_e_in,12.1714544,12,1.77777779,325.637939,150,325.637939,109.999992,150,50,-1.52587891E-05,350,300,303.9998,137.828537,347.2761,162.171432,0,1
2827,2827,2824,offscreen_render,57.9319839,zoom_e_in,12.1451349,12,1.77777779,325.9768,150,325.9768,109.999992,150,50,-1.52587891E-05,350,300,304.385468,137.854858,347.568146,162.145126,0,1
2828,2828,2825,offscreen_render,57.9482956,zoom_e_in,12.1228542,12,1.77777779,326.280853,150,326.280853,109.999992,150,50,-1.52587891E-05,350,300,304.729126,137.877136,347.832581,162.122833,0,1
2829,2829,2826,offscreen_render,57.9656,zoom_e_in,12.1039925,12,1.77777779,326.5532,150,326.5532,109.999992,150,50,-1.52587891E-05,350,300,305.034973,137.896,348.0714,162.103973,0,1
2830,2830,2827,offscreen_render,57.982132,zoom_e_in,12.088028,12,1.77777779,326.796722,150,326.796722,109.999992,150,50,-1.52587891E-05,350,300,305.3069,137.911957,348.28656,162.088013,0,1
2831,2831,2828,offscreen_render,57.9988251,zoom_e_in,12.0745144,12,1.77777779,327.01416,150,327.01416,109.999992,150,50,-1.52587891E-05,350,300,305.54834,137.925491,348.479919,162.074509,0,1
2832,2832,2829,offscreen_render,58.015377,zoom_e_in,12.0630751,12,1.77777779,327.208,150,327.208,109.999992,150,50,-1.52587891E-05,350,300,305.762543,137.936935,348.653473,162.06308,0,1
2833,2833,2830,offscreen_render,58.0317879,zoom_e_in,12.0533915,12,1.77777779,327.380554,150,327.380554,109.999992,150,50,-1.52587891E-05,350,300,305.9523,137.9466,348.8088,162.053375,0,1
2834,2834,2831,offscreen_render,58.0484428,zoom_e_in,12.0451946,12,1.77777779,327.533936,150,327.533936,109.999992,150,50,-1.52587891E-05,350,300,306.12027,137.954788,348.9476,162.045181,0,1
2835,2835,2832,offscreen_render,58.0653954,zoom_e_in,12.0382566,12,1.77777779,327.670074,150,327.670074,109.999992,150,50,-1.52587891E-05,350,300,306.268738,137.961731,349.0714,162.038239,0,1
2836,2836,2833,offscreen_render,58.0816765,zoom_e_in,12.0323839,12,1.77777779,327.790741,150,327.790741,109.999992,150,50,-1.52587891E-05,350,300,306.399841,137.9676,349.181641,162.032364,0,1
2837,2837,2834,offscreen_render,58.0986671,zoom_e_in,12.0274124,12,1.77777779,327.897583,150,327.897583,109.999992,150,50,-1.52587891E-05,350,300,306.5155,137.9726,349.279663,162.02742,0,1
2838,2838,2835,offscreen_render,58.115036,zoom_e_in,12.0232038,12,1.77777779,327.992035,150,327.992035,109.999992,150,50,-1.52587891E-05,350,300,306.617462,137.976791,349.3666,162.0232,0,1
2839,2839,2836,offscreen_render,58.1319046,zoom_e_in,12.0196419,12,1.77777779,328.075439,150,328.075439,109.999992,150,50,-1.52587891E-05,350,300,306.707184,137.980362,349.4437,162.019638,0,1
2840,2840,2837,offscreen_render,58.1482925,zoom_e_in,12.0166264,12,1.77777779,328.149,150,328.149,109.999992,150,50,-1.52587891E-05,350,300,306.7861,137.983368,349.511871,162.016617,0,1
2841,2841,2838,offscreen_render,58.16502,zoom_e_in,12.0140743,12,1.77777779,328.213776,150,328.213776,109.999992,150,50,-1.52587891E-05,350,300,306.8554,137.985916,349.572144,162.014053,0,1
2842,2842,2839,offscreen_render,58.1816864,zoom_e_in,12.0119133,12,1.77777779,328.270782,150,328.270782,109.999992,150,50,-1.52587891E-05,350,300,306.91626,137.988083,349.6253,162.011917,0,1
2843,2843,2840,offscreen_render,58.19859,zoom_e_in,12.0100842,12,1.77777779,328.3209,150,328.3209,109.999992,150,50,-1.52587891E-05,350,300,306.969635,137.9899,349.67215,162.010071,0,1
2844,2844,2841,offscreen_render,58.215538,zoom_e_in,12.0085363,12,1.77777779,328.3649,150,328.3649,109.999992,150,50,-1.52587891E-05,350,300,307.0164,137.99147,349.7134,162.00853,0,1
2845,2845,2842,offscreen_render,58.2320328,zoom_e_in,12.0071983,12,1.77777779,328.404358,150,328.404358,109.999992,150,50,-1.52587891E-05,350,300,307.058258,137.992783,349.750519,162.007187,0,1
2846,2846,2843,offscreen_render,58.24905,zoom_e_in,12.006093,12,1.77777779,328.43808,150,328.43808,109.999992,150,50,-1.52587891E-05,350,300,307.0939,137.9939,349.782257,162.006073,0,1
2847,2847,2844,offscreen_render,58.26569,zoom_e_in,12.0051575,12,1.77777779,328.467621,150,328.467621,109.999992,150,50,-1.52587891E-05,350,300,307.125122,137.994827,349.81012,162.005142,0,1
2848,2848,2845,offscreen_render,58.3684349,zoom_s_base,12,12,1.77777779,200,12,200,109.999992,11.9999933,50,-1.52587891E-05,350,300,178.666672,-1.88991544E-05,221.333328,23.999979,3.64036532E-06,1
2849,2849,2846,offscreen_render,58.4786224,zoom_s_out,23.9736786,30,1.77777779,200,23.9736786,200,109.999992,23.9736729,50,-1.52587891E-05,350,300,157.380127,-1.794548E-05,242.619873,47.9473343,2.686691E-06,1
2850,2850,2847,offscreen_render,58.5862,zoom_s_out,27.93894,30,1.77777779,200,27.93894,200,109.999992,27.9389343,50,-1.52587891E-05,350,300,150.33078,-1.60381314E-05,249.66922,55.8778572,7.793424E-07,1
2851,2851,2848,offscreen_render,58.69649,zoom_s_out,29.3192158,30,1.77777779,200,29.3192158,200,109.999992,29.31921,50,-1.52587891E-05,350,300,147.876953,-1.60381314E-05,252.123047,58.6384125,7.793424E-07,1
2852,2852,2849,offscreen_render,58.7130661,zoom_s_out,29.4237385,30,1.77777779,200,29.4237385,200,109.999992,29.4237328,50,-1.52587891E-05,350,300,147.691132,-1.60381314E-05,252.308868,58.8474579,7.793424E-07,1
2853,2853,2850,offscreen_render,58.7288475,zoom_s_out,29.5122,30,1.77777779,200,29.5122,200,109.999992,29.5121937,50,-1.52587891E-05,350,300,147.533875,-1.41307828E-05,252.466125,59.0243759,0,1
2854,2854,2851,offscreen_render,58.7453766,zoom_s_out,29.5870876,30,1.77777779,200,29.5870876,200,109.999992,29.5870819,50,-1.52587891E-05,350,300,147.400726,-1.60381314E-05,252.599274,59.1741562,7.793424E-07,1
2855,2855,2852,offscreen_render,58.7620354,zoom_s_out,29.6504784,30,1.77777779,200,29.6504784,200,109.999992,29.6504726,50,-1.52587891E-05,350,300,147.28804,-1.60381314E-05,252.71196,59.3009377,7.793424E-07,1
2856,2856,2853,offscreen_render,58.7787247,zoom_s_out,29.7041359,30,1.77777779,200,29.7041359,200,109.999992,29.70413,50,-1.52587891E-05,350,300,147.192642,-1.60381314E-05,252.807358,59.4082527,7.793424E-07,1
2857,2857,2854,offscreen_render,58.79547,zoom_s_out,29.7495556,30,1.77777779,200,29.7495556,200,109.999992,29.74955,50,-1.52587891E-05,350,300,147.111908,-1.60381314E-05,252.888092,59.4990921,7.793424E-07,1
2858,2858,2855,offscreen_render,58.8121,zoom_s_out,29.7880058,30,1.77777779,200,29.7880058,200,109.999992,29.788,50,-1.52587891E-05,350,300,147.043549,-1.60381314E-05,252.956451,59.5759926,7.793424E-07,1
2859,2859,2856,offscreen_render,58.8284264,zoom_s_out,29.820549,30,1.77777779,200,29.820549,200,109.999992,29.8205433,50,-1.52587891E-05,350,300,146.9857,-1.60381314E-05,253.014328,59.6410751,7.793424E-07,1
2860,2860,2857,offscreen_render,58.84506,zoom_s_out,29.8480988,30,1.77777779,200,29.8480988,200,109.999992,29.848093,50,-1.52587891E-05,350,300,146.9367,-1.60381314E-05,253.0633,59.69618,7.793424E-07,1
2861,2861,2858,offscreen_render,58.86173,zoom_s_out,29.871418,30,1.77777779,200,29.871418,200,109.999992,29.8714123,50,-1.52587891E-05,350,300,146.895264,-1.41307828E-05,253.104736,59.7428131,0,1
2862,2862,2859,offscreen_render,58.8786,zoom_s_out,29.89116,30,1.77777779,200,29.89116,200,109.999992,29.8911533,50,-1.52587891E-05,350,300,146.860153,-1.41307828E-05,253.139847,59.7822952,0,1
2863,2863,2860,offscreen_render,58.8953,zoom_s_out,29.9078674,30,1.77777779,200,29.9078674,200,109.999992,29.9078617,50,-1.52587891E-05,350,300,146.83046,-1.41307828E-05,253.16954,59.815712,0,1
2864,2864,2861,offscreen_render,58.91196,zoom_s_out,29.9220123,30,1.77777779,200,29.9220123,200,109.999992,29.9220066,50,-1.52587891E-05,350,300,146.805313,-1.41307828E-05,253.194687,59.844,0,1
2865,2865,2862,offscreen_render,58.92845,zoom_s_out,29.9339848,30,1.77777779,200,29.9339848,200,109.999992,29.933979,50,-1.52587891E-05,350,300,146.784042,-1.41307828E-05,253.215988,59.86795,0,1
2866,2866,2863,offscreen_render,58.9452553,zoom_s_out,29.94412,30,1.77777779,200,29.94412,200,109.999992,29.9441147,50,-1.52587891E-05,350,300,146.766,-1.60381314E-05,253.234,59.88822,7.793424E-07,1
2867,2867,2864,offscreen_render,58.96183,zoom_s_out,29.9527,30,1.77777779,200,29.9527,200,109.999992,29.9526939,50,-1.52587891E-05,350,300,146.750763,-1.41307828E-05,253.249237,59.90538,0,1
2868,2868,2865,offscreen_render,58.9784775,zoom_s_out,29.95996,30,1.77777779,200,29.95996,200,109.999992,29.9599552,50,-1.52587891E-05,350,300,146.737823,-1.41307828E-05,253.262146,59.9199,0,1
2869,2869,2866,offscreen_render,58.9950638,zoom_s_out,29.9661083,30,1.77777779,200,29.9661083,200,109.999992,29.9661026,50,-1.52587891E-05,350,300,146.726913,-1.41307828E-05,253.273087,59.93219,0,1
2870,2870,2867,offscreen_render,59.0120049,zoom_s_out,29.9713116,30,1.77777779,200,29.9713116,200,109.999992,29.9713058,50,-1.52587891E-05,350,300,146.717667,-1.60381314E-05,253.282333,59.9426041,7.793424E-07,1
2871,2871,2868,offscreen_render,59.02848,zoom_s_out,29.9757156,30,1.77777779,200,29.9757156,200,109.999992,29.97571,50,-1.52587891E-05,350,300,146.709854,-1.60381314E-05,253.290176,59.9514122,7.793424E-07,1
2872,2872,2869,offscreen_render,59.04514,zoom_s_out,29.9794445,30,1.77777779,200,29.9794445,200,109.999992,29.9794388,50,-1.52587891E-05,350,300,146.7032,-1.41307828E-05,253.2968,59.95887,0,1
2873,2873,2870,offscreen_render,59.0618744,zoom_s_out,29.9826,30,1.77777779,200,29.9826,200,109.999992,29.9825935,50,-1.52587891E-05,350,300,146.697617,-1.41307828E-05,253.302414,59.96517,0,1
2874,2874,2871,offscreen_render,59.0783234,zoom_s_out,29.9852753,30,1.77777779,200,29.9852753,200,109.999992,29.98527,50,-1.52587891E-05,350,300,146.692841,-1.41307828E-05,253.307159,59.9705276,0,1
2875,2875,2872,offscreen_render,59.09519,zoom_s_out,29.9875355,30,1.77777779,200,29.9875355,200,109.999992,29.98753,50,-1.52587891E-05,350,300,146.688828,-1.41307828E-05,253.311172,59.97505,0,1
2876,2876,2873,offscreen_render,59.11207,zoom_s_out,29.9894485,30,1.77777779,200,29.9894485,200,109.999992,29.9894428,50,-1.52587891E-05,350,300,146.68541,-1.41307828E-05,253.31456,59.9788742,0,1
2877,2877,2874,offscreen_render,59.1288261,zoom_s_out,29.9910679,30,1.77777779,200,29.9910679,200,109.999992,29.9910622,50,-1.52587891E-05,350,300,146.682541,-1.60381314E-05,253.317459,59.9821167,7.793424E-07,1
2878,2878,2875,offscreen_render,59.14571,zoom_s_out,29.99244,30,1.77777779,200,29.99244,200,109.999992,29.9924335,50,-1.52587891E-05,350,300,146.680115,-1.60381314E-05,253.319885,59.98486,7.793424E-07,1
2879,2879,2876,offscreen_render,59.16209,zoom_s_out,29.9936,30,1.77777779,200,29.9936,200,109.999992,29.9935951,50,-1.52587891E-05,350,300,146.678024,-1.41307828E-05,253.321945,59.987175,0,1
2880,2880,2877,offscreen_render,59.1785431,zoom_s_out,29.9945831,30,1.77777779,200,29.9945831,200,109.999992,29.9945774,50,-1.52587891E-05,350,300,146.6763,-1.60381314E-05,253.32373,59.9891472,7.793424E-07,1
2881,2881,2878,offscreen_render,59.1951256,zoom_s_out,29.9954147,30,1.77777779,200,29.9954147,200,109.999992,29.995409,50,-1.52587891E-05,350,300,146.67482,-1.60381314E-05,253.32518,59.99081,7.793424E-07,1
2882,2882,2879,offscreen_render,59.3063545,zoom_s_in,17.9730816,12,1.77777779,200,25.8921871,200,109.999992,25.8921814,50,-1.52587891E-05,350,300,168.047852,7.91909,231.952148,43.86525,0,1
2883,2883,2880,offscreen_render,59.417057,zoom_s_in,13.989253,12,1.77777779,200,20.2619534,200,109.999992,20.2619476,50,-1.52587891E-05,350,300,175.130219,6.27268457,224.869781,34.2511864,0,1
2884,2884,2881,offscreen_render,59.5226,zoom_s_in,12.6930981,12,1.77777779,200,16.3438721,200,109.999992,16.3438663,50,-1.52587891E-05,350,300,177.434479,3.650758,222.565491,29.03695,0,1
2885,2885,2882,offscreen_render,59.53857,zoom_s_in,12.586688,12,1.77777779,200,15.8955336,200,109.999992,15.8955269,50,-1.52587891E-05,350,300,177.623688,3.30882764,222.376343,28.4821987,0,1
2886,2886,2883,offscreen_render,59.55566,zoom_s_in,12.4966192,12,1.77777779,200,15.4901562,200,109.999992,15.4901495,50,-1.52587891E-05,350,300,177.7838,2.993519,222.216232,27.9867535,0,1
2887,2887,2884,offscreen_render,59.57144,zoom_s_in,12.4203787,12,1.77777779,200,15.1236391,200,109.999992,15.1236324,50,-1.52587891E-05,350,300,177.919312,2.70324254,222.080658,27.5439968,0,1
2888,2888,2885,offscreen_render,59.5877228,zoom_s_in,12.3558426,12,1.77777779,200,14.7924156,200,109.999992,14.7924089,50,-1.52587891E-05,350,300,178.034058,2.43655515,221.965942,27.1482372,0,1
2889,2889,2886,offscreen_render,59.6044426,zoom_s_in,12.3012114,12,1.77777779,200,14.4933081,200,109.999992,14.4933014,50,-1.52587891E-05,350,300,178.13118,2.19207883,221.86882,26.7944984,0,1
2890,2890,2887,offscreen_render,59.6214142,zoom_s_in,12.25497,12,1.77777779,200,14.2235079,200,109.999992,14.2235012,50,-1.52587891E-05,350,300,178.213379,1.96852028,221.786621,26.4784565,0,1
2891,2891,2888,offscreen_render,59.6379929,zoom_s_in,12.215827,12,1.77777779,200,13.980423,200,109.999992,13.9804163,50,-1.52587891E-05,350,300,178.282974,1.764577,221.717026,26.196228,0,1
2892,2892,2889,offscreen_render,59.6542664,zoom_s_in,12.1826944,12,1.77777779,200,13.7616978,200,109.999992,13.7616911,50,-1.52587891E-05,350,300,178.341873,1.57898438,221.658127,25.94437,0,1
2893,2893,2890,offscreen_render,59.67092,zoom_s_in,12.1546478,12,1.77777779,200,13.5651636,200,109.999992,13.5651569,50,-1.52587891E-05,350,300,178.391739,1.41049683,221.608261,25.71979,0,1
2894,2894,2891,offscreen_render,59.68809,zoom_s_in,12.1305485,12,1.77777779,200,13.3860855,200,109.999992,13.3860788,50,-1.52587891E-05,350,300,178.434586,1.25551808,221.565414,25.5166111,0,1
2895,2895,2892,offscreen_render,59.7047157,zoom_s_in,12.1105061,12,1.77777779,200,13.2283878,200,109.999992,13.2283812,50,-1.52587891E-05,350,300,178.470215,1.11786187,221.529785,25.338871,0,1
2896,2896,2893,offscreen_render,59.7213249,zoom_s_in,12.0935421,12,1.77777779,200,13.0873346,200,109.999992,13.087328,50,-1.52587891E-05,350,300,178.500366,0.9937727,221.499634,25.1808529,0,1
2897,2897,2894,offscreen_render,59.7379723,zoom_s_in,12.0791817,12,1.77777779,200,12.9613428,200,109.999992,12.9613361,50,-1.52587891E-05,350,300,178.5259,0.8821413,221.4741,25.0405025,0,1
2898,2898,2895,offscreen_render,59.75506,zoom_s_in,12.0670252,12,1.77777779,200,12.84897,200,109.999992,12.8489637,50,-1.52587891E-05,350,300,178.547516,0.781926334,221.452484,24.9159718,0,1
2899,2899,2896,offscreen_render,59.77157,zoom_s_in,12.056735,12,1.77777779,200,12.7488937,200,109.999992,12.7488871,50,-1.52587891E-05,350,300,178.5658,0.692140758,221.4342,24.8056049,0,1
2900,2900,2897,offscreen_render,59.78788,zoom_s_in,12.0480261,12,1.77777779,200,12.6599073,200,109.999992,12.6599007,50,-1.52587891E-05,350,300,178.581284,0.6118633,221.418716,24.70791,0,1
2901,2901,2898,offscreen_render,59.8049431,zoom_s_in,12.0406523,12,1.77777779,200,12.5808687,200,109.999992,12.580862,50,-1.52587891E-05,350,300,178.594376,0.540197551,221.4056,24.6215,0,1
2902,2902,2899,offscreen_render,59.8214645,zoom_s_in,12.0344114,12,1.77777779,200,12.5107822,200,109.999992,12.5107756,50,-1.52587891E-05,350,300,178.6055,0.47635287,221.394531,24.5451717,0,1
2903,2903,2900,offscreen_render,59.83824,zoom_s_in,12.0291281,12,1.77777779,200,12.4487019,200,109.999992,12.4486952,50,-1.52587891E-05,350,300,178.614883,0.419553936,221.385117,24.477808,0,1
2904,2904,2901,offscreen_render,59.8549767,zoom_s_in,12.0246563,12,1.77777779,200,12.3937893,200,109.999992,12.3937826,50,-1.52587891E-05,350,300,178.622833,0.3691141,221.377167,24.4184246,0,1
2905,2905,2902,offscreen_render,59.8718948,zoom_s_in,12.0207958,12,1.77777779,200,12.3442888,200,109.999992,12.3442822,50,-1.52587891E-05,350,300,178.6297,0.3234741,221.3703,24.3650627,0,1
2906,2906,2903,offscreen_render,59.8880577,zoom_s_in,12.0176039,12,1.77777779,200,12.3015957,200,109.999992,12.301589,50,-1.52587891E-05,350,300,178.635376,0.283972919,221.364624,24.3191776,0,1
2907,2907,2904,offscreen_render,59.9055519,zoom_s_in,12.014883,12,1.77777779,200,12.2637024,200,109.999992,12.2636957,50,-1.52587891E-05,350,300,178.640228,0.248800457,221.3598,24.2785625,0,1
2908,2908,2905,offscreen_render,59.9220161,zoom_s_in,12.012598,12,1.77777779,200,12.2306032,200,109.999992,12.2305965,50,-1.52587891E-05,350,300,178.644287,0.217986286,221.355743,24.24318,0,1
2909,2909,2906,offscreen_render,59.9384041,zoom_s_in,12.010664,12,1.77777779,200,12.2014942,200,109.999992,12.2014875,50,-1.52587891E-05,350,300,178.6477,0.190811336,221.3523,24.2121372,0,1
2910,2910,2907,offscreen_render,59.95509,zoom_s_in,12.0090265,12,1.77777779,200,12.17592,200,109.999992,12.1759129,50,-1.52587891E-05,350,300,178.65062,0.166875064,221.34938,24.1849232,0,1
2911,2911,2908,offscreen_render,59.97202,zoom_s_in,12.0076408,12,1.77777779,200,12.1534739,200,109.999992,12.1534672,50,-1.52587891E-05,350,300,178.653076,0.145814121,221.346924,24.1610928,0,1
2912,2912,2909,offscreen_render,59.98829,zoom_s_in,12.0064678,12,1.77777779,200,12.1337938,200,109.999992,12.1337872,50,-1.52587891E-05,350,300,178.655182,0.127306163,221.344849,24.1402378,0,1
2913,2913,2910,offscreen_render,60.005024,zoom_s_in,12.005475,12,1.77777779,200,12.1165533,200,109.999992,12.1165466,50,-1.52587891E-05,350,300,178.656921,0.11105936,221.343048,24.1220074,0,1
2914,2914,2911,offscreen_render,60.02191,zoom_s_in,12.0046349,12,1.77777779,200,12.1014633,200,109.999992,12.1014566,50,-1.52587891E-05,350,300,178.658447,0.09680956,221.341583,24.1060772,0,1
2915,2915,2912,offscreen_render,60.1202049,zoom_n_base,12,12,1.77777779,200,288,200,109.999992,288,50,-1.52587891E-05,350,300,178.666672,276.000031,221.333328,300.000031,3.05175781E-05,1
2916,2916,2913,offscreen_render,60.1372,zoom_n_base,12,12,1.77777779,200,288,200,109.999992,288,50,-1.52587891E-05,350,300,178.666672,276.000031,221.333328,300.000031,3.05175781E-05,1
2917,2917,2914,offscreen_render,60.2412376,zoom_n_out,23.6332455,30,1.77777779,200,276.36676,200,109.999992,276.36676,50,-1.52587891E-05,350,300,157.985352,252.733536,242.014679,300.000031,3.05175781E-05,1
2918,2918,2915,offscreen_render,60.351223,zoom_n_out,27.860445,30,1.77777779,200,272.139557,200,109.999992,272.139557,50,-1.52587891E-05,350,300,150.4703,244.2791,249.529663,300,0,1
2919,2919,2916,offscreen_render,60.46721,zoom_n_out,29.3323765,30,1.77777779,200,270.667633,200,109.999992,270.667633,50,-1.52587891E-05,350,300,147.853546,241.335281,252.146454,300.000031,3.05175781E-05,1
2920,2920,2917,offscreen_render,60.4835052,zoom_n_out,29.43488,30,1.77777779,200,270.565125,200,109.999992,270.565125,50,-1.52587891E-05,350,300,147.671326,241.130234,252.328674,300,0,1
2921,2921,2918,offscreen_render,60.4996376,zoom_n_out,29.5216331,30,1.77777779,200,270.478363,200,109.999992,270.478363,50,-1.52587891E-05,350,300,147.51709,240.956726,252.48291,300,0,1
2922,2922,2919,offscreen_render,60.51617,zoom_n_out,29.5950775,30,1.77777779,200,270.4049,200,109.999992,270.4049,50,-1.52587891E-05,350,300,147.386536,240.809814,252.613464,299.999969,0,1
2923,2923,2920,offscreen_render,60.53267,zoom_n_out,29.657238,30,1.77777779,200,270.342773,200,109.999992,270.342773,50,-1.52587891E-05,350,300,147.276016,240.685532,252.723984,300,0,1
2924,2924,2921,offscreen_render,60.54961,zoom_n_out,29.7098579,30,1.77777779,200,270.290131,200,109.999992,270.290131,50,-1.52587891E-05,350,300,147.18248,240.580261,252.81752,300,0,1
2925,2925,2922,offscreen_render,60.56567,zoom_n_out,29.7544,30,1.77777779,200,270.2456,200,109.999992,270.2456,50,-1.52587891E-05,350,300,147.103287,240.4912,252.896713,300,0,1
2926,2926,2923,offscreen_render,60.5825844,zoom_n_out,29.7921047,30,1.77777779,200,270.2079,200,109.999992,270.2079,50,-1.52587891E-05,350,300,147.036255,240.415771,252.963715,300,0,1
2927,2927,2924,offscreen_render,60.59921,zoom_n_out,29.82402,30,1.77777779,200,270.175964,200,109.999992,270.175964,50,-1.52587891E-05,350,300,146.979523,240.351959,253.020477,300,0,1
2928,2928,2925,offscreen_render,60.6159973,zoom_n_out,29.8510361,30,1.77777779,200,270.148956,200,109.999992,270.148956,50,-1.52587891E-05,350,300,146.931488,240.297913,253.068512,300,0,1
2929,2929,2926,offscreen_render,60.6326256,zoom_n_out,29.8739052,30,1.77777779,200,270.1261,200,109.999992,270.1261,50,-1.52587891E-05,350,300,146.890839,240.252182,253.109161,300,0,1
2930,2930,2927,offscreen_render,60.6492577,zoom_n_out,29.8932629,30,1.77777779,200,270.10675,200,109.999992,270.10675,50,-1.52587891E-05,350,300,146.856445,240.213486,253.143585,300,0,1
2931,2931,2928,offscreen_render,60.66595,zoom_n_out,29.9096489,30,1.77777779,200,270.090363,200,109.999992,270.090363,50,-1.52587891E-05,350,300,146.827286,240.18074,253.172714,300.000031,3.05175781E-05,1
2932,2932,2929,offscreen_render,60.68271,zoom_n_out,29.92352,30,1.77777779,200,270.076477,200,109.999992,270.076477,50,-1.52587891E-05,350,300,146.802643,240.152939,253.197388,300,0,1
2933,2933,2930,offscreen_render,60.69939,zoom_n_out,29.93526,30,1.77777779,200,270.064728,200,109.999992,270.064728,50,-1.52587891E-05,350,300,146.781754,240.129456,253.218246,300,0,1
2934,2934,2931,offscreen_render,60.7159729,zoom_n_out,29.9452,30,1.77777779,200,270.0548,200,109.999992,270.0548,50,-1.52587891E-05,350,300,146.764084,240.1096,253.235916,300,0,1
2935,2935,2932,offscreen_render,60.7327232,zoom_n_out,29.9536133,30,1.77777779,200,270.0464,200,109.999992,270.0464,50,-1.52587891E-05,350,300,146.74913,240.092758,253.25087,300,0,1
2936,2936,2933,offscreen_render,60.7492523,zoom_n_out,29.9607334,30,1.77777779,200,270.039276,200,109.999992,270.039276,50,-1.52587891E-05,350,300,146.736465,240.078537,253.263535,300,0,1
2937,2937,2934,offscreen_render,60.7665977,zoom_n_out,29.9670048,30,1.77777779,200,270.033,200,109.999992,270.033,50,-1.52587891E-05,350,300,146.725327,240.06601,253.274673,300.000031,3.05175781E-05,1
2938,2938,2935,offscreen_render,60.7835159,zoom_n_out,29.97207,30,1.77777779,200,270.027924,200,109.999992,270.027924,50,-1.52587891E-05,350,300,146.716324,240.055817,253.283676,299.999969,0,1
2939,2939,2936,offscreen_render,60.80002,zoom_n_out,29.9763584,30,1.77777779,200,270.023651,200,109.999992,270.023651,50,-1.52587891E-05,350,300,146.7087,240.047287,253.2913,300,0,1
2940,2940,2937,offscreen_render,60.81652,zoom_n_out,29.9799881,30,1.77777779,200,270.02002,200,109.999992,270.02002,50,-1.52587891E-05,350,300,146.70224,240.040024,253.29776,300,0,1
2941,2941,2938,offscreen_render,60.83342,zoom_n_out,29.98307,30,1.77777779,200,270.016937,200,109.999992,270.016937,50,-1.52587891E-05,350,300,146.696762,240.033859,253.303238,300,0,1
2942,2942,2939,offscreen_render,60.85025,zoom_n_out,29.98567,30,1.77777779,200,270.014343,200,109.999992,270.014343,50,-1.52587891E-05,350,300,146.692123,240.028671,253.307846,300,0,1
2943,2943,2940,offscreen_render,60.866745,zoom_n_out,29.98787,30,1.77777779,200,270.012146,200,109.999992,270.012146,50,-1.52587891E-05,350,300,146.688232,240.024261,253.311768,300,0,1
2944,2944,2941,offscreen_render,60.8835373,zoom_n_out,29.98973,30,1.77777779,200,270.010254,200,109.999992,270.010254,50,-1.52587891E-05,350,300,146.684921,240.020508,253.315079,300,0,1
2945,2945,2942,offscreen_render,60.9002571,zoom_n_out,29.9913082,30,1.77777779,200,270.0087,200,109.999992,270.0087,50,-1.52587891E-05,350,300,146.682114,240.01738,253.317886,300,0,1
2946,2946,2943,offscreen_render,60.9170647,zoom_n_out,29.9926434,30,1.77777779,200,270.007355,200,109.999992,270.007355,50,-1.52587891E-05,350,300,146.679733,240.014725,253.320236,300.000031,3.05175781E-05,1
2947,2947,2944,offscreen_render,60.9334869,zoom_n_out,29.9937725,30,1.77777779,200,270.006226,200,109.999992,270.006226,50,-1.52587891E-05,350,300,146.677734,240.012436,253.322266,300,0,1
2948,2948,2945,offscreen_render,60.9506073,zoom_n_out,29.9947281,30,1.77777779,200,270.00528,200,109.999992,270.00528,50,-1.52587891E-05,350,300,146.676025,240.010544,253.323975,300,0,1
2949,2949,2946,offscreen_render,61.08592,zoom_n_in,16.7157116,12,1.77777779,200,275.6451,200,109.999992,275.6451,50,-1.52587891E-05,350,300,170.283173,258.9294,229.716827,292.3608,0,1
2950,2950,2947,offscreen_render,61.2084122,zoom_n_in,13.374567,12,1.77777779,200,281.524384,200,109.999992,281.524384,50,-1.52587891E-05,350,300,176.223,268.149841,223.777023,294.899,0,1
2951,2951,2948,offscreen_render,61.315567,zoom_n_in,12.4716682,12,1.77777779,200,284.7549,200,109.999992,284.7549,50,-1.52587891E-05,350,300,177.828156,272.283264,222.171875,297.226624,0,1
2952,2952,2949,offscreen_render,61.3327179,zoom_n_in,12.397378,12,1.77777779,200,285.112885,200,109.999992,285.112885,50,-1.52587891E-05,350,300,177.96022,272.7155,222.03978,297.510254,0,1
2953,2953,2950,offscreen_render,61.34899,zoom_n_in,12.3363762,12,1.77777779,200,285.424866,200,109.999992,285.424866,50,-1.52587891E-05,350,300,178.06868,273.0885,221.931351,297.76123,0,1
2954,2954,2951,offscreen_render,61.36561,zoom_n_in,12.2847013,12,1.77777779,200,285.7052,200,109.999992,285.7052,50,-1.52587891E-05,350,300,178.160522,273.4205,221.839447,297.9899,0,1
2955,2955,2952,offscreen_render,61.3817558,zoom_n_in,12.241,12,1.77777779,200,285.956635,200,109.999992,285.956635,50,-1.52587891E-05,350,300,178.2382,273.715637,221.761765,298.197632,0,1
2956,2956,2953,offscreen_render,61.3986168,zoom_n_in,12.2037592,12,1.77777779,200,286.1838,200,109.999992,286.1838,50,-1.52587891E-05,350,300,178.304413,273.980072,221.695557,298.3876,0,1
2957,2957,2954,offscreen_render,61.415062,zoom_n_in,12.1724777,12,1.77777779,200,286.386017,200,109.999992,286.386017,50,-1.52587891E-05,350,300,178.360046,274.213531,221.639954,298.5585,0,1
2958,2958,2955,offscreen_render,61.432,zoom_n_in,12.145997,12,1.77777779,200,286.5672,200,109.999992,286.5672,50,-1.52587891E-05,350,300,178.40712,274.421234,221.59288,298.713226,0,1
2959,2959,2956,offscreen_render,61.4480247,zoom_n_in,12.1235752,12,1.77777779,200,286.729431,200,109.999992,286.729431,50,-1.52587891E-05,350,300,178.446976,274.6059,221.553024,298.853027,0,1
2960,2960,2957,offscreen_render,61.46502,zoom_n_in,12.1046038,12,1.77777779,200,286.874451,200,109.999992,286.874451,50,-1.52587891E-05,350,300,178.480682,274.769836,221.519287,298.979065,0,1
2961,2961,2958,offscreen_render,61.4820328,zoom_n_in,12.0884695,12,1.77777779,200,287.0046,200,109.999992,287.0046,50,-1.52587891E-05,350,300,178.509369,274.916138,221.4906,299.093079,0,1
2962,2962,2959,offscreen_render,61.49843,zoom_n_in,12.0748062,12,1.77777779,200,287.1208,200,109.999992,287.1208,50,-1.52587891E-05,350,300,178.533661,275.046021,221.466309,299.195618,0,1
2963,2963,2960,offscreen_render,61.51522,zoom_n_in,12.0633211,12,1.77777779,200,287.2236,200,109.999992,287.2236,50,-1.52587891E-05,350,300,178.5541,275.1603,221.4459,299.286957,0,1
2964,2964,2961,offscreen_render,61.5319138,zoom_n_in,12.0536,12,1.77777779,200,287.3151,200,109.999992,287.3151,50,-1.52587891E-05,350,300,178.571381,275.261536,221.428619,299.3687,0,1
2965,2965,2962,offscreen_render,61.5483856,zoom_n_in,12.045372,12,1.77777779,200,287.396423,200,109.999992,287.396423,50,-1.52587891E-05,350,300,178.586,275.351044,221.414,299.4418,0,1
2966,2966,2963,offscreen_render,61.5653343,zoom_n_in,12.0384064,12,1.77777779,200,287.468628,200,109.999992,287.468628,50,-1.52587891E-05,350,300,178.598389,275.430237,221.401611,299.507019,0,1
2967,2967,2964,offscreen_render,61.58172,zoom_n_in,12.0325108,12,1.77777779,200,287.532654,200,109.999992,287.532654,50,-1.52587891E-05,350,300,178.608871,275.500183,221.391129,299.5652,0,1
2968,2968,2965,offscreen_render,61.598465,zoom_n_in,12.0275192,12,1.77777779,200,287.589355,200,109.999992,287.589355,50,-1.52587891E-05,350,300,178.617737,275.561829,221.382263,299.616882,0,1
2969,2969,2966,offscreen_render,61.6151581,zoom_n_in,12.0232944,12,1.77777779,200,287.639526,200,109.999992,287.639526,50,-1.52587891E-05,350,300,178.625259,275.616272,221.374741,299.662842,0,1
2970,2970,2967,offscreen_render,61.63231,zoom_n_in,12.0197182,12,1.77777779,200,287.683838,200,109.999992,287.683838,50,-1.52587891E-05,350,300,178.631592,275.664124,221.368378,299.703552,0,1
2971,2971,2968,offscreen_render,61.6483765,zoom_n_in,12.0166912,12,1.77777779,200,287.722931,200,109.999992,287.722931,50,-1.52587891E-05,350,300,178.636978,275.706238,221.362991,299.739624,0,1
2972,2972,2969,offscreen_render,61.66549,zoom_n_in,12.0141287,12,1.77777779,200,287.757416,200,109.999992,287.757416,50,-1.52587891E-05,350,300,178.641541,275.7433,221.358459,299.771545,0,1
2973,2973,2970,offscreen_render,61.68194,zoom_n_in,12.01196,12,1.77777779,200,287.787781,200,109.999992,287.787781,50,-1.52587891E-05,350,300,178.6454,275.775818,221.3546,299.799744,0,1
2974,2974,2971,offscreen_render,61.6984062,zoom_n_in,12.0101242,12,1.77777779,200,287.814484,200,109.999992,287.814484,50,-1.52587891E-05,350,300,178.648666,275.804382,221.351334,299.824646,0,1
2975,2975,2972,offscreen_render,61.7150269,zoom_n_in,12.00857,12,1.77777779,200,287.837952,200,109.999992,287.837952,50,-1.52587891E-05,350,300,178.651428,275.8294,221.348572,299.846558,0,1
2976,2976,2973,offscreen_render,61.73265,zoom_n_in,12.0071926,12,1.77777779,200,287.859558,200,109.999992,287.859558,50,-1.52587891E-05,350,300,178.653885,275.8524,221.346115,299.8668,0,1
2977,2977,2974,offscreen_render,61.74929,zoom_n_in,12.0060883,12,1.77777779,200,287.877533,200,109.999992,287.877533,50,-1.52587891E-05,350,300,178.655853,275.8715,221.344177,299.883667,0,1
2978,2978,2975,offscreen_render,61.7660828,zoom_n_in,12.0051537,12,1.77777779,200,287.89328,200,109.999992,287.89328,50,-1.52587891E-05,350,300,178.6575,275.888153,221.3425,299.898468,0,1
2979,2979,2976,offscreen_render,61.78275,zoom_n_in,12.0043621,12,1.77777779,200,287.907074,200,109.999992,287.907074,50,-1.52587891E-05,350,300,178.6589,275.9027,221.3411,299.911438,0,1
2980,2980,2977,offscreen_render,61.7992058,zoom_n_in,12.0036926,12,1.77777779,200,287.919128,200,109.999992,287.919128,50,-1.52587891E-05,350,300,178.66011,275.915436,221.33992,299.922821,0,1
2981,2981,2978,offscreen_render,61.8160439,zoom_n_in,12.0031261,12,1.77777779,200,287.929657,200,109.999992,287.929657,50,-1.52587891E-05,350,300,178.6611,275.926544,221.3389,299.93277,0,1
2982,2982,2979,offscreen_render,61.9258728,zoom_sw_base,12,12,1.77777779,71.3333359,12,71.3333359,109.999992,11.9999933,50,-1.52587891E-05,350,300,50,-1.88991544E-05,92.66667,23.999979,3.64036532E-06,1
2983,2983,2980,offscreen_render,62.03957,zoom_sw_out,24.16485,30,1.77777779,92.95973,24.16485,92.95973,109.999992,24.1648445,50,-1.52587891E-05,350,300,49.99999,-1.60381314E-05,135.919464,48.32968,1.14440918E-05,1
2984,2984,2981,offscreen_render,62.15316,zoom_sw_out,28.1215019,30,1.77777779,99.99378,28.1215019,99.99378,109.999992,28.1214962,50,-1.52587891E-05,350,300,50.0000076,-1.60381314E-05,149.987579,56.24298,7.793424E-07,1
2985,2985,2982,offscreen_render,62.2696838,zoom_sw_out,29.4106941,30,1.77777779,102.285675,29.4106941,102.285675,109.999992,29.4106884,50,-1.52587891E-05,350,300,49.9999962,-1.60381314E-05,154.57135,58.8213654,3.81469727E-06,1
2986,2986,2983,offscreen_render,62.28569,zoom_sw_out,29.50117,30,1.77777779,102.446518,29.50117,102.446518,109.999992,29.5011635,50,-1.52587891E-05,350,300,49.9999962,-1.794548E-05,154.893036,59.00232,3.81469727E-06,1
2987,2987,2984,offscreen_render,62.3021736,zoom_sw_out,29.5777512,30,1.77777779,102.582672,29.5777512,102.582672,109.999992,29.5777454,50,-1.52587891E-05,350,300,50.0000076,-1.60381314E-05,155.165344,59.15548,7.793424E-07,1
2988,2988,2985,offscreen_render,62.3178368,zoom_sw_out,29.6425724,30,1.77777779,102.697906,29.6425724,102.697906,109.999992,29.6425667,50,-1.52587891E-05,350,300,50.0000038,-1.41307828E-05,155.395813,59.2851257,0,1
2989,2989,2986,offscreen_render,62.3350029,zoom_sw_out,29.6974468,30,1.77777779,102.795456,29.6974468,102.795456,109.999992,29.6974411,50,-1.52587891E-05,350,300,49.9999962,-1.41307828E-05,155.590912,59.3948746,3.81469727E-06,1
2990,2990,2987,offscreen_render,62.3514557,zoom_sw_out,29.7438927,30,1.77777779,102.878036,29.7438927,102.878036,109.999992,29.7438869,50,-1.52587891E-05,350,300,50.0000038,-1.60381314E-05,155.756073,59.4877663,7.793424E-07,1
2991,2991,2988,offscreen_render,62.36799,zoom_sw_out,29.78321,30,1.77777779,102.947929,29.78321,102.947929,109.999992,29.783205,50,-1.52587891E-05,350,300,50,-1.60381314E-05,155.895859,59.5664,7.793424E-07,1
2992,2992,2989,offscreen_render,62.3847275,zoom_sw_out,29.816494,30,1.77777779,103.007095,29.816494,103.007095,109.999992,29.8164883,50,-1.52587891E-05,350,300,49.99999,-1.60381314E-05,156.014191,59.63297,1.14440918E-05,1
2993,2993,2990,offscreen_render,62.401207,zoom_sw_out,29.8446655,30,1.77777779,103.057182,29.8446655,103.057182,109.999992,29.84466,50,-1.52587891E-05,350,300,50.0000076,-1.60381314E-05,156.11438,59.68931,7.793424E-07,1
2994,2994,2991,offscreen_render,62.4180756,zoom_sw_out,29.8685131,30,1.77777779,103.099579,29.8685131,103.099579,109.999992,29.8685074,50,-1.52587891E-05,350,300,50.0000038,-1.41307828E-05,156.199158,59.7370071,0,1
2995,2995,2992,offscreen_render,62.4351349,zoom_sw_out,29.8886986,30,1.77777779,103.135468,29.8886986,103.135468,109.999992,29.8886929,50,-1.52587891E-05,350,300,50.0000038,-1.60381314E-05,156.270935,59.7773743,7.793424E-07,1
2996,2996,2993,offscreen_render,62.4516068,zoom_sw_out,29.9057884,30,1.77777779,103.165848,29.9057884,103.165848,109.999992,29.9057827,50,-1.52587891E-05,350,300,50,-1.41307828E-05,156.3317,59.811554,0,1
2997,2997,2994,offscreen_render,62.46776,zoom_sw_out,29.92025,30,1.77777779,103.191559,29.92025,103.191559,109.999992,29.9202442,50,-1.52587891E-05,350,300,50.00001,-1.60381314E-05,156.383118,59.84048,7.793424E-07,1
2998,2998,2995,offscreen_render,62.4845543,zoom_sw_out,29.9324932,30,1.77777779,103.213318,29.9324932,103.213318,109.999992,29.9324875,50,-1.52587891E-05,350,300,49.9999962,-1.41307828E-05,156.426636,59.8649673,3.81469727E-06,1
2999,2999,2996,offscreen_render,62.50166,zoom_sw_out,29.9428577,30,1.77777779,103.23175,29.9428577,103.23175,109.999992,29.942852,50,-1.52587891E-05,350,300,50.0000038,-1.60381314E-05,156.4635,59.8856964,7.793424E-07,1
3000,3000,2997,offscreen_render,62.51792,zoom_sw_out,29.95163,30,1.77777779,103.247345,29.95163,103.247345,109.999992,29.9516239,50,-1.52587891E-05,350,300,50.0000038,-1.41307828E-05,156.49469,59.9032364,0,1
3001,3001,2998,offscreen_render,62.5345879,zoom_sw_out,29.9590549,30,1.77777779,103.260544,29.9590549,103.260544,109.999992,29.95905,50,-1.52587891E-05,350,300,50,-1.41307828E-05,156.521088,59.9180832,0,1
3002,3002,2999,offscreen_render,62.5513039,zoom_sw_out,29.9653416,30,1.77777779,103.271713,29.9653416,103.271713,109.999992,29.9653358,50,-1.52587891E-05,350,300,49.9999962,-1.41307828E-05,156.543427,59.9306641,3.81469727E-06,1
3003,3003,3000,offscreen_render,62.5678749,zoom_sw_out,29.9706631,30,1.77777779,103.281174,29.9706631,103.281174,109.999992,29.9706573,50,-1.52587891E-05,350,300,49.99999,-1.60381314E-05,156.562347,59.9413071,1.14440918E-05,1
3004,3004,3001,offscreen_render,62.5852127,zoom_sw_out,29.9751663,30,1.77777779,103.289185,29.9751663,103.289185,109.999992,29.97516,50,-1.52587891E-05,350,300,50,-1.41307828E-05,156.578369,59.95031,0,1
3005,3005,3002,offscreen_render,62.6012878,zoom_sw_out,29.97898,30,1.77777779,103.295959,29.97898,103.295959,109.999992,29.9789734,50,-1.52587891E-05,350,300,49.9999962,-1.41307828E-05,156.591919,59.95794,3.81469727E-06,1
3006,3006,3003,offscreen_render,62.618145,zoom_sw_out,29.9822063,30,1.77777779,103.3017,29.9822063,103.3017,109.999992,29.9822,50,-1.52587891E-05,350,300,49.9999924,-1.41307828E-05,156.6034,59.9643936,7.62939453E-06,1
3007,3007,3004,offscreen_render,62.6344147,zoom_sw_out,29.9849377,30,1.77777779,103.306557,29.9849377,103.306557,109.999992,29.9849319,50,-1.52587891E-05,350,300,50,-1.60381314E-05,156.613113,59.9698563,7.793424E-07,1
3008,3008,3005,offscreen_render,62.65102,zoom_sw_out,29.98725,30,1.77777779,103.310669,29.98725,103.310669,109.999992,29.9872437,50,-1.52587891E-05,350,300,50.0000038,-1.60381314E-05,156.621338,59.97448,7.793424E-07,1
3009,3009,3006,offscreen_render,62.66844,zoom_sw_out,29.9892731,30,1.77777779,103.314262,29.9892731,103.314262,109.999992,29.9892673,50,-1.52587891E-05,350,300,49.9999962,-1.60381314E-05,156.628525,59.9785233,3.81469727E-06,1
3010,3010,3007,offscreen_render,62.6849937,zoom_sw_out,29.99092,30,1.77777779,103.317184,29.99092,103.317184,109.999992,29.9909134,50,-1.52587891E-05,350,300,49.9999962,-1.41307828E-05,156.634369,59.98182,3.81469727E-06,1
3011,3011,3008,offscreen_render,62.7016945,zoom_sw_out,29.9923134,30,1.77777779,103.319672,29.9923134,103.319672,109.999992,29.9923077,50,-1.52587891E-05,350,300,50.0000076,-1.41307828E-05,156.639343,59.9846039,0,1
3012,3012,3009,offscreen_render,62.71865,zoom_sw_out,29.993494,30,1.77777779,103.321762,29.993494,103.321762,109.999992,29.9934883,50,-1.52587891E-05,350,300,49.9999962,-1.60381314E-05,156.643524,59.98697,3.81469727E-06,1
3013,3013,3010,offscreen_render,62.73531,zoom_sw_out,29.9944935,30,1.77777779,103.323547,29.9944935,103.323547,109.999992,29.9944878,50,-1.52587891E-05,350,300,50.0000038,-1.60381314E-05,156.6471,59.9889679,7.793424E-07,1
3014,3014,3011,offscreen_render,62.7517357,zoom_sw_out,29.9953384,30,1.77777779,103.325043,29.9953384,103.325043,109.999992,29.9953327,50,-1.52587891E-05,350,300,49.9999962,-1.60381314E-05,156.650085,59.990654,3.81469727E-06,1
3015,3015,3012,offscreen_render,62.76822,zoom_sw_out,29.9960575,30,1.77777779,103.326324,29.9960575,103.326324,109.999992,29.9960518,50,-1.52587891E-05,350,300,50,-1.41307828E-05,156.652649,59.9920959,0,1
3016,3016,3013,offscreen_render,62.886425,zoom_sw_in,17.5746613,12,1.77777779,95.23018,25.4419746,95.23018,109.999992,25.4419689,50,-1.52587891E-05,350,300,63.9863358,7.86729765,126.474022,43.0166168,0,1
3017,3017,3014,offscreen_render,63.0024948,zoom_sw_in,13.8146009,12,1.77777779,85.16528,19.7804718,85.16528,109.999992,19.7804661,50,-1.52587891E-05,350,300,60.6059952,5.965853,109.724571,33.59505,0,1
3018,3018,3015,offscreen_render,63.1135941,zoom_sw_in,12.5755558,12,1.77777779,78.0934,15.802536,78.0934,109.999992,15.8025293,50,-1.52587891E-05,350,300,55.7368546,3.22696137,100.449944,28.3780689,0,1
3019,3019,3016,offscreen_render,63.13011,zoom_sw_in,12.4871874,12,1.77777779,77.3785858,15.4004555,77.3785858,109.999992,15.4004488,50,-1.52587891E-05,350,300,55.179142,2.9132483,99.57803,27.88762,0,1
3020,3020,3017,offscreen_render,63.1463928,zoom_sw_in,12.4123955,12,1.77777779,76.73522,15.0385637,76.73522,109.999992,15.0385571,50,-1.52587891E-05,350,300,54.66873,2.62615037,98.8017,27.4509373,0,1
3021,3021,3018,offscreen_render,63.1625366,zoom_sw_in,12.3490858,12,1.77777779,76.156,14.7127485,76.156,109.999992,14.7127419,50,-1.52587891E-05,350,300,54.202076,2.36364484,98.10994,27.0618134,0,1
3022,3022,3019,offscreen_render,63.1799,zoom_sw_in,12.2954931,12,1.77777779,75.63463,14.4194765,75.63463,109.999992,14.41947,50,-1.52587891E-05,350,300,53.7759743,2.12396455,97.4932861,26.7149487,0,1
3023,3023,3020,offscreen_render,63.1961975,zoom_sw_in,12.2501287,12,1.77777779,75.16561,14.155653,75.16561,109.999992,14.1556463,50,-1.52587891E-05,350,300,53.3876038,1.90550625,96.94362,26.40576,0,1
3024,3024,3021,offscreen_render,63.212925,zoom_sw_in,12.2112913,12,1.77777779,74.7390442,13.9157076,74.7390442,109.999992,13.9157009,50,-1.52587891E-05,350,300,53.0300827,1.70439732,96.4480057,26.1269779,0,1
3025,3025,3022,offscreen_render,63.2296524,zoom_sw_in,12.1788549,12,1.77777779,74.36095,13.7030287,74.36095,109.999992,13.703022,50,-1.52587891E-05,350,300,52.7096558,1.52415478,96.01225,25.88186,0,1
3026,3026,3023,offscreen_render,63.2463264,zoom_sw_in,12.1513977,12,1.77777779,74.02177,13.5122385,74.02177,109.999992,13.5122318,50,-1.52587891E-05,350,300,52.41928,1.36082184,95.62425,25.6636143,0,1
3027,3027,3024,offscreen_render,63.2629967,zoom_sw_in,12.1281557,12,1.77777779,73.71787,13.3412971,73.71787,109.999992,13.34129,50,-1.52587891E-05,350,300,52.1567078,1.21312249,95.27904,25.46943,0,1
3028,3028,3025,offscreen_render,63.2797241,zoom_sw_in,12.1084814,12,1.77777779,73.44592,13.1883259,73.44592,109.999992,13.1883192,50,-1.52587891E-05,350,300,51.91973,1.07982552,94.9721146,25.2967834,0,1
3029,3029,3026,offscreen_render,63.2964439,zoom_sw_in,12.0918274,12,1.77777779,73.20289,13.0516186,73.20289,109.999992,13.0516119,50,-1.52587891E-05,350,300,51.7063065,0.9597723,94.69947,25.1434231,0,1
3030,3030,3027,offscreen_render,63.31288,zoom_sw_in,12.07773,12,1.77777779,72.98598,12.9296045,72.98598,109.999992,12.9295979,50,-1.52587891E-05,350,300,51.5144577,0.851855457,94.4575,25.0073128,0,1
3031,3031,3028,offscreen_render,63.32974,zoom_sw_in,12.0657959,12,1.77777779,72.79262,12.8208408,72.79262,109.999992,12.8208342,50,-1.52587891E-05,350,300,51.3423157,0.755026042,94.24292,24.8866138,0,1
3032,3032,3029,offscreen_render,63.34598,zoom_sw_in,12.0556965,12,1.77777779,72.6205444,12.7240515,72.6205444,109.999992,12.7240448,50,-1.52587891E-05,350,300,51.1881943,0.6683361,94.0528946,24.7797241,0,1
3033,3033,3030,offscreen_render,63.3629646,zoom_sw_in,12.0471458,12,1.77777779,72.4675446,12.63799,72.4675446,109.999992,12.6379833,50,-1.52587891E-05,350,300,51.050396,0.59082526,93.88469,24.685112,0,1
3034,3034,3031,offscreen_render,63.3802376,zoom_sw_in,12.0398073,12,1.77777779,72.32979,12.560503,72.32979,109.999992,12.5604963,50,-1.52587891E-05,350,300,50.9256859,0.520675838,93.73389,24.6002865,0,1
3035,3035,3032,offscreen_render,63.39691,zoom_sw_in,12.0336962,12,1.77777779,72.20957,12.4928818,72.20957,109.999992,12.4928751,50,-1.52587891E-05,350,300,50.8163338,0.459167659,93.60281,24.526556,0,1
3036,3036,3033,offscreen_render,63.41333,zoom_sw_in,12.0285234,12,1.77777779,72.10312,12.4330044,72.10312,109.999992,12.4329977,50,-1.52587891E-05,350,300,50.7190781,0.404463,93.48716,24.4615078,0,1
3037,3037,3034,offscreen_render,63.4302025,zoom_sw_in,12.0241442,12,1.77777779,72.0089645,12.3800411,72.0089645,109.999992,12.3800344,50,-1.52587891E-05,350,300,50.6327057,0.355878055,93.38522,24.4041634,0,1
3038,3038,3035,offscreen_render,63.4463,zoom_sw_in,12.0204372,12,1.77777779,71.92578,12.33325,71.92578,109.999992,12.3332434,50,-1.52587891E-05,350,300,50.5561142,0.312792957,93.29545,24.3536644,0,1
3039,3039,3036,offscreen_render,63.4630775,zoom_sw_in,12.0173,12,1.77777779,71.85238,12.29196,71.85238,109.999992,12.2919531,50,-1.52587891E-05,350,300,50.48829,0.274641216,93.21647,24.3092365,0,1
3040,3040,3037,offscreen_render,63.47986,zoom_sw_in,12.0146437,12,1.77777779,71.78769,12.2555714,71.78769,109.999992,12.2555647,50,-1.52587891E-05,350,300,50.42832,0.240907848,93.14706,24.2701931,0,1
3041,3041,3038,offscreen_render,63.4964561,zoom_sw_in,12.0123959,12,1.77777779,71.73072,12.2235289,71.73072,109.999992,12.2235222,50,-1.52587891E-05,350,300,50.37535,0.211114109,93.08609,24.2359028,0,1
3042,3042,3039,offscreen_render,63.51346,zoom_sw_in,12.0104923,12,1.77777779,71.68061,12.195344,71.68061,109.999992,12.1953373,50,-1.52587891E-05,350,300,50.3286247,0.184832752,93.03259,24.2058125,0,1
3043,3043,3040,offscreen_render,63.529705,zoom_sw_in,12.0088816,12,1.77777779,71.63659,12.1705837,71.63659,109.999992,12.170577,50,-1.52587891E-05,350,300,50.287468,0.161683261,92.98571,24.1794415,0,1
3044,3044,3041,offscreen_render,63.5463943,zoom_sw_in,12.0075178,12,1.77777779,71.5979462,12.1488457,71.5979462,109.999992,12.148839,50,-1.52587891E-05,350,300,50.2512474,0.141308963,92.94464,24.1563416,0,1
3045,3045,3042,offscreen_render,63.5632935,zoom_sw_in,12.0063639,12,1.77777779,71.56406,12.1297836,71.56406,109.999992,12.129777,50,-1.52587891E-05,350,300,50.21941,0.12340086,92.90871,24.1361256,0,1
3046,3046,3043,offscreen_render,63.57976,zoom_sw_in,12.0053873,12,1.77777779,71.53436,12.1130819,71.53436,109.999992,12.1130753,50,-1.52587891E-05,350,300,50.191452,0.107676677,92.87727,24.1184464,0,1
3047,3047,3044,offscreen_render,63.59677,zoom_sw_in,12.00456,12,1.77777779,71.50837,12.0984592,71.50837,109.999992,12.0984526,50,-1.52587891E-05,350,300,50.16693,0.0938808247,92.84981,24.1029968,0,1
3048,3048,3045,offscreen_render,63.613533,zoom_sw_in,12.0038528,12,1.77777779,71.48538,12.08553,71.48538,109.999992,12.0855236,50,-1.52587891E-05,350,300,50.1452,0.0816585347,92.82556,24.0893612,0,1
3049,3049,3046,offscreen_render,63.7289047,zoom_se_base,12,12,1.77777779,328.666656,12,328.666656,109.999992,11.9999933,50,-1.52587891E-05,350,300,307.333344,-1.88991544E-05,350.000031,23.999979,3.05175781E-05,1
3050,3050,3047,offscreen_render,63.8381081,zoom_se_out,23.79097,30,1.77777779,307.704956,23.79097,307.704956,109.999992,23.7909641,50,-1.52587891E-05,350,300,265.4099,-1.794548E-05,350,47.5819168,2.686691E-06,1
3051,3051,3048,offscreen_render,63.9519577,zoom_se_out,28.0349541,30,1.77777779,300.1601,28.0349541,300.1601,109.999992,28.0349483,50,-1.52587891E-05,350,300,250.320175,-1.794548E-05,350,56.0698853,2.686691E-06,1
3052,3052,3049,offscreen_render,64.0691452,zoom_se_out,29.39327,30,1.77777779,297.7453,29.39327,297.7453,109.999992,29.3932648,50,-1.52587891E-05,350,300,245.49057,-1.60381314E-05,349.999969,58.78652,7.793424E-07,1
3053,3053,3050,offscreen_render,64.0856,zoom_se_out,29.4864235,30,1.77777779,297.579681,29.4864235,297.579681,109.999992,29.4864178,50,-1.52587891E-05,350,300,245.159378,-1.60381314E-05,350,58.9728241,7.793424E-07,1
3054,3054,3051,offscreen_render,64.10287,zoom_se_out,29.566515,30,1.77777779,297.437317,29.566515,297.437317,109.999992,29.56651,50,-1.52587891E-05,350,300,244.874588,-1.60381314E-05,349.999969,59.133007,7.793424E-07,1
3055,3055,3052,offscreen_render,64.11888,zoom_se_out,29.6330776,30,1.77777779,297.31897,29.6330776,297.31897,109.999992,29.6330719,50,-1.52587891E-05,350,300,244.637939,-1.794548E-05,350,59.2661362,2.686691E-06,1
3056,3056,3053,offscreen_render,64.13534,zoom_se_out,29.6893959,30,1.77777779,297.218842,29.6893959,297.218842,109.999992,29.68939,50,-1.52587891E-05,350,300,244.437668,-1.60381314E-05,349.999939,59.37877,7.793424E-07,1
3057,3057,3054,offscreen_render,64.15163,zoom_se_out,29.73708,30,1.77777779,297.1341,29.73708,297.1341,109.999992,29.7370739,50,-1.52587891E-05,350,300,244.268173,-1.41307828E-05,350,59.4741364,0,1
3058,3058,3055,offscreen_render,64.16891,zoom_se_out,29.7785339,30,1.77777779,297.0604,29.7785339,297.0604,109.999992,29.7785282,50,-1.52587891E-05,350,300,244.120773,-1.41307828E-05,350,59.557045,0,1
3059,3059,3056,offscreen_render,64.18603,zoom_se_out,29.8129044,30,1.77777779,296.999268,29.8129044,296.999268,109.999992,29.8128986,50,-1.52587891E-05,350,300,243.99855,-1.60381314E-05,350,59.62579,7.793424E-07,1
3060,3060,3057,offscreen_render,64.20209,zoom_se_out,29.8416252,30,1.77777779,296.9482,29.8416252,296.9482,109.999992,29.84162,50,-1.52587891E-05,350,300,243.896439,-1.60381314E-05,350,59.68323,7.793424E-07,1
3061,3061,3058,offscreen_render,64.21951,zoom_se_out,29.86594,30,1.77777779,296.905,29.86594,296.905,109.999992,29.8659344,50,-1.52587891E-05,350,300,243.81,-1.41307828E-05,350,59.7318573,0,1
3062,3062,3059,offscreen_render,64.23614,zoom_se_out,29.8865223,30,1.77777779,296.8684,29.8865223,296.8684,109.999992,29.8865166,50,-1.52587891E-05,350,300,243.736816,-1.60381314E-05,350,59.77302,7.793424E-07,1
3063,3063,3060,offscreen_render,64.25251,zoom_se_out,29.903944,30,1.77777779,296.837433,29.903944,296.837433,109.999992,29.9039383,50,-1.52587891E-05,350,300,243.674866,-1.60381314E-05,350,59.80787,7.793424E-07,1
3064,3064,3061,offscreen_render,64.26899,zoom_se_out,29.91869,30,1.77777779,296.811218,29.91869,296.811218,109.999992,29.918684,50,-1.52587891E-05,350,300,243.622437,-1.60381314E-05,350,59.83736,7.793424E-07,1
3065,3065,3062,offscreen_render,64.285965,zoom_se_out,29.9311714,30,1.77777779,296.789032,29.9311714,296.789032,109.999992,29.9311657,50,-1.52587891E-05,350,300,243.578064,-1.41307828E-05,350,59.86232,0,1
3066,3066,3063,offscreen_render,64.3025055,zoom_se_out,29.9417381,30,1.77777779,296.770233,29.9417381,296.770233,109.999992,29.9417324,50,-1.52587891E-05,350,300,243.540451,-1.41307828E-05,349.999969,59.8834534,0,1
3067,3067,3064,offscreen_render,64.31912,zoom_se_out,29.9506817,30,1.77777779,296.754333,29.9506817,296.754333,109.999992,29.950676,50,-1.52587891E-05,350,300,243.508682,-1.41307828E-05,350,59.9013367,0,1
3068,3068,3065,offscreen_render,64.33581,zoom_se_out,29.9582539,30,1.77777779,296.740875,29.9582539,296.740875,109.999992,29.9582481,50,-1.52587891E-05,350,300,243.48175,-1.60381314E-05,350,59.91649,7.793424E-07,1
3069,3069,3066,offscreen_render,64.3521652,zoom_se_out,29.9646626,30,1.77777779,296.7295,29.9646626,296.7295,109.999992,29.9646568,50,-1.52587891E-05,350,300,243.459015,-1.41307828E-05,350.000031,59.929306,3.05175781E-05,1
3070,3070,3067,offscreen_render,64.36948,zoom_se_out,29.9702,30,1.77777779,296.719635,29.9702,296.719635,109.999992,29.9701939,50,-1.52587891E-05,350,300,243.439285,-1.41307828E-05,350,59.9403763,0,1
3071,3071,3068,offscreen_render,64.38656,zoom_se_out,29.9747753,30,1.77777779,296.711517,29.9747753,296.711517,109.999992,29.97477,50,-1.52587891E-05,350,300,243.423035,-1.60381314E-05,350,59.94953,7.793424E-07,1
3072,3072,3069,offscreen_render,64.4028549,zoom_se_out,29.9786472,30,1.77777779,296.70462,29.9786472,296.70462,109.999992,29.9786415,50,-1.52587891E-05,350,300,243.409241,-1.41307828E-05,350,59.9572754,0,1
3073,3073,3070,offscreen_render,64.41971,zoom_se_out,29.9819775,30,1.77777779,296.6987,29.9819775,296.6987,109.999992,29.9819717,50,-1.52587891E-05,350,300,243.3974,-1.60381314E-05,350,59.9639359,7.793424E-07,1
3074,3074,3071,offscreen_render,64.4365158,zoom_se_out,29.984745,30,1.77777779,296.6938,29.984745,296.6938,109.999992,29.98474,50,-1.52587891E-05,350,300,243.387573,-1.41307828E-05,350,59.9694672,0,1
3075,3075,3072,offscreen_render,64.45306,zoom_se_out,29.9870872,30,1.77777779,296.689636,29.9870872,296.689636,109.999992,29.9870815,50,-1.52587891E-05,350,300,243.379257,-1.41307828E-05,350,59.97415,0,1
3076,3076,3073,offscreen_render,64.47014,zoom_se_out,29.989069,30,1.77777779,296.6861,29.989069,296.6861,109.999992,29.9890633,50,-1.52587891E-05,350,300,243.3722,-1.60381314E-05,350,59.9781151,7.793424E-07,1
3077,3077,3074,offscreen_render,64.4861145,zoom_se_out,29.9907475,30,1.77777779,296.6831,29.9907475,296.6831,109.999992,29.9907417,50,-1.52587891E-05,350,300,243.366211,-1.60381314E-05,350,59.981472,7.793424E-07,1
3078,3078,3075,offscreen_render,64.50311,zoom_se_out,29.9921684,30,1.77777779,296.6806,29.9921684,296.6806,109.999992,29.9921627,50,-1.52587891E-05,350,300,243.361191,-1.60381314E-05,350,59.984314,7.793424E-07,1
3079,3079,3076,offscreen_render,64.51955,zoom_se_out,29.99337,30,1.77777779,296.678467,29.99337,296.678467,109.999992,29.9933643,50,-1.52587891E-05,350,300,243.356918,-1.60381314E-05,350.000031,59.98672,3.05175781E-05,1
3080,3080,3077,offscreen_render,64.5365143,zoom_se_out,29.9943886,30,1.77777779,296.676636,29.9943886,296.676636,109.999992,29.9943829,50,-1.52587891E-05,350,300,243.353271,-1.41307828E-05,350,59.9887543,0,1
3081,3081,3078,offscreen_render,64.55289,zoom_se_out,29.99525,30,1.77777779,296.6751,29.99525,296.6751,109.999992,29.995245,50,-1.52587891E-05,350,300,243.35025,-1.60381314E-05,350.000031,59.9904823,3.05175781E-05,1
3082,3082,3079,offscreen_render,64.6697159,zoom_se_in,17.62393,12,1.77777779,304.668121,25.4991837,304.668121,109.999992,25.4991779,50,-1.52587891E-05,350,300,273.3367,7.875236,335.999542,43.1230927,0,1
3083,3083,3080,offscreen_render,64.78195,zoom_se_in,13.8405027,12,1.77777779,314.7073,19.8521461,314.7073,109.999992,19.85214,50,-1.52587891E-05,350,300,290.101959,6.011625,339.312653,33.692627,0,1
3084,3084,3081,offscreen_render,64.89309,zoom_se_in,12.6054831,12,1.77777779,321.662628,15.9397764,321.662628,109.999992,15.93977,50,-1.52587891E-05,350,300,299.252869,3.33427453,344.0724,28.5452366,0,1
3085,3085,3082,offscreen_render,64.91001,zoom_se_in,12.5121517,12,1.77777779,322.401062,15.5244017,322.401062,109.999992,15.524395,50,-1.52587891E-05,350,300,300.157227,3.012231,344.6449,28.0365314,0,1
3086,3086,3083,offscreen_render,64.92663,zoom_se_in,12.4335356,12,1.77777779,323.0635,15.151783,323.0635,109.999992,15.1517763,50,-1.52587891E-05,350,300,300.959442,2.71822953,345.167572,27.5852985,0,1
3087,3087,3084,offscreen_render,64.94256,zoom_se_in,12.3669806,12,1.77777779,323.6607,14.815855,323.6607,109.999992,14.8158484,50,-1.52587891E-05,350,300,301.674957,2.44885659,345.646454,27.1828136,0,1
3088,3088,3085,offscreen_render,64.95898,zoom_se_in,12.31064,12,1.77777779,324.198883,14.5131245,324.198883,109.999992,14.5131178,50,-1.52587891E-05,350,300,302.3133,2.20246625,346.084473,26.8237438,0,1
3089,3089,3086,offscreen_render,64.97567,zoom_se_in,12.262949,12,1.77777779,324.683563,14.2404861,324.683563,109.999992,14.2404795,50,-1.52587891E-05,350,300,302.882751,1.97751915,346.484375,26.5034122,0,1
3090,3090,3087,offscreen_render,64.99233,zoom_se_in,12.2225819,12,1.77777779,325.119659,13.9951792,325.119659,109.999992,13.9951725,50,-1.52587891E-05,350,300,303.390625,1.77257836,346.8487,26.21774,0,1
3091,3091,3088,offscreen_render,65.00884,zoom_se_in,12.1884117,12,1.77777779,325.5117,13.7746687,325.5117,109.999992,13.774662,50,-1.52587891E-05,350,300,303.8434,1.586239,347.179962,25.96306,0,1
3092,3092,3089,offscreen_render,65.0262146,zoom_se_in,12.158988,12,1.77777779,325.869934,13.5731564,325.869934,109.999992,13.57315,50,-1.52587891E-05,350,300,304.253967,1.4141494,347.4859,25.7321224,0,1
3093,3093,3090,offscreen_render,65.04267,zoom_se_in,12.1345835,12,1.77777779,326.184875,13.395999,326.184875,109.999992,13.3959923,50,-1.52587891E-05,350,300,304.612274,1.26139653,347.757477,25.5305614,0,1
3094,3094,3091,offscreen_render,65.0595551,zoom_se_in,12.11392,12,1.77777779,326.46698,13.2373142,326.46698,109.999992,13.2373075,50,-1.52587891E-05,350,300,304.931122,1.123375,348.002838,25.3512135,0,1
3095,3095,3092,offscreen_render,65.07623,zoom_se_in,12.0964308,12,1.77777779,326.719238,13.0954132,326.719238,109.999992,13.0954065,50,-1.52587891E-05,350,300,305.214478,0.998963535,348.224,25.1918221,0,1
3096,3096,3093,offscreen_render,65.09358,zoom_se_in,12.0811653,12,1.77777779,326.951752,12.9646187,326.951752,109.999992,12.964612,50,-1.52587891E-05,350,300,305.474121,0.8834345,348.429382,25.045763,0,1
3097,3097,3094,offscreen_render,65.10995,zoom_se_in,12.0686989,12,1.77777779,327.152,12.8519821,327.152,109.999992,12.8519754,50,-1.52587891E-05,350,300,305.696533,0.783264339,348.607483,24.92066,0,1
3098,3098,3095,offscreen_render,65.12635,zoom_se_in,12.0581532,12,1.77777779,327.330231,12.75173,327.330231,109.999992,12.7517233,50,-1.52587891E-05,350,300,305.893524,0.693556964,348.766937,24.80986,0,1
3099,3099,3096,offscreen_render,65.14348,zoom_se_in,12.0491667,12,1.77777779,327.489838,12.6619587,327.489838,109.999992,12.661952,50,-1.52587891E-05,350,300,306.0691,0.6127731,348.910583,24.7111034,0,1
3100,3100,3097,offscreen_render,65.15994,zoom_se_in,12.0416183,12,1.77777779,327.630524,12.5828285,327.630524,109.999992,12.5828218,50,-1.52587891E-05,350,300,306.2232,0.5411913,349.037842,24.6244221,0,1
3101,3101,3098,offscreen_render,65.17676,zoom_se_in,12.03523,12,1.77777779,327.7553,12.5126429,327.7553,109.999992,12.5126362,50,-1.52587891E-05,350,300,306.359344,0.477393329,349.151276,24.54785,0,1
3102,3102,3099,offscreen_render,65.19394,zoom_se_in,12.0298214,12,1.77777779,327.865845,12.4504642,327.865845,109.999992,12.4504576,50,-1.52587891E-05,350,300,306.4795,0.420623958,349.2522,24.4802647,0,1
3103,3103,3100,offscreen_render,65.21004,zoom_se_in,12.0252438,12,1.77777779,327.963654,12.3954515,327.963654,109.999992,12.3954449,50,-1.52587891E-05,350,300,306.585449,0.3701889,349.341858,24.4206734,0,1
3104,3104,3101,offscreen_render,65.22683,zoom_se_in,12.021368,12,1.77777779,328.050079,12.3468351,328.050079,109.999992,12.3468285,50,-1.52587891E-05,350,300,306.678772,0.325448215,349.4214,24.36818,0,1
3105,3105,3102,offscreen_render,65.2432861,zoom_se_in,12.0180874,12,1.77777779,328.126373,12.3039217,328.126373,109.999992,12.303915,50,-1.52587891E-05,350,300,306.7609,0.285815418,349.491852,24.3219872,0,1
3106,3106,3103,offscreen_render,65.25994,zoom_se_in,12.01531,12,1.77777779,328.193634,12.2660875,328.193634,109.999992,12.2660809,50,-1.52587891E-05,350,300,306.833069,0.25075835,349.5542,24.281374,0,1
3107,3107,3104,offscreen_render,65.27665,zoom_se_in,12.0129595,12,1.77777779,328.252869,12.2327662,328.252869,109.999992,12.2327595,50,-1.52587891E-05,350,300,306.896484,0.21978873,349.609253,24.2457027,0,1
3108,3108,3105,offscreen_render,65.293396,zoom_se_in,12.01097,12,1.77777779,328.305,12.20345,328.305,109.999992,12.2034435,50,-1.52587891E-05,350,300,306.952148,0.1924612,349.657837,24.2144,0,1
3109,3109,3106,offscreen_render,65.31034,zoom_se_in,12.0092859,12,1.77777779,328.3508,12.17769,328.3508,109.999992,12.1776829,50,-1.52587891E-05,350,300,307.000946,0.168384731,349.700653,24.1869526,0,1
3110,3110,3107,offscreen_render,65.32661,zoom_se_in,12.00786,12,1.77777779,328.391022,12.1550665,328.391022,109.999992,12.15506,50,-1.52587891E-05,350,300,307.0437,0.147186458,349.738342,24.1629047,0,1
3111,3111,3108,offscreen_render,65.34357,zoom_se_in,12.0066538,12,1.77777779,328.4263,12.1352272,328.4263,109.999992,12.1352205,50,-1.52587891E-05,350,300,307.081116,0.128554523,349.771423,24.14186,0,1
3112,3112,3109,offscreen_render,65.36069,zoom_se_in,12.0056324,12,1.77777779,328.4572,12.11784,328.4572,109.999992,12.1178331,50,-1.52587891E-05,350,300,307.113861,0.112188511,349.800568,24.12345,0,1
3113,3113,3110,offscreen_render,65.37661,zoom_se_in,12.0047674,12,1.77777779,328.484283,12.1026163,328.484283,109.999992,12.10261,50,-1.52587891E-05,350,300,307.1425,0.0978309438,349.82608,24.1073627,0,1
3114,3114,3111,offscreen_render,65.39438,zoom_se_in,12.004035,12,1.77777779,328.507965,12.0892982,328.507965,109.999992,12.0892916,50,-1.52587891E-05,350,300,307.16745,0.0852453038,349.84848,24.0933132,0,1
3115,3115,3112,offscreen_render,65.50756,zoom_nw_base,12,12,1.77777779,71.3333359,288,71.3333359,109.999992,288,50,-1.52587891E-05,350,300,50,276.000031,92.66667,300.000031,3.05175781E-05,1
3116,3116,3113,offscreen_render,65.62279,zoom_nw_out,24.2311325,30,1.77777779,93.07757,275.76886,93.07757,109.999992,275.76886,50,-1.52587891E-05,350,300,50,251.53772,136.155136,300,0,1
3117,3117,3114,offscreen_render,65.7376,zoom_nw_out,28.1798019,30,1.77777779,100.097427,271.8202,100.097427,109.999992,271.8202,50,-1.52587891E-05,350,300,50.0000038,243.640411,150.194855,300.000031,3.05175781E-05,1
3118,3118,3115,offscreen_render,65.856514,zoom_nw_out,29.4444275,30,1.77777779,102.34565,270.555573,102.34565,109.999992,270.555573,50,-1.52587891E-05,350,300,50,241.11113,154.6913,300,0,1
3119,3119,3116,offscreen_render,65.87247,zoom_nw_out,29.52985,30,1.77777779,102.497513,270.470154,102.497513,109.999992,270.470154,50,-1.52587891E-05,350,300,50,240.940292,154.995026,300,0,1
3120,3120,3117,offscreen_render,65.8882751,zoom_nw_out,29.6020241,30,1.77777779,102.625824,270.39798,102.625824,109.999992,270.39798,50,-1.52587891E-05,350,300,50.0000076,240.795944,155.251648,300,0,1
3121,3121,3118,offscreen_render,65.90534,zoom_nw_out,29.6631222,30,1.77777779,102.734436,270.336884,102.734436,109.999992,270.336884,50,-1.52587891E-05,350,300,49.9999962,240.673752,155.468872,300,3.81469727E-06,1
3122,3122,3119,offscreen_render,65.92205,zoom_nw_out,29.714838,30,1.77777779,102.826378,270.285156,102.826378,109.999992,270.285156,50,-1.52587891E-05,350,300,49.9999962,240.570313,155.652756,300,3.81469727E-06,1
3123,3123,3120,offscreen_render,65.9380951,zoom_nw_out,29.75862,30,1.77777779,102.904213,270.2414,102.904213,109.999992,270.2414,50,-1.52587891E-05,350,300,49.9999924,240.482742,155.808411,299.999969,7.62939453E-06,1
3124,3124,3121,offscreen_render,65.9550552,zoom_nw_out,29.7956753,30,1.77777779,102.970093,270.2043,102.970093,109.999992,270.2043,50,-1.52587891E-05,350,300,50.0000038,240.40863,155.940186,300,0,1
3125,3125,3122,offscreen_render,65.97147,zoom_nw_out,29.8270416,30,1.77777779,103.025848,270.172974,103.025848,109.999992,270.172974,50,-1.52587891E-05,350,300,49.9999962,240.345932,156.0517,300,3.81469727E-06,1
3126,3126,3123,offscreen_render,65.98831,zoom_nw_out,29.8535957,30,1.77777779,103.073059,270.1464,103.073059,109.999992,270.1464,50,-1.52587891E-05,350,300,50.0000038,240.292786,156.146118,300,0,1
3127,3127,3124,offscreen_render,66.0053253,zoom_nw_out,29.8762474,30,1.77777779,103.113327,270.123749,103.113327,109.999992,270.123749,50,-1.52587891E-05,350,300,49.9999962,240.2475,156.226654,300,3.81469727E-06,1
3128,3128,3125,offscreen_render,66.02225,zoom_nw_out,29.8953953,30,1.77777779,103.147369,270.1046,103.147369,109.999992,270.1046,50,-1.52587891E-05,350,300,50,240.209213,156.294739,300,0,1
3129,3129,3126,offscreen_render,66.0388641,zoom_nw_out,29.9114552,30,1.77777779,103.175919,270.088531,103.175919,109.999992,270.088531,50,-1.52587891E-05,350,300,50.0000038,240.1771,156.351852,300.000031,3.05175781E-05,1
3130,3130,3127,offscreen_render,66.0559158,zoom_nw_out,29.9253635,30,1.77777779,103.200645,270.074646,103.200645,109.999992,270.074646,50,-1.52587891E-05,350,300,50,240.1493,156.401291,300.000031,3.05175781E-05,1
3131,3131,3128,offscreen_render,66.0723648,zoom_nw_out,29.9368668,30,1.77777779,103.2211,270.063141,103.2211,109.999992,270.063141,50,-1.52587891E-05,350,300,50.0000038,240.126266,156.4422,300,0,1
3132,3132,3129,offscreen_render,66.08918,zoom_nw_out,29.946558,30,1.77777779,103.238327,270.053436,103.238327,109.999992,270.053436,50,-1.52587891E-05,350,300,50.0000038,240.106873,156.476669,300,0,1
3133,3133,3130,offscreen_render,66.1056061,zoom_nw_out,29.9547634,30,1.77777779,103.252914,270.045227,103.252914,109.999992,270.045227,50,-1.52587891E-05,350,300,50,240.090485,156.505829,300.000031,3.05175781E-05,1
3134,3134,3131,offscreen_render,66.12264,zoom_nw_out,29.9618053,30,1.77777779,103.265427,270.0382,103.265427,109.999992,270.0382,50,-1.52587891E-05,350,300,49.9999962,240.07637,156.530853,299.999969,3.81469727E-06,1
3135,3135,3132,offscreen_render,66.13935,zoom_nw_out,29.9676685,30,1.77777779,103.275856,270.032318,103.275856,109.999992,270.032318,50,-1.52587891E-05,350,300,50,240.064636,156.551712,300,0,1
3136,3136,3133,offscreen_render,66.1562042,zoom_nw_out,29.9726315,30,1.77777779,103.284683,270.027374,103.284683,109.999992,270.027374,50,-1.52587891E-05,350,300,50.0000038,240.054733,156.569366,300,0,1
3137,3137,3134,offscreen_render,66.17255,zoom_nw_out,29.9768333,30,1.77777779,103.292145,270.023163,103.292145,109.999992,270.023163,50,-1.52587891E-05,350,300,49.9999962,240.046326,156.58429,300,3.81469727E-06,1
3138,3138,3135,offscreen_render,66.18933,zoom_nw_out,29.98039,30,1.77777779,103.298477,270.019623,103.298477,109.999992,270.019623,50,-1.52587891E-05,350,300,50.0000076,240.03923,156.596954,300,0,1
3139,3139,3136,offscreen_render,66.20618,zoom_nw_out,29.9834,30,1.77777779,103.303818,270.0166,103.303818,109.999992,270.0166,50,-1.52587891E-05,350,300,49.9999962,240.033188,156.607635,300,3.81469727E-06,1
3140,3140,3137,offscreen_render,66.2230453,zoom_nw_out,29.9859486,30,1.77777779,103.30835,270.014038,103.30835,109.999992,270.014038,50,-1.52587891E-05,350,300,49.9999924,240.028076,156.6167,299.999969,7.62939453E-06,1
3141,3141,3138,offscreen_render,66.23969,zoom_nw_out,29.9881058,30,1.77777779,103.312187,270.0119,103.312187,109.999992,270.0119,50,-1.52587891E-05,350,300,50.0000038,240.023788,156.62439,300,0,1
3142,3142,3139,offscreen_render,66.25622,zoom_nw_out,29.9899311,30,1.77777779,103.31543,270.010071,103.31543,109.999992,270.010071,50,-1.52587891E-05,350,300,49.99999,240.020126,156.630859,300,1.14440918E-05,1
3143,3143,3140,offscreen_render,66.27275,zoom_nw_out,29.9914761,30,1.77777779,103.318176,270.0085,103.318176,109.999992,270.0085,50,-1.52587891E-05,350,300,50,240.017029,156.636368,300,0,1
3144,3144,3141,offscreen_render,66.2902451,zoom_nw_out,29.992836,30,1.77777779,103.3206,270.007172,103.3206,109.999992,270.007172,50,-1.52587891E-05,350,300,50.0000038,240.014328,156.6412,300,0,1
3145,3145,3142,offscreen_render,66.30704,zoom_nw_out,29.9939365,30,1.77777779,103.322556,270.006073,103.322556,109.999992,270.006073,50,-1.52587891E-05,350,300,50,240.012131,156.645111,300,0,1
3146,3146,3143,offscreen_render,66.32396,zoom_nw_out,29.9948673,30,1.77777779,103.3242,270.005127,103.3242,109.999992,270.005127,50,-1.52587891E-05,350,300,50,240.010284,156.648422,300.000031,3.05175781E-05,1
3147,3147,3144,offscreen_render,66.3409348,zoom_nw_out,29.995657,30,1.77777779,103.325607,270.004333,103.325607,109.999992,270.004333,50,-1.52587891E-05,350,300,49.9999962,240.008667,156.651215,300,3.81469727E-06,1
3148,3148,3145,offscreen_render,66.46138,zoom_nw_in,17.4009533,12,1.77777779,94.86238,274.7649,94.86238,109.999992,274.7649,50,-1.52587891E-05,350,300,63.9273529,257.363953,125.797409,292.165833,0,1
3149,3149,3146,offscreen_render,66.5729141,zoom_nw_in,13.7706032,12,1.77777779,84.92771,280.353149,84.92771,109.999992,280.353149,50,-1.52587891E-05,350,300,60.44664,266.58255,109.408783,294.123749,0,1
3150,3150,3147,offscreen_render,66.68473,zoom_nw_in,12.582221,12,1.77777779,78.12713,284.1785,78.12713,109.999992,284.1785,50,-1.52587891E-05,350,300,55.7587357,271.596283,100.495522,296.7607,0,1
3151,3151,3148,offscreen_render,66.701004,zoom_nw_in,12.4928188,12,1.77777779,77.41112,284.581268,77.41112,109.999992,284.581268,50,-1.52587891E-05,350,300,55.20166,272.08844,99.620575,297.0741,0,1
3152,3152,3149,offscreen_render,66.7171,zoom_nw_in,12.4171476,12,1.77777779,76.7662,284.944031,76.7662,109.999992,284.944031,50,-1.52587891E-05,350,300,54.69127,272.5269,98.8411255,297.361176,0,1
3153,3153,3150,offscreen_render,66.7335052,zoom_nw_in,12.3531179,12,1.77777779,76.18543,285.270721,76.18543,109.999992,285.270721,50,-1.52587891E-05,350,300,54.2243347,272.9176,98.14653,297.62384,0,1
3154,3154,3151,offscreen_render,66.75,zoom_nw_in,12.2989073,12,1.77777779,75.6622849,285.565,75.6622849,109.999992,285.565,50,-1.52587891E-05,350,300,53.79756,273.2661,97.52701,297.863953,0,1
3155,3155,3152,offscreen_render,66.76662,zoom_nw_in,12.2530193,12,1.77777779,75.19141,285.829865,75.19141,109.999992,285.829865,50,-1.52587891E-05,350,300,53.40826,273.576843,96.97455,298.0829,0,1
3156,3156,3153,offscreen_render,66.7833,zoom_nw_in,12.2141752,12,1.77777779,74.7679138,286.068085,74.7679138,109.999992,286.068085,50,-1.52587891E-05,350,300,53.0538254,273.8539,96.482,298.282257,0,1
3157,3157,3154,offscreen_render,66.80025,zoom_nw_in,12.1812963,12,1.77777779,74.3874359,286.2821,74.3874359,109.999992,286.2821,50,-1.52587891E-05,350,300,52.7317963,274.10083,96.0430756,298.46344,0,1
3158,3158,3155,offscreen_render,66.8164139,zoom_nw_in,12.1534643,12,1.77777779,74.04598,286.474182,74.04598,109.999992,286.474182,50,-1.52587891E-05,350,300,52.4398232,274.3207,95.6521454,298.627655,0,1
3159,3159,3156,offscreen_render,66.8332062,zoom_nw_in,12.1299047,12,1.77777779,73.73991,286.646332,73.73991,109.999992,286.646332,50,-1.52587891E-05,350,300,52.17562,274.516418,95.30418,298.776245,0,1
3160,3160,3157,offscreen_render,66.84984,zoom_nw_in,12.1099625,12,1.77777779,73.46592,286.800446,73.46592,109.999992,286.800446,50,-1.52587891E-05,350,300,51.9370956,274.690521,94.99474,298.910431,0,1
3161,3161,3158,offscreen_render,66.86725,zoom_nw_in,12.0928535,12,1.77777779,73.2175751,286.940125,73.2175751,109.999992,286.940125,50,-1.52587891E-05,350,300,51.71917,274.84726,94.71598,299.033,0,1
3162,3162,3159,offscreen_render,66.88338,zoom_nw_in,12.078599,12,1.77777779,72.99925,287.062927,72.99925,109.999992,287.062927,50,-1.52587891E-05,350,300,51.5261955,274.984375,94.47232,299.141571,0,1
3163,3163,3160,offscreen_render,66.89991,zoom_nw_in,12.0665331,12,1.77777779,72.8045959,287.172424,72.8045959,109.999992,287.172424,50,-1.52587891E-05,350,300,51.35298,275.1059,94.25621,299.238953,0,1
3164,3164,3161,offscreen_render,66.91663,zoom_nw_in,12.0563192,12,1.77777779,72.63128,287.2699,72.63128,109.999992,287.2699,50,-1.52587891E-05,350,300,51.1978226,275.2136,94.0647354,299.3262,0,1
3165,3165,3162,offscreen_render,66.93341,zoom_nw_in,12.0476732,12,1.77777779,72.47717,287.356567,72.47717,109.999992,287.356567,50,-1.52587891E-05,350,300,51.05909,275.308929,93.895256,299.404266,0,1
3166,3166,3163,offscreen_render,66.950386,zoom_nw_in,12.0403538,12,1.77777779,72.3403244,287.433533,72.3403244,109.999992,287.433533,50,-1.52587891E-05,350,300,50.93525,275.3932,93.7454,299.473877,0,1
3167,3167,3164,offscreen_render,66.9668045,zoom_nw_in,12.0341587,12,1.77777779,72.21896,287.5018,72.21896,109.999992,287.5018,50,-1.52587891E-05,350,300,50.8249054,275.467651,93.61302,299.53595,0,1
3168,3168,3165,offscreen_render,66.98393,zoom_nw_in,12.0289145,12,1.77777779,72.1114655,287.562256,72.1114655,109.999992,287.562256,50,-1.52587891E-05,350,300,50.72673,275.5334,93.4962,299.5912,0,1
3169,3169,3166,offscreen_render,66.99998,zoom_nw_in,12.0244751,12,1.77777779,72.01637,287.615753,72.01637,109.999992,287.615753,50,-1.52587891E-05,350,300,50.6395264,275.591278,93.39322,299.640228,0,1
3170,3170,3167,offscreen_render,67.0169144,zoom_nw_in,12.0207,12,1.77777779,71.93195,287.663239,71.93195,109.999992,287.663239,50,-1.52587891E-05,350,300,50.56182,275.642548,93.3020859,299.683929,0,1
3171,3171,3168,offscreen_render,67.0337448,zoom_nw_in,12.0175228,12,1.77777779,71.85784,287.704926,71.85784,109.999992,287.704926,50,-1.52587891E-05,350,300,50.4933548,275.687439,93.22233,299.722473,0,1
3172,3172,3169,offscreen_render,67.05022,zoom_nw_in,12.0148325,12,1.77777779,71.79251,287.741669,71.79251,109.999992,287.741669,50,-1.52587891E-05,350,300,50.4328079,275.726868,93.1522141,299.756531,0,1
3173,3173,3170,offscreen_render,67.0669861,zoom_nw_in,12.0125551,12,1.77777779,71.73498,287.774048,71.73498,109.999992,287.774048,50,-1.52587891E-05,350,300,50.3793259,275.761536,93.09063,299.786621,0,1
3174,3174,3171,offscreen_render,67.08423,zoom_nw_in,12.0106277,12,1.77777779,71.6843643,287.802521,71.6843643,109.999992,287.802521,50,-1.52587891E-05,350,300,50.3321381,275.7919,93.03659,299.813141,0,1
3175,3175,3172,offscreen_render,67.10016,zoom_nw_in,12.008996,12,1.77777779,71.63989,287.827545,71.63989,109.999992,287.827545,50,-1.52587891E-05,350,300,50.2905655,275.818542,92.98922,299.836548,0,1
3176,3176,3173,offscreen_render,67.11677,zoom_nw_in,12.0076151,12,1.77777779,71.60085,287.849518,71.60085,109.999992,287.849518,50,-1.52587891E-05,350,300,50.2539825,275.841919,92.94772,299.857147,0,1
3177,3177,3174,offscreen_render,67.13362,zoom_nw_in,12.0064459,12,1.77777779,71.5666046,287.868774,71.5666046,109.999992,287.868774,50,-1.52587891E-05,350,300,50.22181,275.862366,92.9114,299.875244,0,1
3178,3178,3175,offscreen_render,67.1505051,zoom_nw_in,12.005456,12,1.77777779,71.5366,287.885651,71.5366,109.999992,287.885651,50,-1.52587891E-05,350,300,50.1935654,275.8802,92.87963,299.8911,0,1
3179,3179,3176,offscreen_render,67.16701,zoom_nw_in,12.0046186,12,1.77777779,71.51033,287.900421,71.51033,109.999992,287.900421,50,-1.52587891E-05,350,300,50.1687851,275.8958,92.8518753,299.905029,0,1
3180,3180,3177,offscreen_render,67.1838455,zoom_nw_in,12.0039091,12,1.77777779,71.48735,287.913361,71.48735,109.999992,287.913361,50,-1.52587891E-05,350,300,50.1470757,275.909454,92.82764,299.917267,0,1
3181,3181,3178,offscreen_render,67.29165,zoom_ne_base,12,12,1.77777779,328.666656,288,328.666656,109.999992,288,50,-1.52587891E-05,350,300,307.333344,276.000031,350.000031,300.000031,3.05175781E-05,1
3182,3182,3179,offscreen_render,67.4112244,zoom_ne_out,24.48973,30,1.77777779,306.4627,275.510254,306.4627,109.999992,275.510254,50,-1.52587891E-05,350,300,262.925385,251.020508,349.999969,299.999969,0,1
3183,3183,3180,offscreen_render,67.52524,zoom_ne_out,28.24221,30,1.77777779,299.791626,271.757782,299.791626,109.999992,271.757782,50,-1.52587891E-05,350,300,249.583252,243.515564,350,300,0,1
3184,3184,3181,offscreen_render,67.6413345,zoom_ne_out,29.45164,30,1.77777779,297.641541,270.54837,297.641541,109.999992,270.54837,50,-1.52587891E-05,350,300,245.283081,241.096725,350,300,0,1
3185,3185,3182,offscreen_render,67.65793,zoom_ne_out,29.53583,30,1.77777779,297.491852,270.464172,297.491852,109.999992,270.464172,50,-1.52587891E-05,350,300,244.9837,240.928329,350,300,0,1
3186,3186,3183,offscreen_render,67.67414,zoom_ne_out,29.6070881,30,1.77777779,297.365173,270.3929,297.365173,109.999992,270.3929,50,-1.52587891E-05,350,300,244.730377,240.785812,350.000031,300,3.05175781E-05,1
3187,3187,3184,offscreen_render,67.6903152,zoom_ne_out,29.66741,30,1.77777779,297.257935,270.332581,297.257935,109.999992,270.332581,50,-1.52587891E-05,350,300,244.515869,240.665161,350,300,0,1
3188,3188,3185,offscreen_render,67.70696,zoom_ne_out,29.7184677,30,1.77777779,297.167175,270.281525,297.167175,109.999992,270.281525,50,-1.52587891E-05,350,300,244.334351,240.563049,350,300,0,1
3189,3189,3186,offscreen_render,67.72348,zoom_ne_out,29.7616882,30,1.77777779,297.090332,270.2383,297.090332,109.999992,270.2383,50,-1.52587891E-05,350,300,244.180664,240.476608,350,300,0,1
3190,3190,3187,offscreen_render,67.74026,zoom_ne_out,29.798275,30,1.77777779,297.0253,270.201721,297.0253,109.999992,270.201721,50,-1.52587891E-05,350,300,244.050583,240.403473,350,300.000031,3.05175781E-05,1
3191,3191,3188,offscreen_render,67.757,zoom_ne_out,29.8292446,30,1.77777779,296.9702,270.170746,296.9702,109.999992,270.170746,50,-1.52587891E-05,350,300,243.940414,240.341492,349.999939,300,0,1
3192,3192,3189,offscreen_render,67.77366,zoom_ne_out,29.85546,30,1.77777779,296.9236,270.144531,296.9236,109.999992,270.144531,50,-1.52587891E-05,350,300,243.847275,240.2891,350.000031,300.000031,3.05175781E-05,1
3193,3193,3190,offscreen_render,67.7906,zoom_ne_out,29.87765,30,1.77777779,296.8842,270.122345,296.8842,109.999992,270.122345,50,-1.52587891E-05,350,300,243.768372,240.24469,350,300,0,1
3194,3194,3191,offscreen_render,67.80676,zoom_ne_out,29.896431,30,1.77777779,296.8508,270.103577,296.8508,109.999992,270.103577,50,-1.52587891E-05,350,300,243.701614,240.207169,350.000031,300.000031,3.05175781E-05,1
3195,3195,3192,offscreen_render,67.8233,zoom_ne_out,29.91233,30,1.77777779,296.8225,270.087677,296.8225,109.999992,270.087677,50,-1.52587891E-05,350,300,243.64502,240.175339,350,300,0,1
3196,3196,3193,offscreen_render,67.84076,zoom_ne_out,29.9260139,30,1.77777779,296.7982,270.073975,296.7982,109.999992,270.073975,50,-1.52587891E-05,350,300,243.59639,240.147949,350,300,0,1
3197,3197,3194,offscreen_render,67.8575439,zoom_ne_out,29.9373722,30,1.77777779,296.778,270.062622,296.778,109.999992,270.062622,50,-1.52587891E-05,350,300,243.556015,240.125244,350,300,0,1
3198,3198,3195,offscreen_render,67.87442,zoom_ne_out,29.9469872,30,1.77777779,296.760925,270.053,296.760925,109.999992,270.053,50,-1.52587891E-05,350,300,243.521835,240.106,350,300,0,1
3199,3199,3196,offscreen_render,67.89087,zoom_ne_out,29.9552078,30,1.77777779,296.7463,270.0448,296.7463,109.999992,270.0448,50,-1.52587891E-05,350,300,243.492615,240.089584,350,300,0,1
3200,3200,3197,offscreen_render,67.9073944,zoom_ne_out,29.9620838,30,1.77777779,296.73407,270.0379,296.73407,109.999992,270.0379,50,-1.52587891E-05,350,300,243.46814,240.0758,350,300,0,1
3201,3201,3198,offscreen_render,67.92409,zoom_ne_out,29.967905,30,1.77777779,296.723724,270.0321,296.723724,109.999992,270.0321,50,-1.52587891E-05,350,300,243.447449,240.0642,350,300,0,1
3202,3202,3199,offscreen_render,67.94079,zoom_ne_out,29.9728317,30,1.77777779,296.714966,270.027161,296.714966,109.999992,270.027161,50,-1.52587891E-05,350,300,243.429932,240.054321,350,300,0,1
3203,3203,3200,offscreen_render,67.9574,zoom_ne_out,29.9770031,30,1.77777779,296.70755,270.023,296.70755,109.999992,270.023,50,-1.52587891E-05,350,300,243.4151,240.046,350,300,0,1
3204,3204,3201,offscreen_render,67.97441,zoom_ne_out,29.9805336,30,1.77777779,296.701263,270.01947,296.701263,109.999992,270.01947,50,-1.52587891E-05,350,300,243.402542,240.038925,350,300,0,1
3205,3205,3202,offscreen_render,67.99065,zoom_ne_out,29.9835224,30,1.77777779,296.695953,270.016479,296.695953,109.999992,270.016479,50,-1.52587891E-05,350,300,243.3919,240.032944,350,300,0,1
3206,3206,3203,offscreen_render,68.0070648,zoom_ne_out,29.9860516,30,1.77777779,296.691467,270.013947,296.691467,109.999992,270.013947,50,-1.52587891E-05,350,300,243.382935,240.027878,350,300,0,1
3207,3207,3204,offscreen_render,68.02427,zoom_ne_out,29.9881935,30,1.77777779,296.687653,270.0118,296.687653,109.999992,270.0118,50,-1.52587891E-05,350,300,243.375336,240.0236,350.000031,300,3.05175781E-05,1
3208,3208,3205,offscreen_render,68.040535,zoom_ne_out,29.9900055,30,1.77777779,296.684448,270.01,296.684448,109.999992,270.01,50,-1.52587891E-05,350,300,243.368881,240.02,350,300,0,1
3209,3209,3206,offscreen_render,68.05732,zoom_ne_out,29.991539,30,1.77777779,296.6817,270.008453,296.6817,109.999992,270.008453,50,-1.52587891E-05,350,300,243.363419,240.0169,350,300,0,1
3210,3210,3207,offscreen_render,68.07409,zoom_ne_out,29.9928379,30,1.77777779,296.679382,270.007172,296.679382,109.999992,270.007172,50,-1.52587891E-05,350,300,243.35878,240.014328,350,300,0,1
3211,3211,3208,offscreen_render,68.09085,zoom_ne_out,29.9939365,30,1.77777779,296.677429,270.006073,296.677429,109.999992,270.006073,50,-1.52587891E-05,350,300,243.354874,240.012131,350,300,0,1
3212,3212,3209,offscreen_render,68.10696,zoom_ne_out,29.9948673,30,1.77777779,296.675781,270.005127,296.675781,109.999992,270.005127,50,-1.52587891E-05,350,300,243.351563,240.010284,350,300.000031,3.05175781E-05,1
3213,3213,3210,offscreen_render,68.12378,zoom_ne_out,29.9956551,30,1.77777779,296.674377,270.004333,296.674377,109.999992,270.004333,50,-1.52587891E-05,350,300,243.34877,240.008667,350,300,0,1
3214,3214,3211,offscreen_render,68.23859,zoom_ne_in,17.7371426,12,1.77777779,304.436462,274.3705,304.436462,109.999992,274.3705,50,-1.52587891E-05,350,300,272.903778,256.633362,335.969147,292.107666,0,1
3215,3215,3212,offscreen_render,68.35416,zoom_ne_in,13.8219643,12,1.77777779,314.76886,280.1825,314.76886,109.999992,280.1825,50,-1.52587891E-05,350,300,290.196472,266.360565,339.341248,294.0045,0,1
3216,3216,3213,offscreen_render,68.46039,zoom_ne_in,12.631196,12,1.77777779,321.459625,283.946045,321.459625,109.999992,283.946045,50,-1.52587891E-05,350,300,299.00415,271.31488,343.9151,296.577271,0,1
3217,3217,3214,offscreen_render,68.47615,zoom_ne_in,12.5342932,12,1.77777779,322.21167,284.36908,322.21167,109.999992,284.36908,50,-1.52587891E-05,350,300,299.928467,271.834778,344.494873,296.903381,0,1
3218,3218,3215,offscreen_render,68.49231,zoom_ne_in,12.45227,12,1.77777779,322.8903,284.7508,322.8903,109.999992,284.7508,50,-1.52587891E-05,350,300,300.75293,272.298523,345.027649,297.203064,0,1
3219,3219,3216,offscreen_render,68.50874,zoom_ne_in,12.3828363,12,1.77777779,323.502716,285.095276,323.502716,109.999992,285.095276,50,-1.52587891E-05,350,300,301.48877,272.712433,345.516663,297.478119,0,1
3220,3220,3217,offscreen_render,68.5256653,zoom_ne_in,12.3240643,12,1.77777779,324.055145,285.406,324.055145,109.999992,285.406,50,-1.52587891E-05,350,300,302.145721,273.08194,345.96463,297.730072,0,1
3221,3221,3218,offscreen_render,68.54212,zoom_ne_in,12.2743139,12,1.77777779,324.553131,285.686127,324.553131,109.999992,285.686127,50,-1.52587891E-05,350,300,302.732117,273.4118,346.374146,297.960449,0,1
3222,3222,3219,offscreen_render,68.55869,zoom_ne_in,12.2322025,12,1.77777779,325.001617,285.938416,325.001617,109.999992,285.938416,50,-1.52587891E-05,350,300,303.2555,273.7062,346.747742,298.170624,0,1
3223,3223,3220,offscreen_render,68.575264,zoom_ne_in,12.1965551,12,1.77777779,325.405121,286.165375,325.405121,109.999992,286.165375,50,-1.52587891E-05,350,300,303.722351,273.9688,347.0879,298.361938,0,1
3224,3224,3221,offscreen_render,68.59211,zoom_ne_in,12.166379,12,1.77777779,325.7677,286.369324,325.7677,109.999992,286.369324,50,-1.52587891E-05,350,300,304.13858,274.202942,347.39682,298.5357,0,1
3225,3225,3222,offscreen_render,68.60869,zoom_ne_in,12.1408377,12,1.77777779,326.093048,286.552338,326.093048,109.999992,286.552338,50,-1.52587891E-05,350,300,304.509338,274.41153,347.676758,298.6932,0,1
3226,3226,3223,offscreen_render,68.6252441,zoom_ne_in,12.1192169,12,1.77777779,326.3846,286.716339,326.3846,109.999992,286.716339,50,-1.52587891E-05,350,300,304.839325,274.597137,347.9299,298.835571,0,1
3227,3227,3224,offscreen_render,68.64201,zoom_ne_in,12.100915,12,1.77777779,326.645538,286.8631,326.645538,109.999992,286.8631,50,-1.52587891E-05,350,300,305.1328,274.7622,348.158264,298.96405,0,1
3228,3228,3225,offscreen_render,68.6586761,zoom_ne_in,12.0854216,12,1.77777779,326.878723,286.994263,326.878723,109.999992,286.994263,50,-1.52587891E-05,350,300,305.393524,274.908875,348.363922,299.0797,0,1
3229,3229,3226,offscreen_render,68.6755,zoom_ne_in,12.0723085,12,1.77777779,327.0868,287.1113,327.0868,109.999992,287.1113,50,-1.52587891E-05,350,300,305.6249,275.039,348.548676,299.1836,0,1
3230,3230,3227,offscreen_render,68.69214,zoom_ne_in,12.0612078,12,1.77777779,327.2722,287.215576,327.2722,109.999992,287.215576,50,-1.52587891E-05,350,300,305.830048,275.1544,348.714325,299.276825,0,1
3231,3231,3228,offscreen_render,68.70889,zoom_ne_in,12.0518112,12,1.77777779,327.437164,287.30838,327.437164,109.999992,287.30838,50,-1.52587891E-05,350,300,306.011719,275.2566,348.8626,299.360229,0,1
3232,3232,3229,offscreen_render,68.72533,zoom_ne_in,12.0438576,12,1.77777779,327.583771,287.390839,327.583771,109.999992,287.390839,50,-1.52587891E-05,350,300,306.172455,275.347,348.9951,299.4347,0,1
3233,3233,3230,offscreen_render,68.74212,zoom_ne_in,12.0371246,12,1.77777779,327.7139,287.46402,327.7139,109.999992,287.46402,50,-1.52587891E-05,350,300,306.314575,275.426941,349.11322,299.5012,0,1
3234,3234,3231,offscreen_render,68.75864,zoom_ne_in,12.0314255,12,1.77777779,327.8292,287.52887,327.8292,109.999992,287.52887,50,-1.52587891E-05,350,300,306.44,275.497437,349.218384,299.5603,0,1
3235,3235,3232,offscreen_render,68.77547,zoom_ne_in,12.0266008,12,1.77777779,327.931274,287.5863,327.931274,109.999992,287.5863,50,-1.52587891E-05,350,300,306.550659,275.559723,349.3119,299.612946,0,1
3236,3236,3233,offscreen_render,68.79209,zoom_ne_in,12.0225172,12,1.77777779,328.0215,287.637054,328.0215,109.999992,287.637054,50,-1.52587891E-05,350,300,306.648132,275.614532,349.394836,299.659576,0,1
3237,3237,3234,offscreen_render,68.8086243,zoom_ne_in,12.01906,12,1.77777779,328.1012,287.6819,328.1012,109.999992,287.6819,50,-1.52587891E-05,350,300,306.733978,275.662842,349.4684,299.700958,0,1
3238,3238,3235,offscreen_render,68.82524,zoom_ne_in,12.0161343,12,1.77777779,328.171478,287.7214,328.171478,109.999992,287.7214,50,-1.52587891E-05,350,300,306.809448,275.705261,349.5335,299.737549,0,1
3239,3239,3236,offscreen_render,68.84214,zoom_ne_in,12.0136576,12,1.77777779,328.2334,287.756226,328.2334,109.999992,287.756226,50,-1.52587891E-05,350,300,306.875824,275.742584,349.591034,299.7699,0,1
3240,3240,3237,offscreen_render,68.85947,zoom_ne_in,12.01156,12,1.77777779,328.2879,287.786865,328.2879,109.999992,287.786865,50,-1.52587891E-05,350,300,306.934021,275.77533,349.641785,299.798462,0,1
3241,3241,3238,offscreen_render,68.8757553,zoom_ne_in,12.0097857,12,1.77777779,328.335815,287.8138,328.335815,109.999992,287.8138,50,-1.52587891E-05,350,300,306.985077,275.804016,349.686554,299.8236,0,1
3242,3242,3239,offscreen_render,68.89261,zoom_ne_in,12.0082836,12,1.77777779,328.377869,287.8375,328.377869,109.999992,287.8375,50,-1.52587891E-05,350,300,307.029816,275.829224,349.725922,299.845764,0,1
3243,3243,3240,offscreen_render,68.90891,zoom_ne_in,12.0070124,12,1.77777779,328.414764,287.858246,328.414764,109.999992,287.858246,50,-1.52587891E-05,350,300,307.06897,275.851227,349.760559,299.865265,0,1
3244,3244,3241,offscreen_render,68.92544,zoom_ne_in,12.0059357,12,1.77777779,328.4471,287.876434,328.4471,109.999992,287.876434,50,-1.52587891E-05,350,300,307.103241,275.8705,349.791,299.8824,0,1
3245,3245,3242,offscreen_render,68.94216,zoom_ne_in,12.0050249,12,1.77777779,328.475433,287.892365,328.475433,109.999992,287.892365,50,-1.52587891E-05,350,300,307.133148,275.88736,349.817657,299.89743,0,1
3246,3246,3243,offscreen_render,68.95937,zoom_ne_in,12.0042534,12,1.77777779,328.5002,287.9063,328.5002,109.999992,287.9063,50,-1.52587891E-05,350,300,307.159332,275.902069,349.8411,299.910553,0,1
3247,3247,3244,offscreen_render,69.06494,zoom_restored,27,27,1.77777779,199,273,199,109.999992,273,50,-1.52587891E-05,350,300,151,245.999985,247,300,0,1
3248,3248,3245,offscreen_render,69.0831,zoom_restored,27,27,1.77777779,199,273,199,109.999992,273,50,-1.52587891E-05,350,300,151,245.999985,247,300,0,1
3249,3249,3246,offscreen_render,69.09879,zoom_restored,27,27,1.77777779,199,273,199,109.999992,273,50,-1.52587891E-05,350,300,151,245.999985,247,300,0,1
3250,3250,3247,offscreen_render,69.11477,zoom_restored,27,27,1.77777779,199,273,199,109.999992,273,50,-1.52587891E-05,350,300,151,245.999985,247,300,0,1
3251,3251,3248,offscreen_render,69.13167,zoom_restored,27,27,1.77777779,199,273,199,109.999992,273,50,-1.52587891E-05,350,300,151,245.999985,247,300,0,1
3252,3252,3249,offscreen_render,69.14793,zoom_restored,27,27,1.77777779,199,273,199,109.999992,273,50,-1.52587891E-05,350,300,151,245.999985,247,300,0,1
3253,3253,3250,offscreen_render,69.16511,zoom_restored,27,27,1.77777779,199,273,199,109.999992,273,50,-1.52587891E-05,350,300,151,245.999985,247,300,0,1
3254,3254,3251,offscreen_render,69.18176,zoom_restored,27,27,1.77777779,199,273,199,109.999992,273,50,-1.52587891E-05,350,300,151,245.999985,247,300,0,1
3255,3255,3252,offscreen_render,69.1986847,zoom_restored,27,27,1.77777779,199,273,199,109.999992,273,50,-1.52587891E-05,350,300,151,245.999985,247,300,0,1
3256,3256,3253,offscreen_render,69.215004,zoom_restored,27,27,1.77777779,199,273,199,109.999992,273,50,-1.52587891E-05,350,300,151,245.999985,247,300,0,1
3257,3257,3254,offscreen_render,69.2316055,zoom_restored,27,27,1.77777779,199,273,199,109.999992,273,50,-1.52587891E-05,350,300,151,245.999985,247,300,0,1
3258,3258,3255,offscreen_render,69.24788,zoom_restored,27,27,1.77777779,199,273,199,109.999992,273,50,-1.52587891E-05,350,300,151,245.999985,247,300,0,1
3259,3259,3256,offscreen_render,69.26478,zoom_restored,27,27,1.77777779,199,273,199,109.999992,273,50,-1.52587891E-05,350,300,151,245.999985,247,300,0,1
3260,3260,3257,offscreen_render,69.2815857,zoom_restored,27,27,1.77777779,199,273,199,109.999992,273,50,-1.52587891E-05,350,300,151,245.999985,247,300,0,1
3261,3261,3258,offscreen_render,69.29813,zoom_restored,27,27,1.77777779,199,273,199,109.999992,273,50,-1.52587891E-05,350,300,151,245.999985,247,300,0,1
3262,3262,3259,offscreen_render,69.31485,zoom_restored,27,27,1.77777779,199,273,199,109.999992,273,50,-1.52587891E-05,350,300,151,245.999985,247,300,0,1
3263,3263,3260,offscreen_render,69.33127,zoom_restored,27,27,1.77777779,199,273,199,109.999992,273,50,-1.52587891E-05,350,300,151,245.999985,247,300,0,1
3264,3264,3261,offscreen_render,69.34855,zoom_restored,27,27,1.77777779,199,273,199,109.999992,273,50,-1.52587891E-05,350,300,151,245.999985,247,300,0,1
3265,3265,3262,offscreen_render,69.36508,zoom_restored,27,27,1.77777779,199,273,199,109.999992,273,50,-1.52587891E-05,350,300,151,245.999985,247,300,0,1
3266,3266,3263,offscreen_render,69.38211,zoom_restored,27,27,1.77777779,199,273,199,109.999992,273,50,-1.52587891E-05,350,300,151,245.999985,247,300,0,1
3267,3267,3264,offscreen_render,69.39829,zoom_restored,27,27,1.77777779,199,273,199,109.999992,273,50,-1.52587891E-05,350,300,151,245.999985,247,300,0,1
3268,3268,3265,offscreen_render,69.41498,zoom_restored,27,27,1.77777779,199,273,199,109.999992,273,50,-1.52587891E-05,350,300,151,245.999985,247,300,0,1
3269,3269,3266,offscreen_render,69.4316,zoom_restored,27,27,1.77777779,199,273,199,109.999992,273,50,-1.52587891E-05,350,300,151,245.999985,247,300,0,1
3270,3270,3267,offscreen_render,69.44828,zoom_restored,27,27,1.77777779,199,273,199,109.999992,273,50,-1.52587891E-05,350,300,151,245.999985,247,300,0,1
3271,3271,3268,offscreen_render,69.46493,zoom_restored,27,27,1.77777779,199,273,199,109.999992,273,50,-1.52587891E-05,350,300,151,245.999985,247,300,0,1
3272,3272,3269,offscreen_render,69.48155,zoom_restored,27,27,1.77777779,199,273,199,109.999992,273,50,-1.52587891E-05,350,300,151,245.999985,247,300,0,1
3273,3273,3270,offscreen_render,69.4982147,zoom_restored,27,27,1.77777779,199,273,199,109.999992,273,50,-1.52587891E-05,350,300,151,245.999985,247,300,0,1
3274,3274,3271,offscreen_render,69.51504,zoom_restored,27,27,1.77777779,199,273,199,109.999992,273,50,-1.52587891E-05,350,300,151,245.999985,247,300,0,1
3275,3275,3272,offscreen_render,69.53242,zoom_restored,27,27,1.77777779,199,273,199,109.999992,273,50,-1.52587891E-05,350,300,151,245.999985,247,300,0,1
3276,3276,3273,offscreen_render,69.54858,zoom_restored,27,27,1.77777779,199,273,199,109.999992,273,50,-1.52587891E-05,350,300,151,245.999985,247,300,0,1
3277,3277,3274,offscreen_render,69.56537,zoom_restored,27,27,1.77777779,199,273,199,109.999992,273,50,-1.52587891E-05,350,300,151,245.999985,247,300,0,1
3278,3278,3275,offscreen_render,69.67877,zoom_restored,27,27,1.77777779,209.565445,258.208374,209.565445,109.999992,258.208374,50,-1.52587891E-05,350,300,161.565445,231.208359,257.56543,285.208374,0,1
3279,3279,3276,offscreen_render,69.695755,zoom_restored,27,27,1.77777779,211.522156,255.468964,211.522156,109.999992,255.468964,50,-1.52587891E-05,350,300,163.522156,228.468933,259.522156,282.468933,0,1
3280,3280,3277,offscreen_render,69.71202,zoom_restored,27,27,1.77777779,213.3722,252.8789,213.3722,109.999992,252.8789,50,-1.52587891E-05,350,300,165.372208,225.878876,261.3722,279.878876,0,1
3281,3281,3278,offscreen_render,69.72807,zoom_restored,27,27,1.77777779,215.106674,250.450623,215.106674,109.999992,250.450623,50,-1.52587891E-05,350,300,167.106674,223.450592,263.1067,277.4506,0,1
3282,3282,3279,offscreen_render,69.74537,zoom_restored,27,27,1.77777779,216.69281,248.230042,216.69281,109.999992,248.230042,50,-1.52587891E-05,350,300,168.692825,221.230011,264.6928,275.23,0,1
3283,3283,3280,offscreen_render,69.76179,zoom_restored,27,27,1.77777779,218.139343,246.2049,218.139343,109.999992,246.2049,50,-1.52587891E-05,350,300,170.139359,219.204849,266.139343,273.204865,0,1
3284,3284,3281,offscreen_render,69.77859,zoom_restored,27,27,1.77777779,219.448242,244.372437,219.448242,109.999992,244.372437,50,-1.52587891E-05,350,300,171.448242,217.3724,267.448242,271.3724,0,1
3285,3285,3282,offscreen_render,69.79617,zoom_restored,27,27,1.77777779,220.624832,242.72522,220.624832,109.999992,242.72522,50,-1.52587891E-05,350,300,172.624832,215.725189,268.624817,269.7252,0,1
3286,3286,3283,offscreen_render,69.81188,zoom_restored,27,27,1.77777779,221.676285,241.253174,221.676285,109.999992,241.253174,50,-1.52587891E-05,350,300,173.6763,214.253159,269.6763,268.253174,0,1
3287,3287,3284,offscreen_render,69.8284,zoom_restored,27,27,1.77777779,222.611557,239.943787,222.611557,109.999992,239.943787,50,-1.52587891E-05,350,300,174.611572,212.943756,270.611572,266.943756,0,1
3288,3288,3285,offscreen_render,69.84538,zoom_restored,27,27,1.77777779,223.439728,238.784363,223.439728,109.999992,238.784363,50,-1.52587891E-05,350,300,175.439728,211.784348,271.439728,265.784363,0,1
3289,3289,3286,offscreen_render,69.86177,zoom_restored,27,27,1.77777779,224.170334,237.7615,224.170334,109.999992,237.7615,50,-1.52587891E-05,350,300,176.170349,210.76149,272.170349,264.7615,0,1
3290,3290,3287,offscreen_render,69.8782654,zoom_restored,27,27,1.77777779,224.812714,236.862167,224.812714,109.999992,236.862167,50,-1.52587891E-05,350,300,176.812729,209.862137,272.812744,263.862152,0,1
3291,3291,3288,offscreen_render,69.8949,zoom_restored,27,27,1.77777779,225.375885,236.073715,225.375885,109.999992,236.073715,50,-1.52587891E-05,350,300,177.375885,209.073685,273.3759,263.0737,0,1
3292,3292,3289,offscreen_render,69.9124146,zoom_restored,27,27,1.77777779,225.868256,235.384384,225.868256,109.999992,235.384384,50,-1.52587891E-05,350,300,177.868256,208.384338,273.868256,262.384338,0,1
3293,3293,3290,offscreen_render,69.92807,zoom_restored,27,27,1.77777779,226.297668,234.7832,226.297668,109.999992,234.7832,50,-1.52587891E-05,350,300,178.297668,207.783173,274.297668,261.783173,0,1
3294,3294,3291,offscreen_render,69.9448242,zoom_restored,27,27,1.77777779,226.671341,234.260056,226.671341,109.999992,234.260056,50,-1.52587891E-05,350,300,178.671341,207.260025,274.671326,261.26004,0,1
3295,3295,3292,offscreen_render,69.961525,zoom_restored,27,27,1.77777779,226.9959,233.8057,226.9959,109.999992,233.8057,50,-1.52587891E-05,350,300,178.9959,206.805664,274.9959,260.805664,0,1
3296,3296,3293,offscreen_render,69.9783554,zoom_restored,27,27,1.77777779,227.277222,233.411835,227.277222,109.999992,233.411835,50,-1.52587891E-05,350,300,179.277237,206.4118,275.277222,260.4118,0,1
3297,3297,3294,offscreen_render,69.99519,zoom_restored,27,27,1.77777779,227.520676,233.071,227.520676,109.999992,233.071,50,-1.52587891E-05,350,300,179.520676,206.070984,275.5207,260.070984,0,1
3298,3298,3295,offscreen_render,70.01164,zoom_restored,27,27,1.77777779,227.731049,232.776489,227.731049,109.999992,232.776489,50,-1.52587891E-05,350,300,179.731064,205.776459,275.731079,259.776459,0,1
3299,3299,3296,offscreen_render,70.02832,zoom_restored,27,27,1.77777779,227.912537,232.5224,227.912537,109.999992,232.5224,50,-1.52587891E-05,350,300,179.912537,205.522369,275.912537,259.522369,0,1
3300,3300,3297,offscreen_render,70.045166,zoom_restored,27,27,1.77777779,228.068924,232.303467,228.068924,109.999992,232.303467,50,-1.52587891E-05,350,300,180.068939,205.303452,276.068939,259.303467,0,1
3301,3301,3298,offscreen_render,70.06168,zoom_restored,27,27,1.77777779,228.203827,232.114624,228.203827,109.999992,232.114624,50,-1.52587891E-05,350,300,180.203842,205.114609,276.203857,259.114624,0,1
3302,3302,3299,offscreen_render,70.07858,zoom_restored,27,27,1.77777779,228.319458,231.952744,228.319458,109.999992,231.952744,50,-1.52587891E-05,350,300,180.319473,204.952728,276.319458,258.952728,0,1
3303,3303,3300,offscreen_render,70.095,zoom_restored,27,27,1.77777779,228.418732,231.813751,228.418732,109.999992,231.813751,50,-1.52587891E-05,350,300,180.418732,204.813736,276.418732,258.813751,0,1
3304,3304,3301,offscreen_render,70.11171,zoom_restored,27,27,1.77777779,228.503891,231.694534,228.503891,109.999992,231.694534,50,-1.52587891E-05,350,300,180.5039,204.6945,276.5039,258.694519,0,1
3305,3305,3302,offscreen_render,70.1281052,zoom_restored,27,27,1.77777779,228.576859,231.592377,228.576859,109.999992,231.592377,50,-1.52587891E-05,350,300,180.576874,204.592361,276.576874,258.592377,0,1
3306,3306,3303,offscreen_render,70.145134,zoom_restored,27,27,1.77777779,228.639328,231.504913,228.639328,109.999992,231.504913,50,-1.52587891E-05,350,300,180.639343,204.5049,276.639343,258.5049,0,1
3307,3307,3304,offscreen_render,70.16187,zoom_restored,27,27,1.77777779,228.692764,231.4301,228.692764,109.999992,231.4301,50,-1.52587891E-05,350,300,180.69278,204.430069,276.69278,258.430084,0,1
3308,3308,3305,offscreen_render,70.17847,zoom_restored,27,27,1.77777779,228.738434,231.36615,228.738434,109.999992,231.36615,50,-1.52587891E-05,350,300,180.738434,204.366135,276.738434,258.36615,0,1
3309,3309,3306,offscreen_render,70.19528,zoom_restored,27,27,1.77777779,228.777435,231.311539,228.777435,109.999992,231.311539,50,-1.52587891E-05,350,300,180.777435,204.311523,276.777435,258.311523,0,1
3310,3310,3307,offscreen_render,70.21163,zoom_restored,27,27,1.77777779,228.81073,231.264923,228.81073,109.999992,231.264923,50,-1.52587891E-05,350,300,180.810745,204.264877,276.81073,258.2649,0,1
3311,3311,3308,offscreen_render,70.2281952,zoom_restored,27,27,1.77777779,228.839127,231.225174,228.839127,109.999992,231.225174,50,-1.52587891E-05,350,300,180.839127,204.225159,276.8391,258.225159,0,1
3312,3312,3309,offscreen_render,70.24527,zoom_restored,27,27,1.77777779,228.863327,231.191284,228.863327,109.999992,231.191284,50,-1.52587891E-05,350,300,180.863342,204.191269,276.863342,258.191284,0,1
3313,3313,3310,offscreen_render,70.26193,zoom_restored,27,27,1.77777779,228.883942,231.16243,228.883942,109.999992,231.16243,50,-1.52587891E-05,350,300,180.883942,204.1624,276.883942,258.1624,0,1
3314,3314,3311,offscreen_render,70.27826,zoom_restored,27,27,1.77777779,228.901489,231.137863,228.901489,109.999992,231.137863,50,-1.52587891E-05,350,300,180.901489,204.137833,276.9015,258.137848,0,1
3315,3315,3312,offscreen_render,70.29508,zoom_restored,27,27,1.77777779,228.916428,231.116959,228.916428,109.999992,231.116959,50,-1.52587891E-05,350,300,180.916443,204.116928,276.916443,258.116943,0,1
3316,3316,3313,offscreen_render,70.31189,zoom_restored,27,27,1.77777779,228.929123,231.099182,228.929123,109.999992,231.099182,50,-1.52587891E-05,350,300,180.929123,204.099167,276.929138,258.099182,0,1
3317,3317,3314,offscreen_render,70.32816,zoom_restored,27,27,1.77777779,228.939911,231.084076,228.939911,109.999992,231.084076,50,-1.52587891E-05,350,300,180.939926,204.084045,276.939941,258.084045,0,1
3318,3318,3315,offscreen_render,70.34503,zoom_restored,27,27,1.77777779,228.949081,231.071243,228.949081,109.999992,231.071243,50,-1.52587891E-05,350,300,180.949081,204.071228,276.9491,258.071228,0,1
3319,3319,3316,offscreen_render,70.36173,zoom_restored,27,27,1.77777779,228.956863,231.060349,228.956863,109.999992,231.060349,50,-1.52587891E-05,350,300,180.956863,204.060333,276.956848,258.060333,0,1
3320,3320,3317,offscreen_render,70.3782654,zoom_restored,27,27,1.77777779,228.96347,231.0511,228.96347,109.999992,231.0511,50,-1.52587891E-05,350,300,180.96347,204.051056,276.96347,258.051056,0,1
3321,3321,3318,offscreen_render,70.48766,zoom_restored,27,27,1.77777779,232.347473,213.546387,232.347473,109.999992,213.546387,50,-1.52587891E-05,350,300,184.347473,186.546387,280.347473,240.546387,0,1
3322,3322,3319,offscreen_render,70.5051,zoom_restored,27,27,1.77777779,233.00798,210.118988,233.00798,109.999992,210.118988,50,-1.52587891E-05,350,300,185.00798,183.118988,281.008,237.118988,0,1
3323,3323,3320,offscreen_render,70.52087,zoom_restored,27,27,1.77777779,233.635086,206.864182,233.635086,109.999992,206.864182,50,-1.52587891E-05,350,300,185.6351,179.864166,281.6351,233.864166,0,1
3324,3324,3321,offscreen_render,70.53806,zoom_restored,27,27,1.77777779,234.221237,203.821381,234.221237,109.999992,203.821381,50,-1.52587891E-05,350,300,186.221237,176.821365,282.221252,230.821365,0,1
3325,3325,3322,offscreen_render,70.55373,zoom_restored,27,27,1.77777779,234.76236,201.0119,234.76236,109.999992,201.0119,50,-1.52587891E-05,350,300,186.76236,174.011887,282.76236,228.011887,0,1
3326,3326,3323,offscreen_render,70.57097,zoom_restored,27,27,1.77777779,235.257034,198.443283,235.257034,109.999992,198.443283,50,-1.52587891E-05,350,300,187.25705,171.443283,283.25705,225.443283,0,1
3327,3327,3324,offscreen_render,70.587,zoom_restored,27,27,1.77777779,235.705429,196.114761,235.705429,109.999992,196.114761,50,-1.52587891E-05,350,300,187.705444,169.114746,283.705444,223.114746,0,1
3328,3328,3325,offscreen_render,70.60405,zoom_restored,27,27,1.77777779,236.109146,194.018127,236.109146,109.999992,194.018127,50,-1.52587891E-05,350,300,188.109146,167.018127,284.109131,221.018127,0,1
3329,3329,3326,offscreen_render,70.6207657,zoom_restored,27,27,1.77777779,236.470444,192.141632,236.470444,109.999992,192.141632,50,-1.52587891E-05,350,300,188.470459,165.141617,284.470459,219.141617,0,1
3330,3330,3327,offscreen_render,70.63706,zoom_restored,27,27,1.77777779,236.79213,190.470734,236.79213,109.999992,190.470734,50,-1.52587891E-05,350,300,188.79213,163.4707,284.7921,217.4707,0,1
3331,3331,3328,offscreen_render,70.65391,zoom_restored,27,27,1.77777779,237.077316,188.989334,237.077316,109.999992,188.989334,50,-1.52587891E-05,350,300,189.077316,161.989319,285.077332,215.989319,0,1
3332,3332,3329,offscreen_render,70.6714249,zoom_restored,27,27,1.77777779,237.329163,187.6811,237.329163,109.999992,187.6811,50,-1.52587891E-05,350,300,189.329178,160.681091,285.329163,214.681091,0,1
3333,3333,3330,offscreen_render,70.6869,zoom_restored,27,27,1.77777779,237.550735,186.5301,237.550735,109.999992,186.5301,50,-1.52587891E-05,350,300,189.550735,159.53009,285.55072,213.53009,0,1
3334,3334,3331,offscreen_render,70.70384,zoom_restored,27,27,1.77777779,237.745132,185.520172,237.745132,109.999992,185.520172,50,-1.52587891E-05,350,300,189.745148,158.520157,285.745148,212.520157,0,1
3335,3335,3332,offscreen_render,70.720665,zoom_restored,27,27,1.77777779,237.9152,184.636627,237.9152,109.999992,184.636627,50,-1.52587891E-05,350,300,189.9152,157.636612,285.915222,211.636612,0,1
3336,3336,3333,offscreen_render,70.73706,zoom_restored,27,27,1.77777779,238.063614,183.865585,238.063614,109.999992,183.865585,50,-1.52587891E-05,350,300,190.063614,156.865555,286.0636,210.865555,0,1
3337,3337,3334,offscreen_render,70.7557449,zoom_restored,27,27,1.77777779,238.192856,183.194138,238.192856,109.999992,183.194138,50,-1.52587891E-05,350,300,190.192871,156.1941,286.192871,210.1941,0,1
3338,3338,3335,offscreen_render,70.7709656,zoom_restored,27,27,1.77777779,238.30513,182.61084,238.30513,109.999992,182.61084,50,-1.52587891E-05,350,300,190.30513,155.610809,286.3051,209.610809,0,1
3339,3339,3336,offscreen_render,70.7870941,zoom_restored,27,27,1.77777779,238.4025,182.1049,238.4025,109.999992,182.1049,50,-1.52587891E-05,350,300,190.4025,155.104874,286.4025,209.104874,0,1
3340,3340,3337,offscreen_render,70.8040848,zoom_restored,27,27,1.77777779,238.4868,181.66687,238.4868,109.999992,181.66687,50,-1.52587891E-05,350,300,190.486816,154.666855,286.486816,208.666855,0,1
3341,3341,3338,offscreen_render,70.82058,zoom_restored,27,27,1.77777779,238.559662,181.288254,238.559662,109.999992,181.288254,50,-1.52587891E-05,350,300,190.559662,154.288239,286.559662,208.288239,0,1
3342,3342,3339,offscreen_render,70.83709,zoom_restored,27,27,1.77777779,238.622559,180.961472,238.622559,109.999992,180.961472,50,-1.52587891E-05,350,300,190.622559,153.961441,286.622559,207.961441,0,1
3343,3343,3340,offscreen_render,70.85418,zoom_restored,27,27,1.77777779,238.676773,180.6798,238.676773,109.999992,180.6798,50,-1.52587891E-05,350,300,190.676788,153.679779,286.6768,207.679779,0,1
3344,3344,3341,offscreen_render,70.8704758,zoom_restored,27,27,1.77777779,238.723434,180.437317,238.723434,109.999992,180.437317,50,-1.52587891E-05,350,300,190.723434,153.4373,286.72345,207.4373,0,1
3345,3345,3342,offscreen_render,70.8872452,zoom_restored,27,27,1.77777779,238.76355,180.228836,238.76355,109.999992,180.228836,50,-1.52587891E-05,350,300,190.76355,153.228821,286.76355,207.228821,0,1
3346,3346,3343,offscreen_render,70.90407,zoom_restored,27,27,1.77777779,238.798,180.049774,238.798,109.999992,180.049774,50,-1.52587891E-05,350,300,190.798,153.049759,286.798,207.049759,0,1
3347,3347,3344,offscreen_render,70.9206161,zoom_restored,27,27,1.77777779,238.82756,179.896149,238.82756,109.999992,179.896149,50,-1.52587891E-05,350,300,190.827576,152.896133,286.827576,206.896133,0,1
3348,3348,3345,offscreen_render,70.93729,zoom_restored,27,27,1.77777779,238.85289,179.764481,238.85289,109.999992,179.764481,50,-1.52587891E-05,350,300,190.85289,152.76445,286.8529,206.76445,0,1
3349,3349,3346,offscreen_render,70.9538651,zoom_restored,27,27,1.77777779,238.874588,179.651718,238.874588,109.999992,179.651718,50,-1.52587891E-05,350,300,190.874588,152.6517,286.874573,206.6517,0,1
3350,3350,3347,offscreen_render,70.9702454,zoom_restored,27,27,1.77777779,238.893158,179.555252,238.893158,109.999992,179.555252,50,-1.52587891E-05,350,300,190.893173,152.555237,286.8932,206.555237,0,1
3351,3351,3348,offscreen_render,70.9874344,zoom_restored,27,27,1.77777779,238.909027,179.472778,238.909027,109.999992,179.472778,50,-1.52587891E-05,350,300,190.909027,152.472763,286.909027,206.472763,0,1
3352,3352,3349,offscreen_render,71.00397,zoom_restored,27,27,1.77777779,238.922592,179.402313,238.922592,109.999992,179.402313,50,-1.52587891E-05,350,300,190.9226,152.4023,286.9226,206.4023,0,1
3353,3353,3350,offscreen_render,71.0205841,zoom_restored,27,27,1.77777779,238.934158,179.3422,238.934158,109.999992,179.3422,50,-1.52587891E-05,350,300,190.934174,152.342163,286.934174,206.342163,0,1
3354,3354,3351,offscreen_render,71.03729,zoom_restored,27,27,1.77777779,238.944031,179.2909,238.944031,109.999992,179.2909,50,-1.52587891E-05,350,300,190.944031,152.290878,286.944031,206.290878,0,1
3355,3355,3352,offscreen_render,71.0542145,zoom_restored,27,27,1.77777779,238.952454,179.247131,238.952454,109.999992,179.247131,50,-1.52587891E-05,350,300,190.952454,152.2471,286.952454,206.2471,0,1
3356,3356,3353,offscreen_render,71.07105,zoom_restored,27,27,1.77777779,238.959625,179.209885,238.959625,109.999992,179.209885,50,-1.52587891E-05,350,300,190.959641,152.209854,286.959656,206.209854,0,1
3357,3357,3354,offscreen_render,71.08713,zoom_restored,27,27,1.77777779,238.965729,179.178162,238.965729,109.999992,179.178162,50,-1.52587891E-05,350,300,190.965729,152.178131,286.965729,206.178131,0,1
3358,3358,3355,offscreen_render,71.10404,zoom_restored,27,27,1.77777779,238.970917,179.151169,238.970917,109.999992,179.151169,50,-1.52587891E-05,350,300,190.970917,152.151154,286.970917,206.151154,0,1
3359,3359,3356,offscreen_render,71.12065,zoom_restored,27,27,1.77777779,238.975327,179.12822,238.975327,109.999992,179.12822,50,-1.52587891E-05,350,300,190.975342,152.128189,286.975342,206.128189,0,1
3360,3360,3357,offscreen_render,71.137146,zoom_restored,27,27,1.77777779,238.97908,179.1087,238.97908,109.999992,179.1087,50,-1.52587891E-05,350,300,190.9791,152.108673,286.9791,206.108673,0,1
3361,3361,3358,offscreen_render,71.15404,zoom_restored,27,27,1.77777779,238.982269,179.092117,238.982269,109.999992,179.092117,50,-1.52587891E-05,350,300,190.982269,152.092087,286.982269,206.092087,0,1
3362,3362,3359,offscreen_render,71.1707153,zoom_restored,27,27,1.77777779,238.984985,179.078033,238.984985,109.999992,179.078033,50,-1.52587891E-05,350,300,190.985,152.078,286.985,206.078,0,1
3363,3363,3360,offscreen_render,71.1871643,zoom_restored,27,27,1.77777779,238.987289,179.066086,238.987289,109.999992,179.066086,50,-1.52587891E-05,350,300,190.987289,152.066055,286.9873,206.066055,0,1
3364,3364,3361,offscreen_render,71.30654,zoom_restored,27,27,1.77777779,219.679626,161.1897,219.679626,109.999992,161.1897,50,-1.52587891E-05,350,300,171.679642,134.189682,267.679626,188.189682,0,1
3365,3365,3362,offscreen_render,71.32323,zoom_restored,27,27,1.77777779,216.332764,158.096588,216.332764,109.999992,158.096588,50,-1.52587891E-05,350,300,168.332764,131.096573,264.332764,185.096573,0,1
3366,3366,3363,offscreen_render,71.33952,zoom_restored,27,27,1.77777779,213.184616,155.187469,213.184616,109.999992,155.187469,50,-1.52587891E-05,350,300,165.184616,128.187454,261.184631,182.187454,0,1
3367,3367,3364,offscreen_render,71.35587,zoom_restored,27,27,1.77777779,210.263458,152.488358,210.263458,109.999992,152.488358,50,-1.52587891E-05,350,300,162.263458,125.48835,258.263458,179.488342,0,1
3368,3368,3365,offscreen_render,71.372406,zoom_restored,27,27,1.77777779,207.5821,150.011017,207.5821,109.999992,150.011017,50,-1.52587891E-05,350,300,159.582123,123.011009,255.582123,177.011,0,1
3369,3369,3366,offscreen_render,71.38927,zoom_restored,27,27,1.77777779,205.143265,147.757874,205.143265,109.999992,147.757874,50,-1.52587891E-05,350,300,157.143265,120.757866,253.143265,174.757858,0,1
3370,3370,3367,offscreen_render,71.40568,zoom_restored,27,27,1.77777779,202.941055,145.72345,202.941055,109.999992,145.72345,50,-1.52587891E-05,350,300,154.941055,118.723442,250.941055,172.723434,0,1
3371,3371,3368,offscreen_render,71.42278,zoom_restored,27,27,1.77777779,200.9653,143.898315,200.9653,109.999992,143.898315,50,-1.52587891E-05,350,300,152.9653,116.898308,248.9653,170.8983,0,1
3372,3372,3369,offscreen_render,71.43945,zoom_restored,27,27,1.77777779,199.20224,142.26973,199.20224,109.999992,142.26973,50,-1.52587891E-05,350,300,151.20224,115.269722,247.20224,169.269714,0,1
3373,3373,3370,offscreen_render,71.45613,zoom_restored,27,27,1.77777779,197.636047,140.823059,197.636047,109.999992,140.823059,50,-1.52587891E-05,350,300,149.636047,113.823051,245.636047,167.823044,0,1
3374,3374,3371,offscreen_render,71.47259,zoom_restored,27,27,1.77777779,196.251617,139.544312,196.251617,109.999992,139.544312,50,-1.52587891E-05,350,300,148.251617,112.544304,244.251617,166.5443,0,1
3375,3375,3372,offscreen_render,71.4891,zoom_restored,27,27,1.77777779,195.031128,138.417023,195.031128,109.999992,138.417023,50,-1.52587891E-05,350,300,147.031128,111.417015,243.031128,165.417,0,1
3376,3376,3373,offscreen_render,71.50572,zoom_restored,27,27,1.77777779,193.959076,137.426865,193.959076,109.999992,137.426865,50,-1.52587891E-05,350,300,145.959091,110.426857,241.959091,164.426849,0,1
3377,3377,3374,offscreen_render,71.52243,zoom_restored,27,27,1.77777779,193.0201,136.559616,193.0201,109.999992,136.559616,50,-1.52587891E-05,350,300,145.020111,109.559608,241.020111,163.5596,0,1
3378,3378,3375,offscreen_render,71.5394745,zoom_restored,27,27,1.77777779,192.199753,135.801971,192.199753,109.999992,135.801971,50,-1.52587891E-05,350,300,144.199768,108.801964,240.199768,162.801956,0,1
3379,3379,3376,offscreen_render,71.5558548,zoom_restored,27,27,1.77777779,191.484833,135.1417,191.484833,109.999992,135.1417,50,-1.52587891E-05,350,300,143.484833,108.141685,239.484833,162.141678,0,1
3380,3380,3377,offscreen_render,71.57261,zoom_restored,27,27,1.77777779,190.863129,134.56752,190.863129,109.999992,134.56752,50,-1.52587891E-05,350,300,142.863129,107.567513,238.863129,161.5675,0,1
3381,3381,3378,offscreen_render,71.5891,zoom_restored,27,27,1.77777779,190.3235,134.069153,190.3235,109.999992,134.069153,50,-1.52587891E-05,350,300,142.323517,107.069145,238.323517,161.069138,0,1
3382,3382,3379,offscreen_render,71.6057739,zoom_restored,27,27,1.77777779,189.855988,133.63739,189.855988,109.999992,133.63739,50,-1.52587891E-05,350,300,141.855988,106.637383,237.855988,160.637375,0,1
3383,3383,3380,offscreen_render,71.6224,zoom_restored,27,27,1.77777779,189.451569,133.263916,189.451569,109.999992,133.263916,50,-1.52587891E-05,350,300,141.451569,106.263908,237.451569,160.2639,0,1
3384,3384,3381,offscreen_render,71.63903,zoom_restored,27,27,1.77777779,189.10231,132.941376,189.10231,109.999992,132.941376,50,-1.52587891E-05,350,300,141.10231,105.941368,237.10231,159.94136,0,1
3385,3385,3382,offscreen_render,71.65604,zoom_restored,27,27,1.77777779,188.8011,132.663208,188.8011,109.999992,132.663208,50,-1.52587891E-05,350,300,140.8011,105.6632,236.8011,159.6632,0,1
3386,3386,3383,offscreen_render,71.67292,zoom_restored,27,27,1.77777779,188.541656,132.423615,188.541656,109.999992,132.423615,50,-1.52587891E-05,350,300,140.541656,105.423607,236.541656,159.4236,0,1
3387,3387,3384,offscreen_render,71.68925,zoom_restored,27,27,1.77777779,188.318481,132.217514,188.318481,109.999992,132.217514,50,-1.52587891E-05,350,300,140.318481,105.217506,236.318481,159.2175,0,1
3388,3388,3385,offscreen_render,71.70553,zoom_restored,27,27,1.77777779,188.12674,132.040451,188.12674,109.999992,132.040451,50,-1.52587891E-05,350,300,140.12674,105.040443,236.12674,159.040436,0,1
3389,3389,3386,offscreen_render,71.72237,zoom_restored,27,27,1.77777779,187.962143,131.888458,187.962143,109.999992,131.888458,50,-1.52587891E-05,350,300,139.962143,104.888451,235.962143,158.888443,0,1
3390,3390,3387,offscreen_render,71.739,zoom_restored,27,27,1.77777779,187.821014,131.758133,187.821014,109.999992,131.758133,50,-1.52587891E-05,350,300,139.821014,104.758125,235.821014,158.758118,0,1
3391,3391,3388,offscreen_render,71.7558,zoom_restored,27,27,1.77777779,187.700119,131.646484,187.700119,109.999992,131.646484,50,-1.52587891E-05,350,300,139.700119,104.646477,235.700119,158.646469,0,1
3392,3392,3389,offscreen_render,71.77289,zoom_restored,27,27,1.77777779,187.596634,131.550919,187.596634,109.999992,131.550919,50,-1.52587891E-05,350,300,139.596634,104.550911,235.596634,158.5509,0,1
3393,3393,3390,offscreen_render,71.7892,zoom_restored,27,27,1.77777779,187.508148,131.469208,187.508148,109.999992,131.469208,50,-1.52587891E-05,350,300,139.508148,104.4692,235.508148,158.4692,0,1
3394,3394,3391,offscreen_render,71.80599,zoom_restored,27,27,1.77777779,187.432526,131.399368,187.432526,109.999992,131.399368,50,-1.52587891E-05,350,300,139.432526,104.399361,235.432526,158.399353,0,1
3395,3395,3392,offscreen_render,71.8222961,zoom_restored,27,27,1.77777779,187.367966,131.339752,187.367966,109.999992,131.339752,50,-1.52587891E-05,350,300,139.367966,104.339745,235.367966,158.339737,0,1
3396,3396,3393,offscreen_render,71.8389053,zoom_restored,27,27,1.77777779,187.312866,131.288879,187.312866,109.999992,131.288879,50,-1.52587891E-05,350,300,139.312866,104.288872,235.312866,158.288864,0,1
3397,3397,3394,offscreen_render,71.85574,zoom_restored,27,27,1.77777779,187.265884,131.2455,187.265884,109.999992,131.2455,50,-1.52587891E-05,350,300,139.265884,104.245491,235.265884,158.245483,0,1
3398,3398,3395,offscreen_render,71.87273,zoom_restored,27,27,1.77777779,187.225845,131.208527,187.225845,109.999992,131.208527,50,-1.52587891E-05,350,300,139.225845,104.208519,235.225845,158.208511,0,1
3399,3399,3396,offscreen_render,71.8892441,zoom_restored,27,27,1.77777779,187.191757,131.177048,187.191757,109.999992,131.177048,50,-1.52587891E-05,350,300,139.191772,104.17704,235.191772,158.177032,0,1
3400,3400,3397,offscreen_render,71.90549,zoom_restored,27,27,1.77777779,187.162735,131.150253,187.162735,109.999992,131.150253,50,-1.52587891E-05,350,300,139.16275,104.150246,235.16275,158.150238,0,1
3401,3401,3398,offscreen_render,71.92257,zoom_restored,27,27,1.77777779,187.138046,131.127457,187.138046,109.999992,131.127457,50,-1.52587891E-05,350,300,139.138046,104.127449,235.138046,158.127441,0,1
3402,3402,3399,offscreen_render,71.93933,zoom_restored,27,27,1.77777779,187.11705,131.108078,187.11705,109.999992,131.108078,50,-1.52587891E-05,350,300,139.117065,104.10807,235.117065,158.108063,0,1
3403,3403,3400,offscreen_render,71.9556046,zoom_restored,27,27,1.77777779,187.099213,131.091614,187.099213,109.999992,131.091614,50,-1.52587891E-05,350,300,139.099213,104.091606,235.099213,158.0916,0,1
3404,3404,3401,offscreen_render,71.97228,zoom_restored,27,27,1.77777779,187.084061,131.077621,187.084061,109.999992,131.077621,50,-1.52587891E-05,350,300,139.084061,104.077614,235.084061,158.0776,0,1
3405,3405,3402,offscreen_render,71.98899,zoom_restored,27,27,1.77777779,187.0712,131.06575,187.0712,109.999992,131.06575,50,-1.52587891E-05,350,300,139.0712,104.065742,235.0712,158.065735,0,1
3406,3406,3403,offscreen_render,72.09673,zoom_restored,27,27,1.77777779,177.8108,146.817383,177.8108,109.999992,146.817383,50,-1.52587891E-05,350,300,129.810822,119.817375,225.810822,173.817368,0,1
3407,3407,3404,offscreen_render,72.11347,zoom_restored,27,27,1.77777779,175.956009,149.987045,175.956009,109.999992,149.987045,50,-1.52587891E-05,350,300,127.956009,122.987038,223.956009,176.98703,0,1
3408,3408,3405,offscreen_render,72.12943,zoom_restored,27,27,1.77777779,174.191345,153.003738,174.191345,109.999992,153.003738,50,-1.52587891E-05,350,300,126.191345,126.003731,222.191345,180.003723,0,1
3409,3409,3406,offscreen_render,72.14579,zoom_restored,27,27,1.77777779,172.539215,155.828812,172.539215,109.999992,155.828812,50,-1.52587891E-05,350,300,124.539215,128.8288,220.539215,182.8288,0,1
3410,3410,3407,offscreen_render,72.16274,zoom_restored,27,27,1.77777779,171.0119,158.441025,171.0119,109.999992,158.441025,50,-1.52587891E-05,350,300,123.0119,131.44101,219.0119,185.44101,0,1
3411,3411,3408,offscreen_render,72.17915,zoom_restored,27,27,1.77777779,169.61438,160.83165,169.61438,109.999992,160.83165,50,-1.52587891E-05,350,300,121.61438,133.831635,217.61438,187.831635,0,1
3412,3412,3409,offscreen_render,72.19584,zoom_restored,27,27,1.77777779,168.346329,163.001114,168.346329,109.999992,163.001114,50,-1.52587891E-05,350,300,120.346329,136.0011,216.346329,190.0011,0,1
3413,3413,3410,offscreen_render,72.21274,zoom_restored,27,27,1.77777779,167.2039,164.955887,167.2039,109.999992,164.955887,50,-1.52587891E-05,350,300,119.2039,137.955872,215.2039,191.955872,0,1
3414,3414,3411,offscreen_render,72.22951,zoom_restored,27,27,1.77777779,166.174,166.718338,166.174,109.999992,166.718338,50,-1.52587891E-05,350,300,118.174011,139.7183,214.174011,193.7183,0,1
3415,3415,3412,offscreen_render,72.24629,zoom_restored,27,27,1.77777779,165.263245,168.277023,165.263245,109.999992,168.277023,50,-1.52587891E-05,350,300,117.263245,141.277008,213.263245,195.277008,0,1
3416,3416,3413,offscreen_render,72.262825,zoom_restored,27,27,1.77777779,164.455551,169.659439,164.455551,109.999992,169.659439,50,-1.52587891E-05,350,300,116.455566,142.659409,212.455566,196.659409,0,1
3417,3417,3414,offscreen_render,72.27956,zoom_restored,27,27,1.77777779,163.74202,170.880783,163.74202,109.999992,170.880783,50,-1.52587891E-05,350,300,115.74202,143.880768,211.74202,197.880768,0,1
3418,3418,3415,offscreen_render,72.29632,zoom_restored,27,27,1.77777779,163.113937,171.955933,163.113937,109.999992,171.955933,50,-1.52587891E-05,350,300,115.113953,144.9559,211.113953,198.9559,0,1
3419,3419,3416,offscreen_render,72.31299,zoom_restored,27,27,1.77777779,162.56279,172.899429,162.56279,109.999992,172.899429,50,-1.52587891E-05,350,300,114.562805,145.899414,210.5628,199.899414,0,1
3420,3420,3417,offscreen_render,72.32947,zoom_restored,27,27,1.77777779,162.080444,173.725189,162.080444,109.999992,173.725189,50,-1.52587891E-05,350,300,114.080444,146.725159,210.080444,200.725159,0,1
3421,3421,3418,offscreen_render,72.34619,zoom_restored,27,27,1.77777779,161.659409,174.44603,161.659409,109.999992,174.44603,50,-1.52587891E-05,350,300,113.659409,147.446014,209.659409,201.446014,0,1
3422,3422,3419,offscreen_render,72.36306,zoom_restored,27,27,1.77777779,161.292755,175.073792,161.292755,109.999992,175.073792,50,-1.52587891E-05,350,300,113.292755,148.073776,209.292755,202.073776,0,1
3423,3423,3420,offscreen_render,72.3797455,zoom_restored,27,27,1.77777779,160.974091,175.6194,160.974091,109.999992,175.6194,50,-1.52587891E-05,350,300,112.974091,148.61937,208.974091,202.61937,0,1
3424,3424,3421,offscreen_render,72.39609,zoom_restored,27,27,1.77777779,160.697678,176.092682,160.697678,109.999992,176.092682,50,-1.52587891E-05,350,300,112.697693,149.092667,208.6977,203.092667,0,1
3425,3425,3422,offscreen_render,72.41299,zoom_restored,27,27,1.77777779,160.458313,176.502533,160.458313,109.999992,176.502533,50,-1.52587891E-05,350,300,112.458313,149.5025,208.458313,203.5025,0,1
3426,3426,3423,offscreen_render,72.42959,zoom_restored,27,27,1.77777779,160.2514,176.856842,160.2514,109.999992,176.856842,50,-1.52587891E-05,350,300,112.2514,149.856812,208.2514,203.856812,0,1
3427,3427,3424,offscreen_render,72.446,zoom_restored,27,27,1.77777779,160.072769,177.162735,160.072769,109.999992,177.162735,50,-1.52587891E-05,350,300,112.072769,150.16272,208.072769,204.16272,0,1
3428,3428,3425,offscreen_render,72.46337,zoom_restored,27,27,1.77777779,159.918777,177.426422,159.918777,109.999992,177.426422,50,-1.52587891E-05,350,300,111.918777,150.4264,207.918777,204.4264,0,1
3429,3429,3426,offscreen_render,72.47959,zoom_restored,27,27,1.77777779,159.786209,177.653427,159.786209,109.999992,177.653427,50,-1.52587891E-05,350,300,111.786209,150.653412,207.786209,204.653412,0,1
3430,3430,3427,offscreen_render,72.49657,zoom_restored,27,27,1.77777779,159.672211,177.848648,159.672211,109.999992,177.848648,50,-1.52587891E-05,350,300,111.672211,150.848633,207.672211,204.848633,0,1
3431,3431,3428,offscreen_render,72.51302,zoom_restored,27,27,1.77777779,159.57431,178.016312,159.57431,109.999992,178.016312,50,-1.52587891E-05,350,300,111.57431,151.0163,207.57431,205.0163,0,1
3432,3432,3429,offscreen_render,72.52962,zoom_restored,27,27,1.77777779,159.4903,178.1602,159.4903,109.999992,178.1602,50,-1.52587891E-05,350,300,111.490295,151.160187,207.4903,205.160187,0,1
3433,3433,3430,offscreen_render,72.54667,zoom_restored,27,27,1.77777779,159.418289,178.283539,159.418289,109.999992,178.283539,50,-1.52587891E-05,350,300,111.418289,151.283524,207.418289,205.283524,0,1
3434,3434,3431,offscreen_render,72.56339,zoom_restored,27,27,1.77777779,159.356613,178.389175,159.356613,109.999992,178.389175,50,-1.52587891E-05,350,300,111.356628,151.38916,207.356628,205.38916,0,1
3435,3435,3432,offscreen_render,72.57971,zoom_restored,27,27,1.77777779,159.303848,178.479553,159.303848,109.999992,178.479553,50,-1.52587891E-05,350,300,111.303848,151.479538,207.303848,205.479538,0,1
3436,3436,3433,offscreen_render,72.5965,zoom_restored,27,27,1.77777779,159.258728,178.556839,159.258728,109.999992,178.556839,50,-1.52587891E-05,350,300,111.258728,151.556824,207.258728,205.556824,0,1
3437,3437,3434,offscreen_render,72.6129,zoom_restored,27,27,1.77777779,159.220184,178.622849,159.220184,109.999992,178.622849,50,-1.52587891E-05,350,300,111.220184,151.622833,207.220184,205.622833,0,1
3438,3438,3435,offscreen_render,72.62955,zoom_restored,27,27,1.77777779,159.187271,178.679214,159.187271,109.999992,178.679214,50,-1.52587891E-05,350,300,111.187271,151.6792,207.187271,205.6792,0,1
3439,3439,3436,offscreen_render,72.64659,zoom_restored,27,27,1.77777779,159.1592,178.7273,159.1592,109.999992,178.7273,50,-1.52587891E-05,350,300,111.159195,151.72728,207.1592,205.72728,0,1
3440,3440,3437,offscreen_render,72.66304,zoom_restored,27,27,1.77777779,159.135269,178.76828,159.135269,109.999992,178.76828,50,-1.52587891E-05,350,300,111.135269,151.768265,207.135269,205.768265,0,1
3441,3441,3438,offscreen_render,72.67964,zoom_restored,27,27,1.77777779,159.114883,178.8032,159.114883,109.999992,178.8032,50,-1.52587891E-05,350,300,111.114883,151.803192,207.114883,205.803192,0,1
3442,3442,3439,offscreen_render,72.69687,zoom_restored,27,27,1.77777779,159.097519,178.832947,159.097519,109.999992,178.832947,50,-1.52587891E-05,350,300,111.097534,151.832932,207.097534,205.832932,0,1
3443,3443,3440,offscreen_render,72.71359,zoom_restored,27,27,1.77777779,159.082748,178.858261,159.082748,109.999992,178.858261,50,-1.52587891E-05,350,300,111.082748,151.858246,207.082748,205.858246,0,1
3444,3444,3441,offscreen_render,72.7300949,zoom_restored,27,27,1.77777779,159.07019,178.879776,159.07019,109.999992,178.879776,50,-1.52587891E-05,350,300,111.07019,151.879761,207.07019,205.879761,0,1
3445,3445,3442,offscreen_render,72.74651,zoom_restored,27,27,1.77777779,159.059509,178.898071,159.059509,109.999992,178.898071,50,-1.52587891E-05,350,300,111.059509,151.898041,207.059509,205.898041,0,1
3446,3446,3443,offscreen_render,72.7639,zoom_restored,27,27,1.77777779,159.05043,178.91362,159.05043,109.999992,178.91362,50,-1.52587891E-05,350,300,111.05043,151.9136,207.05043,205.9136,0,1
3447,3447,3444,offscreen_render,72.78029,zoom_restored,27,27,1.77777779,159.042725,178.926819,159.042725,109.999992,178.926819,50,-1.52587891E-05,350,300,111.042725,151.9268,207.042725,205.9268,0,1
3448,3448,3445,offscreen_render,72.7966,zoom_restored,27,27,1.77777779,159.036179,178.938019,159.036179,109.999992,178.938019,50,-1.52587891E-05,350,300,111.036194,151.938,207.0362,205.938,0,1
3449,3449,3446,offscreen_render,72.9542542,zoom_restored,27,27,1.77777779,171.958817,166.035645,171.958817,109.999992,166.035645,50,-1.52587891E-05,350,300,123.958817,139.035629,219.958817,193.035629,0,1
3450,3450,3447,offscreen_render,72.97203,zoom_restored,27,27,1.77777779,173.430527,164.564789,173.430527,109.999992,164.564789,50,-1.52587891E-05,350,300,125.430527,137.564774,221.430527,191.564774,0,1
3451,3451,3448,offscreen_render,72.98761,zoom_restored,27,27,1.77777779,174.777039,163.219009,174.777039,109.999992,163.219009,50,-1.52587891E-05,350,300,126.777039,136.218979,222.777039,190.218979,0,1
3452,3452,3449,offscreen_render,73.0041351,zoom_restored,27,27,1.77777779,175.998657,161.998016,175.998657,109.999992,161.998016,50,-1.52587891E-05,350,300,127.998657,134.998,223.998657,188.998,0,1
3453,3453,3450,offscreen_render,73.02053,zoom_restored,27,27,1.77777779,177.099121,160.898071,177.099121,109.999992,160.898071,50,-1.52587891E-05,350,300,129.099121,133.898056,225.099121,187.898056,0,1
3454,3454,3451,offscreen_render,73.03748,zoom_restored,27,27,1.77777779,178.084625,159.91301,178.084625,109.999992,159.91301,50,-1.52587891E-05,350,300,130.084625,132.913,226.084625,186.913,0,1
3455,3455,3452,offscreen_render,73.0544357,zoom_restored,27,27,1.77777779,178.962555,159.035446,178.962555,109.999992,159.035446,50,-1.52587891E-05,350,300,130.962555,132.035416,226.962555,186.035416,0,1
3456,3456,3453,offscreen_render,73.0707245,zoom_restored,27,27,1.77777779,179.741165,158.257141,179.741165,109.999992,158.257141,50,-1.52587891E-05,350,300,131.741165,131.257126,227.741165,185.257126,0,1
3457,3457,3454,offscreen_render,73.08717,zoom_restored,27,27,1.77777779,180.42894,157.569626,180.42894,109.999992,157.569626,50,-1.52587891E-05,350,300,132.428955,130.569611,228.428955,184.569611,0,1
3458,3458,3455,offscreen_render,73.104126,zoom_restored,27,27,1.77777779,181.034424,156.964371,181.034424,109.999992,156.964371,50,-1.52587891E-05,350,300,133.034424,129.964355,229.034424,183.964355,0,1
3459,3459,3456,offscreen_render,73.1207352,zoom_restored,27,27,1.77777779,181.565735,156.433243,181.565735,109.999992,156.433243,50,-1.52587891E-05,350,300,133.565735,129.433228,229.565735,183.433228,0,1
3460,3460,3457,offscreen_render,73.13726,zoom_restored,27,27,1.77777779,182.03067,155.968475,182.03067,109.999992,155.968475,50,-1.52587891E-05,350,300,134.03067,128.96846,230.03067,182.96846,0,1
3461,3461,3458,offscreen_render,73.15388,zoom_restored,27,27,1.77777779,182.436508,155.562775,182.436508,109.999992,155.562775,50,-1.52587891E-05,350,300,134.436523,128.562759,230.436523,182.562759,0,1
3462,3462,3459,offscreen_render,73.17044,zoom_restored,27,27,1.77777779,182.79,155.209412,182.79,109.999992,155.209412,50,-1.52587891E-05,350,300,134.790009,128.209381,230.790009,182.209381,0,1
3463,3463,3460,offscreen_render,73.18714,zoom_restored,27,27,1.77777779,183.097168,154.902328,183.097168,109.999992,154.902328,50,-1.52587891E-05,350,300,135.097168,127.902321,231.097168,181.902313,0,1
3464,3464,3461,offscreen_render,73.2042542,zoom_restored,27,27,1.77777779,183.3636,154.635971,183.3636,109.999992,154.635971,50,-1.52587891E-05,350,300,135.3636,127.635963,231.3636,181.635956,0,1
3465,3465,3462,offscreen_render,73.2205048,zoom_restored,27,27,1.77777779,183.59433,154.405319,183.59433,109.999992,154.405319,50,-1.52587891E-05,350,300,135.59433,127.405312,231.59433,181.4053,0,1
3466,3466,3463,offscreen_render,73.23725,zoom_restored,27,27,1.77777779,183.7938,154.205917,183.7938,109.999992,154.205917,50,-1.52587891E-05,350,300,135.7938,127.20591,231.7938,181.2059,0,1
3467,3467,3464,offscreen_render,73.2547,zoom_restored,27,27,1.77777779,183.965973,154.033783,183.965973,109.999992,154.033783,50,-1.52587891E-05,350,300,135.965973,127.033775,231.965973,181.033768,0,1
3468,3468,3465,offscreen_render,73.27085,zoom_restored,27,27,1.77777779,184.1144,153.8854,184.1144,109.999992,153.8854,50,-1.52587891E-05,350,300,136.11441,126.8854,232.11441,180.885391,0,1
3469,3469,3466,offscreen_render,73.28706,zoom_restored,27,27,1.77777779,184.242172,153.75766,184.242172,109.999992,153.75766,50,-1.52587891E-05,350,300,136.242172,126.757652,232.242172,180.757645,0,1
3470,3470,3467,offscreen_render,73.30361,zoom_restored,27,27,1.77777779,184.352036,153.647812,184.352036,109.999992,153.647812,50,-1.52587891E-05,350,300,136.352036,126.647789,232.352036,180.647781,0,1
3471,3471,3468,offscreen_render,73.32044,zoom_restored,27,27,1.77777779,184.446411,153.553452,184.446411,109.999992,153.553452,50,-1.52587891E-05,350,300,136.446411,126.553444,232.446411,180.553436,0,1
3472,3472,3469,offscreen_render,73.33752,zoom_restored,27,27,1.77777779,184.52739,153.472488,184.52739,109.999992,153.472488,50,-1.52587891E-05,350,300,136.5274,126.472481,232.5274,180.472473,0,1
3473,3473,3470,offscreen_render,73.3539352,zoom_restored,27,27,1.77777779,184.5968,153.403091,184.5968,109.999992,153.403091,50,-1.52587891E-05,350,300,136.5968,126.403069,232.5968,180.403061,0,1
3474,3474,3471,offscreen_render,73.3707047,zoom_restored,27,27,1.77777779,184.65625,153.343658,184.65625,109.999992,153.343658,50,-1.52587891E-05,350,300,136.65625,126.343651,232.65625,180.343643,0,1
3475,3475,3472,offscreen_render,73.38715,zoom_restored,27,27,1.77777779,184.707123,153.2928,184.707123,109.999992,153.2928,50,-1.52587891E-05,350,300,136.707123,126.292793,232.707123,180.292786,0,1
3476,3476,3473,offscreen_render,73.4038,zoom_restored,27,27,1.77777779,184.75061,153.249329,184.75061,109.999992,153.249329,50,-1.52587891E-05,350,300,136.75061,126.249321,232.75061,180.249313,0,1
3477,3477,3474,offscreen_render,73.42068,zoom_restored,27,27,1.77777779,184.787766,153.212189,184.787766,109.999992,153.212189,50,-1.52587891E-05,350,300,136.787781,126.212181,232.787781,180.212173,0,1
3478,3478,3475,offscreen_render,73.4374,zoom_restored,27,27,1.77777779,184.819489,153.180481,184.819489,109.999992,153.180481,50,-1.52587891E-05,350,300,136.819489,126.180473,232.819489,180.180466,0,1
3479,3479,3476,offscreen_render,73.45372,zoom_restored,27,27,1.77777779,184.846542,153.153427,184.846542,109.999992,153.153427,50,-1.52587891E-05,350,300,136.846558,126.153404,232.846558,180.1534,0,1
3480,3480,3477,offscreen_render,73.4702454,zoom_restored,27,27,1.77777779,184.869614,153.130371,184.869614,109.999992,153.130371,50,-1.52587891E-05,350,300,136.869629,126.130363,232.869629,180.130356,0,1
3481,3481,3478,offscreen_render,73.48722,zoom_restored,27,27,1.77777779,184.889267,153.110718,184.889267,109.999992,153.110718,50,-1.52587891E-05,350,300,136.889267,126.11071,232.889267,180.1107,0,1
3482,3482,3479,offscreen_render,73.50372,zoom_restored,27,27,1.77777779,184.906,153.094,184.906,109.999992,153.094,50,-1.52587891E-05,350,300,136.906,126.093987,232.906,180.093979,0,1
3483,3483,3480,offscreen_render,73.52074,zoom_restored,27,27,1.77777779,184.920242,153.079758,184.920242,109.999992,153.079758,50,-1.52587891E-05,350,300,136.920258,126.079735,232.920258,180.079727,0,1
3484,3484,3481,offscreen_render,73.5371857,zoom_restored,27,27,1.77777779,184.932358,153.067642,184.932358,109.999992,153.067642,50,-1.52587891E-05,350,300,136.932358,126.067635,232.932358,180.067627,0,1
3485,3485,3482,offscreen_render,73.55389,zoom_restored,27,27,1.77777779,184.942657,153.057343,184.942657,109.999992,153.057343,50,-1.52587891E-05,350,300,136.942657,126.057335,232.942657,180.057327,0,1
3486,3486,3483,offscreen_render,73.57063,zoom_restored,27,27,1.77777779,184.9514,153.0486,184.9514,109.999992,153.0486,50,-1.52587891E-05,350,300,136.9514,126.048592,232.9514,180.048584,0,1
3487,3487,3484,offscreen_render,73.5868,zoom_restored,27,27,1.77777779,184.958832,153.041168,184.958832,109.999992,153.041168,50,-1.52587891E-05,350,300,136.958832,126.041161,232.958832,180.041153,0,1
3488,3488,3485,offscreen_render,73.60365,zoom_restored,27,27,1.77777779,184.965134,153.034866,184.965134,109.999992,153.034866,50,-1.52587891E-05,350,300,136.965134,126.034859,232.965134,180.034851,0,1
3489,3489,3486,offscreen_render,73.7185,zoom_restored,27,27,1.77777779,191.352768,167.860535,191.352768,109.999992,167.860535,50,-1.52587891E-05,350,300,143.352768,140.8605,239.352768,194.8605,0,1
3490,3490,3487,offscreen_render,73.73559,zoom_restored,27,27,1.77777779,192.527527,170.595825,192.527527,109.999992,170.595825,50,-1.52587891E-05,350,300,144.527527,143.59581,240.527527,197.59581,0,1
3491,3491,3488,offscreen_render,73.7514954,zoom_restored,27,27,1.77777779,193.637573,173.18103,193.637573,109.999992,173.18103,50,-1.52587891E-05,350,300,145.637573,146.181,241.637573,200.181,0,1
3492,3492,3489,offscreen_render,73.7672653,zoom_restored,27,27,1.77777779,194.6713,175.588882,194.6713,109.999992,175.588882,50,-1.52587891E-05,350,300,146.6713,148.588867,242.6713,202.588867,0,1
3493,3493,3490,offscreen_render,73.78424,zoom_restored,27,27,1.77777779,195.623016,177.806046,195.623016,109.999992,177.806046,50,-1.52587891E-05,350,300,147.623016,150.80603,243.623016,204.80603,0,1
3494,3494,3491,offscreen_render,73.80137,zoom_restored,27,27,1.77777779,196.490555,179.827332,196.490555,109.999992,179.827332,50,-1.52587891E-05,350,300,148.49057,152.827316,244.49057,206.827316,0,1
3495,3495,3492,offscreen_render,73.81794,zoom_restored,27,27,1.77777779,197.27562,181.656631,197.27562,109.999992,181.656631,50,-1.52587891E-05,350,300,149.275635,154.656616,245.275635,208.656616,0,1
3496,3496,3493,offscreen_render,73.83396,zoom_restored,27,27,1.77777779,197.980972,183.300339,197.980972,109.999992,183.300339,50,-1.52587891E-05,350,300,149.980988,156.300308,245.980988,210.300308,0,1
3497,3497,3494,offscreen_render,73.85064,zoom_restored,27,27,1.77777779,198.6114,184.769562,198.6114,109.999992,184.769562,50,-1.52587891E-05,350,300,150.61142,157.769531,246.61142,211.769531,0,1
3498,3498,3495,offscreen_render,73.86792,zoom_restored,27,27,1.77777779,199.172073,186.0763,199.172073,109.999992,186.0763,50,-1.52587891E-05,350,300,151.172089,159.076263,247.172089,213.076263,0,1
3499,3499,3496,offscreen_render,73.88416,zoom_restored,27,27,1.77777779,199.668457,187.233261,199.668457,109.999992,187.233261,50,-1.52587891E-05,350,300,151.668457,160.233231,247.668457,214.233231,0,1
3500,3500,3497,offscreen_render,73.9011459,zoom_restored,27,27,1.77777779,200.1064,188.254044,200.1064,109.999992,188.254044,50,-1.52587891E-05,350,300,152.1064,161.254028,248.1064,215.254028,0,1
3501,3501,3498,offscreen_render,73.91757,zoom_restored,27,27,1.77777779,200.4914,189.151443,200.4914,109.999992,189.151443,50,-1.52587891E-05,350,300,152.4914,162.151413,248.4914,216.151413,0,1
3502,3502,3499,offscreen_render,73.9342,zoom_restored,27,27,1.77777779,200.828873,189.938126,200.828873,109.999992,189.938126,50,-1.52587891E-05,350,300,152.828888,162.9381,248.828888,216.9381,0,1
3503,3503,3500,offscreen_render,73.95079,zoom_restored,27,27,1.77777779,201.123932,190.625946,201.123932,109.999992,190.625946,50,-1.52587891E-05,350,300,153.123932,163.625916,249.123932,217.625916,0,1
3504,3504,3501,offscreen_render,73.967514,zoom_restored,27,27,1.77777779,201.381241,191.225769,201.381241,109.999992,191.225769,50,-1.52587891E-05,350,300,153.381256,164.225754,249.381256,218.225754,0,1
3505,3505,3502,offscreen_render,73.98427,zoom_restored,27,27,1.77777779,201.605148,191.747742,201.605148,109.999992,191.747742,50,-1.52587891E-05,350,300,153.605164,164.747726,249.605164,218.747726,0,1
3506,3506,3503,offscreen_render,74.00079,zoom_restored,27,27,1.77777779,201.799576,192.201019,201.799576,109.999992,192.201019,50,-1.52587891E-05,350,300,153.799576,165.201019,249.799576,219.201019,0,1
3507,3507,3504,offscreen_render,74.01748,zoom_restored,27,27,1.77777779,201.968124,192.593979,201.968124,109.999992,192.593979,50,-1.52587891E-05,350,300,153.968124,165.593979,249.968124,219.593979,0,1
3508,3508,3505,offscreen_render,74.0340347,zoom_restored,27,27,1.77777779,202.113968,192.934021,202.113968,109.999992,192.934021,50,-1.52587891E-05,350,300,154.113968,165.934021,250.113968,219.934021,0,1
3509,3509,3506,offscreen_render,74.0508347,zoom_restored,27,27,1.77777779,202.239975,193.227829,202.239975,109.999992,193.227829,50,-1.52587891E-05,350,300,154.23999,166.227814,250.23999,220.227814,0,1
3510,3510,3507,offscreen_render,74.0675659,zoom_restored,27,27,1.77777779,202.3487,193.481323,202.3487,109.999992,193.481323,50,-1.52587891E-05,350,300,154.348709,166.481308,250.348709,220.481308,0,1
3511,3511,3508,offscreen_render,74.08415,zoom_restored,27,27,1.77777779,202.4424,193.699814,202.4424,109.999992,193.699814,50,-1.52587891E-05,350,300,154.442413,166.699814,250.442413,220.699814,0,1
3512,3512,3509,offscreen_render,74.1011047,zoom_restored,27,27,1.77777779,202.523,193.887756,202.523,109.999992,193.887756,50,-1.52587891E-05,350,300,154.52301,166.887756,250.52301,220.887756,0,1
3513,3513,3510,offscreen_render,74.11761,zoom_restored,27,27,1.77777779,202.59227,194.0493,202.59227,109.999992,194.0493,50,-1.52587891E-05,350,300,154.592285,167.049286,250.592285,221.049286,0,1
3514,3514,3511,offscreen_render,74.13434,zoom_restored,27,27,1.77777779,202.651764,194.188,202.651764,109.999992,194.188,50,-1.52587891E-05,350,300,154.651764,167.187988,250.651764,221.187988,0,1
3515,3515,3512,offscreen_render,74.15119,zoom_restored,27,27,1.77777779,202.702789,194.306976,202.702789,109.999992,194.306976,50,-1.52587891E-05,350,300,154.702789,167.306961,250.702789,221.306961,0,1
3516,3516,3513,offscreen_render,74.16767,zoom_restored,27,27,1.77777779,202.7465,194.40892,202.7465,109.999992,194.40892,50,-1.52587891E-05,350,300,154.7465,167.40892,250.7465,221.40892,0,1
3517,3517,3514,offscreen_render,74.18416,zoom_restored,27,27,1.77777779,202.783936,194.496185,202.783936,109.999992,194.496185,50,-1.52587891E-05,350,300,154.783951,167.496185,250.783951,221.496185,0,1
3518,3518,3515,offscreen_render,74.20137,zoom_restored,27,27,1.77777779,202.815948,194.570831,202.815948,109.999992,194.570831,50,-1.52587891E-05,350,300,154.815948,167.570831,250.815948,221.570831,0,1
3519,3519,3516,offscreen_render,74.21816,zoom_restored,27,27,1.77777779,202.8433,194.634644,202.8433,109.999992,194.634644,50,-1.52587891E-05,350,300,154.843323,167.634628,250.843323,221.634628,0,1
3520,3520,3517,offscreen_render,74.23489,zoom_restored,27,27,1.77777779,202.866684,194.689148,202.866684,109.999992,194.689148,50,-1.52587891E-05,350,300,154.8667,167.689133,250.8667,221.689133,0,1
3521,3521,3518,offscreen_render,74.25098,zoom_restored,27,27,1.77777779,202.886627,194.735641,202.886627,109.999992,194.735641,50,-1.52587891E-05,350,300,154.886627,167.735641,250.886627,221.735641,0,1
3522,3522,3519,offscreen_render,74.26754,zoom_restored,27,27,1.77777779,202.903641,194.775314,202.903641,109.999992,194.775314,50,-1.52587891E-05,350,300,154.903656,167.7753,250.903656,221.7753,0,1
3523,3523,3520,offscreen_render,74.2842,zoom_restored,27,27,1.77777779,202.918137,194.809128,202.918137,109.999992,194.809128,50,-1.52587891E-05,350,300,154.918152,167.809128,250.918152,221.809128,0,1
3524,3524,3521,offscreen_render,74.30086,zoom_restored,27,27,1.77777779,202.930481,194.837921,202.930481,109.999992,194.837921,50,-1.52587891E-05,350,300,154.930481,167.8379,250.930481,221.8379,0,1
3525,3525,3522,offscreen_render,74.31744,zoom_restored,27,27,1.77777779,202.941,194.862442,202.941,109.999992,194.862442,50,-1.52587891E-05,350,300,154.94101,167.862442,250.94101,221.862442,0,1
3526,3526,3523,offscreen_render,74.33431,zoom_restored,27,27,1.77777779,202.949936,194.8833,202.949936,109.999992,194.8833,50,-1.52587891E-05,350,300,154.949936,167.8833,250.949936,221.8833,0,1
3527,3527,3524,offscreen_render,74.35125,zoom_restored,27,27,1.77777779,202.95755,194.901031,202.95755,109.999992,194.901031,50,-1.52587891E-05,350,300,154.95755,167.901016,250.95755,221.901016,0,1
3528,3528,3525,offscreen_render,74.367485,zoom_restored,27,27,1.77777779,202.96402,194.9161,202.96402,109.999992,194.9161,50,-1.52587891E-05,350,300,154.964035,167.9161,250.964035,221.9161,0,1
3529,3529,3526,offscreen_render,74.38404,zoom_restored,27,27,1.77777779,202.969513,194.928909,202.969513,109.999992,194.928909,50,-1.52587891E-05,350,300,154.969528,167.9289,250.969528,221.9289,0,1
3530,3530,3527,offscreen_render,74.40074,zoom_restored,27,27,1.77777779,202.974182,194.939789,202.974182,109.999992,194.939789,50,-1.52587891E-05,350,300,154.9742,167.939774,250.9742,221.939774,0,1
3531,3531,3528,offscreen_render,74.41764,zoom_restored,27,27,1.77777779,202.978134,194.94902,202.978134,109.999992,194.94902,50,-1.52587891E-05,350,300,154.978134,167.949,250.978134,221.949,0,1
