frame,rendered_frame,offscreen_render,mode,realtime,phase,actual_size,requested_size,aspect,focus_x,focus_z,camera_x,camera_y,camera_z,map_x_min,map_z_min,map_x_max,map_z_max,view_x_min,view_z_min,view_x_max,view_z_max,overflow,pass
4,4,1,offscreen_render,2.883501,startup,27,27,1.77777779,200,180,200,109.999992,180,50,-1.52587891E-05,350,300,152.000015,152.999969,248.000015,206.999969,0,1
5,5,2,offscreen_render,2.99896359,startup,27,27,1.77777779,200,180,200,109.999992,180,50,-1.52587891E-05,350,300,152.000015,152.999969,248.000015,206.999969,0,1
6,6,3,offscreen_render,3.0152142,startup,27,27,1.77777779,200,180,200,109.999992,180,50,-1.52587891E-05,350,300,152.000015,152.999969,248.000015,206.999969,0,1
7,7,4,offscreen_render,3.12738442,startup,27,27,1.77777779,200,180,200,109.999992,180,50,-1.52587891E-05,350,300,152.000015,152.999969,248.000015,206.999969,0,1
8,8,5,offscreen_render,3.13932276,startup,27,27,1.77777779,200,180,200,109.999992,180,50,-1.52587891E-05,350,300,152.000015,152.999969,248.000015,206.999969,0,1
9,9,6,offscreen_render,3.24775815,startup,27,27,1.77777779,200,180,200,109.999992,180,50,-1.52587891E-05,350,300,152.000015,152.999969,248.000015,206.999969,0,1
10,10,7,offscreen_render,3.26442981,startup,27,27,1.77777779,200,180,200,109.999992,180,50,-1.52587891E-05,350,300,152.000015,152.999969,248.000015,206.999969,0,1
11,11,8,offscreen_render,3.37054062,startup,27,27,1.77777779,200,180,200,109.999992,180,50,-1.52587891E-05,350,300,152.000015,152.999969,248.000015,206.999969,0,1
12,12,9,offscreen_render,3.38926864,startup,27,27,1.77777779,200,180,200,109.999992,180,50,-1.52587891E-05,350,300,152.000015,152.999969,248.000015,206.999969,0,1
13,13,10,offscreen_render,3.50458741,startup,27,27,1.77777779,200,180,200,109.999992,180,50,-1.52587891E-05,350,300,152.000015,152.999969,248.000015,206.999969,0,1
14,14,11,offscreen_render,3.52142119,startup,27,27,1.77777779,200,180,200,109.999992,180,50,-1.52587891E-05,350,300,152.000015,152.999969,248.000015,206.999969,0,1
15,15,12,offscreen_render,3.628834,startup,27,27,1.77777779,199.3446,151.162872,199.3446,109.999992,151.162872,50,-1.52587891E-05,350,300,151.3446,124.162849,247.3446,178.162842,0,1
16,16,13,offscreen_render,3.6448884,startup,27,27,1.77777779,199.2123,145.34108,199.2123,109.999992,145.34108,50,-1.52587891E-05,350,300,151.2123,118.341057,247.2123,172.341049,0,1
17,17,14,offscreen_render,3.66067386,startup,27,27,1.77777779,199.086334,139.799042,199.086334,109.999992,139.799042,50,-1.52587891E-05,350,300,151.086334,112.799034,247.086334,166.799026,0,1
18,18,15,offscreen_render,3.67739677,startup,27,27,1.77777779,198.968353,134.607529,198.968353,109.999992,134.607529,50,-1.52587891E-05,350,300,150.968353,107.607521,246.968353,161.607513,0,1
19,19,16,offscreen_render,3.694102,startup,27,27,1.77777779,198.859238,129.806641,198.859238,109.999992,129.806641,50,-1.52587891E-05,350,300,150.859253,102.806633,246.859253,156.806625,0,1
20,20,17,offscreen_render,3.7108264,startup,27,27,1.77777779,198.759369,125.4123,198.759369,109.999992,125.412292,50,-1.52587891E-05,350,300,150.759384,98.4122849,246.759384,152.412277,0,1
21,21,18,offscreen_render,3.72715521,startup,27,27,1.77777779,198.668732,121.424179,198.668732,109.999992,121.424171,50,-1.52587891E-05,350,300,150.668747,94.4241638,246.668747,148.424149,0,1
22,22,19,offscreen_render,3.74402261,startup,27,27,1.77777779,198.587051,117.830086,198.587051,109.999992,117.830078,50,-1.52587891E-05,350,300,150.587067,90.83008,246.587067,144.830063,0,1
23,23,20,offscreen_render,3.7604382,startup,27,27,1.77777779,198.513885,114.611038,198.513885,109.999992,114.611031,50,-1.52587891E-05,350,300,150.513885,87.61102,246.513885,141.611008,0,1
24,24,21,offscreen_render,3.77722478,startup,27,27,1.77777779,198.448685,111.742447,198.448685,109.999992,111.742439,50,-1.52587891E-05,350,300,150.4487,84.74243,246.4487,138.742416,0,1
25,25,22,offscreen_render,3.793861,startup,27,27,1.77777779,198.390854,109.198158,198.390854,109.999992,109.198151,50,-1.52587891E-05,350,300,150.390869,82.19814,246.390869,136.198135,0,1
26,26,23,offscreen_render,3.81087613,startup,27,27,1.77777779,198.339767,106.950058,198.339767,109.999992,106.95005,50,-1.52587891E-05,350,300,150.339783,79.9500351,246.339783,133.950027,0,1
27,27,24,offscreen_render,3.827231,startup,27,27,1.77777779,198.294785,104.9708,198.294785,109.999992,104.970795,50,-1.52587891E-05,350,300,150.2948,77.97078,246.2948,131.970764,0,1
28,28,25,offscreen_render,3.84363627,startup,27,27,1.77777779,198.25531,103.23391,198.25531,109.999992,103.2339,50,-1.52587891E-05,350,300,150.25531,76.2338943,246.25531,130.233887,0,1
29,29,26,offscreen_render,3.860447,startup,27,27,1.77777779,198.220764,101.713692,198.220764,109.999992,101.713684,50,-1.52587891E-05,350,300,150.220779,74.71368,246.220779,128.713669,0,1
30,30,27,offscreen_render,3.8773036,startup,27,27,1.77777779,198.1906,100.386513,198.1906,109.999992,100.386505,50,-1.52587891E-05,350,300,150.190613,73.3865,246.190613,127.38649,0,1
31,31,28,offscreen_render,3.89378333,startup,27,27,1.77777779,198.164322,99.23067,198.164322,109.999992,99.23066,50,-1.52587891E-05,350,300,150.164337,72.2306442,246.164337,126.230637,0,1
32,32,29,offscreen_render,3.91027451,startup,27,27,1.77777779,198.1415,98.22603,198.1415,109.999992,98.22602,50,-1.52587891E-05,350,300,150.1415,71.2260056,246.1415,125.226,0,1
33,33,30,offscreen_render,3.92746449,startup,27,27,1.77777779,198.121689,97.35447,198.121689,109.999992,97.35446,50,-1.52587891E-05,350,300,150.1217,70.354454,246.1217,124.354446,0,1
34,34,31,offscreen_render,3.94375563,startup,27,27,1.77777779,198.104538,96.5998,198.104538,109.999992,96.59979,50,-1.52587891E-05,350,300,150.104553,69.5997849,246.104553,123.599777,0,1
35,35,32,offscreen_render,3.96046782,startup,27,27,1.77777779,198.0897,95.94729,198.0897,109.999992,95.94728,50,-1.52587891E-05,350,300,150.089722,68.9472656,246.089722,122.947258,0,1
36,36,33,offscreen_render,3.97686028,startup,27,27,1.77777779,198.0769,95.38399,198.0769,109.999992,95.38398,50,-1.52587891E-05,350,300,150.0769,68.38396,246.0769,122.383949,0,1
37,37,34,offscreen_render,3.993667,startup,27,27,1.77777779,198.065872,94.8983841,198.065872,109.999992,94.89838,50,-1.52587891E-05,350,300,150.065872,67.89836,246.065872,121.898354,0,1
38,38,35,offscreen_render,4.01097155,startup,27,27,1.77777779,198.056366,94.4802856,198.056366,109.999992,94.48028,50,-1.52587891E-05,350,300,150.056366,67.48026,246.056366,121.480255,0,1
39,39,36,offscreen_render,4.02722263,startup,27,27,1.77777779,198.0482,94.12077,198.0482,109.999992,94.1207657,50,-1.52587891E-05,350,300,150.0482,67.12075,246.0482,121.120743,0,1
40,40,37,offscreen_render,4.04373837,startup,27,27,1.77777779,198.041183,93.8119354,198.041183,109.999992,93.81193,50,-1.52587891E-05,350,300,150.0412,66.81191,246.0412,120.811905,0,1
41,41,38,offscreen_render,4.06057835,startup,27,27,1.77777779,198.035156,93.546936,198.035156,109.999992,93.54693,50,-1.52587891E-05,350,300,150.035156,66.5469055,246.035156,120.5469,0,1
42,42,39,offscreen_render,4.077168,startup,27,27,1.77777779,198.03,93.31976,198.03,109.999992,93.3197556,50,-1.52587891E-05,350,300,150.03,66.31974,246.03,120.319733,0,1
43,43,40,offscreen_render,4.093754,startup,27,27,1.77777779,198.025574,93.12521,198.025574,109.999992,93.125206,50,-1.52587891E-05,350,300,150.025589,66.12519,246.025589,120.125183,0,1
44,44,41,offscreen_render,4.11044455,startup,27,27,1.77777779,198.02179,92.95873,198.02179,109.999992,92.958725,50,-1.52587891E-05,350,300,150.02179,65.95871,246.02179,119.9587,0,1
45,45,42,offscreen_render,4.12716436,startup,27,27,1.77777779,198.018555,92.81639,198.018555,109.999992,92.81638,50,-1.52587891E-05,350,300,150.018555,65.81637,246.018555,119.81636,0,1
46,46,43,offscreen_render,4.14380646,startup,27,27,1.77777779,198.0158,92.6947861,198.0158,109.999992,92.69478,50,-1.52587891E-05,350,300,150.0158,65.69476,246.0158,119.694756,0,1
47,47,44,offscreen_render,4.160633,startup,27,27,1.77777779,198.013428,92.59097,198.013428,109.999992,92.5909653,50,-1.52587891E-05,350,300,150.013428,65.59095,246.013428,119.590942,0,1
48,48,45,offscreen_render,4.17706871,startup,27,27,1.77777779,198.011414,92.50241,198.011414,109.999992,92.5024,50,-1.52587891E-05,350,300,150.011414,65.50239,246.011414,119.50238,0,1
49,49,46,offscreen_render,4.193875,startup,27,27,1.77777779,198.009689,92.4268341,198.009689,109.999992,92.42683,50,-1.52587891E-05,350,300,150.0097,65.42681,246.0097,119.4268,0,1
50,50,47,offscreen_render,4.2106185,startup,27,27,1.77777779,198.008224,92.36251,198.008224,109.999992,92.3625,50,-1.52587891E-05,350,300,150.00824,65.36249,246.00824,119.36248,0,1
51,51,48,offscreen_render,4.22721624,startup,27,27,1.77777779,198.006973,92.30775,198.006973,109.999992,92.30774,50,-1.52587891E-05,350,300,150.006989,65.307724,246.006989,119.307716,0,1
52,52,49,offscreen_render,4.24375153,startup,27,27,1.77777779,198.00592,92.26114,198.00592,109.999992,92.26113,50,-1.52587891E-05,350,300,150.00592,65.261116,246.00592,119.261108,0,1
53,53,50,offscreen_render,4.26060534,startup,27,27,1.77777779,198.00502,92.2215,198.00502,109.999992,92.22149,50,-1.52587891E-05,350,300,150.005035,65.22147,246.005035,119.221466,0,1
54,54,51,offscreen_render,4.277098,startup,27,27,1.77777779,198.004257,92.1878,198.004257,109.999992,92.18779,50,-1.52587891E-05,350,300,150.004257,65.1877747,246.004257,119.187767,0,1
55,55,52,offscreen_render,4.29376125,startup,27,27,1.77777779,198.0036,92.1591644,198.0036,109.999992,92.15916,50,-1.52587891E-05,350,300,150.003616,65.15914,246.003616,119.159134,0,1
56,56,53,offscreen_render,4.31062031,startup,27,27,1.77777779,198.003052,92.13484,198.003052,109.999992,92.1348343,50,-1.52587891E-05,350,300,150.003067,65.13482,246.003067,119.134811,0,1
57,57,54,offscreen_render,4.32745743,startup,27,27,1.77777779,198.002579,92.1142,198.002579,109.999992,92.11419,50,-1.52587891E-05,350,300,150.0026,65.1141739,246.0026,119.114166,0,1
58,58,55,offscreen_render,4.34403849,startup,27,27,1.77777779,198.002182,92.09668,198.002182,109.999992,92.09667,50,-1.52587891E-05,350,300,150.0022,65.09666,246.0022,119.096649,0,1
59,59,56,offscreen_render,4.360384,startup,27,27,1.77777779,198.001846,92.0818253,198.001846,109.999992,92.08182,50,-1.52587891E-05,350,300,150.001862,65.0818,246.001862,119.081795,0,1
60,60,57,offscreen_render,4.377272,startup,27,27,1.77777779,198.001556,92.06923,198.001556,109.999992,92.06922,50,-1.52587891E-05,350,300,150.001556,65.06921,246.001556,119.0692,0,1
61,61,58,offscreen_render,4.39351273,startup,27,27,1.77777779,198.001312,92.0585556,198.001312,109.999992,92.05855,50,-1.52587891E-05,350,300,150.001328,65.05853,246.001328,119.058525,0,1
62,62,59,offscreen_render,4.410483,startup,27,27,1.77777779,198.001114,92.0495148,198.001114,109.999992,92.04951,50,-1.52587891E-05,350,300,150.001129,65.04949,246.001129,119.049484,0,1
63,63,60,offscreen_render,4.427478,startup,27,27,1.77777779,198.000946,92.0418549,198.000946,109.999992,92.04185,50,-1.52587891E-05,350,300,150.000961,65.04183,246.000961,119.041824,0,1
64,64,61,offscreen_render,4.444144,startup,27,27,1.77777779,198.0008,92.03532,198.0008,109.999992,92.03531,50,-1.52587891E-05,350,300,150.0008,65.0352859,246.0008,119.035278,0,1
65,65,62,offscreen_render,4.4608407,startup,27,27,1.77777779,198.000671,92.02984,198.000671,109.999992,92.02983,50,-1.52587891E-05,350,300,150.000687,65.0298157,246.000687,119.029808,0,1
66,66,63,offscreen_render,4.477388,startup,27,27,1.77777779,198.000565,92.0252,198.000565,109.999992,92.02519,50,-1.52587891E-05,350,300,150.00058,65.02518,246.00058,119.025169,0,1
67,67,64,offscreen_render,4.494563,startup,27,27,1.77777779,198.000473,92.02128,198.000473,109.999992,92.02127,50,-1.52587891E-05,350,300,150.000488,65.0212555,246.000488,119.021248,0,1
68,68,65,offscreen_render,4.51106644,startup,27,27,1.77777779,198.0004,92.01796,198.0004,109.999992,92.01795,50,-1.52587891E-05,350,300,150.000412,65.01794,246.000412,119.017929,0,1
69,69,66,offscreen_render,4.527501,startup,27,27,1.77777779,198.000336,92.01516,198.000336,109.999992,92.01515,50,-1.52587891E-05,350,300,150.000336,65.01514,246.000336,119.015129,0,1
70,70,67,offscreen_render,4.64476538,startup,27,27,1.77777779,198.0001,92.00462,198.0001,109.999992,92.0046158,50,-1.52587891E-05,350,300,150.000122,65.00459,246.000122,119.004585,0,1
71,71,68,offscreen_render,4.66196537,startup,27,27,1.77777779,198.000092,92.00389,198.000092,109.999992,92.00388,50,-1.52587891E-05,350,300,150.000092,65.00387,246.000092,119.00386,0,1
72,72,69,offscreen_render,4.67792273,startup,27,27,1.77777779,198.000076,92.00328,198.000076,109.999992,92.00327,50,-1.52587891E-05,350,300,150.000092,65.00326,246.000092,119.00325,0,1
73,73,70,offscreen_render,4.69438934,startup,27,27,1.77777779,198.000061,92.00276,198.000061,109.999992,92.0027542,50,-1.52587891E-05,350,300,150.000061,65.00274,246.000061,119.002731,0,1
74,74,71,offscreen_render,4.710944,startup,27,27,1.77777779,198.000046,92.00233,198.000046,109.999992,92.00232,50,-1.52587891E-05,350,300,150.000046,65.0023041,246.000046,119.0023,0,1
75,75,72,offscreen_render,4.72771263,startup,27,27,1.77777779,198.000031,92.00196,198.000031,109.999992,92.00195,50,-1.52587891E-05,350,300,150.000046,65.00194,246.000046,119.00193,0,1
76,76,73,offscreen_render,4.74444771,startup,27,27,1.77777779,198.000031,92.00165,198.000031,109.999992,92.00164,50,-1.52587891E-05,350,300,150.000046,65.0016251,246.000046,119.001617,0,1
77,77,74,offscreen_render,4.76117945,startup,27,27,1.77777779,198.000031,92.00139,198.000031,109.999992,92.00138,50,-1.52587891E-05,350,300,150.000046,65.0013657,246.000046,119.001358,0,1
78,78,75,offscreen_render,4.77739525,startup,27,27,1.77777779,198.000031,92.00117,198.000031,109.999992,92.00116,50,-1.52587891E-05,350,300,150.000046,65.0011444,246.000046,119.001137,0,1
79,79,76,offscreen_render,4.795437,startup,27,27,1.77777779,198.000031,92.00097,198.000031,109.999992,92.00096,50,-1.52587891E-05,350,300,150.000046,65.000946,246.000046,119.000938,0,1
80,80,77,offscreen_render,4.812287,startup,27,27,1.77777779,198.000031,92.00082,198.000031,109.999992,92.00081,50,-1.52587891E-05,350,300,150.000046,65.00079,246.000046,119.000786,0,1
81,81,78,offscreen_render,4.828831,startup,27,27,1.77777779,198.000031,92.00069,198.000031,109.999992,92.00068,50,-1.52587891E-05,350,300,150.000046,65.00066,246.000046,119.000656,0,1
82,82,79,offscreen_render,4.84540224,startup,27,27,1.77777779,198.000031,92.00058,198.000031,109.999992,92.00057,50,-1.52587891E-05,350,300,150.000046,65.00056,246.000046,119.000549,0,1
83,83,80,offscreen_render,4.86216545,startup,27,27,1.77777779,198.000031,92.00049,198.000031,109.999992,92.00048,50,-1.52587891E-05,350,300,150.000046,65.0004654,246.000046,119.000458,0,1
84,84,81,offscreen_render,4.87865162,startup,27,27,1.77777779,198.000031,92.00041,198.000031,109.999992,92.0004044,50,-1.52587891E-05,350,300,150.000046,65.00039,246.000046,119.000381,0,1
85,85,82,offscreen_render,4.89523125,startup,27,27,1.77777779,198.000031,92.00034,198.000031,109.999992,92.0003357,50,-1.52587891E-05,350,300,150.000046,65.00032,246.000046,119.000313,0,1
86,86,83,offscreen_render,4.91197062,startup,27,27,1.77777779,198.000031,92.00029,198.000031,109.999992,92.00028,50,-1.52587891E-05,350,300,150.000046,65.00027,246.000046,119.000259,0,1
87,87,84,offscreen_render,4.92858362,startup,27,27,1.77777779,198.000031,92.0002441,198.000031,109.999992,92.00024,50,-1.52587891E-05,350,300,150.000046,65.00022,246.000046,119.000214,0,1
88,88,85,offscreen_render,4.94534969,startup,27,27,1.77777779,198.000031,92.000206,198.000031,109.999992,92.0002,50,-1.52587891E-05,350,300,150.000046,65.00018,246.000046,119.000175,0,1
89,89,86,offscreen_render,4.962207,startup,27,27,1.77777779,198.000031,92.0001755,198.000031,109.999992,92.00017,50,-1.52587891E-05,350,300,150.000046,65.00015,246.000046,119.000145,0,1
90,90,87,offscreen_render,4.97900772,startup,27,27,1.77777779,198.000031,92.000145,198.000031,109.999992,92.00014,50,-1.52587891E-05,350,300,150.000046,65.00012,246.000046,119.000114,0,1
91,91,88,offscreen_render,4.99526644,startup,27,27,1.77777779,198.000031,92.00012,198.000031,109.999992,92.0001144,50,-1.52587891E-05,350,300,150.000046,65.0001,246.000046,119.000092,0,1
92,92,89,offscreen_render,5.01200533,startup,27,27,1.77777779,198.000031,92.0001,198.000031,109.999992,92.00009,50,-1.52587891E-05,350,300,150.000046,65.00008,246.000046,119.000069,0,1
93,93,90,offscreen_render,5.02863169,startup,27,27,1.77777779,198.000031,92.0000839,198.000031,109.999992,92.00008,50,-1.52587891E-05,350,300,150.000046,65.00006,246.000046,119.000053,0,1
94,94,91,offscreen_render,5.045624,startup,27,27,1.77777779,198.000031,92.00007,198.000031,109.999992,92.00006,50,-1.52587891E-05,350,300,150.000046,65.0000458,246.000046,119.000038,0,1
95,95,92,offscreen_render,5.06219769,startup,27,27,1.77777779,198.000031,92.00006,198.000031,109.999992,92.00005,50,-1.52587891E-05,350,300,150.000046,65.00004,246.000046,119.000031,0,1
96,96,93,offscreen_render,5.07891,startup,27,27,1.77777779,198.000031,92.00005,198.000031,109.999992,92.0000458,50,-1.52587891E-05,350,300,150.000046,65.00003,246.000046,119.000023,0,1
97,97,94,offscreen_render,5.09525871,startup,27,27,1.77777779,198.000031,92.0000458,198.000031,109.999992,92.00004,50,-1.52587891E-05,350,300,150.000046,65.00002,246.000046,119.000015,0,1
98,98,95,offscreen_render,5.1119895,startup,27,27,1.77777779,198.000031,92.00004,198.000031,109.999992,92.00003,50,-1.52587891E-05,350,300,150.000046,65.0000153,246.000046,119.000008,0,1
99,99,96,offscreen_render,5.128733,startup,27,27,1.77777779,198.000031,92.00003,198.000031,109.999992,92.00002,50,-1.52587891E-05,350,300,150.000046,65.00001,246.000046,119,0,1
100,100,97,offscreen_render,5.145447,startup,27,27,1.77777779,198.000031,92.00002,198.000031,109.999992,92.0000153,50,-1.52587891E-05,350,300,150.000046,65,246.000046,118.999992,0,1
101,101,98,offscreen_render,5.162091,startup,27,27,1.77777779,198.000031,92.0000153,198.000031,109.999992,92.00001,50,-1.52587891E-05,350,300,150.000046,64.99999,246.000046,118.999985,0,1
102,102,99,offscreen_render,5.17871666,startup,27,27,1.77777779,198.000031,92.0000153,198.000031,109.999992,92.00001,50,-1.52587891E-05,350,300,150.000046,64.99999,246.000046,118.999985,0,1
103,103,100,offscreen_render,5.195445,startup,27,27,1.77777779,198.000031,92.0000153,198.000031,109.999992,92.00001,50,-1.52587891E-05,350,300,150.000046,64.99999,246.000046,118.999985,0,1
104,104,101,offscreen_render,5.212063,startup,27,27,1.77777779,198.000031,92.0000153,198.000031,109.999992,92.00001,50,-1.52587891E-05,350,300,150.000046,64.99999,246.000046,118.999985,0,1
105,105,102,offscreen_render,5.228827,startup,27,27,1.77777779,198.000031,92.0000153,198.000031,109.999992,92.00001,50,-1.52587891E-05,350,300,150.000046,64.99999,246.000046,118.999985,0,1
106,106,103,offscreen_render,5.24546528,startup,27,27,1.77777779,198.000031,92.0000153,198.000031,109.999992,92.00001,50,-1.52587891E-05,350,300,150.000046,64.99999,246.000046,118.999985,0,1
107,107,104,offscreen_render,5.26252556,startup,27,27,1.77777779,198.000031,92.0000153,198.000031,109.999992,92.00001,50,-1.52587891E-05,350,300,150.000046,64.99999,246.000046,118.999985,0,1
108,108,105,offscreen_render,5.27907372,startup,27,27,1.77777779,198.000031,92.0000153,198.000031,109.999992,92.00001,50,-1.52587891E-05,350,300,150.000046,64.99999,246.000046,118.999985,0,1
109,109,106,offscreen_render,5.295586,startup,27,27,1.77777779,198.000031,92.0000153,198.000031,109.999992,92.00001,50,-1.52587891E-05,350,300,150.000046,64.99999,246.000046,118.999985,0,1
110,110,107,offscreen_render,5.31234264,startup,27,27,1.77777779,198.000031,92.0000153,198.000031,109.999992,92.00001,50,-1.52587891E-05,350,300,150.000046,64.99999,246.000046,118.999985,0,1
111,111,108,offscreen_render,5.328964,startup,27,27,1.77777779,198.000031,92.0000153,198.000031,109.999992,92.00001,50,-1.52587891E-05,350,300,150.000046,64.99999,246.000046,118.999985,0,1
112,112,109,offscreen_render,5.34579,startup,27,27,1.77777779,198.000031,92.0000153,198.000031,109.999992,92.00001,50,-1.52587891E-05,350,300,150.000046,64.99999,246.000046,118.999985,0,1
113,113,110,offscreen_render,5.36252928,startup,27,27,1.77777779,198.000031,92.0000153,198.000031,109.999992,92.00001,50,-1.52587891E-05,350,300,150.000046,64.99999,246.000046,118.999985,0,1
114,114,111,offscreen_render,5.379049,startup,27,27,1.77777779,198.000031,92.0000153,198.000031,109.999992,92.00001,50,-1.52587891E-05,350,300,150.000046,64.99999,246.000046,118.999985,0,1
115,115,112,offscreen_render,5.39542341,startup,27,27,1.77777779,198.000031,92.0000153,198.000031,109.999992,92.00001,50,-1.52587891E-05,350,300,150.000046,64.99999,246.000046,118.999985,0,1
116,116,113,offscreen_render,5.412522,startup,27,27,1.77777779,198.000031,92.0000153,198.000031,109.999992,92.00001,50,-1.52587891E-05,350,300,150.000046,64.99999,246.000046,118.999985,0,1
117,117,114,offscreen_render,5.429379,startup,27,27,1.77777779,198.000031,92.0000153,198.000031,109.999992,92.00001,50,-1.52587891E-05,350,300,150.000046,64.99999,246.000046,118.999985,0,1
118,118,115,offscreen_render,5.44591761,startup,27,27,1.77777779,198.000031,92.0000153,198.000031,109.999992,92.00001,50,-1.52587891E-05,350,300,150.000046,64.99999,246.000046,118.999985,0,1
119,119,116,offscreen_render,5.462512,startup,27,27,1.77777779,198.000031,92.0000153,198.000031,109.999992,92.00001,50,-1.52587891E-05,350,300,150.000046,64.99999,246.000046,118.999985,0,1
120,120,117,offscreen_render,5.479122,startup,27,27,1.77777779,198.000031,92.0000153,198.000031,109.999992,92.00001,50,-1.52587891E-05,350,300,150.000046,64.99999,246.000046,118.999985,0,1
121,121,118,offscreen_render,5.49601,startup,27,27,1.77777779,198.000031,92.0000153,198.000031,109.999992,92.00001,50,-1.52587891E-05,350,300,150.000046,64.99999,246.000046,118.999985,0,1
122,122,119,offscreen_render,5.51279831,startup,27,27,1.77777779,198.000031,92.0000153,198.000031,109.999992,92.00001,50,-1.52587891E-05,350,300,150.000046,64.99999,246.000046,118.999985,0,1
123,123,120,offscreen_render,5.529458,startup,27,27,1.77777779,198.000031,92.0000153,198.000031,109.999992,92.00001,50,-1.52587891E-05,350,300,150.000046,64.99999,246.000046,118.999985,0,1
124,124,121,offscreen_render,5.545995,startup,27,27,1.77777779,198.000031,92.0000153,198.000031,109.999992,92.00001,50,-1.52587891E-05,350,300,150.000046,64.99999,246.000046,118.999985,0,1
125,125,122,offscreen_render,5.562622,startup,27,27,1.77777779,198.000031,92.0000153,198.000031,109.999992,92.00001,50,-1.52587891E-05,350,300,150.000046,64.99999,246.000046,118.999985,0,1
126,126,123,offscreen_render,5.579334,startup,27,27,1.77777779,198.000031,92.0000153,198.000031,109.999992,92.00001,50,-1.52587891E-05,350,300,150.000046,64.99999,246.000046,118.999985,0,1
127,127,124,offscreen_render,5.59570837,startup,27,27,1.77777779,198.000031,92.0000153,198.000031,109.999992,92.00001,50,-1.52587891E-05,350,300,150.000046,64.99999,246.000046,118.999985,0,1
128,128,125,offscreen_render,5.61253452,startup,27,27,1.77777779,198.000031,92.0000153,198.000031,109.999992,92.00001,50,-1.52587891E-05,350,300,150.000046,64.99999,246.000046,118.999985,0,1
129,129,126,offscreen_render,5.629076,startup,27,27,1.77777779,198.000031,92.0000153,198.000031,109.999992,92.00001,50,-1.52587891E-05,350,300,150.000046,64.99999,246.000046,118.999985,0,1
130,130,127,offscreen_render,5.645713,startup,27,27,1.77777779,198.000031,92.0000153,198.000031,109.999992,92.00001,50,-1.52587891E-05,350,300,150.000046,64.99999,246.000046,118.999985,0,1
131,131,128,offscreen_render,5.66292143,startup,27,27,1.77777779,198.000031,92.0000153,198.000031,109.999992,92.00001,50,-1.52587891E-05,350,300,150.000046,64.99999,246.000046,118.999985,0,1
132,132,129,offscreen_render,5.67914,startup,27,27,1.77777779,198.000031,92.0000153,198.000031,109.999992,92.00001,50,-1.52587891E-05,350,300,150.000046,64.99999,246.000046,118.999985,0,1
133,133,130,offscreen_render,5.695894,startup,27,27,1.77777779,198.000031,92.0000153,198.000031,109.999992,92.00001,50,-1.52587891E-05,350,300,150.000046,64.99999,246.000046,118.999985,0,1
134,134,131,offscreen_render,5.71248245,startup,27,27,1.77777779,198.000031,92.0000153,198.000031,109.999992,92.00001,50,-1.52587891E-05,350,300,150.000046,64.99999,246.000046,118.999985,0,1
135,135,132,offscreen_render,5.729553,startup,27,27,1.77777779,198.000031,92.0000153,198.000031,109.999992,92.00001,50,-1.52587891E-05,350,300,150.000046,64.99999,246.000046,118.999985,0,1
136,136,133,offscreen_render,5.84986925,startup,27,27,1.77777779,198.000015,92.00001,198.000015,109.999992,92,50,-1.52587891E-05,350,300,150.000031,64.99998,246.000031,118.999969,0,1
137,137,134,offscreen_render,5.86691332,startup,27,27,1.77777779,198.000015,92.00001,198.000015,109.999992,92,50,-1.52587891E-05,350,300,150.000031,64.99998,246.000031,118.999969,0,1
138,138,135,offscreen_render,5.88286448,startup,27,27,1.77777779,198.000015,92.00001,198.000015,109.999992,92,50,-1.52587891E-05,350,300,150.000031,64.99998,246.000031,118.999969,0,1
139,139,136,offscreen_render,5.90000534,startup,27,27,1.77777779,198.000015,92.00001,198.000015,109.999992,92,50,-1.52587891E-05,350,300,150.000031,64.99998,246.000031,118.999969,0,1
140,140,137,offscreen_render,5.91612339,startup,27,27,1.77777779,198.000015,92.00001,198.000015,109.999992,92,50,-1.52587891E-05,350,300,150.000031,64.99998,246.000031,118.999969,0,1
141,141,138,offscreen_render,5.932917,startup,27,27,1.77777779,198.000015,92.00001,198.000015,109.999992,92,50,-1.52587891E-05,350,300,150.000031,64.99998,246.000031,118.999969,0,1
142,142,139,offscreen_render,5.949722,startup,27,27,1.77777779,198.000015,92.00001,198.000015,109.999992,92,50,-1.52587891E-05,350,300,150.000031,64.99998,246.000031,118.999969,0,1
143,143,140,offscreen_render,5.9662776,startup,27,27,1.77777779,198.000015,92.00001,198.000015,109.999992,92,50,-1.52587891E-05,350,300,150.000031,64.99998,246.000031,118.999969,0,1
144,144,141,offscreen_render,5.98299,startup,27,27,1.77777779,198.000015,92.00001,198.000015,109.999992,92,50,-1.52587891E-05,350,300,150.000031,64.99998,246.000031,118.999969,0,1
145,145,142,offscreen_render,5.999667,startup,27,27,1.77777779,198.000015,92.00001,198.000015,109.999992,92,50,-1.52587891E-05,350,300,150.000031,64.99998,246.000031,118.999969,0,1
146,146,143,offscreen_render,6.016392,startup,27,27,1.77777779,198.000015,92.00001,198.000015,109.999992,92,50,-1.52587891E-05,350,300,150.000031,64.99998,246.000031,118.999969,0,1
147,147,144,offscreen_render,6.03301668,startup,27,27,1.77777779,198.000015,92.00001,198.000015,109.999992,92,50,-1.52587891E-05,350,300,150.000031,64.99998,246.000031,118.999969,0,1
148,148,145,offscreen_render,6.0496,startup,27,27,1.77777779,198.000015,92.00001,198.000015,109.999992,92,50,-1.52587891E-05,350,300,150.000031,64.99998,246.000031,118.999969,0,1
149,149,146,offscreen_render,6.06650543,startup,27,27,1.77777779,198.000015,92.00001,198.000015,109.999992,92,50,-1.52587891E-05,350,300,150.000031,64.99998,246.000031,118.999969,0,1
150,150,147,offscreen_render,6.083308,startup,27,27,1.77777779,198.000015,92.00001,198.000015,109.999992,92,50,-1.52587891E-05,350,300,150.000031,64.99998,246.000031,118.999969,0,1
151,151,148,offscreen_render,6.099916,startup,27,27,1.77777779,198.000015,92.00001,198.000015,109.999992,92,50,-1.52587891E-05,350,300,150.000031,64.99998,246.000031,118.999969,0,1
152,152,149,offscreen_render,6.116076,startup,27,27,1.77777779,198.000015,92.00001,198.000015,109.999992,92,50,-1.52587891E-05,350,300,150.000031,64.99998,246.000031,118.999969,0,1
153,153,150,offscreen_render,6.133076,startup,27,27,1.77777779,198.000015,92.00001,198.000015,109.999992,92,50,-1.52587891E-05,350,300,150.000031,64.99998,246.000031,118.999969,0,1
154,154,151,offscreen_render,6.149895,startup,27,27,1.77777779,198.000015,92.00001,198.000015,109.999992,92,50,-1.52587891E-05,350,300,150.000031,64.99998,246.000031,118.999969,0,1
155,155,152,offscreen_render,6.16590261,startup,27,27,1.77777779,198.000015,92.00001,198.000015,109.999992,92,50,-1.52587891E-05,350,300,150.000031,64.99998,246.000031,118.999969,0,1
156,156,153,offscreen_render,6.182744,startup,27,27,1.77777779,198.000015,92.00001,198.000015,109.999992,92,50,-1.52587891E-05,350,300,150.000031,64.99998,246.000031,118.999969,0,1
157,157,154,offscreen_render,6.19983435,startup,27,27,1.77777779,198.000015,92.00001,198.000015,109.999992,92,50,-1.52587891E-05,350,300,150.000031,64.99998,246.000031,118.999969,0,1
158,158,155,offscreen_render,6.21622753,startup,27,27,1.77777779,198.000015,92.00001,198.000015,109.999992,92,50,-1.52587891E-05,350,300,150.000031,64.99998,246.000031,118.999969,0,1
159,159,156,offscreen_render,6.232764,startup,27,27,1.77777779,198.000015,92.00001,198.000015,109.999992,92,50,-1.52587891E-05,350,300,150.000031,64.99998,246.000031,118.999969,0,1
160,160,157,offscreen_render,6.24973774,startup,27,27,1.77777779,198.000015,92.00001,198.000015,109.999992,92,50,-1.52587891E-05,350,300,150.000031,64.99998,246.000031,118.999969,0,1
161,161,158,offscreen_render,6.266253,startup,27,27,1.77777779,198.000015,92.00001,198.000015,109.999992,92,50,-1.52587891E-05,350,300,150.000031,64.99998,246.000031,118.999969,0,1
162,162,159,offscreen_render,6.28304243,startup,27,27,1.77777779,198.000015,92.00001,198.000015,109.999992,92,50,-1.52587891E-05,350,300,150.000031,64.99998,246.000031,118.999969,0,1
163,163,160,offscreen_render,6.29961,startup,27,27,1.77777779,198.000015,92.00001,198.000015,109.999992,92,50,-1.52587891E-05,350,300,150.000031,64.99998,246.000031,118.999969,0,1
164,164,161,offscreen_render,6.316069,startup,27,27,1.77777779,198.000015,92.00001,198.000015,109.999992,92,50,-1.52587891E-05,350,300,150.000031,64.99998,246.000031,118.999969,0,1
165,165,162,offscreen_render,6.33286238,startup,27,27,1.77777779,198.000015,92.00001,198.000015,109.999992,92,50,-1.52587891E-05,350,300,150.000031,64.99998,246.000031,118.999969,0,1
166,166,163,offscreen_render,6.34971237,startup,27,27,1.77777779,198.000015,92.00001,198.000015,109.999992,92,50,-1.52587891E-05,350,300,150.000031,64.99998,246.000031,118.999969,0,1
167,167,164,offscreen_render,6.36631441,startup,27,27,1.77777779,198.000015,92.00001,198.000015,109.999992,92,50,-1.52587891E-05,350,300,150.000031,64.99998,246.000031,118.999969,0,1
168,168,165,offscreen_render,6.38299942,startup,27,27,1.77777779,198.000015,92.00001,198.000015,109.999992,92,50,-1.52587891E-05,350,300,150.000031,64.99998,246.000031,118.999969,0,1
169,169,166,offscreen_render,6.39989376,startup,27,27,1.77777779,198.000015,92.00001,198.000015,109.999992,92,50,-1.52587891E-05,350,300,150.000031,64.99998,246.000031,118.999969,0,1
170,170,167,offscreen_render,6.416016,startup,27,27,1.77777779,198.000015,92.00001,198.000015,109.999992,92,50,-1.52587891E-05,350,300,150.000031,64.99998,246.000031,118.999969,0,1
171,171,168,offscreen_render,6.43284941,startup,27,27,1.77777779,198.000015,92.00001,198.000015,109.999992,92,50,-1.52587891E-05,350,300,150.000031,64.99998,246.000031,118.999969,0,1
172,172,169,offscreen_render,6.45017052,startup,27,27,1.77777779,198.000015,92.00001,198.000015,109.999992,92,50,-1.52587891E-05,350,300,150.000031,64.99998,246.000031,118.999969,0,1
173,173,170,offscreen_render,6.466399,startup,27,27,1.77777779,198.000015,92.00001,198.000015,109.999992,92,50,-1.52587891E-05,350,300,150.000031,64.99998,246.000031,118.999969,0,1
174,174,171,offscreen_render,6.482988,startup,27,27,1.77777779,198.000015,92.00001,198.000015,109.999992,92,50,-1.52587891E-05,350,300,150.000031,64.99998,246.000031,118.999969,0,1
175,175,172,offscreen_render,6.49951649,startup,27,27,1.77777779,198.000015,92.00001,198.000015,109.999992,92,50,-1.52587891E-05,350,300,150.000031,64.99998,246.000031,118.999969,0,1
176,176,173,offscreen_render,6.51600647,startup,27,27,1.77777779,198.000015,92.00001,198.000015,109.999992,92,50,-1.52587891E-05,350,300,150.000031,64.99998,246.000031,118.999969,0,1
177,177,174,offscreen_render,6.532935,startup,27,27,1.77777779,198.000015,92.00001,198.000015,109.999992,92,50,-1.52587891E-05,350,300,150.000031,64.99998,246.000031,118.999969,0,1
178,178,175,offscreen_render,6.5496254,startup,27,27,1.77777779,198.000015,92.00001,198.000015,109.999992,92,50,-1.52587891E-05,350,300,150.000031,64.99998,246.000031,118.999969,0,1
179,179,176,offscreen_render,6.566323,startup,27,27,1.77777779,198.000015,92.00001,198.000015,109.999992,92,50,-1.52587891E-05,350,300,150.000031,64.99998,246.000031,118.999969,0,1
180,180,177,offscreen_render,6.58345842,startup,27,27,1.77777779,198.000015,92.00001,198.000015,109.999992,92,50,-1.52587891E-05,350,300,150.000031,64.99998,246.000031,118.999969,0,1
181,181,178,offscreen_render,6.599847,startup,27,27,1.77777779,198.000015,92.00001,198.000015,109.999992,92,50,-1.52587891E-05,350,300,150.000031,64.99998,246.000031,118.999969,0,1
182,182,179,offscreen_render,6.616548,startup,27,27,1.77777779,198.000015,92.00001,198.000015,109.999992,92,50,-1.52587891E-05,350,300,150.000031,64.99998,246.000031,118.999969,0,1
183,183,180,offscreen_render,6.633467,startup,27,27,1.77777779,198.000015,92.00001,198.000015,109.999992,92,50,-1.52587891E-05,350,300,150.000031,64.99998,246.000031,118.999969,0,1
184,184,181,offscreen_render,6.64994144,startup,27,27,1.77777779,198.000015,92.00001,198.000015,109.999992,92,50,-1.52587891E-05,350,300,150.000031,64.99998,246.000031,118.999969,0,1
185,185,182,offscreen_render,6.666828,startup,27,27,1.77777779,198.000015,92.00001,198.000015,109.999992,92,50,-1.52587891E-05,350,300,150.000031,64.99998,246.000031,118.999969,0,1
186,186,183,offscreen_render,6.68333673,startup,27,27,1.77777779,198.000015,92.00001,198.000015,109.999992,92,50,-1.52587891E-05,350,300,150.000031,64.99998,246.000031,118.999969,0,1
187,187,184,offscreen_render,6.699927,startup,27,27,1.77777779,198.000015,92.00001,198.000015,109.999992,92,50,-1.52587891E-05,350,300,150.000031,64.99998,246.000031,118.999969,0,1
188,188,185,offscreen_render,6.716339,startup,27,27,1.77777779,198.000015,92.00001,198.000015,109.999992,92,50,-1.52587891E-05,350,300,150.000031,64.99998,246.000031,118.999969,0,1
189,189,186,offscreen_render,6.73330355,startup,27,27,1.77777779,198.000015,92.00001,198.000015,109.999992,92,50,-1.52587891E-05,350,300,150.000031,64.99998,246.000031,118.999969,0,1
190,190,187,offscreen_render,6.74977255,startup,27,27,1.77777779,198.000015,92.00001,198.000015,109.999992,92,50,-1.52587891E-05,350,300,150.000031,64.99998,246.000031,118.999969,0,1
191,191,188,offscreen_render,6.766654,startup,27,27,1.77777779,198.000015,92.00001,198.000015,109.999992,92,50,-1.52587891E-05,350,300,150.000031,64.99998,246.000031,118.999969,0,1
192,192,189,offscreen_render,6.7831254,startup,27,27,1.77777779,198.000015,92.00001,198.000015,109.999992,92,50,-1.52587891E-05,350,300,150.000031,64.99998,246.000031,118.999969,0,1
193,193,190,offscreen_render,6.799948,startup,27,27,1.77777779,198.000015,92.00001,198.000015,109.999992,92,50,-1.52587891E-05,350,300,150.000031,64.99998,246.000031,118.999969,0,1
194,194,191,offscreen_render,6.816528,startup,27,27,1.77777779,198.000015,92.00001,198.000015,109.999992,92,50,-1.52587891E-05,350,300,150.000031,64.99998,246.000031,118.999969,0,1
195,195,192,offscreen_render,6.833481,startup,27,27,1.77777779,198.000015,92.00001,198.000015,109.999992,92,50,-1.52587891E-05,350,300,150.000031,64.99998,246.000031,118.999969,0,1
196,196,193,offscreen_render,6.84994268,startup,27,27,1.77777779,198.000015,92.00001,198.000015,109.999992,92,50,-1.52587891E-05,350,300,150.000031,64.99998,246.000031,118.999969,0,1
197,197,194,offscreen_render,6.86666059,startup,27,27,1.77777779,198.000015,92.00001,198.000015,109.999992,92,50,-1.52587891E-05,350,300,150.000031,64.99998,246.000031,118.999969,0,1
198,198,195,offscreen_render,6.88334131,startup,27,27,1.77777779,198.000015,92.00001,198.000015,109.999992,92,50,-1.52587891E-05,350,300,150.000031,64.99998,246.000031,118.999969,0,1
199,199,196,offscreen_render,6.90006351,startup,27,27,1.77777779,198.000015,92.00001,198.000015,109.999992,92,50,-1.52587891E-05,350,300,150.000031,64.99998,246.000031,118.999969,0,1
200,200,197,offscreen_render,6.91654348,startup,27,27,1.77777779,198.000015,92.00001,198.000015,109.999992,92,50,-1.52587891E-05,350,300,150.000031,64.99998,246.000031,118.999969,0,1
201,201,198,offscreen_render,6.933422,startup,27,27,1.77777779,198.000015,92.00001,198.000015,109.999992,92,50,-1.52587891E-05,350,300,150.000031,64.99998,246.000031,118.999969,0,1
202,202,199,offscreen_render,6.94967031,startup,27,27,1.77777779,198.000015,92.00001,198.000015,109.999992,92,50,-1.52587891E-05,350,300,150.000031,64.99998,246.000031,118.999969,0,1
203,203,200,offscreen_render,6.966316,startup,27,27,1.77777779,198.000015,92.00001,198.000015,109.999992,92,50,-1.52587891E-05,350,300,150.000031,64.99998,246.000031,118.999969,0,1
204,204,201,offscreen_render,6.982934,startup,27,27,1.77777779,198.000015,92.00001,198.000015,109.999992,92,50,-1.52587891E-05,350,300,150.000031,64.99998,246.000031,118.999969,0,1
205,205,202,offscreen_render,6.999874,startup,27,27,1.77777779,198.000015,92.00001,198.000015,109.999992,92,50,-1.52587891E-05,350,300,150.000031,64.99998,246.000031,118.999969,0,1
206,206,203,offscreen_render,7.016386,startup,27,27,1.77777779,198.000015,92.00001,198.000015,109.999992,92,50,-1.52587891E-05,350,300,150.000031,64.99998,246.000031,118.999969,0,1
207,207,204,offscreen_render,7.033013,startup,27,27,1.77777779,198.000015,92.00001,198.000015,109.999992,92,50,-1.52587891E-05,350,300,150.000031,64.99998,246.000031,118.999969,0,1
208,208,205,offscreen_render,7.04972267,startup,27,27,1.77777779,198.000015,92.00001,198.000015,109.999992,92,50,-1.52587891E-05,350,300,150.000031,64.99998,246.000031,118.999969,0,1
209,209,206,offscreen_render,7.0668354,startup,27,27,1.77777779,198.000015,92.00001,198.000015,109.999992,92,50,-1.52587891E-05,350,300,150.000031,64.99998,246.000031,118.999969,0,1
210,210,207,offscreen_render,7.083234,startup,27,27,1.77777779,198.000015,92.00001,198.000015,109.999992,92,50,-1.52587891E-05,350,300,150.000031,64.99998,246.000031,118.999969,0,1
211,211,208,offscreen_render,7.09982872,startup,27,27,1.77777779,198.000015,92.00001,198.000015,109.999992,92,50,-1.52587891E-05,350,300,150.000031,64.99998,246.000031,118.999969,0,1
212,212,209,offscreen_render,7.117097,startup,27,27,1.77777779,198.000015,92.00001,198.000015,109.999992,92,50,-1.52587891E-05,350,300,150.000031,64.99998,246.000031,118.999969,0,1
213,213,210,offscreen_render,7.13387537,startup,27,27,1.77777779,198.000015,92.00001,198.000015,109.999992,92,50,-1.52587891E-05,350,300,150.000031,64.99998,246.000031,118.999969,0,1
214,214,211,offscreen_render,7.150776,startup,27,27,1.77777779,198.000015,92.00001,198.000015,109.999992,92,50,-1.52587891E-05,350,300,150.000031,64.99998,246.000031,118.999969,0,1
215,215,212,offscreen_render,7.167207,startup,27,27,1.77777779,198.000015,92.00001,198.000015,109.999992,92,50,-1.52587891E-05,350,300,150.000031,64.99998,246.000031,118.999969,0,1
216,216,213,offscreen_render,7.18385553,startup,27,27,1.77777779,198.000015,92.00001,198.000015,109.999992,92,50,-1.52587891E-05,350,300,150.000031,64.99998,246.000031,118.999969,0,1
217,217,214,offscreen_render,7.20063,startup,27,27,1.77777779,198.000015,92.00001,198.000015,109.999992,92,50,-1.52587891E-05,350,300,150.000031,64.99998,246.000031,118.999969,0,1
218,218,215,offscreen_render,7.216934,startup,27,27,1.77777779,198.000015,92.00001,198.000015,109.999992,92,50,-1.52587891E-05,350,300,150.000031,64.99998,246.000031,118.999969,0,1
219,219,216,offscreen_render,7.23400259,startup,27,27,1.77777779,198.000015,92.00001,198.000015,109.999992,92,50,-1.52587891E-05,350,300,150.000031,64.99998,246.000031,118.999969,0,1
220,220,217,offscreen_render,7.35294533,startup,27,27,1.77777779,198,92.16509,198,109.999992,92.1650848,50,-1.52587891E-05,350,300,150,65.16506,246,119.165054,0,1
221,221,218,offscreen_render,7.36858,startup,27,27,1.77777779,198,92.1963959,198,109.999992,92.19639,50,-1.52587891E-05,350,300,150,65.19637,246,119.196365,0,1
222,222,219,offscreen_render,7.384662,startup,27,27,1.77777779,198,92.23176,198,109.999992,92.23175,50,-1.52587891E-05,350,300,150,65.2317352,246,119.231728,0,1
223,223,220,offscreen_render,7.40118027,startup,27,27,1.77777779,198,92.2732,198,109.999992,92.27319,50,-1.52587891E-05,350,300,150,65.27318,246,119.27317,0,1
224,224,221,offscreen_render,7.41792631,startup,27,27,1.77777779,198,92.3219452,198,109.999992,92.32194,50,-1.52587891E-05,350,300,150,65.32192,246,119.321915,0,1
225,225,222,offscreen_render,7.434994,startup,27,27,1.77777779,198,92.37861,198,109.999992,92.3786,50,-1.52587891E-05,350,300,150,65.3785858,246,119.378578,0,1
226,226,223,offscreen_render,7.45143032,startup,27,27,1.77777779,198,92.4434052,198,109.999992,92.4434,50,-1.52587891E-05,350,300,150,65.44338,246,119.443375,0,1
227,227,224,offscreen_render,7.468049,startup,27,27,1.77777779,198,92.5164261,198,109.999992,92.51642,50,-1.52587891E-05,350,300,150,65.5164,246,119.516396,0,1
228,228,225,offscreen_render,7.484604,startup,27,27,1.77777779,198,92.59705,198,109.999992,92.5970459,50,-1.52587891E-05,350,300,150,65.59703,246,119.597023,0,1
229,229,226,offscreen_render,7.501507,startup,27,27,1.77777779,198,92.68502,198,109.999992,92.68501,50,-1.52587891E-05,350,300,150,65.68499,246,119.684982,0,1
230,230,227,offscreen_render,7.5178895,startup,27,27,1.77777779,198,92.77982,198,109.999992,92.7798157,50,-1.52587891E-05,350,300,150,65.7798,246,119.779793,0,1
231,231,228,offscreen_render,7.53481531,startup,27,27,1.77777779,198,92.88092,198,109.999992,92.88091,50,-1.52587891E-05,350,300,150,65.88089,246,119.880882,0,1
232,232,229,offscreen_render,7.55134964,startup,27,27,1.77777779,198,92.98776,198,109.999992,92.9877548,50,-1.52587891E-05,350,300,150,65.98774,246,119.987732,0,1
233,233,230,offscreen_render,7.56822,startup,27,27,1.77777779,198,93.09981,198,109.999992,93.0998,50,-1.52587891E-05,350,300,150,66.09978,246,120.09977,0,1
234,234,231,offscreen_render,7.58520555,startup,27,27,1.77777779,198,93.21652,198,109.999992,93.2165146,50,-1.52587891E-05,350,300,150,66.21649,246,120.216484,0,1
235,235,232,offscreen_render,7.60175562,startup,27,27,1.77777779,198,93.3374252,198,109.999992,93.33742,50,-1.52587891E-05,350,300,150,66.3374,246,120.337395,0,1
236,236,233,offscreen_render,7.617921,startup,27,27,1.77777779,198,93.46203,198,109.999992,93.46202,50,-1.52587891E-05,350,300,150,66.462,246,120.46199,0,1
237,237,234,offscreen_render,7.63481951,startup,27,27,1.77777779,198,93.58993,198,109.999992,93.58992,50,-1.52587891E-05,350,300,150,66.5899048,246,120.5899,0,1
238,238,235,offscreen_render,7.651399,startup,27,27,1.77777779,198,93.72073,198,109.999992,93.720726,50,-1.52587891E-05,350,300,150,66.72071,246,120.7207,0,1
239,239,236,offscreen_render,7.66823339,startup,27,27,1.77777779,198,93.85409,198,109.999992,93.85408,50,-1.52587891E-05,350,300,150,66.8540649,246,120.854057,0,1
240,240,237,offscreen_render,7.68476534,startup,27,27,1.77777779,198,93.9896851,198,109.999992,93.98968,50,-1.52587891E-05,350,300,150,66.98966,246,120.989655,0,1
241,241,238,offscreen_render,7.792227,startup,27,27,1.77777779,198,94.88632,198,109.999992,94.8863144,50,-1.52587891E-05,350,300,150,67.8863,246,121.886292,0,1
242,242,239,offscreen_render,7.80890751,startup,27,27,1.77777779,198,95.00436,198,109.999992,95.00435,50,-1.52587891E-05,350,300,150,68.00433,246,122.004326,0,1
243,243,240,offscreen_render,7.82502747,startup,27,27,1.77777779,198,95.11794,198,109.999992,95.1179352,50,-1.52587891E-05,350,300,150,68.11792,246,122.117912,0,1
244,244,241,offscreen_render,7.84147,startup,27,27,1.77777779,198,95.2295151,198,109.999992,95.22951,50,-1.52587891E-05,350,300,150,68.22949,246,122.229485,0,1
245,245,242,offscreen_render,7.85805941,startup,27,27,1.77777779,198,95.34079,198,109.999992,95.34078,50,-1.52587891E-05,350,300,150,68.34077,246,122.340759,0,1
246,246,243,offscreen_render,7.875027,startup,27,27,1.77777779,198,95.45295,198,109.999992,95.45294,50,-1.52587891E-05,350,300,150,68.45293,246,122.452919,0,1
247,247,244,offscreen_render,7.89169836,startup,27,27,1.77777779,198,95.56681,198,109.999992,95.5668,50,-1.52587891E-05,350,300,150,68.56679,246,122.56678,0,1
248,248,245,offscreen_render,7.908132,startup,27,27,1.77777779,198,95.68287,198,109.999992,95.68286,50,-1.52587891E-05,350,300,150,68.6828461,246,122.682838,0,1
249,249,246,offscreen_render,7.92507553,startup,27,27,1.77777779,198,95.8014145,198,109.999992,95.80141,50,-1.52587891E-05,350,300,150,68.801384,246,122.801376,0,1
250,250,247,offscreen_render,7.94178772,startup,27,27,1.77777779,198,95.92258,198,109.999992,95.92257,50,-1.52587891E-05,350,300,150,68.92255,246,122.922539,0,1
251,251,248,offscreen_render,7.95786,startup,27,27,1.77777779,198,96.04637,198,109.999992,96.0463638,50,-1.52587891E-05,350,300,150,69.04635,246,123.046341,0,1
252,252,249,offscreen_render,7.97457457,startup,27,27,1.77777779,198,96.17273,198,109.999992,96.17272,50,-1.52587891E-05,350,300,150,69.17271,246,123.1727,0,1
253,253,250,offscreen_render,7.991663,startup,27,27,1.77777779,198,96.3015442,198,109.999992,96.30154,50,-1.52587891E-05,350,300,150,69.30153,246,123.301521,0,1
254,254,251,offscreen_render,8.008838,startup,27,27,1.77777779,198,96.43264,198,109.999992,96.43263,50,-1.52587891E-05,350,300,150,69.4326248,246,123.432617,0,1
255,255,252,offscreen_render,8.024987,startup,27,27,1.77777779,198,96.56587,198,109.999992,96.5658646,50,-1.52587891E-05,350,300,150,69.56586,246,123.565849,0,1
256,256,253,offscreen_render,8.041648,startup,27,27,1.77777779,198,96.70103,198,109.999992,96.70102,50,-1.52587891E-05,350,300,150,69.70101,246,123.701004,0,1
257,257,254,offscreen_render,8.058194,startup,27,27,1.77777779,198,96.83796,198,109.999992,96.83795,50,-1.52587891E-05,350,300,150,69.837944,246,123.837936,0,1
258,258,255,offscreen_render,8.074968,startup,27,27,1.77777779,198,96.97648,198,109.999992,96.97647,50,-1.52587891E-05,350,300,150,69.9764557,246,123.976448,0,1
259,259,256,offscreen_render,8.091632,startup,27,27,1.77777779,198,97.1164246,198,109.999992,97.11642,50,-1.52587891E-05,350,300,150,70.1164,246,124.116394,0,1
260,260,257,offscreen_render,8.108291,startup,27,27,1.77777779,198,97.25766,198,109.999992,97.25765,50,-1.52587891E-05,350,300,150,70.25764,246,124.257629,0,1
261,261,258,offscreen_render,8.125257,startup,27,27,1.77777779,198,97.4000244,198,109.999992,97.40002,50,-1.52587891E-05,350,300,150,70.40001,246,124.4,0,1
262,262,259,offscreen_render,8.141778,startup,27,27,1.77777779,198,97.54337,198,109.999992,97.5433655,50,-1.52587891E-05,350,300,150,70.54335,246,124.543343,0,1
263,263,260,offscreen_render,8.250132,startup,27,27,1.77777779,198,98.3273849,198,109.999992,98.32738,50,-1.52587891E-05,350,300,150,71.32736,246,125.327354,0,1
264,264,261,offscreen_render,8.266806,startup,27,27,1.77777779,198,98.41536,198,109.999992,98.41535,50,-1.52587891E-05,350,300,150,71.4153442,246,125.415337,0,1
265,265,262,offscreen_render,8.375837,startup,27,27,1.77777779,198,98.79271,198,109.999992,98.7927,50,-1.52587891E-05,350,300,150,71.7926941,246,125.792686,0,1
266,266,263,offscreen_render,8.392351,startup,27,27,1.77777779,198,98.8277054,198,109.999992,98.8277,50,-1.52587891E-05,350,300,150,71.82769,246,125.827682,0,1
267,267,264,offscreen_render,8.408634,startup,27,27,1.77777779,198,98.85823,198,109.999992,98.85822,50,-1.52587891E-05,350,300,150,71.85821,246,125.8582,0,1
268,268,265,offscreen_render,8.425021,startup,27,27,1.77777779,198,98.8847961,198,109.999992,98.88479,50,-1.52587891E-05,350,300,150,71.88477,246,125.884766,0,1
269,269,266,offscreen_render,8.441878,startup,27,27,1.77777779,198,98.90787,198,109.999992,98.90786,50,-1.52587891E-05,350,300,150,71.9078445,246,125.907837,0,1
270,270,267,offscreen_render,8.45852,startup,27,27,1.77777779,198,98.92787,198,109.999992,98.9278641,50,-1.52587891E-05,350,300,150,71.92786,246,125.927849,0,1
271,271,268,offscreen_render,8.474988,startup,27,27,1.77777779,198,98.94518,198,109.999992,98.9451752,50,-1.52587891E-05,350,300,150,71.94517,246,125.94516,0,1
272,272,269,offscreen_render,8.491924,startup,27,27,1.77777779,198,98.960144,198,109.999992,98.96014,50,-1.52587891E-05,350,300,150,71.96013,246,125.960121,0,1
273,273,270,offscreen_render,8.508336,startup,27,27,1.77777779,198,98.97305,198,109.999992,98.9730453,50,-1.52587891E-05,350,300,150,71.97304,246,125.97303,0,1
274,274,271,offscreen_render,8.525108,startup,27,27,1.77777779,198,98.98418,198,109.999992,98.98417,50,-1.52587891E-05,350,300,150,71.98416,246,125.984154,0,1
275,275,272,offscreen_render,8.541896,startup,27,27,1.77777779,198,98.99375,198,109.999992,98.9937439,50,-1.52587891E-05,350,300,150,71.99374,246,125.993729,0,1
276,276,273,offscreen_render,8.558521,startup,27,27,1.77777779,198,99.001976,198,109.999992,99.00197,50,-1.52587891E-05,350,300,150,72.00196,246,126.001953,0,1
277,277,274,offscreen_render,8.574915,startup,27,27,1.77777779,198,99.00904,198,109.999992,99.00903,50,-1.52587891E-05,350,300,150,72.0090256,246,126.009018,0,1
278,278,275,offscreen_render,8.591473,startup,27,27,1.77777779,198,99.0151,198,109.999992,99.01509,50,-1.52587891E-05,350,300,150,72.01508,246,126.015076,0,1
279,279,276,offscreen_render,8.608346,startup,27,27,1.77777779,198,99.0202942,198,109.999992,99.02029,50,-1.52587891E-05,350,300,150,72.02028,246,126.020271,0,1
280,280,277,offscreen_render,8.624994,startup,27,27,1.77777779,198,99.02474,198,109.999992,99.0247345,50,-1.52587891E-05,350,300,150,72.02473,246,126.024719,0,1
281,281,278,offscreen_render,8.641681,startup,27,27,1.77777779,198,99.02855,198,109.999992,99.02854,50,-1.52587891E-05,350,300,150,72.0285339,246,126.028526,0,1
282,282,279,offscreen_render,8.658463,startup,27,27,1.77777779,198,99.0318,198,109.999992,99.03179,50,-1.52587891E-05,350,300,150,72.03178,246,126.031769,0,1
283,283,280,offscreen_render,8.675187,startup,27,27,1.77777779,198,99.03458,198,109.999992,99.03457,50,-1.52587891E-05,350,300,150,72.03456,246,126.034554,0,1
284,284,281,offscreen_render,8.691588,startup,27,27,1.77777779,198,99.03695,198,109.999992,99.03694,50,-1.52587891E-05,350,300,150,72.03693,246,126.036919,0,1
285,285,282,offscreen_render,8.7083,startup,27,27,1.77777779,198,99.03897,198,109.999992,99.03896,50,-1.52587891E-05,350,300,150,72.0389557,246,126.038948,0,1
286,286,283,offscreen_render,8.724967,startup,27,27,1.77777779,198,99.0406952,198,109.999992,99.04069,50,-1.52587891E-05,350,300,150,72.04067,246,126.040665,0,1
287,287,284,offscreen_render,8.741536,startup,27,27,1.77777779,198,99.04216,198,109.999992,99.04215,50,-1.52587891E-05,350,300,150,72.0421448,246,126.042137,0,1
288,288,285,offscreen_render,8.758325,startup,27,27,1.77777779,198,99.04341,198,109.999992,99.0434,50,-1.52587891E-05,350,300,150,72.04339,246,126.043381,0,1
289,289,286,offscreen_render,8.774856,startup,27,27,1.77777779,198,99.04447,198,109.999992,99.0444641,50,-1.52587891E-05,350,300,150,72.04446,246,126.044449,0,1
290,290,287,offscreen_render,8.791872,startup,27,27,1.77777779,198,99.04537,198,109.999992,99.0453644,50,-1.52587891E-05,350,300,150,72.04536,246,126.045349,0,1
291,291,288,offscreen_render,8.808293,startup,27,27,1.77777779,198,99.04614,198,109.999992,99.0461349,50,-1.52587891E-05,350,300,150,72.04613,246,126.04612,0,1
292,292,289,offscreen_render,8.82490349,startup,27,27,1.77777779,198,99.04679,198,109.999992,99.04678,50,-1.52587891E-05,350,300,150,72.04677,246,126.046761,0,1
293,293,290,offscreen_render,8.84154,startup,27,27,1.77777779,198,99.04735,198,109.999992,99.04734,50,-1.52587891E-05,350,300,150,72.04733,246,126.047325,0,1
294,294,291,offscreen_render,8.858117,startup,27,27,1.77777779,198,99.04782,198,109.999992,99.04781,50,-1.52587891E-05,350,300,150,72.0478,246,126.047791,0,1
295,295,292,offscreen_render,8.874662,startup,27,27,1.77777779,198,99.04822,198,109.999992,99.04821,50,-1.52587891E-05,350,300,150,72.0482,246,126.048195,0,1
296,296,293,offscreen_render,8.891723,startup,27,27,1.77777779,198,99.04855,198,109.999992,99.0485458,50,-1.52587891E-05,350,300,150,72.04854,246,126.048531,0,1
297,297,294,offscreen_render,8.908218,startup,27,27,1.77777779,198,99.04884,198,109.999992,99.0488358,50,-1.52587891E-05,350,300,150,72.04883,246,126.04882,0,1
298,298,295,offscreen_render,8.924868,startup,27,27,1.77777779,198,99.04909,198,109.999992,99.04908,50,-1.52587891E-05,350,300,150,72.04907,246,126.049065,0,1
299,299,296,offscreen_render,8.941546,startup,27,27,1.77777779,198,99.04929,198,109.999992,99.0492859,50,-1.52587891E-05,350,300,150,72.04928,246,126.049271,0,1
300,300,297,offscreen_render,8.958164,startup,27,27,1.77777779,198,99.04947,198,109.999992,99.04946,50,-1.52587891E-05,350,300,150,72.0494461,246,126.049438,0,1
301,301,298,offscreen_render,8.974942,startup,27,27,1.77777779,198,99.049614,198,109.999992,99.04961,50,-1.52587891E-05,350,300,150,72.0496,246,126.049591,0,1
302,302,299,offscreen_render,9.083866,startup,27,27,1.77777779,198,99.1998749,198,109.999992,99.19987,50,-1.52587891E-05,350,300,150,72.19986,246,126.199852,0,1
303,303,300,offscreen_render,9.10063648,startup,27,27,1.77777779,198,99.23185,198,109.999992,99.23184,50,-1.52587891E-05,350,300,150,72.2318344,246,126.231827,0,1
304,304,301,offscreen_render,9.116789,startup,27,27,1.77777779,198,99.2681046,198,109.999992,99.2681,50,-1.52587891E-05,350,300,150,72.26809,246,126.268082,0,1
305,305,302,offscreen_render,9.132924,startup,27,27,1.77777779,198,99.31056,198,109.999992,99.3105545,50,-1.52587891E-05,350,300,150,72.31055,246,126.310539,0,1
306,306,303,offscreen_render,9.15006351,startup,27,27,1.77777779,198,99.36038,198,109.999992,99.3603745,50,-1.52587891E-05,350,300,150,72.36037,246,126.360359,0,1
307,307,304,offscreen_render,9.166253,startup,27,27,1.77777779,198,99.41813,198,109.999992,99.41812,50,-1.52587891E-05,350,300,150,72.41811,246,126.418106,0,1
308,308,305,offscreen_render,9.182853,startup,27,27,1.77777779,198,99.4839859,198,109.999992,99.48398,50,-1.52587891E-05,350,300,150,72.48397,246,126.483963,0,1
309,309,306,offscreen_render,9.199656,startup,27,27,1.77777779,198,99.5578461,198,109.999992,99.55784,50,-1.52587891E-05,350,300,150,72.55783,246,126.557823,0,1
310,310,307,offscreen_render,9.216574,startup,27,27,1.77777779,198,99.63941,198,109.999992,99.6394043,50,-1.52587891E-05,350,300,150,72.6394,246,126.639389,0,1
311,311,308,offscreen_render,9.233213,startup,27,27,1.77777779,198,99.72824,198,109.999992,99.72823,50,-1.52587891E-05,350,300,150,72.7282257,246,126.728218,0,1
312,312,309,offscreen_render,9.24965,startup,27,27,1.77777779,198,99.82383,198,109.999992,99.82382,50,-1.52587891E-05,350,300,150,72.8238144,246,126.823807,0,1
313,313,310,offscreen_render,9.266618,startup,27,27,1.77777779,198,99.92565,198,109.999992,99.9256439,50,-1.52587891E-05,350,300,150,72.92564,246,126.925629,0,1
314,314,311,offscreen_render,9.282987,startup,27,27,1.77777779,198,100.033142,198,109.999992,100.033134,50,-1.52587891E-05,350,300,150,73.03313,246,127.033119,0,1
315,315,312,offscreen_render,9.299503,startup,27,27,1.77777779,198,100.145767,198,109.999992,100.14576,50,-1.52587891E-05,350,300,150,73.1457443,246,127.145737,0,1
316,316,313,offscreen_render,9.316044,startup,27,27,1.77777779,198,100.263,198,109.999992,100.262993,50,-1.52587891E-05,350,300,150,73.2629852,246,127.262978,0,1
317,317,314,offscreen_render,9.333048,startup,27,27,1.77777779,198,100.384361,198,109.999992,100.384354,50,-1.52587891E-05,350,300,150,73.384346,246,127.384338,0,1
318,318,315,offscreen_render,9.349629,startup,27,27,1.77777779,198,100.509369,198,109.999992,100.509361,50,-1.52587891E-05,350,300,150,73.50935,246,127.509346,0,1
319,319,316,offscreen_render,9.366382,startup,27,27,1.77777779,198,100.637634,198,109.999992,100.637627,50,-1.52587891E-05,350,300,150,73.63762,246,127.637611,0,1
320,320,317,offscreen_render,9.383028,startup,27,27,1.77777779,198,100.768745,198,109.999992,100.768738,50,-1.52587891E-05,350,300,150,73.76873,246,127.768723,0,1
321,321,318,offscreen_render,9.399462,startup,27,27,1.77777779,198,100.902382,198,109.999992,100.902374,50,-1.52587891E-05,350,300,150,73.90236,246,127.902351,0,1
322,322,319,offscreen_render,9.41599751,startup,27,27,1.77777779,198,101.038216,198,109.999992,101.038208,50,-1.52587891E-05,350,300,150,74.03819,246,128.038177,0,1
323,323,320,offscreen_render,9.432978,startup,27,27,1.77777779,198,101.17598,198,109.999992,101.175972,50,-1.52587891E-05,350,300,150,74.17596,246,128.175949,0,1
324,324,321,offscreen_render,9.450027,startup,27,27,1.77777779,198,101.310951,198,109.999992,101.310944,50,-1.52587891E-05,350,300,150,74.31093,246,128.310913,0,1
325,325,322,offscreen_render,9.466355,startup,27,27,1.77777779,198,101.435852,198,109.999992,101.435844,50,-1.52587891E-05,350,300,150,74.43584,246,128.435822,0,1
326,326,323,offscreen_render,9.483012,startup,27,27,1.77777779,198,101.545975,198,109.999992,101.545967,50,-1.52587891E-05,350,300,150,74.54596,246,128.545944,0,1
327,327,324,offscreen_render,9.499452,startup,27,27,1.77777779,198,101.638474,198,109.999992,101.638466,50,-1.52587891E-05,350,300,150,74.63846,246,128.638443,0,1
328,328,325,offscreen_render,9.516215,startup,27,27,1.77777779,198,101.711876,198,109.999992,101.711868,50,-1.52587891E-05,350,300,150,74.71186,246,128.711853,0,1
329,329,326,offscreen_render,9.626142,startup,27,27,1.77777779,198,101.74987,198,109.999992,101.749863,50,-1.52587891E-05,350,300,150,74.749855,246,128.749847,0,1
330,330,327,offscreen_render,9.642677,startup,27,27,1.77777779,198,101.725182,198,109.999992,101.725174,50,-1.52587891E-05,350,300,150,74.72517,246,128.725159,0,1
331,331,328,offscreen_render,9.659542,startup,27,27,1.77777779,198,101.693779,198,109.999992,101.693771,50,-1.52587891E-05,350,300,150,74.69376,246,128.693756,0,1
332,332,329,offscreen_render,9.675145,startup,27,27,1.77777779,198,101.654358,198,109.999992,101.65435,50,-1.52587891E-05,350,300,150,74.65434,246,128.654327,0,1
333,333,330,offscreen_render,9.692103,startup,27,27,1.77777779,198,101.606239,198,109.999992,101.606232,50,-1.52587891E-05,350,300,150,74.6062241,246,128.606216,0,1
334,334,331,offscreen_render,9.708829,startup,27,27,1.77777779,198,101.549217,198,109.999992,101.54921,50,-1.52587891E-05,350,300,150,74.5492,246,128.5492,0,1
335,335,332,offscreen_render,9.725168,startup,27,27,1.77777779,198,101.483391,198,109.999992,101.483383,50,-1.52587891E-05,350,300,150,74.4833755,246,128.483368,0,1
336,336,333,offscreen_render,9.742175,startup,27,27,1.77777779,198,101.409073,198,109.999992,101.409065,50,-1.52587891E-05,350,300,150,74.40906,246,128.409042,0,1
337,337,334,offscreen_render,9.758695,startup,27,27,1.77777779,198,101.326752,198,109.999992,101.326744,50,-1.52587891E-05,350,300,150,74.32674,246,128.326721,0,1
338,338,335,offscreen_render,9.775057,startup,27,27,1.77777779,198,101.236954,198,109.999992,101.236946,50,-1.52587891E-05,350,300,150,74.23693,246,128.236923,0,1
339,339,336,offscreen_render,9.791801,startup,27,27,1.77777779,198,101.140282,198,109.999992,101.140274,50,-1.52587891E-05,350,300,150,74.14027,246,128.140259,0,1
340,340,337,offscreen_render,9.808635,startup,27,27,1.77777779,198,101.037338,198,109.999992,101.037331,50,-1.52587891E-05,350,300,150,74.03732,246,128.037308,0,1
341,341,338,offscreen_render,9.825247,startup,27,27,1.77777779,198,100.928726,198,109.999992,100.928719,50,-1.52587891E-05,350,300,150,73.92871,246,127.9287,0,1
342,342,339,offscreen_render,9.933592,startup,27,27,1.77777779,198,100.140724,198,109.999992,100.140717,50,-1.52587891E-05,350,300,150,73.14071,246,127.1407,0,1
343,343,340,offscreen_render,9.949745,startup,27,27,1.77777779,198,100.032883,198,109.999992,100.032875,50,-1.52587891E-05,350,300,150,73.03286,246,127.032852,0,1
344,344,341,offscreen_render,9.966019,startup,27,27,1.77777779,198,99.92815,198,109.999992,99.92814,50,-1.52587891E-05,350,300,150,72.92813,246,126.928123,0,1
345,345,342,offscreen_render,9.982963,startup,27,27,1.77777779,198,99.82425,198,109.999992,99.82424,50,-1.52587891E-05,350,300,150,72.82423,246,126.824219,0,1
346,346,343,offscreen_render,9.999426,startup,27,27,1.77777779,198,99.71963,198,109.999992,99.71962,50,-1.52587891E-05,350,300,150,72.71961,246,126.719604,0,1
347,347,344,offscreen_render,10.0157757,startup,27,27,1.77777779,198,99.613205,198,109.999992,99.6132,50,-1.52587891E-05,350,300,150,72.61319,246,126.613182,0,1
348,348,345,offscreen_render,10.0324345,startup,27,27,1.77777779,198,99.5042953,198,109.999992,99.50429,50,-1.52587891E-05,350,300,150,72.50428,246,126.504272,0,1
349,349,346,offscreen_render,10.0492687,startup,27,27,1.77777779,198,99.3925,198,109.999992,99.3924942,50,-1.52587891E-05,350,300,150,72.39249,246,126.392479,0,1
350,350,347,offscreen_render,10.0658474,startup,27,27,1.77777779,198,99.277626,198,109.999992,99.27762,50,-1.52587891E-05,350,300,150,72.2776,246,126.277596,0,1
351,351,348,offscreen_render,10.0826807,startup,27,27,1.77777779,198,99.1596146,198,109.999992,99.15961,50,-1.52587891E-05,350,300,150,72.1596,246,126.159592,0,1
352,352,349,offscreen_render,10.0991087,startup,27,27,1.77777779,198,99.03853,198,109.999992,99.03852,50,-1.52587891E-05,350,300,150,72.03851,246,126.038506,0,1
353,353,350,offscreen_render,10.1155176,startup,27,27,1.77777779,198,98.9145,198,109.999992,98.91449,50,-1.52587891E-05,350,300,150,71.91448,246,125.914474,0,1
354,354,351,offscreen_render,10.132576,startup,27,27,1.77777779,198,98.78768,198,109.999992,98.787674,50,-1.52587891E-05,350,300,150,71.78767,246,125.787659,0,1
355,355,352,offscreen_render,10.1491642,startup,27,27,1.77777779,198,98.6582947,198,109.999992,98.65829,50,-1.52587891E-05,350,300,150,71.65828,246,125.658272,0,1
356,356,353,offscreen_render,10.1654625,startup,27,27,1.77777779,198,98.52654,198,109.999992,98.526535,50,-1.52587891E-05,350,300,150,71.52653,246,125.52652,0,1
357,357,354,offscreen_render,10.1823816,startup,27,27,1.77777779,198,98.39262,198,109.999992,98.39261,50,-1.52587891E-05,350,300,150,71.3926,246,125.392593,0,1
358,358,355,offscreen_render,10.1987314,startup,27,27,1.77777779,198,98.25675,198,109.999992,98.2567444,50,-1.52587891E-05,350,300,150,71.25674,246,125.256729,0,1
359,359,356,offscreen_render,10.2153244,startup,27,27,1.77777779,198,98.11913,198,109.999992,98.1191254,50,-1.52587891E-05,350,300,150,71.11912,246,125.11911,0,1
360,360,357,offscreen_render,10.2322149,startup,27,27,1.77777779,198,97.97996,198,109.999992,97.97995,50,-1.52587891E-05,350,300,150,70.97994,246,124.979935,0,1
361,361,358,offscreen_render,10.24862,startup,27,27,1.77777779,198,97.83939,198,109.999992,97.839386,50,-1.52587891E-05,350,300,150,70.83938,246,124.839371,0,1
362,362,359,offscreen_render,10.2654819,startup,27,27,1.77777779,198,97.6976,198,109.999992,97.69759,50,-1.52587891E-05,350,300,150,70.6975861,246,124.697578,0,1
363,363,360,offscreen_render,10.2820673,startup,27,27,1.77777779,198,97.5547256,198,109.999992,97.55472,50,-1.52587891E-05,350,300,150,70.55471,246,124.5547,0,1
364,364,361,offscreen_render,10.2986507,startup,27,27,1.77777779,198,97.4109,198,109.999992,97.41089,50,-1.52587891E-05,350,300,150,70.41088,246,124.410873,0,1
365,365,362,offscreen_render,10.3151655,startup,27,27,1.77777779,198,97.26624,198,109.999992,97.2662354,50,-1.52587891E-05,350,300,150,70.26623,246,124.26622,0,1
366,366,363,offscreen_render,10.3328676,startup,27,27,1.77777779,198,97.1146545,198,109.999992,97.11465,50,-1.52587891E-05,350,300,150,70.11463,246,124.114624,0,1
367,367,364,offscreen_render,10.3495626,startup,27,27,1.77777779,198,96.968544,198,109.999992,96.96854,50,-1.52587891E-05,350,300,150,69.96853,246,123.968521,0,1
368,368,365,offscreen_render,10.4555664,startup,27,27,1.77777779,198,96.1876755,198,109.999992,96.18767,50,-1.52587891E-05,350,300,150,69.18766,246,123.187653,0,1
369,369,366,offscreen_render,10.4727306,startup,27,27,1.77777779,198,96.09737,198,109.999992,96.09736,50,-1.52587891E-05,350,300,150,69.09735,246,123.097343,0,1
370,370,367,offscreen_render,10.5862341,startup,27,27,1.77777779,198,95.69863,198,109.999992,95.69862,50,-1.52587891E-05,350,300,150,68.69861,246,122.6986,0,1
371,371,368,offscreen_render,10.6030941,startup,27,27,1.77777779,198,95.66333,198,109.999992,95.66332,50,-1.52587891E-05,350,300,150,68.66331,246,122.6633,0,1
372,372,369,offscreen_render,10.6191978,startup,27,27,1.77777779,198,95.63322,198,109.999992,95.63321,50,-1.52587891E-05,350,300,150,68.633194,246,122.633186,0,1
373,373,370,offscreen_render,10.6356421,startup,27,27,1.77777779,198,95.6070251,198,109.999992,95.60702,50,-1.52587891E-05,350,300,150,68.607,246,122.606995,0,1
374,374,371,offscreen_render,10.6525393,startup,27,27,1.77777779,198,95.58428,198,109.999992,95.5842743,50,-1.52587891E-05,350,300,150,68.58426,246,122.584251,0,1
375,375,372,offscreen_render,10.6689854,startup,27,27,1.77777779,198,95.5645752,198,109.999992,95.56457,50,-1.52587891E-05,350,300,150,68.56455,246,122.564545,0,1
376,376,373,offscreen_render,10.6858664,startup,27,27,1.77777779,198,95.54752,198,109.999992,95.5475159,50,-1.52587891E-05,350,300,150,68.5475,246,122.547493,0,1
377,377,374,offscreen_render,10.70248,startup,27,27,1.77777779,198,95.5328,198,109.999992,95.53279,50,-1.52587891E-05,350,300,150,68.53277,246,122.532761,0,1
378,378,375,offscreen_render,10.71901,startup,27,27,1.77777779,198,95.5200958,198,109.999992,95.52009,50,-1.52587891E-05,350,300,150,68.52007,246,122.520065,0,1
379,379,376,offscreen_render,10.7355623,startup,27,27,1.77777779,198,95.5091553,198,109.999992,95.50915,50,-1.52587891E-05,350,300,150,68.50913,246,122.509125,0,1
380,380,377,offscreen_render,10.7524338,startup,27,27,1.77777779,198,95.49974,198,109.999992,95.49973,50,-1.52587891E-05,350,300,150,68.49972,246,122.49971,0,1
381,381,378,offscreen_render,10.7690229,startup,27,27,1.77777779,198,95.49165,198,109.999992,95.4916458,50,-1.52587891E-05,350,300,150,68.49163,246,122.491623,0,1
382,382,379,offscreen_render,10.7856522,startup,27,27,1.77777779,198,95.48471,198,109.999992,95.4847,50,-1.52587891E-05,350,300,150,68.48469,246,122.48468,0,1
383,383,380,offscreen_render,10.8022709,startup,27,27,1.77777779,198,95.47875,198,109.999992,95.4787445,50,-1.52587891E-05,350,300,150,68.47873,246,122.478722,0,1
384,384,381,offscreen_render,10.8188953,startup,27,27,1.77777779,198,95.47365,198,109.999992,95.47364,50,-1.52587891E-05,350,300,150,68.4736252,246,122.473618,0,1
385,385,382,offscreen_render,10.8357325,startup,27,27,1.77777779,198,95.46928,198,109.999992,95.46927,50,-1.52587891E-05,350,300,150,68.46925,246,122.469246,0,1
386,386,383,offscreen_render,10.8523293,startup,27,27,1.77777779,198,95.46554,198,109.999992,95.46553,50,-1.52587891E-05,350,300,150,68.4655151,246,122.465508,0,1
387,387,384,offscreen_render,10.8690844,startup,27,27,1.77777779,198,95.46235,198,109.999992,95.46234,50,-1.52587891E-05,350,300,150,68.46232,246,122.462311,0,1
388,388,385,offscreen_render,10.8865471,startup,27,27,1.77777779,198,95.45952,198,109.999992,95.45951,50,-1.52587891E-05,350,300,150,68.4594955,246,122.459488,0,1
389,389,386,offscreen_render,10.9035187,startup,27,27,1.77777779,198,95.45721,198,109.999992,95.4572,50,-1.52587891E-05,350,300,150,68.4571838,246,122.457176,0,1
390,390,387,offscreen_render,10.9200249,startup,27,27,1.77777779,198,95.45524,198,109.999992,95.45523,50,-1.52587891E-05,350,300,150,68.4552155,246,122.455208,0,1
391,391,388,offscreen_render,10.936512,startup,27,27,1.77777779,198,95.45356,198,109.999992,95.45355,50,-1.52587891E-05,350,300,150,68.45354,246,122.453529,0,1
392,392,389,offscreen_render,10.953311,startup,27,27,1.77777779,198,95.45213,198,109.999992,95.4521255,50,-1.52587891E-05,350,300,150,68.4521,246,122.452095,0,1
393,393,390,offscreen_render,10.9699249,startup,27,27,1.77777779,198,95.45091,198,109.999992,95.4509048,50,-1.52587891E-05,350,300,150,68.45089,246,122.450882,0,1
394,394,391,offscreen_render,10.9863863,startup,27,27,1.77777779,198,95.4498749,198,109.999992,95.44987,50,-1.52587891E-05,350,300,150,68.44985,246,122.449844,0,1
395,395,392,offscreen_render,11.00317,startup,27,27,1.77777779,198,95.449,198,109.999992,95.44899,50,-1.52587891E-05,350,300,150,68.44897,246,122.448959,0,1
396,396,393,offscreen_render,11.0203571,startup,27,27,1.77777779,198,95.44825,198,109.999992,95.44824,50,-1.52587891E-05,350,300,150,68.44823,246,122.448219,0,1
397,397,394,offscreen_render,11.0364933,startup,27,27,1.77777779,198,95.44762,198,109.999992,95.44761,50,-1.52587891E-05,350,300,150,68.44759,246,122.447586,0,1
398,398,395,offscreen_render,11.0533314,startup,27,27,1.77777779,198,95.4470749,198,109.999992,95.44707,50,-1.52587891E-05,350,300,150,68.44705,246,122.447044,0,1
399,399,396,offscreen_render,11.07006,startup,27,27,1.77777779,198,95.44662,198,109.999992,95.44661,50,-1.52587891E-05,350,300,150,68.4465942,246,122.446587,0,1
400,400,397,offscreen_render,11.0867357,startup,27,27,1.77777779,198,95.44623,198,109.999992,95.44622,50,-1.52587891E-05,350,300,150,68.4462051,246,122.4462,0,1
401,401,398,offscreen_render,11.1031,startup,27,27,1.77777779,198,95.4459,198,109.999992,95.44589,50,-1.52587891E-05,350,300,150,68.44588,246,122.445869,0,1
402,402,399,offscreen_render,11.1199636,startup,27,27,1.77777779,198,95.44562,198,109.999992,95.44561,50,-1.52587891E-05,350,300,150,68.4455948,246,122.445587,0,1
403,403,400,offscreen_render,11.136405,startup,27,27,1.77777779,198,95.44538,198,109.999992,95.44537,50,-1.52587891E-05,350,300,150,68.44536,246,122.445351,0,1
404,404,401,offscreen_render,11.1531467,startup,27,27,1.77777779,198,95.44518,198,109.999992,95.4451752,50,-1.52587891E-05,350,300,150,68.44516,246,122.445152,0,1
405,405,402,offscreen_render,11.1700754,startup,27,27,1.77777779,198,95.445015,198,109.999992,95.44501,50,-1.52587891E-05,350,300,150,68.44499,246,122.444984,0,1
406,406,403,offscreen_render,11.1871634,startup,27,27,1.77777779,198,95.44487,198,109.999992,95.44486,50,-1.52587891E-05,350,300,150,68.44485,246,122.444839,0,1
407,407,404,offscreen_render,11.2943764,startup,27,27,1.77777779,198.148544,95.44435,198.148544,109.999992,95.44434,50,-1.52587891E-05,350,300,150.148544,68.44433,246.148544,122.444321,0,1
408,408,405,offscreen_render,11.3116264,startup,27,27,1.77777779,198.180511,95.44431,198.180511,109.999992,95.4443054,50,-1.52587891E-05,350,300,150.180511,68.44429,246.180511,122.444283,0,1
409,409,406,offscreen_render,11.3282061,startup,27,27,1.77777779,198.2168,95.4442749,198.2168,109.999992,95.44427,50,-1.52587891E-05,350,300,150.2168,68.44425,246.2168,122.444244,0,1
410,410,407,offscreen_render,11.3441954,startup,27,27,1.77777779,198.259308,95.4442444,198.259308,109.999992,95.44424,50,-1.52587891E-05,350,300,150.259323,68.44422,246.259323,122.444214,0,1
411,411,408,offscreen_render,11.3609867,startup,27,27,1.77777779,198.309174,95.44422,198.309174,109.999992,95.4442139,50,-1.52587891E-05,350,300,150.309174,68.44419,246.309174,122.444183,0,1
412,412,409,offscreen_render,11.3776655,startup,27,27,1.77777779,198.366974,95.4442,198.366974,109.999992,95.44419,50,-1.52587891E-05,350,300,150.366989,68.4441757,246.366989,122.444168,0,1
413,413,410,offscreen_render,11.3942184,startup,27,27,1.77777779,198.432892,95.44418,198.432892,109.999992,95.4441757,50,-1.52587891E-05,350,300,150.4329,68.44416,246.4329,122.444153,0,1
414,414,411,offscreen_render,11.4108315,startup,27,27,1.77777779,198.506821,95.44417,198.506821,109.999992,95.44416,50,-1.52587891E-05,350,300,150.506836,68.4441452,246.506836,122.444138,0,1
415,415,412,offscreen_render,11.427352,startup,27,27,1.77777779,198.58844,95.44415,198.58844,109.999992,95.4441452,50,-1.52587891E-05,350,300,150.588455,68.44413,246.588455,122.444122,0,1
416,416,413,offscreen_render,11.4443388,startup,27,27,1.77777779,198.677338,95.4441452,198.677338,109.999992,95.44414,50,-1.52587891E-05,350,300,150.677353,68.44412,246.677353,122.444115,0,1
417,417,414,offscreen_render,11.4608,startup,27,27,1.77777779,198.77298,95.44414,198.77298,109.999992,95.44413,50,-1.52587891E-05,350,300,150.77298,68.44411,246.77298,122.4441,0,1
418,418,415,offscreen_render,11.4775066,startup,27,27,1.77777779,198.874847,95.44413,198.874847,109.999992,95.44412,50,-1.52587891E-05,350,300,150.874847,68.44411,246.874847,122.4441,0,1
419,419,416,offscreen_render,11.4943056,startup,27,27,1.77777779,198.982391,95.44412,198.982391,109.999992,95.4441147,50,-1.52587891E-05,350,300,150.9824,68.4441,246.9824,122.444092,0,1
420,420,417,offscreen_render,11.5108013,startup,27,27,1.77777779,199.095062,95.4441147,199.095062,109.999992,95.44411,50,-1.52587891E-05,350,300,151.095062,68.44409,247.095062,122.444084,0,1
421,421,418,offscreen_render,11.527668,startup,27,27,1.77777779,199.212341,95.44411,199.212341,109.999992,95.4441,50,-1.52587891E-05,350,300,151.212341,68.4440842,247.212341,122.444077,0,1
422,422,419,offscreen_render,11.5441456,startup,27,27,1.77777779,199.333725,95.4441,199.333725,109.999992,95.44409,50,-1.52587891E-05,350,300,151.33374,68.44407,247.33374,122.444061,0,1
423,423,420,offscreen_render,11.5607347,startup,27,27,1.77777779,199.458771,95.4441,199.458771,109.999992,95.44409,50,-1.52587891E-05,350,300,151.458771,68.44407,247.458771,122.444061,0,1
424,424,421,offscreen_render,11.5770731,startup,27,27,1.77777779,199.587051,95.4441,199.587051,109.999992,95.44409,50,-1.52587891E-05,350,300,151.587067,68.44407,247.587067,122.444061,0,1
425,425,422,offscreen_render,11.5943012,startup,27,27,1.77777779,199.7182,95.4441,199.7182,109.999992,95.44409,50,-1.52587891E-05,350,300,151.718216,68.44407,247.718216,122.444061,0,1
426,426,423,offscreen_render,11.6105423,startup,27,27,1.77777779,199.851852,95.4441,199.851852,109.999992,95.44409,50,-1.52587891E-05,350,300,151.851868,68.44407,247.851868,122.444061,0,1
427,427,424,offscreen_render,11.6275959,startup,27,27,1.77777779,199.987717,95.4441,199.987717,109.999992,95.44409,50,-1.52587891E-05,350,300,151.987732,68.44407,247.987732,122.444061,0,1
428,428,425,offscreen_render,11.6442184,startup,27,27,1.77777779,200.125488,95.4441,200.125488,109.999992,95.44409,50,-1.52587891E-05,350,300,152.125488,68.44407,248.125488,122.444061,0,1
429,429,426,offscreen_render,11.7523451,startup,27,27,1.77777779,201.038818,95.44409,201.038818,109.999992,95.4440842,50,-1.52587891E-05,350,300,153.038818,68.44407,249.038818,122.444061,0,1
430,430,427,offscreen_render,11.7692146,startup,27,27,1.77777779,201.156937,95.44409,201.156937,109.999992,95.4440842,50,-1.52587891E-05,350,300,153.156952,68.44407,249.156952,122.444061,0,1
431,431,428,offscreen_render,11.785676,startup,27,27,1.77777779,201.270508,95.44409,201.270508,109.999992,95.4440842,50,-1.52587891E-05,350,300,153.270508,68.44407,249.270508,122.444061,0,1
432,432,429,offscreen_render,11.802146,startup,27,27,1.77777779,201.381973,95.44409,201.381973,109.999992,95.4440842,50,-1.52587891E-05,350,300,153.381989,68.44407,249.381989,122.444061,0,1
433,433,430,offscreen_render,11.81863,startup,27,27,1.77777779,201.493088,95.44409,201.493088,109.999992,95.4440842,50,-1.52587891E-05,350,300,153.4931,68.44407,249.4931,122.444061,0,1
434,434,431,offscreen_render,11.8352795,startup,27,27,1.77777779,201.605072,95.44409,201.605072,109.999992,95.4440842,50,-1.52587891E-05,350,300,153.605072,68.44407,249.605072,122.444061,0,1
435,435,432,offscreen_render,11.8523283,startup,27,27,1.77777779,201.71875,95.44409,201.71875,109.999992,95.4440842,50,-1.52587891E-05,350,300,153.71875,68.44407,249.71875,122.444061,0,1
436,436,433,offscreen_render,11.8691664,startup,27,27,1.77777779,201.83461,95.44409,201.83461,109.999992,95.4440842,50,-1.52587891E-05,350,300,153.834625,68.44407,249.834625,122.444061,0,1
437,437,434,offscreen_render,11.88555,startup,27,27,1.77777779,201.952972,95.44409,201.952972,109.999992,95.4440842,50,-1.52587891E-05,350,300,153.952972,68.44407,249.952972,122.444061,0,1
438,438,435,offscreen_render,11.9021111,startup,27,27,1.77777779,202.073944,95.44409,202.073944,109.999992,95.4440842,50,-1.52587891E-05,350,300,154.073959,68.44407,250.073959,122.444061,0,1
439,439,436,offscreen_render,11.9185486,startup,27,27,1.77777779,202.197556,95.44409,202.197556,109.999992,95.4440842,50,-1.52587891E-05,350,300,154.197556,68.44407,250.197556,122.444061,0,1
440,440,437,offscreen_render,11.9353056,startup,27,27,1.77777779,202.323746,95.44409,202.323746,109.999992,95.4440842,50,-1.52587891E-05,350,300,154.323761,68.44407,250.323761,122.444061,0,1
441,441,438,offscreen_render,11.9519615,startup,27,27,1.77777779,202.4524,95.44409,202.4524,109.999992,95.4440842,50,-1.52587891E-05,350,300,154.4524,68.44407,250.4524,122.444061,0,1
442,442,439,offscreen_render,11.9685678,startup,27,27,1.77777779,202.583344,95.44409,202.583344,109.999992,95.4440842,50,-1.52587891E-05,350,300,154.583359,68.44407,250.583359,122.444061,0,1
443,443,440,offscreen_render,11.98529,startup,27,27,1.77777779,202.716446,95.44409,202.716446,109.999992,95.4440842,50,-1.52587891E-05,350,300,154.716461,68.44407,250.716461,122.444061,0,1
444,444,441,offscreen_render,12.0020866,startup,27,27,1.77777779,202.8515,95.44409,202.8515,109.999992,95.4440842,50,-1.52587891E-05,350,300,154.851517,68.44407,250.851517,122.444061,0,1
445,445,442,offscreen_render,12.0193281,startup,27,27,1.77777779,202.989182,95.44409,202.989182,109.999992,95.4440842,50,-1.52587891E-05,350,300,154.9892,68.44407,250.9892,122.444061,0,1
446,446,443,offscreen_render,12.0354414,startup,27,27,1.77777779,203.127625,95.44409,203.127625,109.999992,95.4440842,50,-1.52587891E-05,350,300,155.12764,68.44407,251.12764,122.444061,0,1
447,447,444,offscreen_render,12.0524921,startup,27,27,1.77777779,203.270645,95.44409,203.270645,109.999992,95.4440842,50,-1.52587891E-05,350,300,155.270645,68.44407,251.270645,122.444061,0,1
448,448,445,offscreen_render,12.0692253,startup,27,27,1.77777779,203.411865,95.44409,203.411865,109.999992,95.4440842,50,-1.52587891E-05,350,300,155.411865,68.44407,251.411865,122.444061,0,1
449,449,446,offscreen_render,12.0858994,startup,27,27,1.77777779,203.554214,95.44409,203.554214,109.999992,95.4440842,50,-1.52587891E-05,350,300,155.55423,68.44407,251.55423,122.444061,0,1
450,450,447,offscreen_render,12.1025305,startup,27,27,1.77777779,203.699768,95.44409,203.699768,109.999992,95.4440842,50,-1.52587891E-05,350,300,155.699768,68.44407,251.699768,122.444061,0,1
451,451,448,offscreen_render,12.2082386,startup,27,27,1.77777779,204.46846,95.44409,204.46846,109.999992,95.4440842,50,-1.52587891E-05,350,300,156.468475,68.44407,252.468475,122.444061,0,1
452,452,449,offscreen_render,12.2250032,startup,27,27,1.77777779,204.557922,95.44409,204.557922,109.999992,95.4440842,50,-1.52587891E-05,350,300,156.557922,68.44407,252.557922,122.444061,0,1
453,453,450,offscreen_render,12.3324261,startup,27,27,1.77777779,204.939423,95.44409,204.939423,109.999992,95.4440842,50,-1.52587891E-05,350,300,156.939423,68.44407,252.939423,122.444061,0,1
454,454,451,offscreen_render,12.3492308,startup,27,27,1.77777779,204.975616,95.44409,204.975616,109.999992,95.4440842,50,-1.52587891E-05,350,300,156.975632,68.44407,252.975632,122.444061,0,1
455,455,452,offscreen_render,12.3653259,startup,27,27,1.77777779,205.0072,95.44409,205.0072,109.999992,95.4440842,50,-1.52587891E-05,350,300,157.007217,68.44407,253.007217,122.444061,0,1
456,456,453,offscreen_render,12.3820066,startup,27,27,1.77777779,205.0347,95.44409,205.0347,109.999992,95.4440842,50,-1.52587891E-05,350,300,157.0347,68.44407,253.0347,122.444061,0,1
457,457,454,offscreen_render,12.3983469,startup,27,27,1.77777779,205.0586,95.44409,205.0586,109.999992,95.4440842,50,-1.52587891E-05,350,300,157.0586,68.44407,253.0586,122.444061,0,1
458,458,455,offscreen_render,12.4148273,startup,27,27,1.77777779,205.079315,95.44409,205.079315,109.999992,95.4440842,50,-1.52587891E-05,350,300,157.079315,68.44407,253.079315,122.444061,0,1
459,459,456,offscreen_render,12.431675,startup,27,27,1.77777779,205.09726,95.44409,205.09726,109.999992,95.4440842,50,-1.52587891E-05,350,300,157.09726,68.44407,253.09726,122.444061,0,1
460,460,457,offscreen_render,12.4485855,startup,27,27,1.77777779,205.112778,95.44409,205.112778,109.999992,95.4440842,50,-1.52587891E-05,350,300,157.112778,68.44407,253.112778,122.444061,0,1
461,461,458,offscreen_render,12.4650431,startup,27,27,1.77777779,205.126175,95.44409,205.126175,109.999992,95.4440842,50,-1.52587891E-05,350,300,157.12619,68.44407,253.12619,122.444061,0,1
462,462,459,offscreen_render,12.4816923,startup,27,27,1.77777779,205.137726,95.44409,205.137726,109.999992,95.4440842,50,-1.52587891E-05,350,300,157.137726,68.44407,253.137726,122.444061,0,1
463,463,460,offscreen_render,12.498476,startup,27,27,1.77777779,205.147659,95.44409,205.147659,109.999992,95.4440842,50,-1.52587891E-05,350,300,157.147659,68.44407,253.147659,122.444061,0,1
464,464,461,offscreen_render,12.515089,startup,27,27,1.77777779,205.1562,95.44409,205.1562,109.999992,95.4440842,50,-1.52587891E-05,350,300,157.156219,68.44407,253.156219,122.444061,0,1
465,465,462,offscreen_render,12.53219,startup,27,27,1.77777779,205.163544,95.44409,205.163544,109.999992,95.4440842,50,-1.52587891E-05,350,300,157.163544,68.44407,253.163544,122.444061,0,1
466,466,463,offscreen_render,12.5488377,startup,27,27,1.77777779,205.169846,95.44409,205.169846,109.999992,95.4440842,50,-1.52587891E-05,350,300,157.169861,68.44407,253.169861,122.444061,0,1
467,467,464,offscreen_render,12.56536,startup,27,27,1.77777779,205.175247,95.44409,205.175247,109.999992,95.4440842,50,-1.52587891E-05,350,300,157.175262,68.44407,253.175262,122.444061,0,1
468,468,465,offscreen_render,12.5821161,startup,27,27,1.77777779,205.179871,95.44409,205.179871,109.999992,95.4440842,50,-1.52587891E-05,350,300,157.179886,68.44407,253.179886,122.444061,0,1
469,469,466,offscreen_render,12.5984335,startup,27,27,1.77777779,205.183823,95.44409,205.183823,109.999992,95.4440842,50,-1.52587891E-05,350,300,157.183823,68.44407,253.183823,122.444061,0,1
470,470,467,offscreen_render,12.6152744,startup,27,27,1.77777779,205.18721,95.44409,205.18721,109.999992,95.4440842,50,-1.52587891E-05,350,300,157.18721,68.44407,253.18721,122.444061,0,1
471,471,468,offscreen_render,12.6318979,startup,27,27,1.77777779,205.1901,95.44409,205.1901,109.999992,95.4440842,50,-1.52587891E-05,350,300,157.1901,68.44407,253.1901,122.444061,0,1
472,472,469,offscreen_render,12.6485462,startup,27,27,1.77777779,205.192551,95.44409,205.192551,109.999992,95.4440842,50,-1.52587891E-05,350,300,157.192566,68.44407,253.192566,122.444061,0,1
473,473,470,offscreen_render,12.6650848,startup,27,27,1.77777779,205.194656,95.44409,205.194656,109.999992,95.4440842,50,-1.52587891E-05,350,300,157.194672,68.44407,253.194672,122.444061,0,1
474,474,471,offscreen_render,12.6817427,startup,27,27,1.77777779,205.196442,95.44409,205.196442,109.999992,95.4440842,50,-1.52587891E-05,350,300,157.196457,68.44407,253.196457,122.444061,0,1
475,475,472,offscreen_render,12.6983414,startup,27,27,1.77777779,205.197968,95.44409,205.197968,109.999992,95.4440842,50,-1.52587891E-05,350,300,157.197968,68.44407,253.197968,122.444061,0,1
476,476,473,offscreen_render,12.7151327,startup,27,27,1.77777779,205.199265,95.44409,205.199265,109.999992,95.4440842,50,-1.52587891E-05,350,300,157.19928,68.44407,253.19928,122.444061,0,1
477,477,474,offscreen_render,12.7317724,startup,27,27,1.77777779,205.200378,95.44409,205.200378,109.999992,95.4440842,50,-1.52587891E-05,350,300,157.2004,68.44407,253.2004,122.444061,0,1
478,478,475,offscreen_render,12.7482309,startup,27,27,1.77777779,205.201324,95.44409,205.201324,109.999992,95.4440842,50,-1.52587891E-05,350,300,157.201324,68.44407,253.201324,122.444061,0,1
479,479,476,offscreen_render,12.7649107,startup,27,27,1.77777779,205.202118,95.44409,205.202118,109.999992,95.4440842,50,-1.52587891E-05,350,300,157.202133,68.44407,253.202133,122.444061,0,1
480,480,477,offscreen_render,12.781662,startup,27,27,1.77777779,205.2028,95.44409,205.2028,109.999992,95.4440842,50,-1.52587891E-05,350,300,157.20282,68.44407,253.20282,122.444061,0,1
481,481,478,offscreen_render,12.7984343,startup,27,27,1.77777779,205.203384,95.44409,205.203384,109.999992,95.4440842,50,-1.52587891E-05,350,300,157.2034,68.44407,253.2034,122.444061,0,1
482,482,479,offscreen_render,12.8155556,startup,27,27,1.77777779,205.203888,95.44409,205.203888,109.999992,95.4440842,50,-1.52587891E-05,350,300,157.203888,68.44407,253.203888,122.444061,0,1
483,483,480,offscreen_render,12.83273,startup,27,27,1.77777779,205.2043,95.44409,205.2043,109.999992,95.4440842,50,-1.52587891E-05,350,300,157.204315,68.44407,253.204315,122.444061,0,1
484,484,481,offscreen_render,12.8491344,startup,27,27,1.77777779,205.204651,95.44409,205.204651,109.999992,95.4440842,50,-1.52587891E-05,350,300,157.204651,68.44407,253.204651,122.444061,0,1
485,485,482,offscreen_render,12.865942,startup,27,27,1.77777779,205.204941,95.44409,205.204941,109.999992,95.4440842,50,-1.52587891E-05,350,300,157.204956,68.44407,253.204956,122.444061,0,1
486,486,483,offscreen_render,12.8823252,startup,27,27,1.77777779,205.205185,95.44409,205.205185,109.999992,95.4440842,50,-1.52587891E-05,350,300,157.2052,68.44407,253.2052,122.444061,0,1
487,487,484,offscreen_render,12.8989716,startup,27,27,1.77777779,205.2054,95.44409,205.2054,109.999992,95.4440842,50,-1.52587891E-05,350,300,157.205414,68.44407,253.205414,122.444061,0,1
488,488,485,offscreen_render,12.91611,startup,27,27,1.77777779,205.205582,95.44409,205.205582,109.999992,95.4440842,50,-1.52587891E-05,350,300,157.2056,68.44407,253.2056,122.444061,0,1
489,489,486,offscreen_render,12.93249,startup,27,27,1.77777779,205.205734,95.44409,205.205734,109.999992,95.4440842,50,-1.52587891E-05,350,300,157.20575,68.44407,253.20575,122.444061,0,1
490,490,487,offscreen_render,13.0379953,startup,27,27,1.77777779,205.350479,95.44409,205.350479,109.999992,95.4440842,50,-1.52587891E-05,350,300,157.3505,68.44407,253.3505,122.444061,0,1
491,491,488,offscreen_render,13.0552568,startup,27,27,1.77777779,205.382645,95.44409,205.382645,109.999992,95.4440842,50,-1.52587891E-05,350,300,157.38266,68.44407,253.38266,122.444061,0,1
492,492,489,offscreen_render,13.0712757,startup,27,27,1.77777779,205.419189,95.44409,205.419189,109.999992,95.4440842,50,-1.52587891E-05,350,300,157.4192,68.44407,253.4192,122.444061,0,1
493,493,490,offscreen_render,13.0878239,startup,27,27,1.77777779,205.46199,95.44409,205.46199,109.999992,95.4440842,50,-1.52587891E-05,350,300,157.462,68.44407,253.462,122.444061,0,1
494,494,491,offscreen_render,13.1041927,startup,27,27,1.77777779,205.512177,95.44409,205.512177,109.999992,95.4440842,50,-1.52587891E-05,350,300,157.512177,68.44407,253.512177,122.444061,0,1
495,495,492,offscreen_render,13.1206837,startup,27,27,1.77777779,205.570313,95.44409,205.570313,109.999992,95.4440842,50,-1.52587891E-05,350,300,157.570313,68.44407,253.570313,122.444061,0,1
496,496,493,offscreen_render,13.1373549,startup,27,27,1.77777779,205.636551,95.44409,205.636551,109.999992,95.4440842,50,-1.52587891E-05,350,300,157.636551,68.44407,253.636551,122.444061,0,1
497,497,494,offscreen_render,13.1544733,startup,27,27,1.77777779,205.71077,95.44409,205.71077,109.999992,95.4440842,50,-1.52587891E-05,350,300,157.710785,68.44407,253.710785,122.444061,0,1
498,498,495,offscreen_render,13.1707468,startup,27,27,1.77777779,205.792664,95.44409,205.792664,109.999992,95.4440842,50,-1.52587891E-05,350,300,157.792664,68.44407,253.792664,122.444061,0,1
499,499,496,offscreen_render,13.1881237,startup,27,27,1.77777779,205.881821,95.44409,205.881821,109.999992,95.4440842,50,-1.52587891E-05,350,300,157.881821,68.44407,253.881821,122.444061,0,1
500,500,497,offscreen_render,13.2038851,startup,27,27,1.77777779,205.9777,95.44409,205.9777,109.999992,95.4440842,50,-1.52587891E-05,350,300,157.977722,68.44407,253.977722,122.444061,0,1
501,501,498,offscreen_render,13.2208147,startup,27,27,1.77777779,206.0798,95.44409,206.0798,109.999992,95.4440842,50,-1.52587891E-05,350,300,158.0798,68.44407,254.0798,122.444061,0,1
502,502,499,offscreen_render,13.2375212,startup,27,27,1.77777779,206.187546,95.44409,206.187546,109.999992,95.4440842,50,-1.52587891E-05,350,300,158.187561,68.44407,254.187561,122.444061,0,1
503,503,500,offscreen_render,13.2544832,startup,27,27,1.77777779,206.300385,95.44409,206.300385,109.999992,95.4440842,50,-1.52587891E-05,350,300,158.3004,68.44407,254.3004,122.444061,0,1
504,504,501,offscreen_render,13.27074,startup,27,27,1.77777779,206.417816,95.44409,206.417816,109.999992,95.4440842,50,-1.52587891E-05,350,300,158.417816,68.44407,254.417816,122.444061,0,1
505,505,502,offscreen_render,13.2883692,startup,27,27,1.77777779,206.539337,95.44409,206.539337,109.999992,95.4440842,50,-1.52587891E-05,350,300,158.539352,68.44407,254.539352,122.444061,0,1
506,506,503,offscreen_render,13.3040915,startup,27,27,1.77777779,206.6645,95.44409,206.6645,109.999992,95.4440842,50,-1.52587891E-05,350,300,158.6645,68.44407,254.6645,122.444061,0,1
507,507,504,offscreen_render,13.3207426,startup,27,27,1.77777779,206.7929,95.44409,206.7929,109.999992,95.4440842,50,-1.52587891E-05,350,300,158.792908,68.44407,254.792908,122.444061,0,1
508,508,505,offscreen_render,13.3381195,startup,27,27,1.77777779,206.926651,95.44409,206.926651,109.999992,95.4440842,50,-1.52587891E-05,350,300,158.926666,68.44407,254.926666,122.444061,0,1
509,509,506,offscreen_render,13.35441,startup,27,27,1.77777779,207.060455,95.44409,207.060455,109.999992,95.4440842,50,-1.52587891E-05,350,300,159.060471,68.44407,255.060471,122.444061,0,1
510,510,507,offscreen_render,13.37131,startup,27,27,1.77777779,207.196442,95.44409,207.196442,109.999992,95.4440842,50,-1.52587891E-05,350,300,159.196442,68.44407,255.196442,122.444061,0,1
511,511,508,offscreen_render,13.3879061,startup,27,27,1.77777779,207.33432,95.44409,207.33432,109.999992,95.4440842,50,-1.52587891E-05,350,300,159.33432,68.44407,255.33432,122.444061,0,1
512,512,509,offscreen_render,13.4042864,startup,27,27,1.77777779,207.469391,95.44409,207.469391,109.999992,95.4440842,50,-1.52587891E-05,350,300,159.469391,68.44407,255.469391,122.444061,0,1
513,513,510,offscreen_render,13.4213219,startup,27,27,1.77777779,207.594391,95.44409,207.594391,109.999992,95.4440842,50,-1.52587891E-05,350,300,159.5944,68.44407,255.5944,122.444061,0,1
514,514,511,offscreen_render,13.4377279,startup,27,27,1.77777779,207.704575,95.44409,207.704575,109.999992,95.4440842,50,-1.52587891E-05,350,300,159.70459,68.44407,255.70459,122.444061,0,1
515,515,512,offscreen_render,13.4544,startup,27,27,1.77777779,207.797134,95.44409,207.797134,109.999992,95.4440842,50,-1.52587891E-05,350,300,159.79715,68.44407,255.79715,122.444061,0,1
516,516,513,offscreen_render,13.4714823,startup,27,27,1.77777779,207.87059,95.44409,207.87059,109.999992,95.4440842,50,-1.52587891E-05,350,300,159.8706,68.44407,255.8706,122.444061,0,1
517,517,514,offscreen_render,13.5881348,startup,27,27,1.77777779,207.900314,95.4440842,207.900314,109.999992,95.44408,50,-1.52587891E-05,350,300,159.90033,68.44406,255.90033,122.444054,0,1
518,518,515,offscreen_render,13.60602,startup,27,27,1.77777779,207.875,95.4440842,207.875,109.999992,95.44408,50,-1.52587891E-05,350,300,159.875015,68.44406,255.875015,122.444054,0,1
519,519,516,offscreen_render,13.62136,startup,27,27,1.77777779,207.84343,95.4440842,207.84343,109.999992,95.44408,50,-1.52587891E-05,350,300,159.84343,68.44406,255.84343,122.444054,0,1
520,520,517,offscreen_render,13.6373062,startup,27,27,1.77777779,207.804153,95.4440842,207.804153,109.999992,95.44408,50,-1.52587891E-05,350,300,159.804153,68.44406,255.804153,122.444054,0,1
521,521,518,offscreen_render,13.6543026,startup,27,27,1.77777779,207.756409,95.4440842,207.756409,109.999992,95.44408,50,-1.52587891E-05,350,300,159.756409,68.44406,255.756409,122.444054,0,1
522,522,519,offscreen_render,13.6707945,startup,27,27,1.77777779,207.69989,95.4440842,207.69989,109.999992,95.44408,50,-1.52587891E-05,350,300,159.69989,68.44406,255.69989,122.444054,0,1
523,523,520,offscreen_render,13.6875763,startup,27,27,1.77777779,207.634644,95.4440842,207.634644,109.999992,95.44408,50,-1.52587891E-05,350,300,159.634644,68.44406,255.634644,122.444054,0,1
524,524,521,offscreen_render,13.704072,startup,27,27,1.77777779,207.560959,95.4440842,207.560959,109.999992,95.44408,50,-1.52587891E-05,350,300,159.560974,68.44406,255.560974,122.444054,0,1
525,525,522,offscreen_render,13.720624,startup,27,27,1.77777779,207.479263,95.4440842,207.479263,109.999992,95.44408,50,-1.52587891E-05,350,300,159.479279,68.44406,255.479279,122.444054,0,1
526,526,523,offscreen_render,13.7369833,startup,27,27,1.77777779,207.390091,95.4440842,207.390091,109.999992,95.44408,50,-1.52587891E-05,350,300,159.3901,68.44406,255.3901,122.444054,0,1
527,527,524,offscreen_render,13.7536182,startup,27,27,1.77777779,207.294022,95.4440842,207.294022,109.999992,95.44408,50,-1.52587891E-05,350,300,159.294022,68.44406,255.294022,122.444054,0,1
528,528,525,offscreen_render,13.770504,startup,27,27,1.77777779,207.191635,95.4440842,207.191635,109.999992,95.44408,50,-1.52587891E-05,350,300,159.19165,68.44406,255.19165,122.444054,0,1
529,529,526,offscreen_render,13.7872009,startup,27,27,1.77777779,207.083542,95.4440842,207.083542,109.999992,95.44408,50,-1.52587891E-05,350,300,159.083542,68.44406,255.083542,122.444054,0,1
530,530,527,offscreen_render,13.89213,startup,27,27,1.77777779,206.315414,95.4440842,206.315414,109.999992,95.44408,50,-1.52587891E-05,350,300,158.315414,68.44406,254.315414,122.444054,0,1
531,531,528,offscreen_render,13.9089708,startup,27,27,1.77777779,206.206467,95.4440842,206.206467,109.999992,95.44408,50,-1.52587891E-05,350,300,158.206467,68.44406,254.206467,122.444054,0,1
532,532,529,offscreen_render,13.9249105,startup,27,27,1.77777779,206.100555,95.4440842,206.100555,109.999992,95.44408,50,-1.52587891E-05,350,300,158.100555,68.44406,254.100555,122.444054,0,1
533,533,530,offscreen_render,13.9416437,startup,27,27,1.77777779,205.995468,95.4440842,205.995468,109.999992,95.44408,50,-1.52587891E-05,350,300,157.995483,68.44406,253.995483,122.444054,0,1
534,534,531,offscreen_render,13.9577084,startup,27,27,1.77777779,205.889664,95.4440842,205.889664,109.999992,95.44408,50,-1.52587891E-05,350,300,157.889679,68.44406,253.889679,122.444054,0,1
535,535,532,offscreen_render,13.97461,startup,27,27,1.77777779,205.7821,95.4440842,205.7821,109.999992,95.44408,50,-1.52587891E-05,350,300,157.78212,68.44406,253.78212,122.444054,0,1
536,536,533,offscreen_render,13.9918156,startup,27,27,1.77777779,205.672134,95.4440842,205.672134,109.999992,95.44408,50,-1.52587891E-05,350,300,157.67215,68.44406,253.67215,122.444054,0,1
537,537,534,offscreen_render,14.007865,startup,27,27,1.77777779,205.559372,95.4440842,205.559372,109.999992,95.44408,50,-1.52587891E-05,350,300,157.559372,68.44406,253.559372,122.444054,0,1
538,538,535,offscreen_render,14.0252028,startup,27,27,1.77777779,205.443573,95.4440842,205.443573,109.999992,95.44408,50,-1.52587891E-05,350,300,157.443573,68.44406,253.443573,122.444054,0,1
539,539,536,offscreen_render,14.0417709,startup,27,27,1.77777779,205.324738,95.4440842,205.324738,109.999992,95.44408,50,-1.52587891E-05,350,300,157.324738,68.44406,253.324738,122.444054,0,1
540,540,537,offscreen_render,14.05771,startup,27,27,1.77777779,205.202911,95.4440842,205.202911,109.999992,95.44408,50,-1.52587891E-05,350,300,157.202911,68.44406,253.202911,122.444054,0,1
541,541,538,offscreen_render,14.0746346,startup,27,27,1.77777779,205.0782,95.4440842,205.0782,109.999992,95.44408,50,-1.52587891E-05,350,300,157.078217,68.44406,253.078217,122.444054,0,1
542,542,539,offscreen_render,14.0914326,startup,27,27,1.77777779,204.95079,95.4440842,204.95079,109.999992,95.44408,50,-1.52587891E-05,350,300,156.9508,68.44406,252.9508,122.444054,0,1
543,543,540,offscreen_render,14.1081429,startup,27,27,1.77777779,204.820862,95.4440842,204.820862,109.999992,95.44408,50,-1.52587891E-05,350,300,156.820862,68.44406,252.820862,122.444054,0,1
544,544,541,offscreen_render,14.1248388,startup,27,27,1.77777779,204.688629,95.4440842,204.688629,109.999992,95.44408,50,-1.52587891E-05,350,300,156.688629,68.44406,252.688629,122.444054,0,1
545,545,542,offscreen_render,14.1414614,startup,27,27,1.77777779,204.554291,95.4440842,204.554291,109.999992,95.44408,50,-1.52587891E-05,350,300,156.5543,68.44406,252.5543,122.444054,0,1
546,546,543,offscreen_render,14.1580067,startup,27,27,1.77777779,204.41806,95.4440842,204.41806,109.999992,95.44408,50,-1.52587891E-05,350,300,156.418076,68.44406,252.418076,122.444054,0,1
547,547,544,offscreen_render,14.1749592,startup,27,27,1.77777779,204.280121,95.4440842,204.280121,109.999992,95.44408,50,-1.52587891E-05,350,300,156.280121,68.44406,252.280121,122.444054,0,1
548,548,545,offscreen_render,14.1911192,startup,27,27,1.77777779,204.140671,95.4440842,204.140671,109.999992,95.44408,50,-1.52587891E-05,350,300,156.140671,68.44406,252.140671,122.444054,0,1
549,549,546,offscreen_render,14.207798,startup,27,27,1.77777779,203.999863,95.4440842,203.999863,109.999992,95.44408,50,-1.52587891E-05,350,300,155.999863,68.44406,251.999863,122.444054,0,1
550,550,547,offscreen_render,14.2247057,startup,27,27,1.77777779,203.857849,95.4440842,203.857849,109.999992,95.44408,50,-1.52587891E-05,350,300,155.857864,68.44406,251.857864,122.444054,0,1
551,551,548,offscreen_render,14.2413082,startup,27,27,1.77777779,203.7148,95.4440842,203.7148,109.999992,95.44408,50,-1.52587891E-05,350,300,155.714813,68.44406,251.714813,122.444054,0,1
552,552,549,offscreen_render,14.2577868,startup,27,27,1.77777779,203.570816,95.4440842,203.570816,109.999992,95.44408,50,-1.52587891E-05,350,300,155.570831,68.44406,251.570831,122.444054,0,1
553,553,550,offscreen_render,14.2747812,startup,27,27,1.77777779,203.426025,95.4440842,203.426025,109.999992,95.44408,50,-1.52587891E-05,350,300,155.426025,68.44406,251.426025,122.444054,0,1
554,554,551,offscreen_render,14.2915373,startup,27,27,1.77777779,203.280518,95.4440842,203.280518,109.999992,95.44408,50,-1.52587891E-05,350,300,155.280533,68.44406,251.280533,122.444054,0,1
555,555,552,offscreen_render,14.3082228,startup,27,27,1.77777779,203.1344,95.4440842,203.1344,109.999992,95.44408,50,-1.52587891E-05,350,300,155.134415,68.44406,251.134415,122.444054,0,1
556,556,553,offscreen_render,14.4154425,startup,27,27,1.77777779,202.345078,95.4440842,202.345078,109.999992,95.44408,50,-1.52587891E-05,350,300,154.3451,68.44406,250.3451,122.444054,0,1
557,557,554,offscreen_render,14.4323349,startup,27,27,1.77777779,202.255554,95.4440842,202.255554,109.999992,95.44408,50,-1.52587891E-05,350,300,154.255554,68.44406,250.255554,122.444054,0,1
558,558,555,offscreen_render,14.5396223,startup,27,27,1.77777779,201.875488,95.4440842,201.875488,109.999992,95.44408,50,-1.52587891E-05,350,300,153.875488,68.44406,249.875488,122.444054,0,1
559,559,556,offscreen_render,14.55608,startup,27,27,1.77777779,201.839386,95.4440842,201.839386,109.999992,95.44408,50,-1.52587891E-05,350,300,153.8394,68.44406,249.8394,122.444054,0,1
560,560,557,offscreen_render,14.5720615,startup,27,27,1.77777779,201.807892,95.4440842,201.807892,109.999992,95.44408,50,-1.52587891E-05,350,300,153.8079,68.44406,249.8079,122.444054,0,1
561,561,558,offscreen_render,14.58854,startup,27,27,1.77777779,201.780472,95.4440842,201.780472,109.999992,95.44408,50,-1.52587891E-05,350,300,153.780487,68.44406,249.780487,122.444054,0,1
562,562,559,offscreen_render,14.6054192,startup,27,27,1.77777779,201.756653,95.4440842,201.756653,109.999992,95.44408,50,-1.52587891E-05,350,300,153.756653,68.44406,249.756653,122.444054,0,1
563,563,560,offscreen_render,14.6222429,startup,27,27,1.77777779,201.736,95.4440842,201.736,109.999992,95.44408,50,-1.52587891E-05,350,300,153.736,68.44406,249.736,122.444054,0,1
564,564,561,offscreen_render,14.6385012,startup,27,27,1.77777779,201.718109,95.4440842,201.718109,109.999992,95.44408,50,-1.52587891E-05,350,300,153.718109,68.44406,249.718109,122.444054,0,1
565,565,562,offscreen_render,14.6554251,startup,27,27,1.77777779,201.702652,95.4440842,201.702652,109.999992,95.44408,50,-1.52587891E-05,350,300,153.702667,68.44406,249.702667,122.444054,0,1
566,566,563,offscreen_render,14.672226,startup,27,27,1.77777779,201.689316,95.4440842,201.689316,109.999992,95.44408,50,-1.52587891E-05,350,300,153.689331,68.44406,249.689331,122.444054,0,1
567,567,564,offscreen_render,14.6884756,startup,27,27,1.77777779,201.677826,95.4440842,201.677826,109.999992,95.44408,50,-1.52587891E-05,350,300,153.677826,68.44406,249.677826,122.444054,0,1
568,568,565,offscreen_render,14.7055779,startup,27,27,1.77777779,201.667923,95.4440842,201.667923,109.999992,95.44408,50,-1.52587891E-05,350,300,153.667923,68.44406,249.667923,122.444054,0,1
569,569,566,offscreen_render,14.7220631,startup,27,27,1.77777779,201.659424,95.4440842,201.659424,109.999992,95.44408,50,-1.52587891E-05,350,300,153.659424,68.44406,249.659424,122.444054,0,1
570,570,567,offscreen_render,14.7387085,startup,27,27,1.77777779,201.652115,95.4440842,201.652115,109.999992,95.44408,50,-1.52587891E-05,350,300,153.65213,68.44406,249.65213,122.444054,0,1
571,571,568,offscreen_render,14.7553606,startup,27,27,1.77777779,201.645844,95.4440842,201.645844,109.999992,95.44408,50,-1.52587891E-05,350,300,153.645859,68.44406,249.645859,122.444054,0,1
572,572,569,offscreen_render,14.7719259,startup,27,27,1.77777779,201.640472,95.4440842,201.640472,109.999992,95.44408,50,-1.52587891E-05,350,300,153.640472,68.44406,249.640472,122.444054,0,1
573,573,570,offscreen_render,14.7885246,startup,27,27,1.77777779,201.63588,95.4440842,201.63588,109.999992,95.44408,50,-1.52587891E-05,350,300,153.63588,68.44406,249.63588,122.444054,0,1
574,574,571,offscreen_render,14.8055048,startup,27,27,1.77777779,201.631943,95.4440842,201.631943,109.999992,95.44408,50,-1.52587891E-05,350,300,153.631943,68.44406,249.631943,122.444054,0,1
575,575,572,offscreen_render,14.8219986,startup,27,27,1.77777779,201.628586,95.4440842,201.628586,109.999992,95.44408,50,-1.52587891E-05,350,300,153.6286,68.44406,249.6286,122.444054,0,1
576,576,573,offscreen_render,14.8385773,startup,27,27,1.77777779,201.625717,95.4440842,201.625717,109.999992,95.44408,50,-1.52587891E-05,350,300,153.625717,68.44406,249.625717,122.444054,0,1
577,577,574,offscreen_render,14.855195,startup,27,27,1.77777779,201.62326,95.4440842,201.62326,109.999992,95.44408,50,-1.52587891E-05,350,300,153.62326,68.44406,249.62326,122.444054,0,1
578,578,575,offscreen_render,14.8718691,startup,27,27,1.77777779,201.62117,95.4440842,201.62117,109.999992,95.44408,50,-1.52587891E-05,350,300,153.621185,68.44406,249.621185,122.444054,0,1
579,579,576,offscreen_render,14.8887682,startup,27,27,1.77777779,201.619385,95.4440842,201.619385,109.999992,95.44408,50,-1.52587891E-05,350,300,153.6194,68.44406,249.6194,122.444054,0,1
580,580,577,offscreen_render,14.9057608,startup,27,27,1.77777779,201.617874,95.4440842,201.617874,109.999992,95.44408,50,-1.52587891E-05,350,300,153.617889,68.44406,249.617889,122.444054,0,1
581,581,578,offscreen_render,14.9226322,startup,27,27,1.77777779,201.616577,95.4440842,201.616577,109.999992,95.44408,50,-1.52587891E-05,350,300,153.616577,68.44406,249.616577,122.444054,0,1
582,582,579,offscreen_render,14.9389067,startup,27,27,1.77777779,201.615479,95.4440842,201.615479,109.999992,95.44408,50,-1.52587891E-05,350,300,153.615479,68.44406,249.615479,122.444054,0,1
583,583,580,offscreen_render,14.9550772,startup,27,27,1.77777779,201.614548,95.4440842,201.614548,109.999992,95.44408,50,-1.52587891E-05,350,300,153.614548,68.44406,249.614548,122.444054,0,1
584,584,581,offscreen_render,14.97234,startup,27,27,1.77777779,201.613754,95.4440842,201.613754,109.999992,95.44408,50,-1.52587891E-05,350,300,153.61377,68.44406,249.61377,122.444054,0,1
585,585,582,offscreen_render,14.9888783,startup,27,27,1.77777779,201.613083,95.4440842,201.613083,109.999992,95.44408,50,-1.52587891E-05,350,300,153.613083,68.44406,249.613083,122.444054,0,1
586,586,583,offscreen_render,15.00524,startup,27,27,1.77777779,201.6125,95.4440842,201.6125,109.999992,95.44408,50,-1.52587891E-05,350,300,153.612518,68.44406,249.612518,122.444054,0,1
587,587,584,offscreen_render,15.0220442,startup,27,27,1.77777779,201.612015,95.4440842,201.612015,109.999992,95.44408,50,-1.52587891E-05,350,300,153.61203,68.44406,249.61203,122.444054,0,1
588,588,585,offscreen_render,15.0388708,startup,27,27,1.77777779,201.6116,95.4440842,201.6116,109.999992,95.44408,50,-1.52587891E-05,350,300,153.611618,68.44406,249.611618,122.444054,0,1
589,589,586,offscreen_render,15.0552063,startup,27,27,1.77777779,201.611252,95.4440842,201.611252,109.999992,95.44408,50,-1.52587891E-05,350,300,153.611252,68.44406,249.611252,122.444054,0,1
590,590,587,offscreen_render,15.0719213,startup,27,27,1.77777779,201.610962,95.4440842,201.610962,109.999992,95.44408,50,-1.52587891E-05,350,300,153.610977,68.44406,249.610977,122.444054,0,1
591,591,588,offscreen_render,15.0884924,startup,27,27,1.77777779,201.610718,95.4440842,201.610718,109.999992,95.44408,50,-1.52587891E-05,350,300,153.610718,68.44406,249.610718,122.444054,0,1
592,592,589,offscreen_render,15.1054335,startup,27,27,1.77777779,201.6105,95.4440842,201.6105,109.999992,95.44408,50,-1.52587891E-05,350,300,153.610519,68.44406,249.610519,122.444054,0,1
593,593,590,offscreen_render,15.1221189,startup,27,27,1.77777779,201.610321,95.4440842,201.610321,109.999992,95.44408,50,-1.52587891E-05,350,300,153.610336,68.44406,249.610336,122.444054,0,1
594,594,591,offscreen_render,15.1387348,startup,27,27,1.77777779,201.610168,95.4440842,201.610168,109.999992,95.44408,50,-1.52587891E-05,350,300,153.610168,68.44406,249.610168,122.444054,0,1
595,595,592,offscreen_render,15.2470226,startup,27,27,1.77777779,201.714645,95.54911,201.714645,109.999992,95.5491,50,-1.52587891E-05,350,300,153.714661,68.54908,249.714661,122.549072,0,1
596,596,593,offscreen_render,15.263566,startup,27,27,1.77777779,201.737213,95.57172,201.737213,109.999992,95.57171,50,-1.52587891E-05,350,300,153.737228,68.57169,249.737228,122.571686,0,1
597,597,594,offscreen_render,15.2796469,startup,27,27,1.77777779,201.762833,95.597374,201.762833,109.999992,95.59737,50,-1.52587891E-05,350,300,153.762848,68.59735,249.762848,122.597343,0,1
598,598,595,offscreen_render,15.2962093,startup,27,27,1.77777779,201.792862,95.62743,201.792862,109.999992,95.6274261,50,-1.52587891E-05,350,300,153.792877,68.6274,249.792877,122.627396,0,1
599,599,596,offscreen_render,15.31285,startup,27,27,1.77777779,201.82811,95.66271,201.82811,109.999992,95.6627045,50,-1.52587891E-05,350,300,153.828125,68.66269,249.828125,122.662682,0,1
600,600,597,offscreen_render,15.3297186,startup,27,27,1.77777779,201.868973,95.70359,201.868973,109.999992,95.70358,50,-1.52587891E-05,350,300,153.868973,68.70357,249.868973,122.70356,0,1
601,601,598,offscreen_render,15.3461313,startup,27,27,1.77777779,201.915573,95.750206,201.915573,109.999992,95.7502,50,-1.52587891E-05,350,300,153.915573,68.7501755,249.915573,122.750168,0,1
602,602,599,offscreen_render,15.3626375,startup,27,27,1.77777779,201.967834,95.80248,201.967834,109.999992,95.802475,50,-1.52587891E-05,350,300,153.96785,68.80245,249.96785,122.802444,0,1
603,603,600,offscreen_render,15.37949,startup,27,27,1.77777779,202.025543,95.8602,202.025543,109.999992,95.86019,50,-1.52587891E-05,350,300,154.025543,68.8601761,250.025543,122.860168,0,1
604,604,601,offscreen_render,15.39578,startup,27,27,1.77777779,202.088379,95.92305,202.088379,109.999992,95.92304,50,-1.52587891E-05,350,300,154.088379,68.92303,250.088379,122.923019,0,1
605,605,602,offscreen_render,15.4129381,startup,27,27,1.77777779,202.156,95.9906845,202.156,109.999992,95.99068,50,-1.52587891E-05,350,300,154.156,68.99066,250.156,122.990654,0,1
606,606,603,offscreen_render,15.42945,startup,27,27,1.77777779,202.228027,96.06272,202.228027,109.999992,96.06271,50,-1.52587891E-05,350,300,154.228043,69.062706,250.228043,123.0627,0,1
607,607,604,offscreen_render,15.4459934,startup,27,27,1.77777779,202.304062,96.13876,202.304062,109.999992,96.1387558,50,-1.52587891E-05,350,300,154.304077,69.13875,250.304077,123.138741,0,1
608,608,605,offscreen_render,15.4628725,startup,27,27,1.77777779,202.383728,96.21843,202.383728,109.999992,96.21842,50,-1.52587891E-05,350,300,154.383728,69.2184143,250.383728,123.218407,0,1
609,609,606,offscreen_render,15.4793625,startup,27,27,1.77777779,202.466644,96.30136,202.466644,109.999992,96.30135,50,-1.52587891E-05,350,300,154.466644,69.3013458,250.466644,123.301338,0,1
610,610,607,offscreen_render,15.496,startup,27,27,1.77777779,202.552475,96.3872,202.552475,109.999992,96.38719,50,-1.52587891E-05,350,300,154.55249,69.3871841,250.55249,123.387177,0,1
611,611,608,offscreen_render,15.5129709,startup,27,27,1.77777779,202.640884,96.47562,202.640884,109.999992,96.47561,50,-1.52587891E-05,350,300,154.6409,69.4756,250.6409,123.475594,0,1
612,612,609,offscreen_render,15.5293274,startup,27,27,1.77777779,202.7316,96.56633,202.7316,109.999992,96.56632,50,-1.52587891E-05,350,300,154.7316,69.5663147,250.7316,123.566307,0,1
613,613,610,offscreen_render,15.5459471,startup,27,27,1.77777779,202.824326,96.65906,202.824326,109.999992,96.65905,50,-1.52587891E-05,350,300,154.824326,69.65904,250.824326,123.659035,0,1
614,614,611,offscreen_render,15.5626869,startup,27,27,1.77777779,202.918823,96.75356,202.918823,109.999992,96.7535553,50,-1.52587891E-05,350,300,154.918823,69.75355,250.918823,123.75354,0,1
615,615,612,offscreen_render,15.5794163,startup,27,27,1.77777779,203.0149,96.84963,203.0149,109.999992,96.8496246,50,-1.52587891E-05,350,300,155.0149,69.84962,251.0149,123.849609,0,1
616,616,613,offscreen_render,15.5962667,startup,27,27,1.77777779,203.11232,96.94706,203.11232,109.999992,96.94705,50,-1.52587891E-05,350,300,155.112335,69.94704,251.112335,123.947029,0,1
617,617,614,offscreen_render,15.7017956,startup,27,27,1.77777779,203.742813,97.57756,203.742813,109.999992,97.57755,50,-1.52587891E-05,350,300,155.742828,70.5775452,251.742828,124.577538,0,1
618,618,615,offscreen_render,15.7185783,startup,27,27,1.77777779,203.8276,97.66235,203.8276,109.999992,97.6623459,50,-1.52587891E-05,350,300,155.8276,70.66233,251.8276,124.662323,0,1
619,619,616,offscreen_render,15.73503,startup,27,27,1.77777779,203.90918,97.7439346,203.90918,109.999992,97.74393,50,-1.52587891E-05,350,300,155.90918,70.74392,251.90918,124.743912,0,1
620,620,617,offscreen_render,15.7509384,startup,27,27,1.77777779,203.989243,97.8240051,203.989243,109.999992,97.824,50,-1.52587891E-05,350,300,155.989243,70.82399,251.989243,124.823982,0,1
621,621,618,offscreen_render,15.76758,startup,27,27,1.77777779,204.069,97.90377,204.069,109.999992,97.90376,50,-1.52587891E-05,350,300,156.069,70.9037552,252.069,124.903748,0,1
622,622,619,offscreen_render,15.7848387,startup,27,27,1.77777779,204.1493,97.98408,204.1493,109.999992,97.98407,50,-1.52587891E-05,350,300,156.149323,70.98406,252.149323,124.984055,0,1
623,623,620,offscreen_render,15.8007689,startup,27,27,1.77777779,204.230713,98.06548,204.230713,109.999992,98.0654755,50,-1.52587891E-05,350,300,156.230713,71.06546,252.230713,125.065453,0,1
624,624,621,offscreen_render,15.8173943,startup,27,27,1.77777779,204.313583,98.14836,204.313583,109.999992,98.14835,50,-1.52587891E-05,350,300,156.3136,71.1483459,252.3136,125.148338,0,1
625,625,622,offscreen_render,15.8345661,startup,27,27,1.77777779,204.398132,98.23292,204.398132,109.999992,98.23291,50,-1.52587891E-05,350,300,156.398132,71.2329,252.398132,125.232895,0,1
626,626,623,offscreen_render,15.8511276,startup,27,27,1.77777779,204.484451,98.31924,204.484451,109.999992,98.31923,50,-1.52587891E-05,350,300,156.484451,71.31922,252.484451,125.319214,0,1
627,627,624,offscreen_render,15.8680477,startup,27,27,1.77777779,204.572556,98.40734,204.572556,109.999992,98.40733,50,-1.52587891E-05,350,300,156.572571,71.4073257,252.572571,125.407318,0,1
628,628,625,offscreen_render,15.8844271,startup,27,27,1.77777779,204.662415,98.49719,204.662415,109.999992,98.4971848,50,-1.52587891E-05,350,300,156.66243,71.49718,252.66243,125.497169,0,1
629,629,626,offscreen_render,15.9012032,startup,27,27,1.77777779,204.753937,98.5887146,204.753937,109.999992,98.58871,50,-1.52587891E-05,350,300,156.753937,71.5887,252.753937,125.588692,0,1
630,630,627,offscreen_render,15.91755,startup,27,27,1.77777779,204.847031,98.6818,204.847031,109.999992,98.68179,50,-1.52587891E-05,350,300,156.847046,71.6817856,252.847046,125.681778,0,1
631,631,628,offscreen_render,15.9344015,startup,27,27,1.77777779,204.941574,98.7763443,204.941574,109.999992,98.77634,50,-1.52587891E-05,350,300,156.941574,71.77633,252.941574,125.776321,0,1
632,632,629,offscreen_render,15.9510012,startup,27,27,1.77777779,205.037445,98.87222,205.037445,109.999992,98.8722153,50,-1.52587891E-05,350,300,157.037445,71.87221,253.037445,125.8722,0,1
633,633,630,offscreen_render,15.9678268,startup,27,27,1.77777779,205.134537,98.9693146,205.134537,109.999992,98.96931,50,-1.52587891E-05,350,300,157.134552,71.9693,253.134552,125.969292,0,1
634,634,631,offscreen_render,15.9841146,startup,27,27,1.77777779,205.2327,99.06748,205.2327,109.999992,99.0674744,50,-1.52587891E-05,350,300,157.232712,72.06747,253.232712,126.067459,0,1
635,635,632,offscreen_render,16.0013657,startup,27,27,1.77777779,205.331863,99.16664,205.331863,109.999992,99.16663,50,-1.52587891E-05,350,300,157.331863,72.16662,253.331863,126.166611,0,1
636,636,633,offscreen_render,16.0175552,startup,27,27,1.77777779,205.4319,99.26667,205.4319,109.999992,99.26666,50,-1.52587891E-05,350,300,157.431915,72.26665,253.431915,126.26664,0,1
637,637,634,offscreen_render,16.03493,startup,27,27,1.77777779,205.532715,99.36748,205.532715,109.999992,99.36747,50,-1.52587891E-05,350,300,157.53273,72.36746,253.53273,126.367455,0,1
638,638,635,offscreen_render,16.0511971,startup,27,27,1.77777779,205.6342,99.46896,205.6342,109.999992,99.468956,50,-1.52587891E-05,350,300,157.634216,72.46895,253.634216,126.468941,0,1
639,639,636,offscreen_render,16.15838,startup,27,27,1.77777779,206.18428,100.019035,206.18428,109.999992,100.019028,50,-1.52587891E-05,350,300,158.1843,73.01902,254.1843,127.019012,0,1
640,640,637,offscreen_render,16.1752186,startup,27,27,1.77777779,206.247,100.081757,206.247,109.999992,100.081749,50,-1.52587891E-05,350,300,158.247009,73.08174,254.247009,127.081734,0,1
641,641,638,offscreen_render,16.2818451,startup,27,27,1.77777779,206.512421,100.347176,206.512421,109.999992,100.347168,50,-1.52587891E-05,350,300,158.512436,73.34716,254.512436,127.347153,0,1
642,642,639,offscreen_render,16.2979565,startup,27,27,1.77777779,206.537918,100.372673,206.537918,109.999992,100.372665,50,-1.52587891E-05,350,300,158.537933,73.37266,254.537933,127.37265,0,1
643,643,640,offscreen_render,16.31468,startup,27,27,1.77777779,206.560165,100.394928,206.560165,109.999992,100.39492,50,-1.52587891E-05,350,300,158.560181,73.39491,254.560181,127.394905,0,1
644,644,641,offscreen_render,16.3310432,startup,27,27,1.77777779,206.579544,100.4143,206.579544,109.999992,100.414291,50,-1.52587891E-05,350,300,158.579544,73.4142761,254.579544,127.414268,0,1
645,645,642,offscreen_render,16.3476486,startup,27,27,1.77777779,206.596375,100.431137,206.596375,109.999992,100.431129,50,-1.52587891E-05,350,300,158.59639,73.43112,254.59639,127.431114,0,1
646,646,643,offscreen_render,16.3639565,startup,27,27,1.77777779,206.610977,100.44574,206.610977,109.999992,100.445732,50,-1.52587891E-05,350,300,158.611,73.44572,254.611,127.445709,0,1
647,647,644,offscreen_render,16.3806782,startup,27,27,1.77777779,206.623611,100.458382,206.623611,109.999992,100.458374,50,-1.52587891E-05,350,300,158.623627,73.45836,254.623627,127.458351,0,1
648,648,645,offscreen_render,16.3975353,startup,27,27,1.77777779,206.634537,100.469307,206.634537,109.999992,100.4693,50,-1.52587891E-05,350,300,158.634552,73.4692841,254.634552,127.469276,0,1
649,649,646,offscreen_render,16.4148636,startup,27,27,1.77777779,206.643967,100.478737,206.643967,109.999992,100.478729,50,-1.52587891E-05,350,300,158.643982,73.478714,254.643982,127.478706,0,1
650,650,647,offscreen_render,16.4307823,startup,27,27,1.77777779,206.6521,100.486862,206.6521,109.999992,100.486855,50,-1.52587891E-05,350,300,158.6521,73.48685,254.6521,127.486839,0,1
651,651,648,offscreen_render,16.447834,startup,27,27,1.77777779,206.6591,100.493858,206.6591,109.999992,100.493851,50,-1.52587891E-05,350,300,158.6591,73.4938354,254.6591,127.493828,0,1
652,652,649,offscreen_render,16.4643822,startup,27,27,1.77777779,206.665115,100.499878,206.665115,109.999992,100.49987,50,-1.52587891E-05,350,300,158.665131,73.49986,254.665131,127.499855,0,1
653,653,650,offscreen_render,16.48093,startup,27,27,1.77777779,206.670288,100.505043,206.670288,109.999992,100.505035,50,-1.52587891E-05,350,300,158.670288,73.50503,254.670288,127.50502,0,1
654,654,651,offscreen_render,16.4975548,startup,27,27,1.77777779,206.674728,100.509476,206.674728,109.999992,100.509468,50,-1.52587891E-05,350,300,158.674744,73.50945,254.674744,127.509445,0,1
655,655,652,offscreen_render,16.5145626,startup,27,27,1.77777779,206.678558,100.513306,206.678558,109.999992,100.5133,50,-1.52587891E-05,350,300,158.678558,73.51328,254.678558,127.513275,0,1
656,656,653,offscreen_render,16.5311852,startup,27,27,1.77777779,206.681808,100.516556,206.681808,109.999992,100.516548,50,-1.52587891E-05,350,300,158.681808,73.51653,254.681808,127.516525,0,1
657,657,654,offscreen_render,16.5477619,startup,27,27,1.77777779,206.684586,100.519341,206.684586,109.999992,100.519333,50,-1.52587891E-05,350,300,158.6846,73.5193253,254.6846,127.519318,0,1
658,658,655,offscreen_render,16.5644,startup,27,27,1.77777779,206.686966,100.521721,206.686966,109.999992,100.521713,50,-1.52587891E-05,350,300,158.686981,73.5217056,254.686981,127.5217,0,1
659,659,656,offscreen_render,16.5811825,startup,27,27,1.77777779,206.689,100.52375,206.689,109.999992,100.523743,50,-1.52587891E-05,350,300,158.689,73.523735,254.689,127.523727,0,1
660,660,657,offscreen_render,16.5975513,startup,27,27,1.77777779,206.690735,100.525482,206.690735,109.999992,100.525475,50,-1.52587891E-05,350,300,158.690735,73.52547,254.690735,127.525459,0,1
661,661,658,offscreen_render,16.6146,startup,27,27,1.77777779,206.692215,100.526962,206.692215,109.999992,100.526955,50,-1.52587891E-05,350,300,158.69223,73.52695,254.69223,127.526939,0,1
662,662,659,offscreen_render,16.6309013,startup,27,27,1.77777779,206.693481,100.528221,206.693481,109.999992,100.528214,50,-1.52587891E-05,350,300,158.693481,73.5282,254.693481,127.528191,0,1
663,663,660,offscreen_render,16.6473541,startup,27,27,1.77777779,206.69455,100.5293,206.69455,109.999992,100.529289,50,-1.52587891E-05,350,300,158.69455,73.52928,254.69455,127.529274,0,1
664,664,661,offscreen_render,16.6644783,startup,27,27,1.77777779,206.695465,100.530212,206.695465,109.999992,100.530205,50,-1.52587891E-05,350,300,158.695465,73.5302,254.695465,127.53019,0,1
665,665,662,offscreen_render,16.6812172,startup,27,27,1.77777779,206.696243,100.530991,206.696243,109.999992,100.530983,50,-1.52587891E-05,350,300,158.696259,73.5309753,254.696259,127.530968,0,1
666,666,663,offscreen_render,16.69778,startup,27,27,1.77777779,206.6969,100.531654,206.6969,109.999992,100.531647,50,-1.52587891E-05,350,300,158.696915,73.53164,254.696915,127.531631,0,1
667,667,664,offscreen_render,16.7144928,startup,27,27,1.77777779,206.697464,100.532219,206.697464,109.999992,100.532211,50,-1.52587891E-05,350,300,158.697464,73.5322,254.697464,127.532196,0,1
668,668,665,offscreen_render,16.7311745,startup,27,27,1.77777779,206.697937,100.5327,206.697937,109.999992,100.532692,50,-1.52587891E-05,350,300,158.697937,73.5326843,254.697937,127.532677,0,1
669,669,666,offscreen_render,16.7477818,startup,27,27,1.77777779,206.698349,100.533104,206.698349,109.999992,100.5331,50,-1.52587891E-05,350,300,158.698364,73.53309,254.698364,127.533081,0,1
670,670,667,offscreen_render,16.7645035,startup,27,27,1.77777779,206.6987,100.533447,206.6987,109.999992,100.53344,50,-1.52587891E-05,350,300,158.6987,73.5334244,254.6987,127.533417,0,1
671,671,668,offscreen_render,16.7809048,startup,27,27,1.77777779,206.69899,100.533737,206.69899,109.999992,100.53373,50,-1.52587891E-05,350,300,158.699,73.5337143,254.699,127.533707,0,1
672,672,669,offscreen_render,16.7975636,startup,27,27,1.77777779,206.699234,100.533981,206.699234,109.999992,100.533974,50,-1.52587891E-05,350,300,158.699249,73.53396,254.699249,127.533951,0,1
673,673,670,offscreen_render,16.814312,startup,27,27,1.77777779,206.699448,100.534195,206.699448,109.999992,100.534187,50,-1.52587891E-05,350,300,158.699463,73.53417,254.699463,127.534164,0,1
674,674,671,offscreen_render,16.8309574,startup,27,27,1.77777779,206.699631,100.53437,206.699631,109.999992,100.534363,50,-1.52587891E-05,350,300,158.699646,73.5343552,254.699646,127.534348,0,1
675,675,672,offscreen_render,16.8476582,startup,27,27,1.77777779,206.699783,100.534523,206.699783,109.999992,100.534515,50,-1.52587891E-05,350,300,158.6998,73.5345,254.6998,127.534492,0,1
676,676,673,offscreen_render,16.8640881,startup,27,27,1.77777779,206.6999,100.534653,206.6999,109.999992,100.534645,50,-1.52587891E-05,350,300,158.699921,73.53464,254.699921,127.53463,0,1
677,677,674,offscreen_render,16.88083,startup,27,27,1.77777779,206.700012,100.53476,206.700012,109.999992,100.534752,50,-1.52587891E-05,350,300,158.700027,73.5347443,254.700027,127.534737,0,1
678,678,675,offscreen_render,16.9931717,startup,27,27,1.77777779,206.811188,100.645935,206.811188,109.999992,100.645927,50,-1.52587891E-05,350,300,158.811188,73.64592,254.811188,127.645912,0,1
679,679,676,offscreen_render,17.0104866,startup,27,27,1.77777779,206.8336,100.66835,206.8336,109.999992,100.668343,50,-1.52587891E-05,350,300,158.8336,73.668335,254.8336,127.668327,0,1
680,680,677,offscreen_render,17.0264263,startup,27,27,1.77777779,206.858978,100.693726,206.858978,109.999992,100.693718,50,-1.52587891E-05,350,300,158.858978,73.69371,254.858978,127.6937,0,1
681,681,678,offscreen_render,17.0434,startup,27,27,1.77777779,206.8887,100.723442,206.8887,109.999992,100.723434,50,-1.52587891E-05,350,300,158.888718,73.72343,254.888718,127.723419,0,1
682,682,679,offscreen_render,17.0597515,startup,27,27,1.77777779,206.923584,100.758331,206.923584,109.999992,100.758324,50,-1.52587891E-05,350,300,158.9236,73.758316,254.9236,127.758308,0,1
683,683,680,offscreen_render,17.0762978,startup,27,27,1.77777779,206.964081,100.798828,206.964081,109.999992,100.79882,50,-1.52587891E-05,350,300,158.964081,73.79881,254.964081,127.798805,0,1
684,684,681,offscreen_render,17.0929928,startup,27,27,1.77777779,207.010315,100.845062,207.010315,109.999992,100.845055,50,-1.52587891E-05,350,300,159.010315,73.84505,255.010315,127.845039,0,1
685,685,682,offscreen_render,17.1095581,startup,27,27,1.77777779,207.062225,100.896973,207.062225,109.999992,100.896965,50,-1.52587891E-05,350,300,159.062225,73.89696,255.062225,127.89695,0,1
686,686,683,offscreen_render,17.1264973,startup,27,27,1.77777779,207.119629,100.954369,207.119629,109.999992,100.954361,50,-1.52587891E-05,350,300,159.119629,73.95435,255.119629,127.954346,0,1
687,687,684,offscreen_render,17.1431217,startup,27,27,1.77777779,207.182159,101.0169,207.182159,109.999992,101.016891,50,-1.52587891E-05,350,300,159.182159,74.0168839,255.182159,128.016876,0,1
688,688,685,offscreen_render,17.1597385,startup,27,27,1.77777779,207.2495,101.084236,207.2495,109.999992,101.084229,50,-1.52587891E-05,350,300,159.249512,74.08421,255.249512,128.0842,0,1
689,689,686,offscreen_render,17.1760445,startup,27,27,1.77777779,207.321259,101.156,207.321259,109.999992,101.155991,50,-1.52587891E-05,350,300,159.321259,74.1559753,255.321259,128.15596,0,1
690,690,687,offscreen_render,17.193222,startup,27,27,1.77777779,207.397064,101.2318,207.397064,109.999992,101.231789,50,-1.52587891E-05,350,300,159.397064,74.23178,255.397064,128.231766,0,1
691,691,688,offscreen_render,17.2098675,startup,27,27,1.77777779,207.476517,101.311249,207.476517,109.999992,101.311241,50,-1.52587891E-05,350,300,159.476532,74.31123,255.476532,128.311218,0,1
692,692,689,offscreen_render,17.2267933,startup,27,27,1.77777779,207.55925,101.393982,207.55925,109.999992,101.393974,50,-1.52587891E-05,350,300,159.55925,74.39397,255.55925,128.393951,0,1
693,693,690,offscreen_render,17.2431278,startup,27,27,1.77777779,207.644913,101.479645,207.644913,109.999992,101.479637,50,-1.52587891E-05,350,300,159.644928,74.47963,255.644928,128.479614,0,1
694,694,691,offscreen_render,17.25974,startup,27,27,1.77777779,207.733185,101.567909,207.733185,109.999992,101.5679,50,-1.52587891E-05,350,300,159.7332,74.56789,255.7332,128.567871,0,1
695,695,692,offscreen_render,17.276207,startup,27,27,1.77777779,207.823761,101.658485,207.823761,109.999992,101.658478,50,-1.52587891E-05,350,300,159.823761,74.65847,255.823761,128.658463,0,1
696,696,693,offscreen_render,17.2933655,startup,27,27,1.77777779,207.916382,101.7511,207.916382,109.999992,101.751091,50,-1.52587891E-05,350,300,159.9164,74.75108,255.9164,128.751068,0,1
697,697,694,offscreen_render,17.309763,startup,27,27,1.77777779,208.010788,101.845505,208.010788,109.999992,101.8455,50,-1.52587891E-05,350,300,160.010788,74.84548,256.0108,128.845474,0,1
698,698,695,offscreen_render,17.32646,startup,27,27,1.77777779,208.106766,101.941475,208.106766,109.999992,101.941467,50,-1.52587891E-05,350,300,160.106781,74.94146,256.106781,128.941452,0,1
699,699,696,offscreen_render,17.3431282,startup,27,27,1.77777779,208.2041,102.038811,208.2041,109.999992,102.0388,50,-1.52587891E-05,350,300,160.2041,75.03879,256.2041,129.038773,0,1
700,700,697,offscreen_render,17.359621,startup,27,27,1.77777779,208.299469,102.134186,208.299469,109.999992,102.134178,50,-1.52587891E-05,350,300,160.299469,75.13416,256.299469,129.134155,0,1
701,701,698,offscreen_render,17.376255,startup,27,27,1.77777779,208.387741,102.222458,208.387741,109.999992,102.22245,50,-1.52587891E-05,350,300,160.387756,75.22244,256.387756,129.222427,0,1
702,702,699,offscreen_render,17.3932571,startup,27,27,1.77777779,208.465561,102.300285,208.465561,109.999992,102.300278,50,-1.52587891E-05,350,300,160.465576,75.30027,256.465576,129.300262,0,1
703,703,700,offscreen_render,17.4099655,startup,27,27,1.77777779,208.53093,102.365646,208.53093,109.999992,102.365639,50,-1.52587891E-05,350,300,160.530945,75.36563,256.530945,129.365616,0,1
704,704,701,offscreen_render,17.4267044,startup,27,27,1.77777779,208.5828,102.417519,208.5828,109.999992,102.417511,50,-1.52587891E-05,350,300,160.582809,75.4175,256.582825,129.4175,0,1
705,705,702,offscreen_render,17.533102,startup,27,27,1.77777779,208.611481,102.446213,208.611481,109.999992,102.446205,50,-1.52587891E-05,350,300,160.611481,75.4462,256.611481,129.446182,0,1
706,706,703,offscreen_render,17.5505142,startup,27,27,1.77777779,208.5942,102.428932,208.5942,109.999992,102.428925,50,-1.52587891E-05,350,300,160.594208,75.42892,256.5942,129.428909,0,1
707,707,704,offscreen_render,17.56639,startup,27,27,1.77777779,208.572037,102.406784,208.572037,109.999992,102.406776,50,-1.52587891E-05,350,300,160.572052,75.40677,256.572052,129.406754,0,1
708,708,705,offscreen_render,17.5828228,startup,27,27,1.77777779,208.544144,102.378883,208.544144,109.999992,102.378876,50,-1.52587891E-05,350,300,160.544159,75.37887,256.544159,129.37886,0,1
709,709,706,offscreen_render,17.5994778,startup,27,27,1.77777779,208.51004,102.34478,208.51004,109.999992,102.344772,50,-1.52587891E-05,350,300,160.51004,75.3447647,256.51004,129.344757,0,1
710,710,707,offscreen_render,17.6161385,startup,27,27,1.77777779,208.4696,102.304344,208.4696,109.999992,102.304337,50,-1.52587891E-05,350,300,160.4696,75.30433,256.4696,129.304321,0,1
711,711,708,offscreen_render,17.6327572,startup,27,27,1.77777779,208.422913,102.25766,208.422913,109.999992,102.257652,50,-1.52587891E-05,350,300,160.422913,75.25764,256.4229,129.257629,0,1
712,712,709,offscreen_render,17.6493454,startup,27,27,1.77777779,208.370224,102.204964,208.370224,109.999992,102.204956,50,-1.52587891E-05,350,300,160.370224,75.20494,256.370239,129.204926,0,1
713,713,710,offscreen_render,17.6661949,startup,27,27,1.77777779,208.311859,102.1466,208.311859,109.999992,102.146591,50,-1.52587891E-05,350,300,160.311859,75.14658,256.311859,129.146576,0,1
714,714,711,offscreen_render,17.6826344,startup,27,27,1.77777779,208.248215,102.082954,208.248215,109.999992,102.082947,50,-1.52587891E-05,350,300,160.24823,75.08294,256.24823,129.082932,0,1
715,715,712,offscreen_render,17.6993427,startup,27,27,1.77777779,208.1797,102.01445,208.1797,109.999992,102.014442,50,-1.52587891E-05,350,300,160.1797,75.0144348,256.1797,129.01442,0,1
716,716,713,offscreen_render,17.7161884,startup,27,27,1.77777779,208.106781,101.941521,208.106781,109.999992,101.941513,50,-1.52587891E-05,350,300,160.106781,74.9415054,256.106781,128.9415,0,1
717,717,714,offscreen_render,17.7328682,startup,27,27,1.77777779,208.029846,101.864594,208.029846,109.999992,101.864586,50,-1.52587891E-05,350,300,160.029846,74.86458,256.029846,128.864563,0,1
718,718,715,offscreen_render,17.83839,startup,27,27,1.77777779,207.4805,101.315254,207.4805,109.999992,101.315247,50,-1.52587891E-05,350,300,159.480515,74.31524,255.480515,128.315231,0,1
719,719,716,offscreen_render,17.8561935,startup,27,27,1.77777779,207.403534,101.238289,207.403534,109.999992,101.238281,50,-1.52587891E-05,350,300,159.403534,74.23827,255.403534,128.238266,0,1
720,720,717,offscreen_render,17.87157,startup,27,27,1.77777779,207.328751,101.163506,207.328751,109.999992,101.1635,50,-1.52587891E-05,350,300,159.328766,74.16348,255.328766,128.163467,0,1
721,721,718,offscreen_render,17.8882561,startup,27,27,1.77777779,207.254578,101.089325,207.254578,109.999992,101.089317,50,-1.52587891E-05,350,300,159.254578,74.08931,255.254578,128.0893,0,1
722,722,719,offscreen_render,17.9048729,startup,27,27,1.77777779,207.179916,101.014664,207.179916,109.999992,101.014656,50,-1.52587891E-05,350,300,159.179932,74.01465,255.179932,128.014633,0,1
723,723,720,offscreen_render,17.9213314,startup,27,27,1.77777779,207.104019,100.938766,207.104019,109.999992,100.938759,50,-1.52587891E-05,350,300,159.104034,73.93874,255.104034,127.938736,0,1
724,724,721,offscreen_render,17.9379215,startup,27,27,1.77777779,207.026413,100.86116,207.026413,109.999992,100.861153,50,-1.52587891E-05,350,300,159.026413,73.861145,255.026413,127.861137,0,1
725,725,722,offscreen_render,17.9548283,startup,27,27,1.77777779,206.946808,100.781555,206.946808,109.999992,100.781548,50,-1.52587891E-05,350,300,158.946808,73.78154,254.946808,127.781532,0,1
726,726,723,offscreen_render,17.9712276,startup,27,27,1.77777779,206.865082,100.699821,206.865082,109.999992,100.699814,50,-1.52587891E-05,350,300,158.8651,73.69981,254.8651,127.6998,0,1
727,727,724,offscreen_render,17.988203,startup,27,27,1.77777779,206.781174,100.615921,206.781174,109.999992,100.615913,50,-1.52587891E-05,350,300,158.781189,73.6159058,254.781189,127.6159,0,1
728,728,725,offscreen_render,18.0044117,startup,27,27,1.77777779,206.695145,100.529892,206.695145,109.999992,100.529884,50,-1.52587891E-05,350,300,158.69516,73.52988,254.69516,127.529869,0,1
729,729,726,offscreen_render,18.0212612,startup,27,27,1.77777779,206.607071,100.441818,206.607071,109.999992,100.441811,50,-1.52587891E-05,350,300,158.607086,73.4417953,254.607086,127.441788,0,1
730,730,727,offscreen_render,18.03798,startup,27,27,1.77777779,206.51709,100.35183,206.51709,109.999992,100.351822,50,-1.52587891E-05,350,300,158.5171,73.3518143,254.5171,127.351807,0,1
731,731,728,offscreen_render,18.0546761,startup,27,27,1.77777779,206.425308,100.260048,206.425308,109.999992,100.26004,50,-1.52587891E-05,350,300,158.425323,73.26003,254.425323,127.260025,0,1
732,732,729,offscreen_render,18.0715733,startup,27,27,1.77777779,206.331879,100.166618,206.331879,109.999992,100.166611,50,-1.52587891E-05,350,300,158.3319,73.1665955,254.3319,127.166588,0,1
733,733,730,offscreen_render,18.0878677,startup,27,27,1.77777779,206.236969,100.071709,206.236969,109.999992,100.0717,50,-1.52587891E-05,350,300,158.236969,73.07169,254.236969,127.071686,0,1
734,734,731,offscreen_render,18.1050014,startup,27,27,1.77777779,206.1407,99.97544,206.1407,109.999992,99.97543,50,-1.52587891E-05,350,300,158.140717,72.9754257,254.140717,126.975418,0,1
735,735,732,offscreen_render,18.1213531,startup,27,27,1.77777779,206.043228,99.87796,206.043228,109.999992,99.87795,50,-1.52587891E-05,350,300,158.043228,72.8779449,254.043228,126.877937,0,1
736,736,733,offscreen_render,18.13812,startup,27,27,1.77777779,205.944656,99.7793961,205.944656,109.999992,99.77939,50,-1.52587891E-05,350,300,157.944672,72.77938,253.944672,126.779373,0,1
737,737,734,offscreen_render,18.1547756,startup,27,27,1.77777779,205.845123,99.67987,205.845123,109.999992,99.67986,50,-1.52587891E-05,350,300,157.845123,72.6798553,253.845123,126.679848,0,1
738,738,735,offscreen_render,18.1716652,startup,27,27,1.77777779,205.744751,99.5795059,205.744751,109.999992,99.5795,50,-1.52587891E-05,350,300,157.744766,72.57949,253.744766,126.579483,0,1
739,739,736,offscreen_render,18.1878929,startup,27,27,1.77777779,205.643631,99.4783859,205.643631,109.999992,99.47838,50,-1.52587891E-05,350,300,157.643646,72.47837,253.643646,126.478363,0,1
740,740,737,offscreen_render,18.2046719,startup,27,27,1.77777779,205.54184,99.3766,205.54184,109.999992,99.3765945,50,-1.52587891E-05,350,300,157.54184,72.37659,253.54184,126.376579,0,1
741,741,738,offscreen_render,18.22151,startup,27,27,1.77777779,205.439484,99.27424,205.439484,109.999992,99.27423,50,-1.52587891E-05,350,300,157.439484,72.27422,253.439484,126.274216,0,1
742,742,739,offscreen_render,18.2381458,startup,27,27,1.77777779,205.334488,99.16924,205.334488,109.999992,99.1692352,50,-1.52587891E-05,350,300,157.3345,72.16923,253.3345,126.16922,0,1
743,743,740,offscreen_render,18.254755,startup,27,27,1.77777779,205.231155,99.0659,205.231155,109.999992,99.0658951,50,-1.52587891E-05,350,300,157.231155,72.06589,253.231155,126.06588,0,1
744,744,741,offscreen_render,18.3696861,startup,27,27,1.77777779,204.646378,98.4811249,204.646378,109.999992,98.48112,50,-1.52587891E-05,350,300,156.6464,71.48111,252.6464,125.4811,0,1
745,745,742,offscreen_render,18.3866463,startup,27,27,1.77777779,204.585754,98.42051,204.585754,109.999992,98.4205,50,-1.52587891E-05,350,300,156.585754,71.4204941,252.585754,125.420486,0,1
746,746,743,offscreen_render,18.49423,startup,27,27,1.77777779,204.329208,98.16396,204.329208,109.999992,98.1639557,50,-1.52587891E-05,350,300,156.329224,71.16395,252.329224,125.16394,0,1
747,747,744,offscreen_render,18.5113335,startup,27,27,1.77777779,204.305176,98.13993,204.305176,109.999992,98.13992,50,-1.52587891E-05,350,300,156.305191,71.13991,252.305191,125.1399,0,1
748,748,745,offscreen_render,18.52726,startup,27,27,1.77777779,204.284225,98.11899,204.284225,109.999992,98.11898,50,-1.52587891E-05,350,300,156.284225,71.11897,252.284225,125.118965,0,1
749,749,746,offscreen_render,18.5438175,startup,27,27,1.77777779,204.266,98.10078,204.266,109.999992,98.10077,50,-1.52587891E-05,350,300,156.266,71.10076,252.266,125.100754,0,1
750,750,747,offscreen_render,18.560276,startup,27,27,1.77777779,204.2502,98.08497,204.2502,109.999992,98.08496,50,-1.52587891E-05,350,300,156.250214,71.0849457,252.250214,125.084938,0,1
751,751,748,offscreen_render,18.5769539,startup,27,27,1.77777779,204.2365,98.07127,204.2365,109.999992,98.0712662,50,-1.52587891E-05,350,300,156.236511,71.07126,252.236511,125.071251,0,1
752,752,749,offscreen_render,18.5935955,startup,27,27,1.77777779,204.224655,98.0594254,204.224655,109.999992,98.05942,50,-1.52587891E-05,350,300,156.22467,71.0594,252.22467,125.059395,0,1
753,753,750,offscreen_render,18.6102867,startup,27,27,1.77777779,204.214432,98.0491943,204.214432,109.999992,98.04919,50,-1.52587891E-05,350,300,156.214447,71.04918,252.214447,125.049171,0,1
754,754,751,offscreen_render,18.6267586,startup,27,27,1.77777779,204.205612,98.0403748,204.205612,109.999992,98.04037,50,-1.52587891E-05,350,300,156.205627,71.04036,252.205627,125.040352,0,1
755,755,752,offscreen_render,18.6436234,startup,27,27,1.77777779,204.198013,98.0327759,204.198013,109.999992,98.03277,50,-1.52587891E-05,350,300,156.198029,71.03276,252.198029,125.032753,0,1
756,756,753,offscreen_render,18.6604042,startup,27,27,1.77777779,204.191483,98.02624,204.191483,109.999992,98.02623,50,-1.52587891E-05,350,300,156.191483,71.02622,252.191483,125.026215,0,1
757,757,754,offscreen_render,18.6770058,startup,27,27,1.77777779,204.185867,98.02062,204.185867,109.999992,98.0206146,50,-1.52587891E-05,350,300,156.185883,71.02061,252.185883,125.0206,0,1
758,758,755,offscreen_render,18.6939487,startup,27,27,1.77777779,204.18103,98.0157852,204.18103,109.999992,98.01578,50,-1.52587891E-05,350,300,156.181046,71.01577,252.181046,125.015762,0,1
759,759,756,offscreen_render,18.7102489,startup,27,27,1.77777779,204.1769,98.01165,204.1769,109.999992,98.01164,50,-1.52587891E-05,350,300,156.17691,71.0116348,252.17691,125.011627,0,1
760,760,757,offscreen_render,18.7271633,startup,27,27,1.77777779,204.173355,98.00811,204.173355,109.999992,98.0081,50,-1.52587891E-05,350,300,156.173355,71.0080948,252.173355,125.008087,0,1
761,761,758,offscreen_render,18.7434921,startup,27,27,1.77777779,204.170319,98.00508,204.170319,109.999992,98.00507,50,-1.52587891E-05,350,300,156.170334,71.00506,252.170334,125.005051,0,1
762,762,759,offscreen_render,18.7606182,startup,27,27,1.77777779,204.167725,98.00249,204.167725,109.999992,98.00248,50,-1.52587891E-05,350,300,156.167725,71.0024643,252.167725,125.002457,0,1
763,763,760,offscreen_render,18.7767849,startup,27,27,1.77777779,204.165512,98.0002747,204.165512,109.999992,98.00027,50,-1.52587891E-05,350,300,156.165527,71.00026,252.165527,125.000252,0,1
764,764,761,offscreen_render,18.7934628,startup,27,27,1.77777779,204.16362,97.99838,204.16362,109.999992,97.9983749,50,-1.52587891E-05,350,300,156.163635,70.99837,252.163635,124.99836,0,1
765,765,762,offscreen_render,18.8104916,startup,27,27,1.77777779,204.162,97.99677,204.162,109.999992,97.9967651,50,-1.52587891E-05,350,300,156.162,70.99676,252.162,124.99675,0,1
766,766,763,offscreen_render,18.8268738,startup,27,27,1.77777779,204.160629,97.9954,204.160629,109.999992,97.99539,50,-1.52587891E-05,350,300,156.160629,70.99538,252.160629,124.995369,0,1
767,767,764,offscreen_render,18.8441353,startup,27,27,1.77777779,204.159454,97.9942245,204.159454,109.999992,97.99422,50,-1.52587891E-05,350,300,156.159454,70.99421,252.159454,124.9942,0,1
768,768,765,offscreen_render,18.8606014,startup,27,27,1.77777779,204.158463,97.9932251,204.158463,109.999992,97.99322,50,-1.52587891E-05,350,300,156.158478,70.99321,252.158478,124.9932,0,1
769,769,766,offscreen_render,18.87693,startup,27,27,1.77777779,204.157608,97.99238,204.157608,109.999992,97.99237,50,-1.52587891E-05,350,300,156.157608,70.99236,252.157608,124.992355,0,1
770,770,767,offscreen_render,18.8937969,startup,27,27,1.77777779,204.156891,97.99165,204.156891,109.999992,97.9916458,50,-1.52587891E-05,350,300,156.156891,70.99163,252.156891,124.991623,0,1
771,771,768,offscreen_render,18.9103127,startup,27,27,1.77777779,204.156281,97.99104,204.156281,109.999992,97.9910355,50,-1.52587891E-05,350,300,156.156281,70.99103,252.156281,124.99102,0,1
772,772,769,offscreen_render,18.9272614,startup,27,27,1.77777779,204.155762,97.9905243,204.155762,109.999992,97.99052,50,-1.52587891E-05,350,300,156.155777,70.99051,252.155777,124.9905,0,1
773,773,770,offscreen_render,18.9438019,startup,27,27,1.77777779,204.155319,97.99008,204.155319,109.999992,97.9900742,50,-1.52587891E-05,350,300,156.155319,70.99007,252.155319,124.990059,0,1
774,774,771,offscreen_render,18.9605923,startup,27,27,1.77777779,204.154938,97.98971,204.154938,109.999992,97.9897,50,-1.52587891E-05,350,300,156.154953,70.98969,252.154953,124.989685,0,1
775,775,772,offscreen_render,18.9768639,startup,27,27,1.77777779,204.154617,97.98939,204.154617,109.999992,97.98938,50,-1.52587891E-05,350,300,156.154633,70.9893646,252.154633,124.989357,0,1
776,776,773,offscreen_render,18.993412,startup,27,27,1.77777779,204.154343,97.98911,204.154343,109.999992,97.9891052,50,-1.52587891E-05,350,300,156.154358,70.9891,252.154358,124.98909,0,1
777,777,774,offscreen_render,19.0104275,startup,27,27,1.77777779,204.154114,97.988884,204.154114,109.999992,97.98888,50,-1.52587891E-05,350,300,156.154129,70.98887,252.154129,124.988861,0,1
778,778,775,offscreen_render,19.0268364,startup,27,27,1.77777779,204.153915,97.9886856,204.153915,109.999992,97.98868,50,-1.52587891E-05,350,300,156.153931,70.98866,252.153931,124.988655,0,1
779,779,776,offscreen_render,19.0436687,startup,27,27,1.77777779,204.153748,97.98852,204.153748,109.999992,97.98851,50,-1.52587891E-05,350,300,156.153763,70.9884949,252.153763,124.988487,0,1
780,780,777,offscreen_render,19.0601425,startup,27,27,1.77777779,204.15361,97.98838,204.15361,109.999992,97.98837,50,-1.52587891E-05,350,300,156.153625,70.9883652,252.153625,124.988358,0,1
781,781,778,offscreen_render,19.07683,startup,27,27,1.77777779,204.153488,97.98826,204.153488,109.999992,97.98825,50,-1.52587891E-05,350,300,156.153488,70.98824,252.153488,124.988235,0,1
782,782,779,offscreen_render,19.09368,startup,27,27,1.77777779,204.1534,97.98816,204.1534,109.999992,97.98815,50,-1.52587891E-05,350,300,156.1534,70.9881439,252.1534,124.988136,0,1
783,783,780,offscreen_render,19.1998234,startup,27,27,1.77777779,204.256439,97.88441,204.256439,109.999992,97.8844,50,-1.52587891E-05,350,300,156.256439,70.88439,252.256439,124.884384,0,1
784,784,781,offscreen_render,19.21737,startup,27,27,1.77777779,204.279068,97.86172,204.279068,109.999992,97.86171,50,-1.52587891E-05,350,300,156.279083,70.8617,252.279083,124.861694,0,1
785,785,782,offscreen_render,19.2332077,startup,27,27,1.77777779,204.304779,97.83595,204.304779,109.999992,97.8359451,50,-1.52587891E-05,350,300,156.304779,70.83594,252.304779,124.83593,0,1
786,786,783,offscreen_render,19.2497158,startup,27,27,1.77777779,204.334946,97.80575,204.334946,109.999992,97.80574,50,-1.52587891E-05,350,300,156.334946,70.80573,252.334946,124.805725,0,1
787,787,784,offscreen_render,19.2665539,startup,27,27,1.77777779,204.37027,97.7703857,204.37027,109.999992,97.77038,50,-1.52587891E-05,350,300,156.370285,70.77037,252.370285,124.770363,0,1
788,788,785,offscreen_render,19.28324,startup,27,27,1.77777779,204.41124,97.7293854,204.41124,109.999992,97.72938,50,-1.52587891E-05,350,300,156.411255,70.72936,252.411255,124.729355,0,1
789,789,786,offscreen_render,19.29959,startup,27,27,1.77777779,204.457947,97.68265,204.457947,109.999992,97.68264,50,-1.52587891E-05,350,300,156.457947,70.68263,252.457947,124.682625,0,1
790,790,787,offscreen_render,19.3161259,startup,27,27,1.77777779,204.510315,97.63026,204.510315,109.999992,97.63025,50,-1.52587891E-05,350,300,156.510315,70.63023,252.510315,124.630226,0,1
791,791,788,offscreen_render,19.3329639,startup,27,27,1.77777779,204.568115,97.57243,204.568115,109.999992,97.5724258,50,-1.52587891E-05,350,300,156.56813,70.57242,252.56813,124.572411,0,1
792,792,789,offscreen_render,19.3496552,startup,27,27,1.77777779,204.631058,97.5094757,204.631058,109.999992,97.50947,50,-1.52587891E-05,350,300,156.631073,70.50946,252.631073,124.509453,0,1
793,793,790,offscreen_render,19.36617,startup,27,27,1.77777779,204.698776,97.44175,204.698776,109.999992,97.44174,50,-1.52587891E-05,350,300,156.698776,70.4417343,252.698776,124.441727,0,1
794,794,791,offscreen_render,19.38327,startup,27,27,1.77777779,204.770889,97.36963,204.770889,109.999992,97.36962,50,-1.52587891E-05,350,300,156.7709,70.36961,252.7709,124.369606,0,1
795,795,792,offscreen_render,19.3998013,startup,27,27,1.77777779,204.847,97.29351,204.847,109.999992,97.2935,50,-1.52587891E-05,350,300,156.847,70.2934952,252.847,124.293488,0,1
796,796,793,offscreen_render,19.4163933,startup,27,27,1.77777779,204.926743,97.21377,204.926743,109.999992,97.21376,50,-1.52587891E-05,350,300,156.926743,70.21375,252.926743,124.213745,0,1
797,797,794,offscreen_render,19.4331264,startup,27,27,1.77777779,205.00972,97.13078,205.00972,109.999992,97.1307755,50,-1.52587891E-05,350,300,157.009735,70.13077,253.009735,124.13076,0,1
798,798,795,offscreen_render,19.4497929,startup,27,27,1.77777779,205.0956,97.0449,205.0956,109.999992,97.04489,50,-1.52587891E-05,350,300,157.095612,70.04488,253.095612,124.044876,0,1
799,799,796,offscreen_render,19.466423,startup,27,27,1.77777779,205.184052,96.9564362,205.184052,109.999992,96.95643,50,-1.52587891E-05,350,300,157.184052,69.95642,253.184052,123.956413,0,1
800,800,797,offscreen_render,19.4828472,startup,27,27,1.77777779,205.2748,96.8656845,205.2748,109.999992,96.86568,50,-1.52587891E-05,350,300,157.274811,69.86567,253.274811,123.865662,0,1
801,801,798,offscreen_render,19.4996719,startup,27,27,1.77777779,205.367554,96.77292,205.367554,109.999992,96.77291,50,-1.52587891E-05,350,300,157.367569,69.7729,253.367569,123.772896,0,1
802,802,799,offscreen_render,19.516119,startup,27,27,1.77777779,205.462082,96.67838,205.462082,109.999992,96.6783752,50,-1.52587891E-05,350,300,157.4621,69.67837,253.4621,123.67836,0,1
803,803,800,offscreen_render,19.53325,startup,27,27,1.77777779,205.558182,96.58228,205.558182,109.999992,96.5822754,50,-1.52587891E-05,350,300,157.558182,69.58226,253.558182,123.582253,0,1
804,804,801,offscreen_render,19.5501251,startup,27,27,1.77777779,205.655624,96.48484,205.655624,109.999992,96.48483,50,-1.52587891E-05,350,300,157.65564,69.4848251,253.65564,123.484818,0,1
805,805,802,offscreen_render,19.6588039,startup,27,27,1.77777779,206.3011,95.83937,206.3011,109.999992,95.83936,50,-1.52587891E-05,350,300,158.301117,68.83935,254.301117,122.83934,0,1
806,806,803,offscreen_render,19.6754322,startup,27,27,1.77777779,206.384674,95.7558,206.384674,109.999992,95.75579,50,-1.52587891E-05,350,300,158.384674,68.7557755,254.384674,122.755768,0,1
807,807,804,offscreen_render,19.6915646,startup,27,27,1.77777779,206.465027,95.6754456,206.465027,109.999992,95.67544,50,-1.52587891E-05,350,300,158.465027,68.67542,254.465027,122.675415,0,1
808,808,805,offscreen_render,19.7080574,startup,27,27,1.77777779,206.5439,95.59658,206.5439,109.999992,95.59657,50,-1.52587891E-05,350,300,158.543915,68.59656,254.543915,122.59655,0,1
809,809,806,offscreen_render,19.7246914,startup,27,27,1.77777779,206.622513,95.51796,206.622513,109.999992,95.51795,50,-1.52587891E-05,350,300,158.622528,68.51794,254.622528,122.517929,0,1
810,810,807,offscreen_render,19.74186,startup,27,27,1.77777779,206.701752,95.43871,206.701752,109.999992,95.4387054,50,-1.52587891E-05,350,300,158.701767,68.43869,254.701767,122.438683,0,1
811,811,808,offscreen_render,19.757925,startup,27,27,1.77777779,206.782135,95.35832,206.782135,109.999992,95.3583145,50,-1.52587891E-05,350,300,158.78215,68.35829,254.78215,122.358284,0,1
812,812,809,offscreen_render,19.774332,startup,27,27,1.77777779,206.86409,95.27637,206.86409,109.999992,95.27636,50,-1.52587891E-05,350,300,158.86409,68.2763443,254.86409,122.276337,0,1
813,813,810,offscreen_render,19.7912788,startup,27,27,1.77777779,206.947815,95.19265,206.947815,109.999992,95.19264,50,-1.52587891E-05,350,300,158.947815,68.19263,254.947815,122.192619,0,1
814,814,811,offscreen_render,19.8079052,startup,27,27,1.77777779,207.033386,95.10708,207.033386,109.999992,95.10707,50,-1.52587891E-05,350,300,159.033386,68.1070557,255.033386,122.107048,0,1
815,815,812,offscreen_render,19.82435,startup,27,27,1.77777779,207.120819,95.0196457,207.120819,109.999992,95.01964,50,-1.52587891E-05,350,300,159.120819,68.01962,255.120819,122.019615,0,1
816,816,813,offscreen_render,19.8412132,startup,27,27,1.77777779,207.210068,94.93039,207.210068,109.999992,94.93038,50,-1.52587891E-05,350,300,159.210068,67.93036,255.210068,121.930351,0,1
817,817,814,offscreen_render,19.8573837,startup,27,27,1.77777779,207.301056,94.83941,207.301056,109.999992,94.8394,50,-1.52587891E-05,350,300,159.301071,67.839386,255.301071,121.839378,0,1
818,818,815,offscreen_render,19.8746929,startup,27,27,1.77777779,207.3944,94.74607,207.3944,109.999992,94.74606,50,-1.52587891E-05,350,300,159.394409,67.74605,255.394409,121.74604,0,1
819,819,816,offscreen_render,19.8911457,startup,27,27,1.77777779,207.488541,94.6519241,207.488541,109.999992,94.65192,50,-1.52587891E-05,350,300,159.488556,67.6519,255.488556,121.651894,0,1
820,820,817,offscreen_render,19.9078255,startup,27,27,1.77777779,207.584061,94.5564041,207.584061,109.999992,94.5564,50,-1.52587891E-05,350,300,159.584061,67.55638,255.584061,121.556374,0,1
821,821,818,offscreen_render,19.9245358,startup,27,27,1.77777779,207.680832,94.45963,207.680832,109.999992,94.4596252,50,-1.52587891E-05,350,300,159.680832,67.45961,255.680832,121.4596,0,1
822,822,819,offscreen_render,19.94134,startup,27,27,1.77777779,207.778748,94.3617249,207.778748,109.999992,94.36172,50,-1.52587891E-05,350,300,159.778748,67.3616943,255.778748,121.361687,0,1
823,823,820,offscreen_render,19.9578152,startup,27,27,1.77777779,207.87767,94.26281,207.87767,109.999992,94.2628,50,-1.52587891E-05,350,300,159.87767,67.26279,255.87767,121.262779,0,1
824,824,821,offscreen_render,19.9747124,startup,27,27,1.77777779,207.977524,94.1629639,207.977524,109.999992,94.16296,50,-1.52587891E-05,350,300,159.977539,67.16294,255.977539,121.162933,0,1
825,825,822,offscreen_render,19.9913521,startup,27,27,1.77777779,208.078156,94.06233,208.078156,109.999992,94.0623245,50,-1.52587891E-05,350,300,160.078171,67.0623,256.0782,121.062294,0,1
826,826,823,offscreen_render,20.0082188,startup,27,27,1.77777779,208.179489,93.96099,208.179489,109.999992,93.96098,50,-1.52587891E-05,350,300,160.1795,66.96097,256.1795,120.96096,0,1
827,827,824,offscreen_render,20.1259518,startup,27,27,1.77777779,208.769135,93.37134,208.769135,109.999992,93.37133,50,-1.52587891E-05,350,300,160.769135,66.371315,256.769135,120.371307,0,1
828,828,825,offscreen_render,20.1430569,startup,27,27,1.77777779,208.827759,93.31271,208.827759,109.999992,93.312706,50,-1.52587891E-05,350,300,160.827759,66.31269,256.827759,120.312683,0,1
829,829,826,offscreen_render,20.2528229,startup,27,27,1.77777779,209.07724,93.0632248,209.07724,109.999992,93.06322,50,-1.52587891E-05,350,300,161.07724,66.0631943,257.07724,120.063187,0,1
830,830,827,offscreen_render,20.2686958,startup,27,27,1.77777779,209.100143,93.04032,209.100143,109.999992,93.04031,50,-1.52587891E-05,350,300,161.100159,66.0403,257.100159,120.040291,0,1
831,831,828,offscreen_render,20.28537,startup,27,27,1.77777779,209.120087,93.02038,209.120087,109.999992,93.02037,50,-1.52587891E-05,350,300,161.120087,66.02035,257.1201,120.02034,0,1
832,832,829,offscreen_render,20.3015862,startup,27,27,1.77777779,209.137421,93.00304,209.137421,109.999992,93.00303,50,-1.52587891E-05,350,300,161.137436,66.00301,257.137451,120.003006,0,1
833,833,830,offscreen_render,20.3177128,startup,27,27,1.77777779,209.152466,92.988,209.152466,109.999992,92.98799,50,-1.52587891E-05,350,300,161.152466,65.9879761,257.152466,119.987968,0,1
834,834,831,offscreen_render,20.33459,startup,27,27,1.77777779,209.1655,92.9749756,209.1655,109.999992,92.97497,50,-1.52587891E-05,350,300,161.1655,65.9749451,257.1655,119.974937,0,1
835,835,832,offscreen_render,20.3516674,startup,27,27,1.77777779,209.176758,92.9637146,209.176758,109.999992,92.96371,50,-1.52587891E-05,350,300,161.176758,65.96369,257.176758,119.963684,0,1
836,836,833,offscreen_render,20.3678379,startup,27,27,1.77777779,209.186478,92.95399,209.186478,109.999992,92.95398,50,-1.52587891E-05,350,300,161.1865,65.9539642,257.1865,119.953957,0,1
837,837,834,offscreen_render,20.3848248,startup,27,27,1.77777779,209.194855,92.9456,209.194855,109.999992,92.9455948,50,-1.52587891E-05,350,300,161.194855,65.94557,257.194855,119.945564,0,1
838,838,835,offscreen_render,20.4017239,startup,27,27,1.77777779,209.202072,92.938385,209.202072,109.999992,92.93838,50,-1.52587891E-05,350,300,161.202072,65.93836,257.2021,119.938354,0,1
839,839,836,offscreen_render,20.4179459,startup,27,27,1.77777779,209.208282,92.9321747,209.208282,109.999992,92.93217,50,-1.52587891E-05,350,300,161.2083,65.93215,257.2083,119.932144,0,1
840,840,837,offscreen_render,20.4346962,startup,27,27,1.77777779,209.213623,92.92684,209.213623,109.999992,92.9268341,50,-1.52587891E-05,350,300,161.213623,65.92682,257.213623,119.926811,0,1
841,841,838,offscreen_render,20.4512138,startup,27,27,1.77777779,209.2182,92.9222641,209.2182,109.999992,92.92226,50,-1.52587891E-05,350,300,161.2182,65.92224,257.2182,119.922234,0,1
842,842,839,offscreen_render,20.467907,startup,27,27,1.77777779,209.222122,92.91834,209.222122,109.999992,92.918335,50,-1.52587891E-05,350,300,161.222122,65.91832,257.2221,119.918312,0,1
843,843,840,offscreen_render,20.4848614,startup,27,27,1.77777779,209.225479,92.9149857,209.225479,109.999992,92.91498,50,-1.52587891E-05,350,300,161.2255,65.91496,257.2255,119.914955,0,1
844,844,841,offscreen_render,20.5013218,startup,27,27,1.77777779,209.228348,92.91211,209.228348,109.999992,92.9121,50,-1.52587891E-05,350,300,161.228348,65.91209,257.228333,119.912079,0,1
845,845,842,offscreen_render,20.5180035,startup,27,27,1.77777779,209.2308,92.90965,209.2308,109.999992,92.9096451,50,-1.52587891E-05,350,300,161.23082,65.90963,257.230835,119.909622,0,1
846,846,843,offscreen_render,20.5348034,startup,27,27,1.77777779,209.23291,92.9075546,209.23291,109.999992,92.90755,50,-1.52587891E-05,350,300,161.232925,65.90753,257.2329,119.907524,0,1
847,847,844,offscreen_render,20.5513268,startup,27,27,1.77777779,209.234711,92.90576,209.234711,109.999992,92.9057541,50,-1.52587891E-05,350,300,161.234711,65.90573,257.2347,119.905724,0,1
848,848,845,offscreen_render,20.5683155,startup,27,27,1.77777779,209.236237,92.9042358,209.236237,109.999992,92.90423,50,-1.52587891E-05,350,300,161.236237,65.9042053,257.236237,119.9042,0,1
849,849,846,offscreen_render,20.5848789,startup,27,27,1.77777779,209.237534,92.90293,209.237534,109.999992,92.90292,50,-1.52587891E-05,350,300,161.237549,65.90291,257.237549,119.9029,0,1
850,850,847,offscreen_render,20.6014175,startup,27,27,1.77777779,209.238647,92.90182,209.238647,109.999992,92.90181,50,-1.52587891E-05,350,300,161.238647,65.9017944,257.238647,119.901787,0,1
851,851,848,offscreen_render,20.6181145,startup,27,27,1.77777779,209.2396,92.90087,209.2396,109.999992,92.90086,50,-1.52587891E-05,350,300,161.239609,65.90085,257.239624,119.900841,0,1
852,852,849,offscreen_render,20.63522,startup,27,27,1.77777779,209.2404,92.90006,209.2404,109.999992,92.9000549,50,-1.52587891E-05,350,300,161.240417,65.90004,257.240417,119.900032,0,1
853,853,850,offscreen_render,20.6512871,startup,27,27,1.77777779,209.241089,92.8993759,209.241089,109.999992,92.89937,50,-1.52587891E-05,350,300,161.241089,65.8993454,257.2411,119.899338,0,1
854,854,851,offscreen_render,20.6683712,startup,27,27,1.77777779,209.241669,92.8987961,209.241669,109.999992,92.89879,50,-1.52587891E-05,350,300,161.241669,65.89877,257.241669,119.898766,0,1
855,855,852,offscreen_render,20.6847,startup,27,27,1.77777779,209.242157,92.8983,209.242157,109.999992,92.89829,50,-1.52587891E-05,350,300,161.242172,65.89828,257.2422,119.89827,0,1
856,856,853,offscreen_render,20.7015686,startup,27,27,1.77777779,209.242584,92.89788,209.242584,109.999992,92.89787,50,-1.52587891E-05,350,300,161.242584,65.89786,257.242584,119.89785,0,1
857,857,854,offscreen_render,20.718195,startup,27,27,1.77777779,209.242935,92.89752,209.242935,109.999992,92.8975143,50,-1.52587891E-05,350,300,161.24295,65.89749,257.24295,119.897484,0,1
858,858,855,offscreen_render,20.7347851,startup,27,27,1.77777779,209.24324,92.89722,209.24324,109.999992,92.89721,50,-1.52587891E-05,350,300,161.243256,65.8971939,257.243256,119.897186,0,1
859,859,856,offscreen_render,20.751646,startup,27,27,1.77777779,209.2435,92.89696,209.2435,109.999992,92.89695,50,-1.52587891E-05,350,300,161.2435,65.8969345,257.2435,119.896927,0,1
860,860,857,offscreen_render,20.7682724,startup,27,27,1.77777779,209.243713,92.89674,209.243713,109.999992,92.8967361,50,-1.52587891E-05,350,300,161.243729,65.89672,257.2437,119.896713,0,1
861,861,858,offscreen_render,20.78473,startup,27,27,1.77777779,209.2439,92.89656,209.2439,109.999992,92.89655,50,-1.52587891E-05,350,300,161.243912,65.89654,257.2439,119.89653,0,1
862,862,859,offscreen_render,20.8015385,startup,27,27,1.77777779,209.244049,92.89641,209.244049,109.999992,92.8964,50,-1.52587891E-05,350,300,161.244049,65.89638,257.244049,119.89637,0,1
863,863,860,offscreen_render,20.8179245,startup,27,27,1.77777779,209.244186,92.89628,209.244186,109.999992,92.89627,50,-1.52587891E-05,350,300,161.244186,65.8962555,257.2442,119.896248,0,1
864,864,861,offscreen_render,20.8349247,startup,27,27,1.77777779,209.2443,92.8961639,209.2443,109.999992,92.89616,50,-1.52587891E-05,350,300,161.2443,65.89613,257.2443,119.896126,0,1
865,865,862,offscreen_render,20.851635,startup,27,27,1.77777779,209.244385,92.89607,209.244385,109.999992,92.8960648,50,-1.52587891E-05,350,300,161.244385,65.89605,257.2444,119.896042,0,1
866,866,863,offscreen_render,20.9610882,startup,27,27,1.77777779,209.352234,92.78824,209.352234,109.999992,92.78823,50,-1.52587891E-05,350,300,161.352234,65.7882156,257.352234,119.788208,0,1
867,867,864,offscreen_render,20.9781361,startup,27,27,1.77777779,209.374786,92.76569,209.374786,109.999992,92.765686,50,-1.52587891E-05,350,300,161.374786,65.76567,257.3748,119.765663,0,1
868,868,865,offscreen_render,20.9953556,startup,27,27,1.77777779,209.40033,92.74014,209.40033,109.999992,92.7401352,50,-1.52587891E-05,350,300,161.40033,65.74011,257.40033,119.740105,0,1
869,869,866,offscreen_render,21.0109,startup,27,27,1.77777779,209.430252,92.71022,209.430252,109.999992,92.71021,50,-1.52587891E-05,350,300,161.430267,65.7102,257.430267,119.71019,0,1
870,870,867,offscreen_render,21.0276127,startup,27,27,1.77777779,209.465363,92.67511,209.465363,109.999992,92.6751,50,-1.52587891E-05,350,300,161.465378,65.67509,257.4654,119.675079,0,1
871,871,868,offscreen_render,21.0444126,startup,27,27,1.77777779,209.506088,92.6343842,209.506088,109.999992,92.63438,50,-1.52587891E-05,350,300,161.5061,65.63436,257.5061,119.634354,0,1
872,872,869,offscreen_render,21.0613651,startup,27,27,1.77777779,209.552551,92.58792,209.552551,109.999992,92.58791,50,-1.52587891E-05,350,300,161.552551,65.5879,257.552551,119.587891,0,1
873,873,870,offscreen_render,21.0777721,startup,27,27,1.77777779,209.604675,92.5358,209.604675,109.999992,92.53579,50,-1.52587891E-05,350,300,161.604675,65.53577,257.604675,119.535759,0,1
874,874,871,offscreen_render,21.0945454,startup,27,27,1.77777779,209.662247,92.4782257,209.662247,109.999992,92.47822,50,-1.52587891E-05,350,300,161.662262,65.4782,257.662262,119.478195,0,1
875,875,872,offscreen_render,21.1106377,startup,27,27,1.77777779,209.72496,92.41551,209.72496,109.999992,92.4155045,50,-1.52587891E-05,350,300,161.724976,65.41549,257.724976,119.415482,0,1
876,876,873,offscreen_render,21.1277275,startup,27,27,1.77777779,209.79248,92.348,209.79248,109.999992,92.34799,50,-1.52587891E-05,350,300,161.7925,65.34798,257.79248,119.347969,0,1
877,877,874,offscreen_render,21.14447,startup,27,27,1.77777779,209.8644,92.2760849,209.8644,109.999992,92.27608,50,-1.52587891E-05,350,300,161.86441,65.27606,257.8644,119.276054,0,1
878,878,875,offscreen_render,21.160902,startup,27,27,1.77777779,209.940338,92.20015,209.940338,109.999992,92.20014,50,-1.52587891E-05,350,300,161.940353,65.20013,257.940369,119.200119,0,1
879,879,876,offscreen_render,21.1776943,startup,27,27,1.77777779,210.019913,92.120575,210.019913,109.999992,92.12057,50,-1.52587891E-05,350,300,162.019913,65.12055,258.0199,119.120544,0,1
880,880,877,offscreen_render,21.1940937,startup,27,27,1.77777779,210.102753,92.037735,210.102753,109.999992,92.03773,50,-1.52587891E-05,350,300,162.102768,65.03771,258.102783,119.037704,0,1
881,881,878,offscreen_render,21.2107754,startup,27,27,1.77777779,210.188522,91.95197,210.188522,109.999992,91.9519653,50,-1.52587891E-05,350,300,162.188538,64.95195,258.188538,118.951942,0,1
882,882,879,offscreen_render,21.2275429,startup,27,27,1.77777779,210.276871,91.8636246,210.276871,109.999992,91.86362,50,-1.52587891E-05,350,300,162.276886,64.8636,258.2769,118.863594,0,1
883,883,880,offscreen_render,21.244339,startup,27,27,1.77777779,210.367523,91.7729645,210.367523,109.999992,91.77296,50,-1.52587891E-05,350,300,162.367538,64.77294,258.367554,118.772934,0,1
884,884,881,offscreen_render,21.2611542,startup,27,27,1.77777779,210.4602,91.68029,210.4602,109.999992,91.68028,50,-1.52587891E-05,350,300,162.4602,64.68027,258.4602,118.68026,0,1
885,885,882,offscreen_render,21.27767,startup,27,27,1.77777779,210.554672,91.58582,210.554672,109.999992,91.5858154,50,-1.52587891E-05,350,300,162.554672,64.5858,258.5547,118.585793,0,1
886,886,883,offscreen_render,21.2941513,startup,27,27,1.77777779,210.6507,91.4898,210.6507,109.999992,91.48979,50,-1.52587891E-05,350,300,162.650711,64.48978,258.6507,118.489769,0,1
887,887,884,offscreen_render,21.3112049,startup,27,27,1.77777779,210.748077,91.39241,210.748077,109.999992,91.3924,50,-1.52587891E-05,350,300,162.748077,64.39238,258.748077,118.392372,0,1
888,888,885,offscreen_render,21.3277111,startup,27,27,1.77777779,210.843491,91.297,210.843491,109.999992,91.29699,50,-1.52587891E-05,350,300,162.8435,64.2969742,258.8435,118.296967,0,1
889,889,886,offscreen_render,21.3441544,startup,27,27,1.77777779,210.9318,91.20869,210.9318,109.999992,91.20868,50,-1.52587891E-05,350,300,162.9318,64.2086639,258.9318,118.208656,0,1
890,890,887,offscreen_render,21.3612747,startup,27,27,1.77777779,211.009644,91.13083,211.009644,109.999992,91.13082,50,-1.52587891E-05,350,300,163.009644,64.130806,259.009644,118.1308,0,1
891,891,888,offscreen_render,21.3773155,startup,27,27,1.77777779,211.075027,91.06544,211.075027,109.999992,91.06543,50,-1.52587891E-05,350,300,163.075043,64.0654144,259.075043,118.065407,0,1
892,892,889,offscreen_render,21.3942947,startup,27,27,1.77777779,211.126923,91.01354,211.126923,109.999992,91.0135345,50,-1.52587891E-05,350,300,163.126923,64.01352,259.126923,118.013512,0,1
893,893,890,offscreen_render,21.5059967,startup,27,27,1.77777779,211.1516,90.988884,211.1516,109.999992,90.98888,50,-1.52587891E-05,350,300,163.1516,63.98886,259.1516,117.988853,0,1
894,894,891,offscreen_render,21.5238476,startup,27,27,1.77777779,211.133957,91.00652,211.133957,109.999992,91.0065155,50,-1.52587891E-05,350,300,163.133972,64.0065,259.133972,118.006493,0,1
895,895,892,offscreen_render,21.5395966,startup,27,27,1.77777779,211.1117,91.0287857,211.1117,109.999992,91.02878,50,-1.52587891E-05,350,300,163.1117,64.02876,259.1117,118.028755,0,1
896,896,893,offscreen_render,21.55553,startup,27,27,1.77777779,211.083847,91.05663,211.083847,109.999992,91.0566254,50,-1.52587891E-05,350,300,163.083847,64.05661,259.083862,118.0566,0,1
897,897,894,offscreen_render,21.5722752,startup,27,27,1.77777779,211.049911,91.09057,211.049911,109.999992,91.09056,50,-1.52587891E-05,350,300,163.049927,64.0905457,259.049927,118.090538,0,1
898,898,895,offscreen_render,21.58969,startup,27,27,1.77777779,211.00972,91.13077,211.00972,109.999992,91.13076,50,-1.52587891E-05,350,300,163.009735,64.1307449,259.009735,118.130737,0,1
899,899,896,offscreen_render,21.6054516,startup,27,27,1.77777779,210.963318,91.17717,210.963318,109.999992,91.17716,50,-1.52587891E-05,350,300,162.963318,64.17715,258.963318,118.177139,0,1
900,900,897,offscreen_render,21.6222267,startup,27,27,1.77777779,210.910934,91.22956,210.910934,109.999992,91.22955,50,-1.52587891E-05,350,300,162.91095,64.22954,258.91095,118.22953,0,1
901,901,898,offscreen_render,21.63886,startup,27,27,1.77777779,210.852875,91.28761,210.852875,109.999992,91.2876053,50,-1.52587891E-05,350,300,162.852875,64.28759,258.852875,118.287582,0,1
902,902,899,offscreen_render,21.6554813,startup,27,27,1.77777779,210.789536,91.35095,210.789536,109.999992,91.3509445,50,-1.52587891E-05,350,300,162.789551,64.35093,258.789551,118.350922,0,1
903,903,900,offscreen_render,21.6723042,startup,27,27,1.77777779,210.721329,91.41915,210.721329,109.999992,91.41914,50,-1.52587891E-05,350,300,162.721344,64.41913,258.721344,118.419121,0,1
904,904,901,offscreen_render,21.6887341,startup,27,27,1.77777779,210.648682,91.4918,210.648682,109.999992,91.49179,50,-1.52587891E-05,350,300,162.6487,64.4917755,258.648682,118.491768,0,1
905,905,902,offscreen_render,21.70543,startup,27,27,1.77777779,210.572021,91.56847,210.572021,109.999992,91.56846,50,-1.52587891E-05,350,300,162.572021,64.56844,258.572021,118.568436,0,1
906,906,903,offscreen_render,21.82309,startup,27,27,1.77777779,209.972946,92.1675339,209.972946,109.999992,92.16753,50,-1.52587891E-05,350,300,161.972946,65.16751,257.972961,119.1675,0,1
907,907,904,offscreen_render,21.84038,startup,27,27,1.77777779,209.900146,92.24033,209.900146,109.999992,92.2403259,50,-1.52587891E-05,350,300,161.900162,65.24031,257.900146,119.2403,0,1
908,908,905,offscreen_render,21.8561382,startup,27,27,1.77777779,209.82959,92.31088,209.82959,109.999992,92.3108749,50,-1.52587891E-05,350,300,161.82959,65.31086,257.8296,119.310852,0,1
909,909,906,offscreen_render,21.8727283,startup,27,27,1.77777779,209.759583,92.3809,209.759583,109.999992,92.38089,50,-1.52587891E-05,350,300,161.759583,65.3808746,257.759583,119.380867,0,1
910,910,907,offscreen_render,21.88939,startup,27,27,1.77777779,209.688919,92.45157,209.688919,109.999992,92.45156,50,-1.52587891E-05,350,300,161.688934,65.4515457,257.688934,119.451538,0,1
911,911,908,offscreen_render,21.90594,startup,27,27,1.77777779,209.616791,92.5237,209.616791,109.999992,92.52369,50,-1.52587891E-05,350,300,161.6168,65.523674,257.616821,119.523666,0,1
912,912,909,offscreen_render,21.9225864,startup,27,27,1.77777779,209.542679,92.5978,209.542679,109.999992,92.59779,50,-1.52587891E-05,350,300,161.5427,65.59777,257.5427,119.597763,0,1
913,913,910,offscreen_render,21.9394035,startup,27,27,1.77777779,209.4663,92.67419,209.4663,109.999992,92.67418,50,-1.52587891E-05,350,300,161.4663,65.6741638,257.4663,119.674156,0,1
914,914,911,offscreen_render,21.95601,startup,27,27,1.77777779,209.387482,92.75299,209.387482,109.999992,92.75298,50,-1.52587891E-05,350,300,161.387482,65.75297,257.387482,119.75296,0,1
915,915,912,offscreen_render,21.9724388,startup,27,27,1.77777779,209.306229,92.83424,209.306229,109.999992,92.8342361,50,-1.52587891E-05,350,300,161.306244,65.83422,257.306244,119.834213,0,1
916,916,913,offscreen_render,21.9894466,startup,27,27,1.77777779,209.222565,92.9179,209.222565,109.999992,92.91789,50,-1.52587891E-05,350,300,161.22258,65.91788,257.2226,119.91787,0,1
917,917,914,offscreen_render,22.0063248,startup,27,27,1.77777779,209.136612,93.0038452,209.136612,109.999992,93.00384,50,-1.52587891E-05,350,300,161.136612,66.00382,257.1366,120.003815,0,1
918,918,915,offscreen_render,22.02265,startup,27,27,1.77777779,209.048508,93.09195,209.048508,109.999992,93.09194,50,-1.52587891E-05,350,300,161.048523,66.09193,257.048523,120.091919,0,1
919,919,916,offscreen_render,22.0394974,startup,27,27,1.77777779,208.958389,93.18206,208.958389,109.999992,93.18205,50,-1.52587891E-05,350,300,160.9584,66.18204,256.9584,120.18203,0,1
920,920,917,offscreen_render,22.05572,startup,27,27,1.77777779,208.86644,93.27401,208.86644,109.999992,93.274,50,-1.52587891E-05,350,300,160.86644,66.27399,256.866455,120.273979,0,1
921,921,918,offscreen_render,22.0726719,startup,27,27,1.77777779,208.772812,93.36764,208.772812,109.999992,93.36763,50,-1.52587891E-05,350,300,160.772827,66.3676147,256.772827,120.367607,0,1
922,922,919,offscreen_render,22.0892849,startup,27,27,1.77777779,208.677689,93.46276,208.677689,109.999992,93.46275,50,-1.52587891E-05,350,300,160.6777,66.46274,256.6777,120.46273,0,1
923,923,920,offscreen_render,22.1061649,startup,27,27,1.77777779,208.581192,93.55925,208.581192,109.999992,93.55924,50,-1.52587891E-05,350,300,160.5812,66.55923,256.5812,120.559219,0,1
924,924,921,offscreen_render,22.123003,startup,27,27,1.77777779,208.4833,93.65714,208.4833,109.999992,93.657135,50,-1.52587891E-05,350,300,160.4833,66.65711,256.4833,120.657104,0,1
925,925,922,offscreen_render,22.139473,startup,27,27,1.77777779,208.384537,93.75592,208.384537,109.999992,93.75591,50,-1.52587891E-05,350,300,160.384552,66.7559,256.384552,120.75589,0,1
926,926,923,offscreen_render,22.15596,startup,27,27,1.77777779,208.284821,93.8556442,208.284821,109.999992,93.85564,50,-1.52587891E-05,350,300,160.284821,66.85562,256.284821,120.855614,0,1
927,927,924,offscreen_render,22.1726971,startup,27,27,1.77777779,208.184113,93.95635,208.184113,109.999992,93.9563446,50,-1.52587891E-05,350,300,160.184113,66.95633,256.1841,120.956322,0,1
928,928,925,offscreen_render,22.18941,startup,27,27,1.77777779,208.082809,94.0576553,208.082809,109.999992,94.05765,50,-1.52587891E-05,350,300,160.082825,67.05763,256.082825,121.057625,0,1
929,929,926,offscreen_render,22.2060585,startup,27,27,1.77777779,207.980865,94.1596,207.980865,109.999992,94.15959,50,-1.52587891E-05,350,300,159.980865,67.15958,255.980865,121.159569,0,1
930,930,927,offscreen_render,22.2228527,startup,27,27,1.77777779,207.878357,94.2621,207.878357,109.999992,94.26209,50,-1.52587891E-05,350,300,159.878357,67.26208,255.878357,121.26207,0,1
931,931,928,offscreen_render,22.2393646,startup,27,27,1.77777779,207.775375,94.36509,207.775375,109.999992,94.36508,50,-1.52587891E-05,350,300,159.775391,67.36507,255.775391,121.365059,0,1
932,932,929,offscreen_render,22.3487167,startup,27,27,1.77777779,207.210922,94.92956,207.210922,109.999992,94.92955,50,-1.52587891E-05,350,300,159.210938,67.9295349,255.210938,121.929527,0,1
933,933,930,offscreen_render,22.3661041,startup,27,27,1.77777779,207.148483,94.9920044,207.148483,109.999992,94.992,50,-1.52587891E-05,350,300,159.1485,67.99198,255.1485,121.991974,0,1
934,934,931,offscreen_render,22.4781036,startup,27,27,1.77777779,206.87619,95.2643,206.87619,109.999992,95.26429,50,-1.52587891E-05,350,300,158.87619,68.2642746,254.87619,122.264267,0,1
935,935,932,offscreen_render,22.4946632,startup,27,27,1.77777779,206.852051,95.28844,206.852051,109.999992,95.28843,50,-1.52587891E-05,350,300,158.852051,68.288414,254.852051,122.288406,0,1
936,936,933,offscreen_render,22.51133,startup,27,27,1.77777779,206.831009,95.30947,206.831009,109.999992,95.30946,50,-1.52587891E-05,350,300,158.831024,68.30945,254.831024,122.309441,0,1
937,937,934,offscreen_render,22.5269165,startup,27,27,1.77777779,206.812714,95.32777,206.812714,109.999992,95.32776,50,-1.52587891E-05,350,300,158.812729,68.32774,254.812729,122.327736,0,1
938,938,935,offscreen_render,22.5436268,startup,27,27,1.77777779,206.796829,95.34365,206.796829,109.999992,95.34364,50,-1.52587891E-05,350,300,158.796844,68.34363,254.796844,122.34362,0,1
939,939,936,offscreen_render,22.5601768,startup,27,27,1.77777779,206.783066,95.3574142,206.783066,109.999992,95.35741,50,-1.52587891E-05,350,300,158.783066,68.35738,254.783066,122.357376,0,1
940,940,937,offscreen_render,22.577198,startup,27,27,1.77777779,206.771164,95.3693161,206.771164,109.999992,95.36931,50,-1.52587891E-05,350,300,158.771164,68.36929,254.771164,122.369286,0,1
941,941,938,offscreen_render,22.593914,startup,27,27,1.77777779,206.76088,95.3796,206.76088,109.999992,95.37959,50,-1.52587891E-05,350,300,158.7609,68.37958,254.7609,122.37957,0,1
942,942,939,offscreen_render,22.6107635,startup,27,27,1.77777779,206.752014,95.3884659,206.752014,109.999992,95.38846,50,-1.52587891E-05,350,300,158.752029,68.38844,254.752029,122.388435,0,1
943,943,940,offscreen_render,22.6275635,startup,27,27,1.77777779,206.74437,95.3961,206.74437,109.999992,95.3960953,50,-1.52587891E-05,350,300,158.744385,68.39607,254.744385,122.396065,0,1
944,944,941,offscreen_render,22.643837,startup,27,27,1.77777779,206.7378,95.40267,206.7378,109.999992,95.4026642,50,-1.52587891E-05,350,300,158.7378,68.40265,254.7378,122.402641,0,1
945,945,942,offscreen_render,22.6605988,startup,27,27,1.77777779,206.732147,95.40832,206.732147,109.999992,95.40831,50,-1.52587891E-05,350,300,158.732162,68.4082947,254.732162,122.408287,0,1
946,946,943,offscreen_render,22.6775112,startup,27,27,1.77777779,206.7273,95.41316,206.7273,109.999992,95.4131546,50,-1.52587891E-05,350,300,158.72731,68.41314,254.72731,122.413132,0,1
947,947,944,offscreen_render,22.6938725,startup,27,27,1.77777779,206.723145,95.41732,206.723145,109.999992,95.41731,50,-1.52587891E-05,350,300,158.723145,68.41729,254.723145,122.417282,0,1
948,948,945,offscreen_render,22.71056,startup,27,27,1.77777779,206.719589,95.42088,206.719589,109.999992,95.4208755,50,-1.52587891E-05,350,300,158.7196,68.42086,254.7196,122.420853,0,1
949,949,946,offscreen_render,22.7269974,startup,27,27,1.77777779,206.716537,95.4239349,206.716537,109.999992,95.42393,50,-1.52587891E-05,350,300,158.716553,68.42391,254.716553,122.423904,0,1
950,950,947,offscreen_render,22.743988,startup,27,27,1.77777779,206.713928,95.4265442,206.713928,109.999992,95.42654,50,-1.52587891E-05,350,300,158.713943,68.42651,254.713943,122.426506,0,1
951,951,948,offscreen_render,22.7605438,startup,27,27,1.77777779,206.7117,95.42877,206.7117,109.999992,95.4287643,50,-1.52587891E-05,350,300,158.7117,68.42874,254.7117,122.428734,0,1
952,952,949,offscreen_render,22.7772732,startup,27,27,1.77777779,206.7098,95.43067,206.7098,109.999992,95.4306641,50,-1.52587891E-05,350,300,158.709808,68.43065,254.709808,122.430641,0,1
953,953,950,offscreen_render,22.79383,startup,27,27,1.77777779,206.708176,95.4323,206.708176,109.999992,95.43229,50,-1.52587891E-05,350,300,158.708176,68.4322739,254.708176,122.432266,0,1
954,954,951,offscreen_render,22.81042,startup,27,27,1.77777779,206.706787,95.43368,206.706787,109.999992,95.43367,50,-1.52587891E-05,350,300,158.7068,68.4336548,254.7068,122.433647,0,1
955,955,952,offscreen_render,22.8277569,startup,27,27,1.77777779,206.705612,95.43486,206.705612,109.999992,95.43485,50,-1.52587891E-05,350,300,158.705612,68.43484,254.705612,122.43483,0,1
956,956,953,offscreen_render,22.843956,startup,27,27,1.77777779,206.7046,95.43587,206.7046,109.999992,95.43586,50,-1.52587891E-05,350,300,158.7046,68.4358444,254.7046,122.435837,0,1
957,957,954,offscreen_render,22.8603916,startup,27,27,1.77777779,206.703751,95.43672,206.703751,109.999992,95.4367142,50,-1.52587891E-05,350,300,158.703766,68.43669,254.703766,122.436684,0,1
958,958,955,offscreen_render,22.8769741,startup,27,27,1.77777779,206.703018,95.43745,206.703018,109.999992,95.43744,50,-1.52587891E-05,350,300,158.703033,68.43742,254.703033,122.437416,0,1
959,959,956,offscreen_render,22.8938274,startup,27,27,1.77777779,206.702408,95.4380646,206.702408,109.999992,95.43806,50,-1.52587891E-05,350,300,158.702408,68.43804,254.702408,122.438034,0,1
960,960,957,offscreen_render,22.91047,startup,27,27,1.77777779,206.701889,95.43859,206.701889,109.999992,95.43858,50,-1.52587891E-05,350,300,158.7019,68.43857,254.7019,122.43856,0,1
961,961,958,offscreen_render,22.92725,startup,27,27,1.77777779,206.701447,95.43903,206.701447,109.999992,95.4390259,50,-1.52587891E-05,350,300,158.701447,68.43901,254.701447,122.439,0,1
962,962,959,offscreen_render,22.9437141,startup,27,27,1.77777779,206.701065,95.439415,206.701065,109.999992,95.43941,50,-1.52587891E-05,350,300,158.70108,68.43939,254.70108,122.439384,0,1
963,963,960,offscreen_render,22.9611645,startup,27,27,1.77777779,206.700745,95.4397354,206.700745,109.999992,95.43973,50,-1.52587891E-05,350,300,158.70076,68.43971,254.70076,122.439705,0,1
964,964,961,offscreen_render,22.9770489,startup,27,27,1.77777779,206.70047,95.44001,206.70047,109.999992,95.44,50,-1.52587891E-05,350,300,158.700485,68.43999,254.700485,122.43998,0,1
965,965,962,offscreen_render,22.994072,startup,27,27,1.77777779,206.700241,95.44024,206.700241,109.999992,95.44023,50,-1.52587891E-05,350,300,158.700256,68.4402161,254.700256,122.440208,0,1
966,966,963,offscreen_render,23.0103951,startup,27,27,1.77777779,206.700043,95.44044,206.700043,109.999992,95.44043,50,-1.52587891E-05,350,300,158.700043,68.4404144,254.700043,122.440407,0,1
967,967,964,offscreen_render,23.0272961,startup,27,27,1.77777779,206.699875,95.4406052,206.699875,109.999992,95.4406,50,-1.52587891E-05,350,300,158.69989,68.44058,254.69989,122.440575,0,1
968,968,965,offscreen_render,23.0440731,startup,27,27,1.77777779,206.699738,95.44074,206.699738,109.999992,95.4407349,50,-1.52587891E-05,350,300,158.699753,68.44072,254.699753,122.440712,0,1
969,969,966,offscreen_render,23.0603676,startup,27,27,1.77777779,206.699615,95.4408646,206.699615,109.999992,95.44086,50,-1.52587891E-05,350,300,158.699615,68.44084,254.699615,122.440834,0,1
970,970,967,offscreen_render,23.077158,startup,27,27,1.77777779,206.699509,95.44096,206.699509,109.999992,95.4409561,50,-1.52587891E-05,350,300,158.699524,68.44093,254.699524,122.440926,0,1
971,971,968,offscreen_render,23.1955929,startup,27,27,1.77777779,206.865448,95.4413452,206.865448,109.999992,95.44134,50,-1.52587891E-05,350,300,158.865463,68.44132,254.865463,122.441315,0,1
972,972,969,offscreen_render,23.305975,startup,27,27,1.77777779,207.172668,95.44146,207.172668,109.999992,95.44145,50,-1.52587891E-05,350,300,159.172668,68.44143,255.172668,122.441422,0,1
973,973,970,offscreen_render,23.3225327,startup,27,27,1.77777779,207.220642,95.44147,207.220642,109.999992,95.44146,50,-1.52587891E-05,350,300,159.220642,68.4414444,255.220642,122.441437,0,1
974,974,971,offscreen_render,23.3384686,startup,27,27,1.77777779,207.271072,95.4414749,207.271072,109.999992,95.44147,50,-1.52587891E-05,350,300,159.271088,68.44145,255.271088,122.441444,0,1
975,975,972,offscreen_render,23.3549175,startup,27,27,1.77777779,207.32605,95.44148,207.32605,109.999992,95.4414749,50,-1.52587891E-05,350,300,159.326065,68.44146,255.326065,122.441452,0,1
976,976,973,offscreen_render,23.371809,startup,27,27,1.77777779,207.386887,95.44149,207.386887,109.999992,95.44148,50,-1.52587891E-05,350,300,159.3869,68.44147,255.3869,122.44146,0,1
977,977,974,offscreen_render,23.3883286,startup,27,27,1.77777779,207.4543,95.4415,207.4543,109.999992,95.44149,50,-1.52587891E-05,350,300,159.454315,68.4414749,255.454315,122.441467,0,1
978,978,975,offscreen_render,23.4050274,startup,27,27,1.77777779,207.52861,95.4415,207.52861,109.999992,95.44149,50,-1.52587891E-05,350,300,159.528625,68.4414749,255.528625,122.441467,0,1
979,979,976,offscreen_render,23.5161686,startup,27,27,1.77777779,208.168152,95.4415054,208.168152,109.999992,95.4415,50,-1.52587891E-05,350,300,160.168167,68.44148,256.168152,122.441475,0,1
980,980,977,offscreen_render,23.5332546,startup,27,27,1.77777779,208.256882,95.4415054,208.256882,109.999992,95.4415,50,-1.52587891E-05,350,300,160.256882,68.44148,256.2569,122.441475,0,1
981,981,978,offscreen_render,23.5496979,startup,27,27,1.77777779,208.344421,95.4415054,208.344421,109.999992,95.4415,50,-1.52587891E-05,350,300,160.344421,68.44148,256.344421,122.441475,0,1
982,982,979,offscreen_render,23.5656376,startup,27,27,1.77777779,208.432922,95.4415054,208.432922,109.999992,95.4415,50,-1.52587891E-05,350,300,160.432938,68.44148,256.432922,122.441475,0,1
983,983,980,offscreen_render,23.5828762,startup,27,27,1.77777779,208.523834,95.4415054,208.523834,109.999992,95.4415,50,-1.52587891E-05,350,300,160.523849,68.44148,256.523865,122.441475,0,1
984,984,981,offscreen_render,23.5990868,startup,27,27,1.77777779,208.6181,95.4415054,208.6181,109.999992,95.4415,50,-1.52587891E-05,350,300,160.6181,68.44148,256.6181,122.441475,0,1
985,985,982,offscreen_render,23.6157284,startup,27,27,1.77777779,208.716278,95.4415054,208.716278,109.999992,95.4415,50,-1.52587891E-05,350,300,160.7163,68.44148,256.7163,122.441475,0,1
986,986,983,offscreen_render,23.6323414,startup,27,27,1.77777779,208.818619,95.4415054,208.818619,109.999992,95.4415,50,-1.52587891E-05,350,300,160.818634,68.44148,256.818634,122.441475,0,1
987,987,984,offscreen_render,23.649086,startup,27,27,1.77777779,208.925217,95.4415054,208.925217,109.999992,95.4415,50,-1.52587891E-05,350,300,160.925217,68.44148,256.925232,122.441475,0,1
988,988,985,offscreen_render,23.6657028,startup,27,27,1.77777779,209.03598,95.4415054,209.03598,109.999992,95.4415,50,-1.52587891E-05,350,300,161.036,68.44148,257.036,122.441475,0,1
989,989,986,offscreen_render,23.7806473,startup,27,27,1.77777779,209.540314,95.44151,209.540314,109.999992,95.4415054,50,-1.52587891E-05,350,300,161.540314,68.44149,257.5403,122.441483,0,1
990,990,987,offscreen_render,23.8930168,startup,27,27,1.77777779,209.580414,95.44151,209.580414,109.999992,95.4415054,50,-1.52587891E-05,350,300,161.580414,68.44149,257.5804,122.441483,0,1
991,991,988,offscreen_render,23.9098415,startup,27,27,1.77777779,209.564743,95.44151,209.564743,109.999992,95.4415054,50,-1.52587891E-05,350,300,161.564758,68.44149,257.564758,122.441483,0,1
992,992,989,offscreen_render,23.9254875,startup,27,27,1.77777779,209.542679,95.44151,209.542679,109.999992,95.4415054,50,-1.52587891E-05,350,300,161.5427,68.44149,257.5427,122.441483,0,1
993,993,990,offscreen_render,23.9419327,startup,27,27,1.77777779,209.512543,95.44151,209.512543,109.999992,95.4415054,50,-1.52587891E-05,350,300,161.512543,68.44149,257.512543,122.441483,0,1
994,994,991,offscreen_render,23.9584961,startup,27,27,1.77777779,209.473434,95.44151,209.473434,109.999992,95.4415054,50,-1.52587891E-05,350,300,161.473434,68.44149,257.47345,122.441483,0,1
995,995,992,offscreen_render,23.9752026,startup,27,27,1.77777779,209.424942,95.44151,209.424942,109.999992,95.4415054,50,-1.52587891E-05,350,300,161.424957,68.44149,257.424957,122.441483,0,1
996,996,993,offscreen_render,23.9920139,startup,27,27,1.77777779,209.367081,95.44151,209.367081,109.999992,95.4415054,50,-1.52587891E-05,350,300,161.3671,68.44149,257.3671,122.441483,0,1
997,997,994,offscreen_render,24.0086136,startup,27,27,1.77777779,209.300125,95.44151,209.300125,109.999992,95.4415054,50,-1.52587891E-05,350,300,161.300125,68.44149,257.3001,122.441483,0,1
998,998,995,offscreen_render,24.02538,startup,27,27,1.77777779,209.224518,95.44151,209.224518,109.999992,95.4415054,50,-1.52587891E-05,350,300,161.224518,68.44149,257.224518,122.441483,0,1
999,999,996,offscreen_render,24.0423355,startup,27,27,1.77777779,209.140808,95.44151,209.140808,109.999992,95.4415054,50,-1.52587891E-05,350,300,161.140823,68.44149,257.1408,122.441483,0,1
1000,1000,997,offscreen_render,24.0592136,startup,27,27,1.77777779,209.049622,95.44151,209.049622,109.999992,95.4415054,50,-1.52587891E-05,350,300,161.049637,68.44149,257.049622,122.441483,0,1
1001,1001,998,offscreen_render,24.0751762,startup,27,27,1.77777779,208.951584,95.44151,208.951584,109.999992,95.4415054,50,-1.52587891E-05,350,300,160.951584,68.44149,256.9516,122.441483,0,1
1002,1002,999,offscreen_render,24.0918674,startup,27,27,1.77777779,208.847336,95.44151,208.847336,109.999992,95.4415054,50,-1.52587891E-05,350,300,160.847351,68.44149,256.847351,122.441483,0,1
1003,1003,1000,offscreen_render,24.2086163,startup,27,27,1.77777779,208.024841,95.44151,208.024841,109.999992,95.4415054,50,-1.52587891E-05,350,300,160.024841,68.44149,256.024841,122.441483,0,1
1004,1004,1001,offscreen_render,24.2268085,startup,27,27,1.77777779,207.922791,95.44151,207.922791,109.999992,95.4415054,50,-1.52587891E-05,350,300,159.9228,68.44149,255.9228,122.441483,0,1
1005,1005,1002,offscreen_render,24.2421684,startup,27,27,1.77777779,207.82373,95.44151,207.82373,109.999992,95.4415054,50,-1.52587891E-05,350,300,159.823746,68.44149,255.823746,122.441483,0,1
1006,1006,1003,offscreen_render,24.2575569,startup,27,27,1.77777779,207.725266,95.44151,207.725266,109.999992,95.4415054,50,-1.52587891E-05,350,300,159.725281,68.44149,255.725281,122.441483,0,1
1007,1007,1004,offscreen_render,24.2744179,startup,27,27,1.77777779,207.625748,95.44151,207.625748,109.999992,95.4415054,50,-1.52587891E-05,350,300,159.625763,68.44149,255.625763,122.441483,0,1
1008,1008,1005,offscreen_render,24.29125,startup,27,27,1.77777779,207.524063,95.44151,207.524063,109.999992,95.4415054,50,-1.52587891E-05,350,300,159.524078,68.44149,255.524078,122.441483,0,1
1009,1009,1006,offscreen_render,24.308176,startup,27,27,1.77777779,207.41951,95.44151,207.41951,109.999992,95.4415054,50,-1.52587891E-05,350,300,159.419525,68.44149,255.419525,122.441483,0,1
1010,1010,1007,offscreen_render,24.3248177,startup,27,27,1.77777779,207.310669,95.44151,207.310669,109.999992,95.4415054,50,-1.52587891E-05,350,300,159.310684,68.44149,255.310684,122.441483,0,1
1011,1011,1008,offscreen_render,24.341507,startup,27,27,1.77777779,207.19931,95.44151,207.19931,109.999992,95.4415054,50,-1.52587891E-05,350,300,159.19931,68.44149,255.19931,122.441483,0,1
1012,1012,1009,offscreen_render,24.3581486,startup,27,27,1.77777779,207.084473,95.44151,207.084473,109.999992,95.4415054,50,-1.52587891E-05,350,300,159.084473,68.44149,255.084473,122.441483,0,1
1013,1013,1010,offscreen_render,24.375,startup,27,27,1.77777779,206.9662,95.44151,206.9662,109.999992,95.4415054,50,-1.52587891E-05,350,300,158.966217,68.44149,254.966217,122.441483,0,1
1014,1014,1011,offscreen_render,24.39131,startup,27,27,1.77777779,206.844681,95.44151,206.844681,109.999992,95.4415054,50,-1.52587891E-05,350,300,158.844681,68.44149,254.844681,122.441483,0,1
1015,1015,1012,offscreen_render,24.408186,startup,27,27,1.77777779,206.7201,95.44151,206.7201,109.999992,95.4415054,50,-1.52587891E-05,350,300,158.7201,68.44149,254.7201,122.441483,0,1
1016,1016,1013,offscreen_render,24.4250965,startup,27,27,1.77777779,206.592651,95.44151,206.592651,109.999992,95.4415054,50,-1.52587891E-05,350,300,158.592651,68.44149,254.592651,122.441483,0,1
1017,1017,1014,offscreen_render,24.4416676,startup,27,27,1.77777779,206.462616,95.44151,206.462616,109.999992,95.4415054,50,-1.52587891E-05,350,300,158.462631,68.44149,254.462631,122.441483,0,1
1018,1018,1015,offscreen_render,24.4578266,startup,27,27,1.77777779,206.3302,95.44151,206.3302,109.999992,95.4415054,50,-1.52587891E-05,350,300,158.3302,68.44149,254.3302,122.441483,0,1
1019,1019,1016,offscreen_render,24.4745235,startup,27,27,1.77777779,206.195648,95.44151,206.195648,109.999992,95.4415054,50,-1.52587891E-05,350,300,158.195663,68.44149,254.195663,122.441483,0,1
1020,1020,1017,offscreen_render,24.4914474,startup,27,27,1.77777779,206.059174,95.44151,206.059174,109.999992,95.4415054,50,-1.52587891E-05,350,300,158.059174,68.44149,254.059174,122.441483,0,1
1021,1021,1018,offscreen_render,24.5079823,startup,27,27,1.77777779,205.923218,95.44151,205.923218,109.999992,95.4415054,50,-1.52587891E-05,350,300,157.923218,68.44149,253.923218,122.441483,0,1
1022,1022,1019,offscreen_render,24.5246067,startup,27,27,1.77777779,205.791519,95.44151,205.791519,109.999992,95.4415054,50,-1.52587891E-05,350,300,157.791534,68.44149,253.791534,122.441483,0,1
1023,1023,1020,offscreen_render,24.5415134,startup,27,27,1.77777779,205.6665,95.44151,205.6665,109.999992,95.4415054,50,-1.52587891E-05,350,300,157.6665,68.44149,253.6665,122.441483,0,1
1024,1024,1021,offscreen_render,24.5576611,startup,27,27,1.77777779,205.549667,95.44151,205.549667,109.999992,95.4415054,50,-1.52587891E-05,350,300,157.549667,68.44149,253.549667,122.441483,0,1
1025,1025,1022,offscreen_render,24.5746765,startup,27,27,1.77777779,205.441818,95.44151,205.441818,109.999992,95.4415054,50,-1.52587891E-05,350,300,157.441818,68.44149,253.441818,122.441483,0,1
1026,1026,1023,offscreen_render,24.59126,startup,27,27,1.77777779,205.343246,95.44151,205.343246,109.999992,95.4415054,50,-1.52587891E-05,350,300,157.343262,68.44149,253.343262,122.441483,0,1
1027,1027,1024,offscreen_render,24.60793,startup,27,27,1.77777779,205.253891,95.44151,205.253891,109.999992,95.4415054,50,-1.52587891E-05,350,300,157.2539,68.44149,253.2539,122.441483,0,1
1028,1028,1025,offscreen_render,24.6246166,startup,27,27,1.77777779,205.17337,95.44151,205.17337,109.999992,95.4415054,50,-1.52587891E-05,350,300,157.173386,68.44149,253.173386,122.441483,0,1
1029,1029,1026,offscreen_render,24.6411762,startup,27,27,1.77777779,205.10141,95.44151,205.10141,109.999992,95.4415054,50,-1.52587891E-05,350,300,157.101425,68.44149,253.101425,122.441483,0,1
1030,1030,1027,offscreen_render,24.6580315,startup,27,27,1.77777779,205.037323,95.44151,205.037323,109.999992,95.4415054,50,-1.52587891E-05,350,300,157.037338,68.44149,253.037338,122.441483,0,1
1031,1031,1028,offscreen_render,24.674324,startup,27,27,1.77777779,204.980515,95.44151,204.980515,109.999992,95.4415054,50,-1.52587891E-05,350,300,156.98053,68.44149,252.98053,122.441483,0,1
1032,1032,1029,offscreen_render,24.69117,startup,27,27,1.77777779,204.930359,95.44151,204.930359,109.999992,95.4415054,50,-1.52587891E-05,350,300,156.930359,68.44149,252.930359,122.441483,0,1
1033,1033,1030,offscreen_render,24.70787,startup,27,27,1.77777779,204.88623,95.44151,204.88623,109.999992,95.4415054,50,-1.52587891E-05,350,300,156.88623,68.44149,252.88623,122.441483,0,1
1034,1034,1031,offscreen_render,24.7248154,startup,27,27,1.77777779,204.847519,95.44151,204.847519,109.999992,95.4415054,50,-1.52587891E-05,350,300,156.847534,68.44149,252.847534,122.441483,0,1
1035,1035,1032,offscreen_render,24.7413044,startup,27,27,1.77777779,204.813644,95.44151,204.813644,109.999992,95.4415054,50,-1.52587891E-05,350,300,156.81366,68.44149,252.81366,122.441483,0,1
1036,1036,1033,offscreen_render,24.7579823,startup,27,27,1.77777779,204.784088,95.44151,204.784088,109.999992,95.4415054,50,-1.52587891E-05,350,300,156.7841,68.44149,252.7841,122.441483,0,1
1037,1037,1034,offscreen_render,24.7743549,startup,27,27,1.77777779,204.758362,95.44151,204.758362,109.999992,95.4415054,50,-1.52587891E-05,350,300,156.758377,68.44149,252.758377,122.441483,0,1
1038,1038,1035,offscreen_render,24.7911835,startup,27,27,1.77777779,204.736008,95.44151,204.736008,109.999992,95.4415054,50,-1.52587891E-05,350,300,156.736023,68.44149,252.736023,122.441483,0,1
1039,1039,1036,offscreen_render,24.80797,startup,27,27,1.77777779,204.716614,95.44151,204.716614,109.999992,95.4415054,50,-1.52587891E-05,350,300,156.716629,68.44149,252.716629,122.441483,0,1
1040,1040,1037,offscreen_render,24.8246651,startup,27,27,1.77777779,204.699829,95.44151,204.699829,109.999992,95.4415054,50,-1.52587891E-05,350,300,156.699829,68.44149,252.699829,122.441483,0,1
1041,1041,1038,offscreen_render,24.8409824,startup,27,27,1.77777779,204.685318,95.44151,204.685318,109.999992,95.4415054,50,-1.52587891E-05,350,300,156.685318,68.44149,252.685318,122.441483,0,1
1042,1042,1039,offscreen_render,24.85775,startup,27,27,1.77777779,204.672791,95.44151,204.672791,109.999992,95.4415054,50,-1.52587891E-05,350,300,156.672791,68.44149,252.672791,122.441483,0,1
1043,1043,1040,offscreen_render,24.8743,startup,27,27,1.77777779,204.662,95.44151,204.662,109.999992,95.4415054,50,-1.52587891E-05,350,300,156.662018,68.44149,252.662018,122.441483,0,1
1044,1044,1041,offscreen_render,24.8912563,startup,27,27,1.77777779,204.65271,95.44151,204.65271,109.999992,95.4415054,50,-1.52587891E-05,350,300,156.652725,68.44149,252.652725,122.441483,0,1
1045,1045,1042,offscreen_render,24.908226,startup,27,27,1.77777779,204.644714,95.44151,204.644714,109.999992,95.4415054,50,-1.52587891E-05,350,300,156.644714,68.44149,252.644714,122.441483,0,1
1046,1046,1043,offscreen_render,24.9246635,startup,27,27,1.77777779,204.637848,95.44151,204.637848,109.999992,95.4415054,50,-1.52587891E-05,350,300,156.637848,68.44149,252.637848,122.441483,0,1
1047,1047,1044,offscreen_render,24.9412861,startup,27,27,1.77777779,204.631958,95.44151,204.631958,109.999992,95.4415054,50,-1.52587891E-05,350,300,156.631958,68.44149,252.631958,122.441483,0,1
1048,1048,1045,offscreen_render,24.9578362,startup,27,27,1.77777779,204.6269,95.44151,204.6269,109.999992,95.4415054,50,-1.52587891E-05,350,300,156.6269,68.44149,252.6269,122.441483,0,1
1049,1049,1046,offscreen_render,24.9743481,startup,27,27,1.77777779,204.622589,95.44151,204.622589,109.999992,95.4415054,50,-1.52587891E-05,350,300,156.6226,68.44149,252.6226,122.441483,0,1
1050,1050,1047,offscreen_render,24.9913559,startup,27,27,1.77777779,204.6189,95.44151,204.6189,109.999992,95.4415054,50,-1.52587891E-05,350,300,156.6189,68.44149,252.6189,122.441483,0,1
1051,1051,1048,offscreen_render,25.0081558,startup,27,27,1.77777779,204.615738,95.44151,204.615738,109.999992,95.4415054,50,-1.52587891E-05,350,300,156.615738,68.44149,252.615738,122.441483,0,1
1052,1052,1049,offscreen_render,25.0247688,startup,27,27,1.77777779,204.613037,95.44151,204.613037,109.999992,95.4415054,50,-1.52587891E-05,350,300,156.613037,68.44149,252.613037,122.441483,0,1
1053,1053,1050,offscreen_render,25.0413437,startup,27,27,1.77777779,204.610733,95.44151,204.610733,109.999992,95.4415054,50,-1.52587891E-05,350,300,156.610748,68.44149,252.610748,122.441483,0,1
1054,1054,1051,offscreen_render,25.05777,startup,27,27,1.77777779,204.608765,95.44151,204.608765,109.999992,95.4415054,50,-1.52587891E-05,350,300,156.60878,68.44149,252.60878,122.441483,0,1
1055,1055,1052,offscreen_render,25.0744572,startup,27,27,1.77777779,204.607086,95.44151,204.607086,109.999992,95.4415054,50,-1.52587891E-05,350,300,156.607086,68.44149,252.607086,122.441483,0,1
1056,1056,1053,offscreen_render,25.0914059,startup,27,27,1.77777779,204.605652,95.44151,204.605652,109.999992,95.4415054,50,-1.52587891E-05,350,300,156.605667,68.44149,252.605667,122.441483,0,1
1057,1057,1054,offscreen_render,25.10809,startup,27,27,1.77777779,204.604431,95.44151,204.604431,109.999992,95.4415054,50,-1.52587891E-05,350,300,156.604431,68.44149,252.604431,122.441483,0,1
1058,1058,1055,offscreen_render,25.1247158,startup,27,27,1.77777779,204.6034,95.44151,204.6034,109.999992,95.4415054,50,-1.52587891E-05,350,300,156.6034,68.44149,252.6034,122.441483,0,1
1059,1059,1056,offscreen_render,25.2311935,startup,27,27,1.77777779,204.59964,95.44151,204.59964,109.999992,95.4415054,50,-1.52587891E-05,350,300,156.59964,68.44149,252.59964,122.441483,0,1
1060,1060,1057,offscreen_render,25.24831,startup,27,27,1.77777779,204.599335,95.44151,204.599335,109.999992,95.4415054,50,-1.52587891E-05,350,300,156.59935,68.44149,252.59935,122.441483,0,1
1061,1061,1058,offscreen_render,25.2642288,startup,27,27,1.77777779,204.599075,95.44151,204.599075,109.999992,95.4415054,50,-1.52587891E-05,350,300,156.599075,68.44149,252.599075,122.441483,0,1
1062,1062,1059,offscreen_render,25.2803555,startup,27,27,1.77777779,204.598846,95.44151,204.598846,109.999992,95.4415054,50,-1.52587891E-05,350,300,156.598846,68.44149,252.598846,122.441483,0,1
1063,1063,1060,offscreen_render,25.2975025,startup,27,27,1.77777779,204.598663,95.44151,204.598663,109.999992,95.4415054,50,-1.52587891E-05,350,300,156.598663,68.44149,252.598663,122.441483,0,1
1064,1064,1061,offscreen_render,25.3140621,startup,27,27,1.77777779,204.598511,95.44151,204.598511,109.999992,95.4415054,50,-1.52587891E-05,350,300,156.598526,68.44149,252.598526,122.441483,0,1
1065,1065,1062,offscreen_render,25.3304176,startup,27,27,1.77777779,204.598373,95.44151,204.598373,109.999992,95.4415054,50,-1.52587891E-05,350,300,156.598389,68.44149,252.598389,122.441483,0,1
1066,1066,1063,offscreen_render,25.3471851,startup,27,27,1.77777779,204.598251,95.44151,204.598251,109.999992,95.4415054,50,-1.52587891E-05,350,300,156.598251,68.44149,252.598251,122.441483,0,1
1067,1067,1064,offscreen_render,25.363905,startup,27,27,1.77777779,204.59816,95.44151,204.59816,109.999992,95.4415054,50,-1.52587891E-05,350,300,156.59816,68.44149,252.59816,122.441483,0,1
1068,1068,1065,offscreen_render,25.3804016,startup,27,27,1.77777779,204.598083,95.44151,204.598083,109.999992,95.4415054,50,-1.52587891E-05,350,300,156.598083,68.44149,252.598083,122.441483,0,1
1069,1069,1066,offscreen_render,25.3973465,startup,27,27,1.77777779,204.598,95.44151,204.598,109.999992,95.4415054,50,-1.52587891E-05,350,300,156.598022,68.44149,252.598022,122.441483,0,1
1070,1070,1067,offscreen_render,25.41407,startup,27,27,1.77777779,204.597946,95.44151,204.597946,109.999992,95.4415054,50,-1.52587891E-05,350,300,156.597961,68.44149,252.597961,122.441483,0,1
1071,1071,1068,offscreen_render,25.4307766,startup,27,27,1.77777779,204.5979,95.44151,204.5979,109.999992,95.4415054,50,-1.52587891E-05,350,300,156.5979,68.44149,252.5979,122.441483,0,1
1072,1072,1069,offscreen_render,25.44734,startup,27,27,1.77777779,204.597855,95.44151,204.597855,109.999992,95.4415054,50,-1.52587891E-05,350,300,156.59787,68.44149,252.59787,122.441483,0,1
1073,1073,1070,offscreen_render,25.46372,startup,27,27,1.77777779,204.597824,95.44151,204.597824,109.999992,95.4415054,50,-1.52587891E-05,350,300,156.597839,68.44149,252.597839,122.441483,0,1
1074,1074,1071,offscreen_render,25.480402,startup,27,27,1.77777779,204.5978,95.44151,204.5978,109.999992,95.4415054,50,-1.52587891E-05,350,300,156.5978,68.44149,252.5978,122.441483,0,1
1075,1075,1072,offscreen_render,25.4969234,startup,27,27,1.77777779,204.597763,95.44151,204.597763,109.999992,95.4415054,50,-1.52587891E-05,350,300,156.597778,68.44149,252.597778,122.441483,0,1
1076,1076,1073,offscreen_render,25.51396,startup,27,27,1.77777779,204.597748,95.44151,204.597748,109.999992,95.4415054,50,-1.52587891E-05,350,300,156.597748,68.44149,252.597748,122.441483,0,1
1077,1077,1074,offscreen_render,25.5307446,startup,27,27,1.77777779,204.597733,95.44151,204.597733,109.999992,95.4415054,50,-1.52587891E-05,350,300,156.597748,68.44149,252.597748,122.441483,0,1
1078,1078,1075,offscreen_render,25.5472431,startup,27,27,1.77777779,204.597717,95.44151,204.597717,109.999992,95.4415054,50,-1.52587891E-05,350,300,156.597717,68.44149,252.597717,122.441483,0,1
1079,1079,1076,offscreen_render,25.564043,startup,27,27,1.77777779,204.5977,95.44151,204.5977,109.999992,95.4415054,50,-1.52587891E-05,350,300,156.5977,68.44149,252.5977,122.441483,0,1
1080,1080,1077,offscreen_render,25.5804062,startup,27,27,1.77777779,204.597687,95.44151,204.597687,109.999992,95.4415054,50,-1.52587891E-05,350,300,156.5977,68.44149,252.5977,122.441483,0,1
1081,1081,1078,offscreen_render,25.5973129,startup,27,27,1.77777779,204.597672,95.44151,204.597672,109.999992,95.4415054,50,-1.52587891E-05,350,300,156.597687,68.44149,252.597687,122.441483,0,1
1082,1082,1079,offscreen_render,25.6142712,startup,27,27,1.77777779,204.597656,95.44151,204.597656,109.999992,95.4415054,50,-1.52587891E-05,350,300,156.597656,68.44149,252.597656,122.441483,0,1
1083,1083,1080,offscreen_render,25.6306877,startup,27,27,1.77777779,204.597656,95.44151,204.597656,109.999992,95.4415054,50,-1.52587891E-05,350,300,156.597656,68.44149,252.597656,122.441483,0,1
1084,1084,1081,offscreen_render,25.6475029,startup,27,27,1.77777779,204.597656,95.44151,204.597656,109.999992,95.4415054,50,-1.52587891E-05,350,300,156.597656,68.44149,252.597656,122.441483,0,1
1085,1085,1082,offscreen_render,25.6641064,startup,27,27,1.77777779,204.597656,95.44151,204.597656,109.999992,95.4415054,50,-1.52587891E-05,350,300,156.597656,68.44149,252.597656,122.441483,0,1
1086,1086,1083,offscreen_render,25.6803074,startup,27,27,1.77777779,204.597656,95.44151,204.597656,109.999992,95.4415054,50,-1.52587891E-05,350,300,156.597656,68.44149,252.597656,122.441483,0,1
1087,1087,1084,offscreen_render,25.6968632,startup,27,27,1.77777779,204.597656,95.44151,204.597656,109.999992,95.4415054,50,-1.52587891E-05,350,300,156.597656,68.44149,252.597656,122.441483,0,1
1088,1088,1085,offscreen_render,25.7139721,startup,27,27,1.77777779,204.597656,95.44151,204.597656,109.999992,95.4415054,50,-1.52587891E-05,350,300,156.597656,68.44149,252.597656,122.441483,0,1
1089,1089,1086,offscreen_render,25.7307625,startup,27,27,1.77777779,204.597656,95.44151,204.597656,109.999992,95.4415054,50,-1.52587891E-05,350,300,156.597656,68.44149,252.597656,122.441483,0,1
1090,1090,1087,offscreen_render,25.7472916,startup,27,27,1.77777779,204.597656,95.44151,204.597656,109.999992,95.4415054,50,-1.52587891E-05,350,300,156.597656,68.44149,252.597656,122.441483,0,1
1091,1091,1088,offscreen_render,25.7639866,startup,27,27,1.77777779,204.597656,95.44151,204.597656,109.999992,95.4415054,50,-1.52587891E-05,350,300,156.597656,68.44149,252.597656,122.441483,0,1
1092,1092,1089,offscreen_render,25.7808,startup,27,27,1.77777779,204.597656,95.44151,204.597656,109.999992,95.4415054,50,-1.52587891E-05,350,300,156.597656,68.44149,252.597656,122.441483,0,1
1093,1093,1090,offscreen_render,25.7972584,startup,27,27,1.77777779,204.597656,95.44151,204.597656,109.999992,95.4415054,50,-1.52587891E-05,350,300,156.597656,68.44149,252.597656,122.441483,0,1
1094,1094,1091,offscreen_render,25.8139458,startup,27,27,1.77777779,204.597656,95.44151,204.597656,109.999992,95.4415054,50,-1.52587891E-05,350,300,156.597656,68.44149,252.597656,122.441483,0,1
1095,1095,1092,offscreen_render,25.83047,startup,27,27,1.77777779,204.597656,95.44151,204.597656,109.999992,95.4415054,50,-1.52587891E-05,350,300,156.597656,68.44149,252.597656,122.441483,0,1
1096,1096,1093,offscreen_render,25.8470325,startup,27,27,1.77777779,204.597656,95.44151,204.597656,109.999992,95.4415054,50,-1.52587891E-05,350,300,156.597656,68.44149,252.597656,122.441483,0,1
1097,1097,1094,offscreen_render,25.8638535,startup,27,27,1.77777779,204.597656,95.44151,204.597656,109.999992,95.4415054,50,-1.52587891E-05,350,300,156.597656,68.44149,252.597656,122.441483,0,1
1098,1098,1095,offscreen_render,25.8805885,startup,27,27,1.77777779,204.597656,95.44151,204.597656,109.999992,95.4415054,50,-1.52587891E-05,350,300,156.597656,68.44149,252.597656,122.441483,0,1
1099,1099,1096,offscreen_render,25.8972759,startup,27,27,1.77777779,204.597656,95.44151,204.597656,109.999992,95.4415054,50,-1.52587891E-05,350,300,156.597656,68.44149,252.597656,122.441483,0,1
1100,1100,1097,offscreen_render,25.91409,startup,27,27,1.77777779,204.597656,95.44151,204.597656,109.999992,95.4415054,50,-1.52587891E-05,350,300,156.597656,68.44149,252.597656,122.441483,0,1
1101,1101,1098,offscreen_render,25.9307,startup,27,27,1.77777779,204.597656,95.44151,204.597656,109.999992,95.4415054,50,-1.52587891E-05,350,300,156.597656,68.44149,252.597656,122.441483,0,1
1102,1102,1099,offscreen_render,26.03812,startup,27,27,1.77777779,204.71991,95.5230255,204.71991,109.999992,95.52302,50,-1.52587891E-05,350,300,156.719925,68.523,252.719925,122.522995,0,1
1103,1103,1100,offscreen_render,26.0554581,startup,27,27,1.77777779,204.7427,95.54058,204.7427,109.999992,95.54057,50,-1.52587891E-05,350,300,156.742722,68.54056,252.742722,122.54055,0,1
1104,1104,1101,offscreen_render,26.071352,startup,27,27,1.77777779,204.7592,95.56,204.7592,109.999992,95.55999,50,-1.52587891E-05,350,300,156.7592,68.5599747,252.7592,122.559967,0,1
1105,1105,1102,offscreen_render,26.0871544,startup,27,27,1.77777779,204.76709,95.58212,204.76709,109.999992,95.5821152,50,-1.52587891E-05,350,300,156.76709,68.5821,252.76709,122.582092,0,1
1106,1106,1103,offscreen_render,26.1038551,startup,27,27,1.77777779,204.765015,95.60745,204.765015,109.999992,95.6074448,50,-1.52587891E-05,350,300,156.765015,68.60742,252.765015,122.607414,0,1
1107,1107,1104,offscreen_render,26.1209526,startup,27,27,1.77777779,204.7523,95.63624,204.7523,109.999992,95.63623,50,-1.52587891E-05,350,300,156.752319,68.6362152,252.752319,122.636208,0,1
1108,1108,1105,offscreen_render,26.1384163,startup,27,27,1.77777779,204.728821,95.6685638,204.728821,109.999992,95.66856,50,-1.52587891E-05,350,300,156.728821,68.66854,252.728821,122.668533,0,1
1109,1109,1106,offscreen_render,26.1536388,startup,27,27,1.77777779,204.698532,95.70198,204.698532,109.999992,95.70197,50,-1.52587891E-05,350,300,156.698547,68.70196,252.698547,122.70195,0,1
1110,1110,1107,offscreen_render,26.1704369,startup,27,27,1.77777779,204.66777,95.7325745,204.66777,109.999992,95.73257,50,-1.52587891E-05,350,300,156.667786,68.73255,252.667786,122.732544,0,1
1111,1111,1108,offscreen_render,26.1870327,startup,27,27,1.77777779,204.64093,95.75771,204.64093,109.999992,95.7577057,50,-1.52587891E-05,350,300,156.64093,68.75769,252.64093,122.757683,0,1
1112,1112,1109,offscreen_render,26.20386,startup,27,27,1.77777779,204.620941,95.77574,204.620941,109.999992,95.7757339,50,-1.52587891E-05,350,300,156.620956,68.77572,252.620956,122.775711,0,1
1113,1113,1110,offscreen_render,26.220356,startup,27,27,1.77777779,204.609634,95.78572,204.609634,109.999992,95.78571,50,-1.52587891E-05,350,300,156.60965,68.7857,252.60965,122.78569,0,1
1114,1114,1111,offscreen_render,26.2376556,startup,27,27,1.77777779,204.608017,95.78723,204.608017,109.999992,95.7872238,50,-1.52587891E-05,350,300,156.608032,68.78721,252.608032,122.7872,0,1
1115,1115,1112,offscreen_render,26.25375,startup,27,27,1.77777779,204.612869,95.78039,204.612869,109.999992,95.78038,50,-1.52587891E-05,350,300,156.612885,68.780365,252.612885,122.780357,0,1
1116,1116,1113,offscreen_render,26.2704773,startup,27,27,1.77777779,204.618454,95.7656555,204.618454,109.999992,95.76565,50,-1.52587891E-05,350,300,156.618469,68.765625,252.618469,122.765617,0,1
1117,1117,1114,offscreen_render,26.287262,startup,27,27,1.77777779,204.620789,95.743576,204.620789,109.999992,95.74357,50,-1.52587891E-05,350,300,156.620789,68.74355,252.620789,122.743546,0,1
1118,1118,1115,offscreen_render,26.30402,startup,27,27,1.77777779,204.617218,95.7147446,204.617218,109.999992,95.71474,50,-1.52587891E-05,350,300,156.617218,68.71472,252.617218,122.714714,0,1
1119,1119,1116,offscreen_render,26.32049,startup,27,27,1.77777779,204.606064,95.6797562,204.606064,109.999992,95.67975,50,-1.52587891E-05,350,300,156.606079,68.6797256,252.606079,122.679718,0,1
1120,1120,1117,offscreen_render,26.3381634,startup,27,27,1.77777779,204.5864,95.6392,204.5864,109.999992,95.63919,50,-1.52587891E-05,350,300,156.5864,68.6391754,252.5864,122.639168,0,1
1121,1121,1118,offscreen_render,26.353487,startup,27,27,1.77777779,204.56192,95.59504,204.56192,109.999992,95.59503,50,-1.52587891E-05,350,300,156.56192,68.59502,252.56192,122.595009,0,1
1122,1122,1119,offscreen_render,26.3703918,startup,27,27,1.77777779,204.5391,95.55,204.5391,109.999992,95.5499954,50,-1.52587891E-05,350,300,156.539108,68.54998,252.539108,122.549973,0,1
1123,1123,1120,offscreen_render,26.3871536,startup,27,27,1.77777779,204.522308,95.50601,204.522308,109.999992,95.5060043,50,-1.52587891E-05,350,300,156.522308,68.50599,252.522308,122.505981,0,1
1124,1124,1121,offscreen_render,26.4036674,startup,27,27,1.77777779,204.514435,95.46435,204.514435,109.999992,95.46434,50,-1.52587891E-05,350,300,156.514435,68.464325,252.514435,122.464317,0,1
1125,1125,1122,offscreen_render,26.4203835,startup,27,27,1.77777779,204.517212,95.42584,204.517212,109.999992,95.4258347,50,-1.52587891E-05,350,300,156.517227,68.42582,252.517227,122.425812,0,1
1126,1126,1123,offscreen_render,26.43761,startup,27,27,1.77777779,204.531525,95.39097,204.531525,109.999992,95.39096,50,-1.52587891E-05,350,300,156.531525,68.3909454,252.531525,122.390938,0,1
1127,1127,1124,offscreen_render,26.4536858,startup,27,27,1.77777779,204.5552,95.36199,204.5552,109.999992,95.3619843,50,-1.52587891E-05,350,300,156.555222,68.36197,252.555222,122.361961,0,1
1128,1128,1125,offscreen_render,26.470232,startup,27,27,1.77777779,204.584259,95.34218,204.584259,109.999992,95.34217,50,-1.52587891E-05,350,300,156.584259,68.3421555,252.584259,122.342148,0,1
1129,1129,1126,offscreen_render,26.4871864,startup,27,27,1.77777779,204.615784,95.33351,204.615784,109.999992,95.3335,50,-1.52587891E-05,350,300,156.615784,68.33349,252.615784,122.333481,0,1
1130,1130,1127,offscreen_render,26.5036278,startup,27,27,1.77777779,204.64769,95.33704,204.64769,109.999992,95.3370361,50,-1.52587891E-05,350,300,156.64769,68.33702,252.64769,122.337013,0,1
1131,1131,1128,offscreen_render,26.5207024,startup,27,27,1.77777779,204.678528,95.3531647,204.678528,109.999992,95.35316,50,-1.52587891E-05,350,300,156.678543,68.35314,252.678543,122.353134,0,1
1132,1132,1129,offscreen_render,26.5378246,startup,27,27,1.77777779,204.707336,95.3817749,204.707336,109.999992,95.38177,50,-1.52587891E-05,350,300,156.707336,68.38175,252.707336,122.381744,0,1
1133,1133,1130,offscreen_render,26.5536213,startup,27,27,1.77777779,204.731491,95.41992,204.731491,109.999992,95.4199142,50,-1.52587891E-05,350,300,156.7315,68.4199,252.7315,122.419891,0,1
1134,1134,1131,offscreen_render,26.5709114,startup,27,27,1.77777779,204.747513,95.46299,204.747513,109.999992,95.46298,50,-1.52587891E-05,350,300,156.747528,68.46297,252.747528,122.462959,0,1
1135,1135,1132,offscreen_render,26.5872,startup,27,27,1.77777779,204.75322,95.50764,204.75322,109.999992,95.50763,50,-1.52587891E-05,350,300,156.753235,68.5076141,252.753235,122.507607,0,1
1136,1136,1133,offscreen_render,26.6036053,startup,27,27,1.77777779,204.7474,95.55154,204.7474,109.999992,95.55153,50,-1.52587891E-05,350,300,156.7474,68.55151,252.7474,122.551506,0,1
1137,1137,1134,offscreen_render,26.6209984,startup,27,27,1.77777779,204.729568,95.59308,204.729568,109.999992,95.59307,50,-1.52587891E-05,350,300,156.729584,68.5930557,252.729584,122.593048,0,1
1138,1138,1135,offscreen_render,26.63754,startup,27,27,1.77777779,204.699448,95.63145,204.699448,109.999992,95.63144,50,-1.52587891E-05,350,300,156.699463,68.631424,252.699463,122.631416,0,1
1139,1139,1136,offscreen_render,26.653862,startup,27,27,1.77777779,204.660278,95.66363,204.660278,109.999992,95.66362,50,-1.52587891E-05,350,300,156.660278,68.6636047,252.660278,122.6636,0,1
1140,1140,1137,offscreen_render,26.67075,startup,27,27,1.77777779,204.6164,95.686554,204.6164,109.999992,95.68655,50,-1.52587891E-05,350,300,156.6164,68.68652,252.6164,122.686516,0,1
1141,1141,1138,offscreen_render,26.687336,startup,27,27,1.77777779,204.57103,95.69819,204.57103,109.999992,95.69818,50,-1.52587891E-05,350,300,156.571045,68.6981659,252.571045,122.698158,0,1
1142,1142,1139,offscreen_render,26.7039452,startup,27,27,1.77777779,204.526474,95.69744,204.526474,109.999992,95.69743,50,-1.52587891E-05,350,300,156.526474,68.69742,252.526474,122.697411,0,1
1143,1143,1140,offscreen_render,26.7204418,startup,27,27,1.77777779,204.484268,95.68392,204.484268,109.999992,95.6839142,50,-1.52587891E-05,350,300,156.484268,68.6839,252.484268,122.683891,0,1
1144,1144,1141,offscreen_render,26.7370472,startup,27,27,1.77777779,204.4454,95.65772,204.4454,109.999992,95.6577148,50,-1.52587891E-05,350,300,156.4454,68.6577,252.4454,122.657692,0,1
1145,1145,1142,offscreen_render,26.7540073,startup,27,27,1.77777779,204.410492,95.61926,204.410492,109.999992,95.6192551,50,-1.52587891E-05,350,300,156.410492,68.61924,252.410492,122.619232,0,1
1146,1146,1143,offscreen_render,26.87059,startup,27,27,1.77777779,204.28009,95.10096,204.28009,109.999992,95.10095,50,-1.52587891E-05,350,300,156.2801,68.10094,252.2801,122.100929,0,1
1147,1147,1144,offscreen_render,26.8879986,startup,27,27,1.77777779,204.271637,95.0256958,204.271637,109.999992,95.02569,50,-1.52587891E-05,350,300,156.271637,68.02567,252.271637,122.025665,0,1
1148,1148,1145,offscreen_render,26.9036751,startup,27,27,1.77777779,204.26532,94.95014,204.26532,109.999992,94.9501343,50,-1.52587891E-05,350,300,156.26532,67.95012,252.26532,121.950111,0,1
1149,1149,1146,offscreen_render,26.920126,startup,27,27,1.77777779,204.261185,94.8723,204.261185,109.999992,94.87229,50,-1.52587891E-05,350,300,156.2612,67.87227,252.2612,121.872261,0,1
1150,1150,1147,offscreen_render,26.9366856,startup,27,27,1.77777779,204.259216,94.7908554,204.259216,109.999992,94.79085,50,-1.52587891E-05,350,300,156.259232,67.79083,252.259232,121.790825,0,1
1151,1151,1148,offscreen_render,26.953577,startup,27,27,1.77777779,204.259323,94.705,204.259323,109.999992,94.7049942,50,-1.52587891E-05,350,300,156.259323,67.70498,252.259323,121.704971,0,1
1152,1152,1149,offscreen_render,26.97028,startup,27,27,1.77777779,204.261383,94.614296,204.261383,109.999992,94.61429,50,-1.52587891E-05,350,300,156.261383,67.61427,252.261383,121.614265,0,1
1153,1153,1150,offscreen_render,26.9867058,startup,27,27,1.77777779,204.265259,94.5185852,204.265259,109.999992,94.51858,50,-1.52587891E-05,350,300,156.265274,67.51856,252.265274,121.518555,0,1
1154,1154,1151,offscreen_render,27.0033817,startup,27,27,1.77777779,204.270813,94.41791,204.270813,109.999992,94.4179,50,-1.52587891E-05,350,300,156.270813,67.4178848,252.270813,121.417877,0,1
1155,1155,1152,offscreen_render,27.0206051,startup,27,27,1.77777779,204.2779,94.31241,204.2779,109.999992,94.3124,50,-1.52587891E-05,350,300,156.277908,67.31238,252.277908,121.31237,0,1
1156,1156,1153,offscreen_render,27.03681,startup,27,27,1.77777779,204.286346,94.20237,204.286346,109.999992,94.20236,50,-1.52587891E-05,350,300,156.286346,67.20234,252.286346,121.202332,0,1
1157,1157,1154,offscreen_render,27.0538425,startup,27,27,1.77777779,204.296036,94.0880661,204.296036,109.999992,94.08806,50,-1.52587891E-05,350,300,156.296036,67.08804,252.296036,121.088036,0,1
1158,1158,1155,offscreen_render,27.07009,startup,27,27,1.77777779,204.306839,93.96984,204.306839,109.999992,93.96983,50,-1.52587891E-05,350,300,156.306839,66.96981,252.306839,120.9698,0,1
1159,1159,1156,offscreen_render,27.0868454,startup,27,27,1.77777779,204.318619,93.84803,204.318619,109.999992,93.84802,50,-1.52587891E-05,350,300,156.318634,66.84801,252.318634,120.848,0,1
1160,1160,1157,offscreen_render,27.103384,startup,27,27,1.77777779,204.331268,93.72298,204.331268,109.999992,93.72297,50,-1.52587891E-05,350,300,156.331284,66.72295,252.331284,120.722946,0,1
1161,1161,1158,offscreen_render,27.1199837,startup,27,27,1.77777779,204.3447,93.595,204.3447,109.999992,93.59499,50,-1.52587891E-05,350,300,156.3447,66.59498,252.3447,120.594971,0,1
1162,1162,1159,offscreen_render,27.2285461,startup,27,27,1.77777779,204.443069,92.72787,204.443069,109.999992,92.72786,50,-1.52587891E-05,350,300,156.443069,65.72784,252.443069,119.727829,0,1
1163,1163,1160,offscreen_render,27.2452335,startup,27,27,1.77777779,204.456177,92.616066,204.456177,109.999992,92.61606,50,-1.52587891E-05,350,300,156.456177,65.61604,252.456177,119.616035,0,1
1164,1164,1161,offscreen_render,27.2615833,startup,27,27,1.77777779,204.468185,92.5140457,204.468185,109.999992,92.51404,50,-1.52587891E-05,350,300,156.4682,65.5140152,252.4682,119.514008,0,1
1165,1165,1162,offscreen_render,27.2773876,startup,27,27,1.77777779,204.4791,92.4217,204.4791,109.999992,92.42169,50,-1.52587891E-05,350,300,156.4791,65.42168,252.4791,119.421669,0,1
1166,1166,1163,offscreen_render,27.2946072,startup,27,27,1.77777779,204.488922,92.33865,204.488922,109.999992,92.3386459,50,-1.52587891E-05,350,300,156.488937,65.33863,252.488937,119.338623,0,1
1167,1167,1164,offscreen_render,27.310833,startup,27,27,1.77777779,204.497726,92.26441,204.497726,109.999992,92.2644043,50,-1.52587891E-05,350,300,156.497726,65.26439,252.497726,119.264381,0,1
1168,1168,1165,offscreen_render,27.32783,startup,27,27,1.77777779,204.505585,92.19836,204.505585,109.999992,92.19835,50,-1.52587891E-05,350,300,156.5056,65.19833,252.5056,119.198326,0,1
1169,1169,1166,offscreen_render,27.3444424,startup,27,27,1.77777779,204.512558,92.1398544,204.512558,109.999992,92.13985,50,-1.52587891E-05,350,300,156.512558,65.13983,252.512558,119.139824,0,1
1170,1170,1167,offscreen_render,27.36125,startup,27,27,1.77777779,204.518738,92.08805,204.518738,109.999992,92.08804,50,-1.52587891E-05,350,300,156.518738,65.08802,252.518738,119.088013,0,1
1171,1171,1168,offscreen_render,27.3776417,startup,27,27,1.77777779,204.524155,92.04267,204.524155,109.999992,92.04266,50,-1.52587891E-05,350,300,156.52417,65.04265,252.52417,119.042641,0,1
1172,1172,1169,offscreen_render,27.3949146,startup,27,27,1.77777779,204.528915,92.0028839,204.528915,109.999992,92.00288,50,-1.52587891E-05,350,300,156.528931,65.00286,252.528931,119.002853,0,1
1173,1173,1170,offscreen_render,27.41088,startup,27,27,1.77777779,204.533081,91.9680939,204.533081,109.999992,91.96809,50,-1.52587891E-05,350,300,156.533081,64.96807,252.533081,118.968063,0,1
1174,1174,1171,offscreen_render,27.4279766,startup,27,27,1.77777779,204.536713,91.9377441,204.536713,109.999992,91.93774,50,-1.52587891E-05,350,300,156.536728,64.93772,252.536728,118.937714,0,1
1175,1175,1172,offscreen_render,27.4441662,startup,27,27,1.77777779,204.539886,91.91133,204.539886,109.999992,91.91132,50,-1.52587891E-05,350,300,156.539886,64.91131,252.539886,118.9113,0,1
1176,1176,1173,offscreen_render,27.4612751,startup,27,27,1.77777779,204.542648,91.88839,204.542648,109.999992,91.88838,50,-1.52587891E-05,350,300,156.542664,64.88837,252.542664,118.888359,0,1
1177,1177,1174,offscreen_render,27.4781876,startup,27,27,1.77777779,204.545044,91.8685,204.545044,109.999992,91.86849,50,-1.52587891E-05,350,300,156.545059,64.86848,252.545059,118.868469,0,1
1178,1178,1175,offscreen_render,27.494318,startup,27,27,1.77777779,204.547119,91.85129,204.547119,109.999992,91.85128,50,-1.52587891E-05,350,300,156.547119,64.851265,252.547119,118.851257,0,1
1179,1179,1176,offscreen_render,27.51087,startup,27,27,1.77777779,204.5489,91.83642,204.5489,109.999992,91.83641,50,-1.52587891E-05,350,300,156.5489,64.8363953,252.5489,118.836388,0,1
1180,1180,1177,offscreen_render,27.5275269,startup,27,27,1.77777779,204.550446,91.8235855,204.550446,109.999992,91.82358,50,-1.52587891E-05,350,300,156.550461,64.82356,252.550461,118.823555,0,1
1181,1181,1178,offscreen_render,27.5442181,startup,27,27,1.77777779,204.551773,91.81253,204.551773,109.999992,91.81252,50,-1.52587891E-05,350,300,156.551788,64.81251,252.551788,118.8125,0,1
1182,1182,1179,offscreen_render,27.56114,startup,27,27,1.77777779,204.552917,91.80302,204.552917,109.999992,91.80301,50,-1.52587891E-05,350,300,156.552933,64.80299,252.552933,118.802986,0,1
1183,1183,1180,offscreen_render,27.57766,startup,27,27,1.77777779,204.553909,91.79484,204.553909,109.999992,91.79483,50,-1.52587891E-05,350,300,156.553925,64.79481,252.553925,118.7948,0,1
1184,1184,1181,offscreen_render,27.59447,startup,27,27,1.77777779,204.554749,91.78781,204.554749,109.999992,91.7878,50,-1.52587891E-05,350,300,156.554764,64.78779,252.554764,118.787781,0,1
1185,1185,1182,offscreen_render,27.6110916,startup,27,27,1.77777779,204.555481,91.7817841,204.555481,109.999992,91.78178,50,-1.52587891E-05,350,300,156.5555,64.78176,252.5555,118.781754,0,1
1186,1186,1183,offscreen_render,27.62762,startup,27,27,1.77777779,204.5561,91.77662,204.5561,109.999992,91.77661,50,-1.52587891E-05,350,300,156.556122,64.7765961,252.556122,118.776588,0,1
1187,1187,1184,offscreen_render,27.6442852,startup,27,27,1.77777779,204.556641,91.7722,204.556641,109.999992,91.7721939,50,-1.52587891E-05,350,300,156.556641,64.77218,252.556641,118.772171,0,1
1188,1188,1185,offscreen_render,27.6611366,startup,27,27,1.77777779,204.5571,91.76842,204.5571,109.999992,91.76841,50,-1.52587891E-05,350,300,156.5571,64.7683945,252.5571,118.768387,0,1
1189,1189,1186,offscreen_render,27.6775036,startup,27,27,1.77777779,204.5575,91.76518,204.5575,109.999992,91.7651749,50,-1.52587891E-05,350,300,156.55751,64.76516,252.55751,118.765152,0,1
1190,1190,1187,offscreen_render,27.694418,startup,27,27,1.77777779,204.557831,91.76242,204.557831,109.999992,91.76241,50,-1.52587891E-05,350,300,156.557831,64.7624,252.557831,118.76239,0,1
1191,1191,1188,offscreen_render,27.7113247,startup,27,27,1.77777779,204.558121,91.76006,204.558121,109.999992,91.7600555,50,-1.52587891E-05,350,300,156.558136,64.76004,252.558136,118.760033,0,1
1192,1192,1189,offscreen_render,27.7278919,startup,27,27,1.77777779,204.558365,91.75806,204.558365,109.999992,91.75805,50,-1.52587891E-05,350,300,156.55838,64.75803,252.55838,118.758026,0,1
1193,1193,1190,offscreen_render,27.7446938,startup,27,27,1.77777779,204.49054,93.01351,204.49054,109.999992,93.013504,50,-1.52587891E-05,350,300,156.49054,66.01349,252.49054,120.013481,0,1
1194,1194,1191,offscreen_render,27.7613754,startup,27,27,1.77777779,204.315659,96.24674,204.315659,109.999992,96.2467346,50,-1.52587891E-05,350,300,156.315674,69.24673,252.315674,123.246719,0,1
1195,1195,1192,offscreen_render,27.7777615,startup,27,27,1.77777779,204.071838,100.753555,204.071838,109.999992,100.753548,50,-1.52587891E-05,350,300,156.071838,73.75354,252.071838,127.753532,0,1
1196,1196,1193,offscreen_render,27.79434,startup,27,27,1.77777779,203.787323,106.012108,203.787323,109.999992,106.0121,50,-1.52587891E-05,350,300,155.787323,79.01209,251.787323,133.012085,0,1
1197,1197,1194,offscreen_render,27.81122,startup,27,27,1.77777779,203.482788,111.640327,203.482788,109.999992,111.64032,50,-1.52587891E-05,350,300,155.482788,84.64031,251.482788,138.6403,0,1
1198,1198,1195,offscreen_render,27.8278828,startup,27,27,1.77777779,203.173126,117.363007,203.173126,109.999992,117.363,50,-1.52587891E-05,350,300,155.173141,90.363,251.173141,144.362991,0,1
1199,1199,1196,offscreen_render,27.844408,startup,27,27,1.77777779,202.868744,122.988106,202.868744,109.999992,122.9881,50,-1.52587891E-05,350,300,154.868744,95.98809,250.868744,149.988083,0,1
1200,1200,1197,offscreen_render,27.8611526,startup,27,27,1.77777779,202.576691,128.385132,202.576691,109.999992,128.385132,50,-1.52587891E-05,350,300,154.576691,101.385124,250.576691,155.385117,0,1
1201,1201,1198,offscreen_render,27.8774,startup,27,27,1.77777779,202.301468,133.471085,202.301468,109.999992,133.471085,50,-1.52587891E-05,350,300,154.301468,106.471077,250.301468,160.471069,0,1
1202,1202,1199,offscreen_render,27.8943653,startup,27,27,1.77777779,202.045746,138.196609,202.045746,109.999992,138.196609,50,-1.52587891E-05,350,300,154.045761,111.1966,250.045761,165.1966,0,1
1203,1203,1200,offscreen_render,27.9113,startup,27,27,1.77777779,201.810745,142.539185,201.810745,109.999992,142.539185,50,-1.52587891E-05,350,300,153.810745,115.539177,249.810745,169.539169,0,1
1204,1204,1201,offscreen_render,27.9281425,startup,27,27,1.77777779,201.596786,146.4929,201.596786,109.999992,146.4929,50,-1.52587891E-05,350,300,153.596786,119.4929,249.596786,173.492889,0,1
1205,1205,1202,offscreen_render,27.9443455,startup,27,27,1.77777779,201.403458,150.065369,201.403458,109.999992,150.065369,50,-1.52587891E-05,350,300,153.403473,123.065361,249.403473,177.065353,0,1
1206,1206,1203,offscreen_render,27.9612427,startup,27,27,1.77777779,201.229889,153.272675,201.229889,109.999992,153.272675,50,-1.52587891E-05,350,300,153.229889,126.272667,249.229889,180.272659,0,1
1207,1207,1204,offscreen_render,27.97742,startup,27,27,1.77777779,201.074921,156.136292,201.074921,109.999992,156.136292,50,-1.52587891E-05,350,300,153.074936,129.136261,249.074936,183.136261,0,1
1208,1208,1205,offscreen_render,27.99442,startup,27,27,1.77777779,200.937225,158.680679,200.937225,109.999992,158.680679,50,-1.52587891E-05,350,300,152.937241,131.680664,248.937241,185.680664,0,1
1209,1209,1206,offscreen_render,28.0108547,startup,27,27,1.77777779,200.815384,160.932175,200.815384,109.999992,160.932175,50,-1.52587891E-05,350,300,152.815384,133.932159,248.815384,187.932159,0,1
1210,1210,1207,offscreen_render,28.0279751,startup,27,27,1.77777779,200.707962,162.9172,200.707962,109.999992,162.9172,50,-1.52587891E-05,350,300,152.707977,135.917191,248.707977,189.917191,0,1
1211,1211,1208,offscreen_render,28.0447216,startup,27,27,1.77777779,200.613571,164.661423,200.613571,109.999992,164.661423,50,-1.52587891E-05,350,300,152.613586,137.6614,248.613586,191.6614,0,1
1212,1212,1209,offscreen_render,28.0613327,startup,27,27,1.77777779,200.530869,166.189575,200.530869,109.999992,166.189575,50,-1.52587891E-05,350,300,152.530884,139.18956,248.530884,193.18956,0,1
1213,1213,1210,offscreen_render,28.0774574,startup,27,27,1.77777779,200.4586,167.524933,200.4586,109.999992,167.524933,50,-1.52587891E-05,350,300,152.4586,140.5249,248.4586,194.5249,0,1
1214,1214,1211,offscreen_render,28.0943184,startup,27,27,1.77777779,200.3956,168.689087,200.3956,109.999992,168.689087,50,-1.52587891E-05,350,300,152.395615,141.689072,248.395615,195.689072,0,1
1215,1215,1212,offscreen_render,28.1110687,startup,27,27,1.77777779,200.340637,169.704651,200.340637,109.999992,169.704651,50,-1.52587891E-05,350,300,152.340637,142.704636,248.340637,196.704636,0,1
1216,1216,1213,offscreen_render,28.1275139,startup,27,27,1.77777779,200.293091,170.583313,200.293091,109.999992,170.583313,50,-1.52587891E-05,350,300,152.293091,143.5833,248.293091,197.5833,0,1
1217,1217,1214,offscreen_render,28.14434,startup,27,27,1.77777779,200.251892,171.344742,200.251892,109.999992,171.344742,50,-1.52587891E-05,350,300,152.251892,144.344727,248.251892,198.344727,0,1
1218,1218,1215,offscreen_render,28.1609516,startup,27,27,1.77777779,200.216248,172.003479,200.216248,109.999992,172.003479,50,-1.52587891E-05,350,300,152.216263,145.003448,248.216263,199.003448,0,1
1219,1219,1216,offscreen_render,28.1776428,startup,27,27,1.77777779,200.185455,172.572479,200.185455,109.999992,172.572479,50,-1.52587891E-05,350,300,152.185455,145.572464,248.185455,199.572464,0,1
1220,1220,1217,offscreen_render,28.194603,startup,27,27,1.77777779,200.1589,173.063248,200.1589,109.999992,173.063248,50,-1.52587891E-05,350,300,152.1589,146.063232,248.1589,200.063232,0,1
1221,1221,1218,offscreen_render,28.2109528,startup,27,27,1.77777779,200.136032,173.486023,200.136032,109.999992,173.486023,50,-1.52587891E-05,350,300,152.136047,146.486008,248.136047,200.486008,0,1
1222,1222,1219,offscreen_render,28.2277756,startup,27,27,1.77777779,200.116348,173.849762,200.116348,109.999992,173.849762,50,-1.52587891E-05,350,300,152.116364,146.849731,248.116364,200.849731,0,1
1223,1223,1220,offscreen_render,28.24437,startup,27,27,1.77777779,200.099442,174.162323,200.099442,109.999992,174.162323,50,-1.52587891E-05,350,300,152.099442,147.162308,248.099442,201.162308,0,1
1224,1224,1221,offscreen_render,28.26098,startup,27,27,1.77777779,200.08493,174.430634,200.08493,109.999992,174.430634,50,-1.52587891E-05,350,300,152.08493,147.430618,248.08493,201.430618,0,1
1225,1225,1222,offscreen_render,28.2776375,startup,27,27,1.77777779,200.072479,174.660736,200.072479,109.999992,174.660736,50,-1.52587891E-05,350,300,152.072479,147.660721,248.072479,201.660721,0,1
1226,1226,1223,offscreen_render,28.29453,startup,27,27,1.77777779,200.061813,174.85788,200.061813,109.999992,174.85788,50,-1.52587891E-05,350,300,152.061813,147.857864,248.061813,201.857864,0,1
1227,1227,1224,offscreen_render,28.3111839,startup,27,27,1.77777779,200.052689,175.026627,200.052689,109.999992,175.026627,50,-1.52587891E-05,350,300,152.0527,148.026611,248.0527,202.026611,0,1
1228,1228,1225,offscreen_render,28.32759,startup,27,27,1.77777779,200.044876,175.170944,200.044876,109.999992,175.170944,50,-1.52587891E-05,350,300,152.044876,148.170929,248.044876,202.170929,0,1
1229,1229,1226,offscreen_render,28.3447151,startup,27,27,1.77777779,200.038208,175.294281,200.038208,109.999992,175.294281,50,-1.52587891E-05,350,300,152.038208,148.29425,248.038208,202.29425,0,1
1230,1230,1227,offscreen_render,28.3612976,startup,27,27,1.77777779,200.0325,175.399612,200.0325,109.999992,175.399612,50,-1.52587891E-05,350,300,152.032516,148.3996,248.032516,202.3996,0,1
1231,1231,1228,offscreen_render,28.3777256,startup,27,27,1.77777779,200.027634,175.489487,200.027634,109.999992,175.489487,50,-1.52587891E-05,350,300,152.027649,148.489471,248.027649,202.489471,0,1
1232,1232,1229,offscreen_render,28.3945465,startup,27,27,1.77777779,200.023483,175.566132,200.023483,109.999992,175.566132,50,-1.52587891E-05,350,300,152.0235,148.566116,248.0235,202.566116,0,1
1233,1233,1230,offscreen_render,28.41112,startup,27,27,1.77777779,200.019943,175.631439,200.019943,109.999992,175.631439,50,-1.52587891E-05,350,300,152.019958,148.631409,248.019958,202.631409,0,1
1234,1234,1231,offscreen_render,28.4279919,startup,27,27,1.77777779,200.016937,175.687073,200.016937,109.999992,175.687073,50,-1.52587891E-05,350,300,152.016953,148.687042,248.016953,202.687042,0,1
1235,1235,1232,offscreen_render,28.4445667,startup,27,27,1.77777779,200.014374,175.734421,200.014374,109.999992,175.734421,50,-1.52587891E-05,350,300,152.014389,148.7344,248.014389,202.7344,0,1
1236,1236,1233,offscreen_render,28.46125,startup,27,27,1.77777779,200.012192,175.7747,200.012192,109.999992,175.7747,50,-1.52587891E-05,350,300,152.012192,148.774689,248.012192,202.774689,0,1
1237,1237,1234,offscreen_render,28.4778862,startup,27,27,1.77777779,200.010345,175.80896,200.010345,109.999992,175.80896,50,-1.52587891E-05,350,300,152.010361,148.808945,248.010361,202.808945,0,1
1238,1238,1235,offscreen_render,28.4944229,startup,27,27,1.77777779,200.008774,175.838058,200.008774,109.999992,175.838058,50,-1.52587891E-05,350,300,152.008789,148.838043,248.008789,202.838043,0,1
1239,1239,1236,offscreen_render,28.5112762,startup,27,27,1.77777779,200.007431,175.862778,200.007431,109.999992,175.862778,50,-1.52587891E-05,350,300,152.007431,148.862762,248.007431,202.862762,0,1
1240,1240,1237,offscreen_render,28.52796,startup,27,27,1.77777779,200.006287,175.883774,200.006287,109.999992,175.883774,50,-1.52587891E-05,350,300,152.006287,148.883759,248.006287,202.883759,0,1
1241,1241,1238,offscreen_render,28.5444775,startup,27,27,1.77777779,200.005325,175.901581,200.005325,109.999992,175.901581,50,-1.52587891E-05,350,300,152.005325,148.901566,248.005325,202.901566,0,1
1242,1242,1239,offscreen_render,28.5613518,startup,27,27,1.77777779,200.0045,175.916687,200.0045,109.999992,175.916687,50,-1.52587891E-05,350,300,152.0045,148.916656,248.0045,202.916656,0,1
1243,1243,1240,offscreen_render,28.5776863,startup,27,27,1.77777779,200.003815,175.9295,200.003815,109.999992,175.9295,50,-1.52587891E-05,350,300,152.003815,148.929489,248.003815,202.929489,0,1
1244,1244,1241,offscreen_render,28.5945015,startup,27,27,1.77777779,200.00322,175.940369,200.00322,109.999992,175.940369,50,-1.52587891E-05,350,300,152.00322,148.940353,248.00322,202.940353,0,1
1245,1245,1242,offscreen_render,28.61118,startup,27,27,1.77777779,200.002716,175.94957,200.002716,109.999992,175.94957,50,-1.52587891E-05,350,300,152.002716,148.949539,248.002716,202.949539,0,1
1246,1246,1243,offscreen_render,28.6277676,startup,27,27,1.77777779,200.002289,175.957367,200.002289,109.999992,175.957367,50,-1.52587891E-05,350,300,152.0023,148.957352,248.0023,202.957352,0,1
1247,1247,1244,offscreen_render,28.645071,startup,27,27,1.77777779,200.001938,175.963974,200.001938,109.999992,175.963974,50,-1.52587891E-05,350,300,152.001938,148.963959,248.001938,202.963959,0,1
1248,1248,1245,offscreen_render,28.6611214,startup,27,27,1.77777779,200.002441,175.971649,200.002441,109.999992,175.971649,50,-1.52587891E-05,350,300,152.002441,148.971619,248.002441,202.971619,0,1
1249,1249,1246,offscreen_render,28.67793,startup,27,27,1.77777779,200.005051,175.983841,200.005051,109.999992,175.983841,50,-1.52587891E-05,350,300,152.005051,148.98381,248.005051,202.98381,0,1
1250,1250,1247,offscreen_render,28.6942959,startup,27,27,1.77777779,200.01059,176.002792,200.01059,109.999992,176.002792,50,-1.52587891E-05,350,300,152.01059,149.002762,248.01059,203.002762,0,1
1251,1251,1248,offscreen_render,28.8092918,startup,27,27,1.77777779,200.135284,176.343933,200.135284,109.999992,176.343933,50,-1.52587891E-05,350,300,152.135284,149.3439,248.135284,203.3439,0,1
1252,1252,1249,offscreen_render,28.826685,startup,27,27,1.77777779,200.155777,176.398453,200.155777,109.999992,176.398453,50,-1.52587891E-05,350,300,152.155792,149.398438,248.155792,203.398438,0,1
1253,1253,1250,offscreen_render,28.8418884,startup,27,27,1.77777779,200.177048,176.454773,200.177048,109.999992,176.454773,50,-1.52587891E-05,350,300,152.177063,149.454758,248.177063,203.454758,0,1
1254,1254,1251,offscreen_render,28.8585758,startup,27,27,1.77777779,200.199783,176.51474,200.199783,109.999992,176.51474,50,-1.52587891E-05,350,300,152.199783,149.514709,248.199783,203.514709,0,1
1255,1255,1252,offscreen_render,28.8751183,startup,27,27,1.77777779,200.224411,176.5795,200.224411,109.999992,176.5795,50,-1.52587891E-05,350,300,152.224411,149.579468,248.224411,203.579468,0,1
1256,1256,1253,offscreen_render,28.8916779,startup,27,27,1.77777779,200.251175,176.649719,200.251175,109.999992,176.649719,50,-1.52587891E-05,350,300,152.25119,149.649689,248.25119,203.649689,0,1
1257,1257,1254,offscreen_render,28.9084377,startup,27,27,1.77777779,200.2802,176.725708,200.2802,109.999992,176.725708,50,-1.52587891E-05,350,300,152.280212,149.7257,248.280212,203.7257,0,1
1258,1258,1255,offscreen_render,28.9250984,startup,27,27,1.77777779,200.311478,176.8075,200.311478,109.999992,176.8075,50,-1.52587891E-05,350,300,152.311478,149.807465,248.311478,203.807465,0,1
1259,1259,1256,offscreen_render,28.9418888,startup,27,27,1.77777779,200.345,176.895,200.345,109.999992,176.895,50,-1.52587891E-05,350,300,152.345,149.894974,248.345,203.894974,0,1
1260,1260,1257,offscreen_render,28.9583759,startup,27,27,1.77777779,200.3806,176.987869,200.3806,109.999992,176.987869,50,-1.52587891E-05,350,300,152.3806,149.987839,248.3806,203.987839,0,1
1261,1261,1258,offscreen_render,29.067564,startup,27,27,1.77777779,200.648911,177.6866,200.648911,109.999992,177.6866,50,-1.52587891E-05,350,300,152.648926,150.686569,248.648926,204.686569,0,1
1262,1262,1259,offscreen_render,29.0846539,startup,27,27,1.77777779,200.6856,177.782074,200.6856,109.999992,177.782074,50,-1.52587891E-05,350,300,152.685608,150.782059,248.685608,204.782059,0,1
1263,1263,1260,offscreen_render,29.100647,startup,27,27,1.77777779,200.721359,177.875153,200.721359,109.999992,177.875153,50,-1.52587891E-05,350,300,152.721359,150.875137,248.721359,204.875137,0,1
1264,1264,1261,offscreen_render,29.1169453,startup,27,27,1.77777779,200.757,177.967911,200.757,109.999992,177.967911,50,-1.52587891E-05,350,300,152.757019,150.96788,248.757019,204.96788,0,1
1265,1265,1262,offscreen_render,29.1334229,startup,27,27,1.77777779,200.793091,178.0618,200.793091,109.999992,178.0618,50,-1.52587891E-05,350,300,152.793091,151.061783,248.793091,205.061783,0,1
1266,1266,1263,offscreen_render,29.1502056,startup,27,27,1.77777779,200.829987,178.157776,200.829987,109.999992,178.157776,50,-1.52587891E-05,350,300,152.829987,151.157761,248.829987,205.157761,0,1
1267,1267,1264,offscreen_render,29.1664925,startup,27,27,1.77777779,200.86792,178.256454,200.86792,109.999992,178.256454,50,-1.52587891E-05,350,300,152.867935,151.256424,248.867935,205.256424,0,1
1268,1268,1265,offscreen_render,29.18377,startup,27,27,1.77777779,200.907028,178.358185,200.907028,109.999992,178.358185,50,-1.52587891E-05,350,300,152.907028,151.35817,248.907028,205.35817,0,1
1269,1269,1266,offscreen_render,29.2001,startup,27,27,1.77777779,200.947372,178.4631,200.947372,109.999992,178.4631,50,-1.52587891E-05,350,300,152.947388,151.463074,248.947388,205.463074,0,1
1270,1270,1267,offscreen_render,29.2166443,startup,27,27,1.77777779,200.988953,178.571228,200.988953,109.999992,178.571228,50,-1.52587891E-05,350,300,152.988968,151.5712,248.988968,205.5712,0,1
1271,1271,1268,offscreen_render,29.2338028,startup,27,27,1.77777779,201.031738,178.682465,201.031738,109.999992,178.682465,50,-1.52587891E-05,350,300,153.031738,151.682434,249.031738,205.682434,0,1
1272,1272,1269,offscreen_render,29.2499275,startup,27,27,1.77777779,201.075668,178.796692,201.075668,109.999992,178.796692,50,-1.52587891E-05,350,300,153.075668,151.796677,249.075668,205.796677,0,1
1273,1273,1270,offscreen_render,29.2669525,startup,27,27,1.77777779,201.120682,178.913712,201.120682,109.999992,178.913712,50,-1.52587891E-05,350,300,153.1207,151.9137,249.1207,205.9137,0,1
1274,1274,1271,offscreen_render,29.2833385,startup,27,27,1.77777779,201.166687,179.03331,201.166687,109.999992,179.03331,50,-1.52587891E-05,350,300,153.166687,152.033279,249.166687,206.033279,0,1
1275,1275,1272,offscreen_render,29.3005028,startup,27,27,1.77777779,201.2136,179.155289,201.2136,109.999992,179.155289,50,-1.52587891E-05,350,300,153.2136,152.155273,249.2136,206.155273,0,1
1276,1276,1273,offscreen_render,29.3168373,startup,27,27,1.77777779,201.261322,179.2794,201.261322,109.999992,179.2794,50,-1.52587891E-05,350,300,153.261337,152.279388,249.261337,206.279388,0,1
1277,1277,1274,offscreen_render,29.3344727,startup,27,27,1.77777779,201.3098,179.405472,201.3098,109.999992,179.405472,50,-1.52587891E-05,350,300,153.309814,152.405457,249.309814,206.405457,0,1
1278,1278,1275,offscreen_render,29.3502579,startup,27,27,1.77777779,201.358948,179.533249,201.358948,109.999992,179.533249,50,-1.52587891E-05,350,300,153.358948,152.533234,249.358948,206.533234,0,1
1279,1279,1276,offscreen_render,29.36661,startup,27,27,1.77777779,201.408691,179.662582,201.408691,109.999992,179.662582,50,-1.52587891E-05,350,300,153.408691,152.662552,249.408691,206.662552,0,1
1280,1280,1277,offscreen_render,29.3834038,startup,27,27,1.77777779,201.458969,179.793289,201.458969,109.999992,179.793289,50,-1.52587891E-05,350,300,153.458984,152.793274,249.458984,206.793274,0,1
1281,1281,1278,offscreen_render,29.39998,startup,27,27,1.77777779,201.5097,179.925217,201.5097,109.999992,179.925217,50,-1.52587891E-05,350,300,153.50972,152.9252,249.50972,206.9252,0,1
1282,1282,1279,offscreen_render,29.41647,startup,27,27,1.77777779,201.560852,180.058212,201.560852,109.999992,180.058212,50,-1.52587891E-05,350,300,153.560852,153.0582,249.560852,207.0582,0,1
1283,1283,1280,offscreen_render,29.4331646,startup,27,27,1.77777779,201.612366,180.192139,201.612366,109.999992,180.192139,50,-1.52587891E-05,350,300,153.612366,153.192108,249.612366,207.192108,0,1
1284,1284,1281,offscreen_render,29.45052,startup,27,27,1.77777779,201.6642,180.3269,201.6642,109.999992,180.3269,50,-1.52587891E-05,350,300,153.664215,153.326889,249.664215,207.326889,0,1
1285,1285,1282,offscreen_render,29.4671555,startup,27,27,1.77777779,201.716309,180.462372,201.716309,109.999992,180.462372,50,-1.52587891E-05,350,300,153.716309,153.462357,249.716309,207.462357,0,1
1286,1286,1283,offscreen_render,29.4832554,startup,27,27,1.77777779,201.768646,180.598465,201.768646,109.999992,180.598465,50,-1.52587891E-05,350,300,153.768646,153.59845,249.768646,207.59845,0,1
1287,1287,1284,offscreen_render,29.5000477,startup,27,27,1.77777779,201.8212,180.7351,201.8212,109.999992,180.7351,50,-1.52587891E-05,350,300,153.8212,153.735092,249.8212,207.735092,0,1
1288,1288,1285,offscreen_render,29.5167217,startup,27,27,1.77777779,201.873932,180.872223,201.873932,109.999992,180.872223,50,-1.52587891E-05,350,300,153.873932,153.872208,249.873932,207.872208,0,1
1289,1289,1286,offscreen_render,29.5333977,startup,27,27,1.77777779,201.926819,181.009735,201.926819,109.999992,181.009735,50,-1.52587891E-05,350,300,153.926834,154.00972,249.926834,208.00972,0,1
1290,1290,1287,offscreen_render,29.5500927,startup,27,27,1.77777779,201.979843,181.1476,201.979843,109.999992,181.1476,50,-1.52587891E-05,350,300,153.979843,154.147583,249.979843,208.147583,0,1
1291,1291,1288,offscreen_render,29.5668621,startup,27,27,1.77777779,202.03299,181.285767,202.03299,109.999992,181.285767,50,-1.52587891E-05,350,300,154.03299,154.285751,250.03299,208.285751,0,1
1292,1292,1289,offscreen_render,29.583353,startup,27,27,1.77777779,202.086227,181.4242,202.086227,109.999992,181.4242,50,-1.52587891E-05,350,300,154.086227,154.424179,250.086227,208.424179,0,1
1293,1293,1290,offscreen_render,29.60005,startup,27,27,1.77777779,202.139557,181.562851,202.139557,109.999992,181.562851,50,-1.52587891E-05,350,300,154.139557,154.562836,250.139557,208.562836,0,1
1294,1294,1291,offscreen_render,29.6168919,startup,27,27,1.77777779,202.192963,181.701721,202.192963,109.999992,181.701721,50,-1.52587891E-05,350,300,154.192978,154.7017,250.192978,208.7017,0,1
1295,1295,1292,offscreen_render,29.6331654,startup,27,27,1.77777779,202.246429,181.840744,202.246429,109.999992,181.840744,50,-1.52587891E-05,350,300,154.246445,154.840714,250.246445,208.840714,0,1
1296,1296,1293,offscreen_render,29.65003,startup,27,27,1.77777779,202.299957,181.979919,202.299957,109.999992,181.979919,50,-1.52587891E-05,350,300,154.299957,154.979889,250.299957,208.979889,0,1
1297,1297,1294,offscreen_render,29.6666565,startup,27,27,1.77777779,202.353531,182.1192,202.353531,109.999992,182.1192,50,-1.52587891E-05,350,300,154.353546,155.119186,250.353546,209.119186,0,1
1298,1298,1295,offscreen_render,29.68331,startup,27,27,1.77777779,202.40715,182.258591,202.40715,109.999992,182.258591,50,-1.52587891E-05,350,300,154.407166,155.25856,250.407166,209.25856,0,1
1299,1299,1296,offscreen_render,29.7000275,startup,27,27,1.77777779,202.4608,182.398087,202.4608,109.999992,182.398087,50,-1.52587891E-05,350,300,154.460815,155.398056,250.460815,209.398056,0,1
1300,1300,1297,offscreen_render,29.7165546,startup,27,27,1.77777779,202.514481,182.537643,202.514481,109.999992,182.537643,50,-1.52587891E-05,350,300,154.5145,155.537628,250.5145,209.537628,0,1
1301,1301,1298,offscreen_render,29.73329,startup,27,27,1.77777779,202.568176,182.677277,202.568176,109.999992,182.677277,50,-1.52587891E-05,350,300,154.568176,155.677261,250.568176,209.677261,0,1
1302,1302,1299,offscreen_render,29.7499828,startup,27,27,1.77777779,202.6219,182.816956,202.6219,109.999992,182.816956,50,-1.52587891E-05,350,300,154.6219,155.81694,250.6219,209.81694,0,1
1303,1303,1300,offscreen_render,29.7670422,startup,27,27,1.77777779,202.675644,182.9567,202.675644,109.999992,182.9567,50,-1.52587891E-05,350,300,154.675644,155.95668,250.675644,209.95668,0,1
1304,1304,1301,offscreen_render,29.78345,startup,27,27,1.77777779,202.7294,183.096466,202.7294,109.999992,183.096466,50,-1.52587891E-05,350,300,154.7294,156.096436,250.7294,210.096436,0,1
1305,1305,1302,offscreen_render,29.7997837,startup,27,27,1.77777779,202.783173,183.236267,202.783173,109.999992,183.236267,50,-1.52587891E-05,350,300,154.783173,156.236252,250.783173,210.236252,0,1
1306,1306,1303,offscreen_render,29.816679,startup,27,27,1.77777779,202.83696,183.376114,202.83696,109.999992,183.376114,50,-1.52587891E-05,350,300,154.83696,156.3761,250.83696,210.3761,0,1
1307,1307,1304,offscreen_render,29.833353,startup,27,27,1.77777779,202.890747,183.515976,202.890747,109.999992,183.515976,50,-1.52587891E-05,350,300,154.890747,156.515945,250.890747,210.515945,0,1
1308,1308,1305,offscreen_render,29.8498459,startup,27,27,1.77777779,202.94455,183.655853,202.94455,109.999992,183.655853,50,-1.52587891E-05,350,300,154.94455,156.655838,250.94455,210.655838,0,1
1309,1309,1306,offscreen_render,29.86667,startup,27,27,1.77777779,202.998352,183.795746,202.998352,109.999992,183.795746,50,-1.52587891E-05,350,300,154.998367,156.795731,250.998367,210.795731,0,1
1310,1310,1307,offscreen_render,29.8834934,startup,27,27,1.77777779,203.05217,183.935669,203.05217,109.999992,183.935669,50,-1.52587891E-05,350,300,155.052185,156.935654,251.052185,210.935654,0,1
1311,1311,1308,offscreen_render,29.9000435,startup,27,27,1.77777779,203.105988,184.075592,203.105988,109.999992,184.075592,50,-1.52587891E-05,350,300,155.105988,157.075577,251.105988,211.075577,0,1
1312,1312,1309,offscreen_render,29.9167385,startup,27,27,1.77777779,203.1598,184.21553,203.1598,109.999992,184.21553,50,-1.52587891E-05,350,300,155.159821,157.2155,251.159821,211.2155,0,1
1313,1313,1310,offscreen_render,29.9333572,startup,27,27,1.77777779,203.213638,184.355484,203.213638,109.999992,184.355484,50,-1.52587891E-05,350,300,155.213654,157.355469,251.213654,211.355469,0,1
1314,1314,1311,offscreen_render,29.950058,startup,27,27,1.77777779,203.267471,184.495438,203.267471,109.999992,184.495438,50,-1.52587891E-05,350,300,155.267487,157.4954,251.267487,211.4954,0,1
1315,1315,1312,offscreen_render,29.9668,startup,27,27,1.77777779,203.3213,184.6354,203.3213,109.999992,184.6354,50,-1.52587891E-05,350,300,155.32132,157.635376,251.32132,211.635376,0,1
1316,1316,1313,offscreen_render,29.983408,startup,27,27,1.77777779,203.375137,184.775375,203.375137,109.999992,184.775375,50,-1.52587891E-05,350,300,155.375153,157.77536,251.375153,211.77536,0,1
1317,1317,1314,offscreen_render,30.000021,startup,27,27,1.77777779,203.42897,184.915344,203.42897,109.999992,184.915344,50,-1.52587891E-05,350,300,155.428986,157.915329,251.428986,211.915329,0,1
1318,1318,1315,offscreen_render,30.0164127,startup,27,27,1.77777779,203.4828,185.055328,203.4828,109.999992,185.055328,50,-1.52587891E-05,350,300,155.482819,158.0553,251.482819,212.0553,0,1
1319,1319,1316,offscreen_render,30.03326,startup,27,27,1.77777779,203.536636,185.195313,203.536636,109.999992,185.195313,50,-1.52587891E-05,350,300,155.536652,158.195282,251.536652,212.195282,0,1
1320,1320,1317,offscreen_render,30.0500183,startup,27,27,1.77777779,203.590485,185.3353,203.590485,109.999992,185.3353,50,-1.52587891E-05,350,300,155.590485,158.335266,251.590485,212.335266,0,1
1321,1321,1318,offscreen_render,30.06681,startup,27,27,1.77777779,203.644333,185.4753,203.644333,109.999992,185.4753,50,-1.52587891E-05,350,300,155.644348,158.475266,251.644348,212.475266,0,1
1322,1322,1319,offscreen_render,30.0839233,startup,27,27,1.77777779,203.698181,185.6153,203.698181,109.999992,185.6153,50,-1.52587891E-05,350,300,155.6982,158.615265,251.6982,212.615265,0,1
1323,1323,1320,offscreen_render,30.1004944,startup,27,27,1.77777779,203.752029,185.75528,203.752029,109.999992,185.75528,50,-1.52587891E-05,350,300,155.752029,158.755249,251.752029,212.755249,0,1
1324,1324,1321,offscreen_render,30.1165047,startup,27,27,1.77777779,203.805878,185.895264,203.805878,109.999992,185.895264,50,-1.52587891E-05,350,300,155.805878,158.895233,251.805878,212.895233,0,1
1325,1325,1322,offscreen_render,30.1333389,startup,27,27,1.77777779,203.859726,186.035263,203.859726,109.999992,186.035263,50,-1.52587891E-05,350,300,155.859741,159.035233,251.859741,213.035233,0,1
1326,1326,1323,offscreen_render,30.1501255,startup,27,27,1.77777779,203.913574,186.175262,203.913574,109.999992,186.175262,50,-1.52587891E-05,350,300,155.913574,159.175232,251.913574,213.175232,0,1
1327,1327,1324,offscreen_render,30.1666145,startup,27,27,1.77777779,203.967422,186.315262,203.967422,109.999992,186.315262,50,-1.52587891E-05,350,300,155.967438,159.315231,251.967438,213.315231,0,1
1328,1328,1325,offscreen_render,30.183466,startup,27,27,1.77777779,204.021271,186.455261,204.021271,109.999992,186.455261,50,-1.52587891E-05,350,300,156.021286,159.455231,252.021286,213.455231,0,1
1329,1329,1326,offscreen_render,30.20014,startup,27,27,1.77777779,204.075119,186.595261,204.075119,109.999992,186.595261,50,-1.52587891E-05,350,300,156.075119,159.59523,252.075119,213.59523,0,1
1330,1330,1327,offscreen_render,30.2164841,startup,27,27,1.77777779,204.128967,186.73526,204.128967,109.999992,186.73526,50,-1.52587891E-05,350,300,156.128967,159.735245,252.128967,213.735245,0,1
1331,1331,1328,offscreen_render,30.2335529,startup,27,27,1.77777779,204.182816,186.875259,204.182816,109.999992,186.875259,50,-1.52587891E-05,350,300,156.182831,159.875244,252.182831,213.875244,0,1
1332,1332,1329,offscreen_render,30.2502537,startup,27,27,1.77777779,204.236664,187.015259,204.236664,109.999992,187.015259,50,-1.52587891E-05,350,300,156.236664,160.015244,252.236664,214.015244,0,1
1333,1333,1330,offscreen_render,30.26684,startup,27,27,1.77777779,204.290512,187.155258,204.290512,109.999992,187.155258,50,-1.52587891E-05,350,300,156.290527,160.155243,252.290527,214.155243,0,1
1334,1334,1331,offscreen_render,30.2834778,startup,27,27,1.77777779,204.34436,187.295258,204.34436,109.999992,187.295258,50,-1.52587891E-05,350,300,156.344376,160.295242,252.344376,214.295242,0,1
1335,1335,1332,offscreen_render,30.3000813,startup,27,27,1.77777779,204.39743,187.43541,204.39743,109.999992,187.43541,50,-1.52587891E-05,350,300,156.39743,160.4354,252.39743,214.4354,0,1
1336,1336,1333,offscreen_render,30.3166752,startup,27,27,1.77777779,204.448532,187.575943,204.448532,109.999992,187.575943,50,-1.52587891E-05,350,300,156.448547,160.575912,252.448547,214.575912,0,1
1337,1337,1334,offscreen_render,30.333231,startup,27,27,1.77777779,204.496887,187.71701,204.496887,109.999992,187.71701,50,-1.52587891E-05,350,300,156.4969,160.71698,252.4969,214.71698,0,1
1338,1338,1335,offscreen_render,30.3500824,startup,27,27,1.77777779,204.542023,187.8587,204.542023,109.999992,187.8587,50,-1.52587891E-05,350,300,156.542038,160.858688,252.542038,214.858688,0,1
1339,1339,1336,offscreen_render,30.36653,startup,27,27,1.77777779,204.583725,188.001068,204.583725,109.999992,188.001068,50,-1.52587891E-05,350,300,156.58374,161.001053,252.58374,215.001053,0,1
1340,1340,1337,offscreen_render,30.3831844,startup,27,27,1.77777779,204.621933,188.1441,204.621933,109.999992,188.1441,50,-1.52587891E-05,350,300,156.621948,161.144089,252.621948,215.144089,0,1
1341,1341,1338,offscreen_render,30.40009,startup,27,27,1.77777779,204.656708,188.287811,204.656708,109.999992,188.287811,50,-1.52587891E-05,350,300,156.656708,161.2878,252.656708,215.2878,0,1
1342,1342,1339,offscreen_render,30.4166546,startup,27,27,1.77777779,204.688171,188.432144,204.688171,109.999992,188.432144,50,-1.52587891E-05,350,300,156.688171,161.432114,252.688171,215.432114,0,1
1343,1343,1340,offscreen_render,30.43339,startup,27,27,1.77777779,204.716537,188.577087,204.716537,109.999992,188.577087,50,-1.52587891E-05,350,300,156.716537,161.577072,252.716537,215.577072,0,1
1344,1344,1341,offscreen_render,30.4500351,startup,27,27,1.77777779,204.74202,188.7226,204.74202,109.999992,188.7226,50,-1.52587891E-05,350,300,156.742035,161.722565,252.742035,215.722565,0,1
1345,1345,1342,offscreen_render,30.4667339,startup,27,27,1.77777779,204.764847,188.868622,204.764847,109.999992,188.868622,50,-1.52587891E-05,350,300,156.764862,161.8686,252.764862,215.8686,0,1
1346,1346,1343,offscreen_render,30.4835072,startup,27,27,1.77777779,204.785263,189.0151,204.785263,109.999992,189.0151,50,-1.52587891E-05,350,300,156.785278,162.015076,252.785278,216.015076,0,1
1347,1347,1344,offscreen_render,30.5000286,startup,27,27,1.77777779,204.8035,189.162018,204.8035,109.999992,189.162018,50,-1.52587891E-05,350,300,156.803513,162.161987,252.803513,216.161987,0,1
1348,1348,1345,offscreen_render,30.5164261,startup,27,27,1.77777779,204.819763,189.309311,204.819763,109.999992,189.309311,50,-1.52587891E-05,350,300,156.819763,162.30928,252.819763,216.30928,0,1
1349,1349,1346,offscreen_render,30.5333748,startup,27,27,1.77777779,204.83429,189.456955,204.83429,109.999992,189.456955,50,-1.52587891E-05,350,300,156.83429,162.45694,252.83429,216.45694,0,1
1350,1350,1347,offscreen_render,30.5502777,startup,27,27,1.77777779,204.84726,189.604874,204.84726,109.999992,189.604874,50,-1.52587891E-05,350,300,156.847275,162.604843,252.847275,216.604843,0,1
1351,1351,1348,offscreen_render,30.5668945,startup,27,27,1.77777779,204.858856,189.753067,204.858856,109.999992,189.753067,50,-1.52587891E-05,350,300,156.858856,162.753052,252.858856,216.753052,0,1
1352,1352,1349,offscreen_render,30.5832577,startup,27,27,1.77777779,204.869232,189.9015,204.869232,109.999992,189.9015,50,-1.52587891E-05,350,300,156.869247,162.901474,252.869247,216.901474,0,1
1353,1353,1350,offscreen_render,30.6002674,startup,27,27,1.77777779,204.878555,190.05014,204.878555,109.999992,190.05014,50,-1.52587891E-05,350,300,156.878571,163.050125,252.878571,217.050125,0,1
1354,1354,1351,offscreen_render,30.6168938,startup,27,27,1.77777779,204.886932,190.198959,204.886932,109.999992,190.198959,50,-1.52587891E-05,350,300,156.886932,163.198929,252.886932,217.198929,0,1
1355,1355,1352,offscreen_render,30.63377,startup,27,27,1.77777779,204.8945,190.347931,204.8945,109.999992,190.347931,50,-1.52587891E-05,350,300,156.894516,163.3479,252.894516,217.3479,0,1
1356,1356,1353,offscreen_render,30.6502819,startup,27,27,1.77777779,204.901352,190.49704,204.901352,109.999992,190.49704,50,-1.52587891E-05,350,300,156.901367,163.497025,252.901367,217.497025,0,1
1357,1357,1354,offscreen_render,30.66655,startup,27,27,1.77777779,204.9076,190.646271,204.9076,109.999992,190.646271,50,-1.52587891E-05,350,300,156.907608,163.646255,252.907608,217.646255,0,1
1358,1358,1355,offscreen_render,30.6835175,startup,27,27,1.77777779,204.9133,190.795609,204.9133,109.999992,190.795609,50,-1.52587891E-05,350,300,156.9133,163.795578,252.9133,217.795578,0,1
1359,1359,1356,offscreen_render,30.7003345,startup,27,27,1.77777779,204.918533,190.945038,204.918533,109.999992,190.945038,50,-1.52587891E-05,350,300,156.918549,163.945023,252.918549,217.945023,0,1
1360,1360,1357,offscreen_render,30.71649,startup,27,27,1.77777779,204.92337,191.094543,204.92337,109.999992,191.094543,50,-1.52587891E-05,350,300,156.92337,164.094513,252.92337,218.094513,0,1
1361,1361,1358,offscreen_render,30.73405,startup,27,27,1.77777779,204.927856,191.244125,204.927856,109.999992,191.244125,50,-1.52587891E-05,350,300,156.927856,164.2441,252.927856,218.2441,0,1
1362,1362,1359,offscreen_render,30.75026,startup,27,27,1.77777779,204.932037,191.393768,204.932037,109.999992,191.393768,50,-1.52587891E-05,350,300,156.932053,164.393753,252.932053,218.393753,0,1
1363,1363,1360,offscreen_render,30.7668457,startup,27,27,1.77777779,204.935959,191.543442,204.935959,109.999992,191.543442,50,-1.52587891E-05,350,300,156.935974,164.543411,252.935974,218.543411,0,1
1364,1364,1361,offscreen_render,30.7834873,startup,27,27,1.77777779,204.939667,191.693161,204.939667,109.999992,191.693161,50,-1.52587891E-05,350,300,156.939667,164.69313,252.939667,218.69313,0,1
1365,1365,1362,offscreen_render,30.8001366,startup,27,27,1.77777779,204.943176,191.842926,204.943176,109.999992,191.842926,50,-1.52587891E-05,350,300,156.943176,164.842911,252.943176,218.842911,0,1
1366,1366,1363,offscreen_render,30.816452,startup,27,27,1.77777779,204.946533,191.992722,204.946533,109.999992,191.992722,50,-1.52587891E-05,350,300,156.946533,164.9927,252.946533,218.9927,0,1
1367,1367,1364,offscreen_render,30.8332157,startup,27,27,1.77777779,204.949738,192.142548,204.949738,109.999992,192.142548,50,-1.52587891E-05,350,300,156.949738,165.142532,252.949738,219.142532,0,1
1368,1368,1365,offscreen_render,30.8499928,startup,27,27,1.77777779,204.952835,192.2924,204.952835,109.999992,192.2924,50,-1.52587891E-05,350,300,156.952835,165.2924,252.952835,219.2924,0,1
1369,1369,1366,offscreen_render,30.8666344,startup,27,27,1.77777779,204.955826,192.442261,204.955826,109.999992,192.442261,50,-1.52587891E-05,350,300,156.955841,165.442261,252.955841,219.442261,0,1
1370,1370,1367,offscreen_render,30.8831921,startup,27,27,1.77777779,204.958725,192.592148,204.958725,109.999992,192.592148,50,-1.52587891E-05,350,300,156.95874,165.592148,252.95874,219.592148,0,1
1371,1371,1368,offscreen_render,30.9001427,startup,27,27,1.77777779,204.961548,192.74205,204.961548,109.999992,192.74205,50,-1.52587891E-05,350,300,156.961548,165.74205,252.961548,219.74205,0,1
1372,1372,1369,offscreen_render,30.9166012,startup,27,27,1.77777779,204.96431,192.891968,204.96431,109.999992,192.891968,50,-1.52587891E-05,350,300,156.964325,165.891953,252.964325,219.891953,0,1
1373,1373,1370,offscreen_render,30.9339771,startup,27,27,1.77777779,204.96701,193.041885,204.96701,109.999992,193.041885,50,-1.52587891E-05,350,300,156.967026,166.041885,252.967026,220.041885,0,1
1374,1374,1371,offscreen_render,30.9503269,startup,27,27,1.77777779,204.969666,193.1918,204.969666,109.999992,193.1918,50,-1.52587891E-05,350,300,156.969681,166.191788,252.969681,220.191788,0,1
1375,1375,1372,offscreen_render,30.9668655,startup,27,27,1.77777779,204.974075,193.3408,204.974075,109.999992,193.3408,50,-1.52587891E-05,350,300,156.974075,166.3408,252.974075,220.3408,0,1
1376,1376,1373,offscreen_render,30.9833927,startup,27,27,1.77777779,204.983047,193.487381,204.983047,109.999992,193.487381,50,-1.52587891E-05,350,300,156.983047,166.487366,252.983047,220.487366,0,1
1377,1377,1374,offscreen_render,31.000288,startup,27,27,1.77777779,204.998413,193.630585,204.998413,109.999992,193.630585,50,-1.52587891E-05,350,300,156.998428,166.630569,252.998428,220.630569,0,1
1378,1378,1375,offscreen_render,31.0166111,startup,27,27,1.77777779,205.02124,193.769867,205.02124,109.999992,193.769867,50,-1.52587891E-05,350,300,157.02124,166.769867,253.02124,220.769867,0,1
1379,1379,1376,offscreen_render,31.0332661,startup,27,27,1.77777779,205.052063,193.9049,205.052063,109.999992,193.9049,50,-1.52587891E-05,350,300,157.052078,166.9049,253.052078,220.9049,0,1
1380,1380,1377,offscreen_render,31.0499821,startup,27,27,1.77777779,205.091019,194.03566,205.091019,109.999992,194.03566,50,-1.52587891E-05,350,300,157.091034,167.03566,253.091034,221.03566,0,1
1381,1381,1378,offscreen_render,31.0667152,startup,27,27,1.77777779,205.13797,194.1622,205.13797,109.999992,194.1622,50,-1.52587891E-05,350,300,157.13797,167.162186,253.13797,221.162186,0,1
1382,1382,1379,offscreen_render,31.0833454,startup,27,27,1.77777779,205.192581,194.2847,205.192581,109.999992,194.2847,50,-1.52587891E-05,350,300,157.1926,167.284683,253.1926,221.284683,0,1
1383,1383,1380,offscreen_render,31.1005535,startup,27,27,1.77777779,205.25444,194.4034,205.25444,109.999992,194.4034,50,-1.52587891E-05,350,300,157.254456,167.4034,253.254456,221.4034,0,1
1384,1384,1381,offscreen_render,31.1172028,startup,27,27,1.77777779,205.323013,194.518539,205.323013,109.999992,194.518539,50,-1.52587891E-05,350,300,157.323029,167.518539,253.323029,221.518539,0,1
1385,1385,1382,offscreen_render,31.1342525,startup,27,27,1.77777779,205.397751,194.630432,205.397751,109.999992,194.630432,50,-1.52587891E-05,350,300,157.397766,167.630432,253.397766,221.630432,0,1
1386,1386,1383,offscreen_render,31.15027,startup,27,27,1.77777779,205.478119,194.739349,205.478119,109.999992,194.739349,50,-1.52587891E-05,350,300,157.478119,167.739349,253.478119,221.739349,0,1
1387,1387,1384,offscreen_render,31.16701,startup,27,27,1.77777779,205.563568,194.8456,205.563568,109.999992,194.8456,50,-1.52587891E-05,350,300,157.563583,167.845581,253.563583,221.845581,0,1
1388,1388,1385,offscreen_render,31.1834526,startup,27,27,1.77777779,205.653564,194.949432,205.653564,109.999992,194.949432,50,-1.52587891E-05,350,300,157.65358,167.949417,253.65358,221.949417,0,1
1389,1389,1386,offscreen_render,31.20039,startup,27,27,1.77777779,205.74765,195.051132,205.74765,109.999992,195.051132,50,-1.52587891E-05,350,300,157.74765,168.051132,253.74765,222.051132,0,1
1390,1390,1387,offscreen_render,31.21681,startup,27,27,1.77777779,205.845337,195.150909,205.845337,109.999992,195.150909,50,-1.52587891E-05,350,300,157.845337,168.150909,253.845337,222.150909,0,1
1391,1391,1388,offscreen_render,31.2334671,startup,27,27,1.77777779,205.946243,195.249008,205.946243,109.999992,195.249008,50,-1.52587891E-05,350,300,157.946259,168.249,253.946259,222.249,0,1
1392,1392,1389,offscreen_render,31.2502384,startup,27,27,1.77777779,206.049957,195.345612,206.049957,109.999992,195.345612,50,-1.52587891E-05,350,300,158.049957,168.345612,254.049957,222.345612,0,1
1393,1393,1390,offscreen_render,31.26681,startup,27,27,1.77777779,206.156158,195.440918,206.156158,109.999992,195.440918,50,-1.52587891E-05,350,300,158.156158,168.4409,254.156158,222.4409,0,1
1394,1394,1391,offscreen_render,31.2837143,startup,27,27,1.77777779,206.264526,195.53508,206.264526,109.999992,195.53508,50,-1.52587891E-05,350,300,158.264526,168.535065,254.264526,222.535065,0,1
1395,1395,1392,offscreen_render,31.3002758,startup,27,27,1.77777779,206.3748,195.628235,206.3748,109.999992,195.628235,50,-1.52587891E-05,350,300,158.374817,168.628235,254.374817,222.628235,0,1
1396,1396,1393,offscreen_render,31.3167477,startup,27,27,1.77777779,206.486725,195.72052,206.486725,109.999992,195.72052,50,-1.52587891E-05,350,300,158.486725,168.72052,254.486725,222.72052,0,1
1397,1397,1394,offscreen_render,31.3335514,startup,27,27,1.77777779,206.6001,195.812042,206.6001,109.999992,195.812042,50,-1.52587891E-05,350,300,158.6001,168.812027,254.6001,222.812027,0,1
1398,1398,1395,offscreen_render,31.3504162,startup,27,27,1.77777779,206.714722,195.902908,206.714722,109.999992,195.902908,50,-1.52587891E-05,350,300,158.714722,168.9029,254.714722,222.9029,0,1
1399,1399,1396,offscreen_render,31.3670578,startup,27,27,1.77777779,206.830429,195.99321,206.830429,109.999992,195.99321,50,-1.52587891E-05,350,300,158.830444,168.9932,254.830444,222.9932,0,1
1400,1400,1397,offscreen_render,31.3838,startup,27,27,1.77777779,206.947067,196.083008,206.947067,109.999992,196.083008,50,-1.52587891E-05,350,300,158.947083,169.083008,254.947083,223.083008,0,1
1401,1401,1398,offscreen_render,31.40064,startup,27,27,1.77777779,207.06459,196.17244,207.06459,109.999992,196.17244,50,-1.52587891E-05,350,300,159.06459,169.172424,255.06459,223.172424,0,1
1402,1402,1399,offscreen_render,31.4168282,startup,27,27,1.77777779,207.182724,196.261429,207.182724,109.999992,196.261429,50,-1.52587891E-05,350,300,159.182739,169.261414,255.182739,223.261414,0,1
1403,1403,1400,offscreen_render,31.4337711,startup,27,27,1.77777779,207.301483,196.350113,207.301483,109.999992,196.350113,50,-1.52587891E-05,350,300,159.301483,169.3501,255.301483,223.3501,0,1
1404,1404,1401,offscreen_render,31.45009,startup,27,27,1.77777779,207.420761,196.438522,207.420761,109.999992,196.438522,50,-1.52587891E-05,350,300,159.420776,169.4385,255.420776,223.4385,0,1
1405,1405,1402,offscreen_render,31.4667683,startup,27,27,1.77777779,207.5405,196.526718,207.5405,109.999992,196.526718,50,-1.52587891E-05,350,300,159.5405,169.526718,255.5405,223.526718,0,1
1406,1406,1403,offscreen_render,31.4836712,startup,27,27,1.77777779,207.660583,196.614685,207.660583,109.999992,196.614685,50,-1.52587891E-05,350,300,159.6606,169.61467,255.6606,223.61467,0,1
1407,1407,1404,offscreen_render,31.5005283,startup,27,27,1.77777779,207.781,196.7025,207.781,109.999992,196.7025,50,-1.52587891E-05,350,300,159.781,169.702484,255.781,223.702484,0,1
1408,1408,1405,offscreen_render,31.51691,startup,27,27,1.77777779,207.901749,196.790176,207.901749,109.999992,196.790176,50,-1.52587891E-05,350,300,159.901749,169.790161,255.901749,223.790161,0,1
1409,1409,1406,offscreen_render,31.5343475,startup,27,27,1.77777779,208.022675,196.877686,208.022675,109.999992,196.877686,50,-1.52587891E-05,350,300,160.02269,169.87767,256.0227,223.87767,0,1
1410,1410,1407,offscreen_render,31.5502625,startup,27,27,1.77777779,208.143845,196.965118,208.143845,109.999992,196.965118,50,-1.52587891E-05,350,300,160.14386,169.9651,256.14386,223.9651,0,1
1411,1411,1408,offscreen_render,31.5672455,startup,27,27,1.77777779,208.265167,197.052444,208.265167,109.999992,197.052444,50,-1.52587891E-05,350,300,160.265167,170.052429,256.265167,224.052429,0,1
1412,1412,1409,offscreen_render,31.5836143,startup,27,27,1.77777779,208.386658,197.139709,208.386658,109.999992,197.139709,50,-1.52587891E-05,350,300,160.386658,170.1397,256.386658,224.1397,0,1
1413,1413,1410,offscreen_render,31.600296,startup,27,27,1.77777779,208.508255,197.2269,208.508255,109.999992,197.2269,50,-1.52587891E-05,350,300,160.50827,170.226883,256.50827,224.226883,0,1
1414,1414,1411,offscreen_render,31.6166115,startup,27,27,1.77777779,208.629959,197.314026,208.629959,109.999992,197.314026,50,-1.52587891E-05,350,300,160.629959,170.314026,256.629944,224.314026,0,1
1415,1415,1412,offscreen_render,31.633564,startup,27,27,1.77777779,208.751755,197.401108,208.751755,109.999992,197.401108,50,-1.52587891E-05,350,300,160.75177,170.401108,256.75177,224.401108,0,1
1416,1416,1413,offscreen_render,31.6503334,startup,27,27,1.77777779,208.873642,197.488159,208.873642,109.999992,197.488159,50,-1.52587891E-05,350,300,160.873657,170.488144,256.873657,224.488144,0,1
1417,1417,1414,offscreen_render,31.6669083,startup,27,27,1.77777779,208.995621,197.57518,208.995621,109.999992,197.57518,50,-1.52587891E-05,350,300,160.995621,170.575165,256.9956,224.575165,0,1
1418,1418,1415,offscreen_render,31.68354,startup,27,27,1.77777779,209.117615,197.66214,209.117615,109.999992,197.66214,50,-1.52587891E-05,350,300,161.117615,170.66214,257.1176,224.66214,0,1
1419,1419,1416,offscreen_render,31.7003918,startup,27,27,1.77777779,209.23967,197.749084,209.23967,109.999992,197.749084,50,-1.52587891E-05,350,300,161.239685,170.749084,257.2397,224.749084,0,1
1420,1420,1417,offscreen_render,31.7165489,startup,27,27,1.77777779,209.361771,197.836014,209.361771,109.999992,197.836014,50,-1.52587891E-05,350,300,161.361786,170.836014,257.3618,224.836014,0,1
1421,1421,1418,offscreen_render,31.7334175,startup,27,27,1.77777779,209.4839,197.922913,209.4839,109.999992,197.922913,50,-1.52587891E-05,350,300,161.483917,170.9229,257.483917,224.9229,0,1
1422,1422,1419,offscreen_render,31.7501183,startup,27,27,1.77777779,209.6045,198.010742,209.6045,109.999992,198.010742,50,-1.52587891E-05,350,300,161.604523,171.010727,257.604523,225.010727,0,1
1423,1423,1420,offscreen_render,31.7666588,startup,27,27,1.77777779,209.7211,198.100937,209.7211,109.999992,198.100937,50,-1.52587891E-05,350,300,161.7211,171.100922,257.7211,225.100922,0,1
1424,1424,1421,offscreen_render,31.7833214,startup,27,27,1.77777779,209.8321,198.194443,209.8321,109.999992,198.194443,50,-1.52587891E-05,350,300,161.832123,171.194443,257.832123,225.194443,0,1
1425,1425,1422,offscreen_render,31.80008,startup,27,27,1.77777779,209.936584,198.291824,209.936584,109.999992,198.291824,50,-1.52587891E-05,350,300,161.9366,171.291824,257.936584,225.291824,0,1
1426,1426,1423,offscreen_render,31.81655,startup,27,27,1.77777779,210.034058,198.393356,210.034058,109.999992,198.393356,50,-1.52587891E-05,350,300,162.034058,171.393356,258.034058,225.393356,0,1
1427,1427,1424,offscreen_render,31.8334064,startup,27,27,1.77777779,210.12442,198.4991,210.12442,109.999992,198.4991,50,-1.52587891E-05,350,300,162.12442,171.499084,258.12442,225.499084,0,1
1428,1428,1425,offscreen_render,31.850069,startup,27,27,1.77777779,210.207779,198.609,210.207779,109.999992,198.609,50,-1.52587891E-05,350,300,162.207779,171.609,258.207764,225.609,0,1
1429,1429,1426,offscreen_render,31.866518,startup,27,27,1.77777779,210.284424,198.722855,210.284424,109.999992,198.722855,50,-1.52587891E-05,350,300,162.284424,171.722855,258.284424,225.722855,0,1
1430,1430,1427,offscreen_render,31.8835049,startup,27,27,1.77777779,210.354752,198.840469,210.354752,109.999992,198.840469,50,-1.52587891E-05,350,300,162.354767,171.840454,258.354767,225.840454,0,1
1431,1431,1428,offscreen_render,31.8998661,startup,27,27,1.77777779,210.419189,198.961578,210.419189,109.999992,198.961578,50,-1.52587891E-05,350,300,162.419189,171.961563,258.4192,225.961563,0,1
1432,1432,1429,offscreen_render,31.9167767,startup,27,27,1.77777779,210.478226,199.085892,210.478226,109.999992,199.085892,50,-1.52587891E-05,350,300,162.478226,172.085892,258.4782,226.085892,0,1
1433,1433,1430,offscreen_render,31.9333553,startup,27,27,1.77777779,210.532333,199.2131,210.532333,109.999992,199.2131,50,-1.52587891E-05,350,300,162.532333,172.2131,258.532349,226.2131,0,1
1434,1434,1431,offscreen_render,31.9499264,startup,27,27,1.77777779,210.582,199.342957,210.582,109.999992,199.342957,50,-1.52587891E-05,350,300,162.582,172.342941,258.582,226.342941,0,1
1435,1435,1432,offscreen_render,31.9667721,startup,27,27,1.77777779,210.627426,199.472961,210.627426,109.999992,199.472961,50,-1.52587891E-05,350,300,162.627441,172.472946,258.627441,226.472946,0,1
1436,1436,1433,offscreen_render,31.9833851,startup,27,27,1.77777779,210.66861,199.59935,210.66861,109.999992,199.59935,50,-1.52587891E-05,350,300,162.66861,172.599335,258.6686,226.599335,0,1
1437,1437,1434,offscreen_render,31.9998779,startup,27,27,1.77777779,210.7057,199.71965,210.7057,109.999992,199.71965,50,-1.52587891E-05,350,300,162.705719,172.719635,258.705719,226.719635,0,1
1438,1438,1435,offscreen_render,32.0165176,startup,27,27,1.77777779,210.7389,199.8323,210.7389,109.999992,199.8323,50,-1.52587891E-05,350,300,162.738922,172.832291,258.738922,226.832291,0,1
1439,1439,1436,offscreen_render,32.0333939,startup,27,27,1.77777779,210.768478,199.936478,210.768478,109.999992,199.936478,50,-1.52587891E-05,350,300,162.7685,172.936478,258.7685,226.936478,0,1
1440,1440,1437,offscreen_render,32.049984,startup,27,27,1.77777779,210.7947,200.031815,210.7947,109.999992,200.031815,50,-1.52587891E-05,350,300,162.794708,173.031815,258.7947,227.031815,0,1
1441,1441,1438,offscreen_render,32.0667877,startup,27,27,1.77777779,210.817841,200.118332,210.817841,109.999992,200.118332,50,-1.52587891E-05,350,300,162.817841,173.118332,258.817841,227.118332,0,1
1442,1442,1439,offscreen_render,32.08316,startup,27,27,1.77777779,210.838211,200.196289,210.838211,109.999992,200.196289,50,-1.52587891E-05,350,300,162.838211,173.196289,258.8382,227.196289,0,1
1443,1443,1440,offscreen_render,32.09986,startup,27,27,1.77777779,210.8561,200.266113,210.8561,109.999992,200.266113,50,-1.52587891E-05,350,300,162.85611,173.2661,258.8561,227.2661,0,1
1444,1444,1441,offscreen_render,32.1167755,startup,27,27,1.77777779,210.871735,200.328323,210.871735,109.999992,200.328323,50,-1.52587891E-05,350,300,162.871735,173.328308,258.871735,227.328308,0,1
1445,1445,1442,offscreen_render,32.1331062,startup,27,27,1.77777779,210.885391,200.3835,210.885391,109.999992,200.3835,50,-1.52587891E-05,350,300,162.8854,173.3835,258.8854,227.3835,0,1
1446,1446,1443,offscreen_render,32.1502533,startup,27,27,1.77777779,210.897278,200.432251,210.897278,109.999992,200.432251,50,-1.52587891E-05,350,300,162.897278,173.432236,258.897278,227.432236,0,1
1447,1447,1444,offscreen_render,32.16648,startup,27,27,1.77777779,210.907608,200.475159,210.907608,109.999992,200.475159,50,-1.52587891E-05,350,300,162.907608,173.475143,258.9076,227.475143,0,1
1448,1448,1445,offscreen_render,32.18315,startup,27,27,1.77777779,210.916565,200.512817,210.916565,109.999992,200.512817,50,-1.52587891E-05,350,300,162.91658,173.5128,258.916565,227.5128,0,1
1449,1449,1446,offscreen_render,32.19997,startup,27,27,1.77777779,210.924316,200.545776,210.924316,109.999992,200.545776,50,-1.52587891E-05,350,300,162.924316,173.545761,258.924316,227.545761,0,1
1450,1450,1447,offscreen_render,32.21669,startup,27,27,1.77777779,210.93103,200.574554,210.93103,109.999992,200.574554,50,-1.52587891E-05,350,300,162.931046,173.574554,258.93103,227.574554,0,1
1451,1451,1448,offscreen_render,32.2334061,startup,27,27,1.77777779,210.936813,200.599609,210.936813,109.999992,200.599609,50,-1.52587891E-05,350,300,162.936813,173.599609,258.936829,227.599609,0,1
1452,1452,1449,offscreen_render,32.2499962,startup,27,27,1.77777779,210.9418,200.621384,210.9418,109.999992,200.621384,50,-1.52587891E-05,350,300,162.9418,173.621384,258.9418,227.621384,0,1
1453,1453,1450,offscreen_render,32.2668457,startup,27,27,1.77777779,210.9461,200.640274,210.9461,109.999992,200.640274,50,-1.52587891E-05,350,300,162.9461,173.640259,258.9461,227.640259,0,1
1454,1454,1451,offscreen_render,32.28302,startup,27,27,1.77777779,210.9498,200.656631,210.9498,109.999992,200.656631,50,-1.52587891E-05,350,300,162.949814,173.656631,258.949829,227.656631,0,1
1455,1455,1452,offscreen_render,32.29994,startup,27,27,1.77777779,210.952972,200.670776,210.952972,109.999992,200.670776,50,-1.52587891E-05,350,300,162.952972,173.670761,258.952972,227.670761,0,1
1456,1456,1453,offscreen_render,32.3165131,startup,27,27,1.77777779,210.955688,200.682983,210.955688,109.999992,200.682983,50,-1.52587891E-05,350,300,162.955688,173.682968,258.9557,227.682968,0,1
1457,1457,1454,offscreen_render,32.3333054,startup,27,27,1.77777779,210.958023,200.693512,210.958023,109.999992,200.693512,50,-1.52587891E-05,350,300,162.958038,173.6935,258.958038,227.6935,0,1
1458,1458,1455,offscreen_render,32.350174,startup,27,27,1.77777779,210.960022,200.702576,210.960022,109.999992,200.702576,50,-1.52587891E-05,350,300,162.960022,173.70256,258.960022,227.70256,0,1
1459,1459,1456,offscreen_render,32.3669243,startup,27,27,1.77777779,210.961731,200.710373,210.961731,109.999992,200.710373,50,-1.52587891E-05,350,300,162.961731,173.710373,258.961731,227.710373,0,1
1460,1460,1457,offscreen_render,32.383728,startup,27,27,1.77777779,210.9632,200.717072,210.9632,109.999992,200.717072,50,-1.52587891E-05,350,300,162.9632,173.717056,258.9632,227.717056,0,1
1461,1461,1458,offscreen_render,32.4003143,startup,27,27,1.77777779,210.964447,200.722809,210.964447,109.999992,200.722809,50,-1.52587891E-05,350,300,162.964462,173.722809,258.964478,227.722809,0,1
1462,1462,1459,offscreen_render,32.4168549,startup,27,27,1.77777779,210.965515,200.727737,210.965515,109.999992,200.727737,50,-1.52587891E-05,350,300,162.965515,173.727737,258.9655,227.727737,0,1
1463,1463,1460,offscreen_render,32.4336624,startup,27,27,1.77777779,210.966431,200.731949,210.966431,109.999992,200.731949,50,-1.52587891E-05,350,300,162.966431,173.731949,258.966431,227.731949,0,1
1464,1464,1461,offscreen_render,32.45025,startup,27,27,1.77777779,210.967209,200.73555,210.967209,109.999992,200.73555,50,-1.52587891E-05,350,300,162.967209,173.735535,258.967224,227.735535,0,1
1465,1465,1462,offscreen_render,32.46709,startup,27,27,1.77777779,210.967865,200.738647,210.967865,109.999992,200.738647,50,-1.52587891E-05,350,300,162.967865,173.738632,258.967865,227.738632,0,1
1466,1466,1463,offscreen_render,32.4836273,startup,27,27,1.77777779,210.96843,200.741287,210.96843,109.999992,200.741287,50,-1.52587891E-05,350,300,162.968445,173.741272,258.968445,227.741272,0,1
1467,1467,1464,offscreen_render,32.5003166,startup,27,27,1.77777779,210.9689,200.74353,210.9689,109.999992,200.74353,50,-1.52587891E-05,350,300,162.9689,173.743515,258.9689,227.743515,0,1
1468,1468,1465,offscreen_render,32.5168877,startup,27,27,1.77777779,210.969315,200.745453,210.969315,109.999992,200.745453,50,-1.52587891E-05,350,300,162.969315,173.745453,258.9693,227.745453,0,1
1469,1469,1466,offscreen_render,32.53384,startup,27,27,1.77777779,210.969666,200.747086,210.969666,109.999992,200.747086,50,-1.52587891E-05,350,300,162.969681,173.74707,258.969666,227.74707,0,1
1470,1470,1467,offscreen_render,32.55044,startup,27,27,1.77777779,210.969955,200.748474,210.969955,109.999992,200.748474,50,-1.52587891E-05,350,300,162.969955,173.748459,258.969971,227.748459,0,1
1471,1471,1468,offscreen_render,32.56691,startup,27,27,1.77777779,210.9702,200.749664,210.9702,109.999992,200.749664,50,-1.52587891E-05,350,300,162.970215,173.749664,258.9702,227.749664,0,1
1472,1472,1469,offscreen_render,32.5836525,startup,27,27,1.77777779,210.970413,200.750671,210.970413,109.999992,200.750671,50,-1.52587891E-05,350,300,162.970413,173.750656,258.9704,227.750656,0,1
1473,1473,1470,offscreen_render,32.6002045,startup,27,27,1.77777779,210.9706,200.751526,210.9706,109.999992,200.751526,50,-1.52587891E-05,350,300,162.9706,173.751511,258.970581,227.751511,0,1
1474,1474,1471,offscreen_render,32.6167374,startup,27,27,1.77777779,210.970749,200.752258,210.970749,109.999992,200.752258,50,-1.52587891E-05,350,300,162.970764,173.752243,258.970764,227.752243,0,1
1475,1475,1472,offscreen_render,32.633213,startup,27,27,1.77777779,210.970871,200.752884,210.970871,109.999992,200.752884,50,-1.52587891E-05,350,300,162.970871,173.752884,258.9709,227.752884,0,1
1476,1476,1473,offscreen_render,32.65051,startup,27,27,1.77777779,210.970978,200.753418,210.970978,109.999992,200.753418,50,-1.52587891E-05,350,300,162.970978,173.7534,258.970978,227.7534,0,1
1477,1477,1474,offscreen_render,32.66728,startup,27,27,1.77777779,210.971069,200.75386,210.971069,109.999992,200.75386,50,-1.52587891E-05,350,300,162.971069,173.75386,258.971069,227.75386,0,1
1478,1478,1475,offscreen_render,32.7881775,startup,27,27,1.77777779,210.8827,200.610626,210.8827,109.999992,200.610626,50,-1.52587891E-05,350,300,162.8827,173.610611,258.8827,227.610611,0,1
1479,1479,1476,offscreen_render,32.8043976,startup,27,27,1.77777779,210.8665,200.584244,210.8665,109.999992,200.584244,50,-1.52587891E-05,350,300,162.8665,173.584229,258.866516,227.584229,0,1
1480,1480,1477,offscreen_render,32.82074,startup,27,27,1.77777779,210.8482,200.554428,210.8482,109.999992,200.554428,50,-1.52587891E-05,350,300,162.8482,173.554413,258.8482,227.554413,0,1
1481,1481,1478,offscreen_render,32.8371773,startup,27,27,1.77777779,210.826752,200.51944,210.826752,109.999992,200.51944,50,-1.52587891E-05,350,300,162.826767,173.51944,258.826782,227.51944,0,1
1482,1482,1479,offscreen_render,32.85401,startup,27,27,1.77777779,210.8015,200.478226,210.8015,109.999992,200.478226,50,-1.52587891E-05,350,300,162.8015,173.47821,258.8015,227.47821,0,1
1483,1483,1480,offscreen_render,32.8706932,startup,27,27,1.77777779,210.77211,200.430237,210.77211,109.999992,200.430237,50,-1.52587891E-05,350,300,162.77211,173.430222,258.7721,227.430222,0,1
1484,1484,1481,offscreen_render,32.88727,startup,27,27,1.77777779,210.738464,200.3753,210.738464,109.999992,200.3753,50,-1.52587891E-05,350,300,162.738464,173.37529,258.738464,227.37529,0,1
1485,1485,1482,offscreen_render,32.90399,startup,27,27,1.77777779,210.7006,200.313477,210.7006,109.999992,200.313477,50,-1.52587891E-05,350,300,162.7006,173.313461,258.700623,227.313461,0,1
1486,1486,1483,offscreen_render,32.9203529,startup,27,27,1.77777779,210.658691,200.24501,210.658691,109.999992,200.24501,50,-1.52587891E-05,350,300,162.658691,173.245,258.6587,227.245,0,1
1487,1487,1484,offscreen_render,32.93709,startup,27,27,1.77777779,210.61293,200.170258,210.61293,109.999992,200.170258,50,-1.52587891E-05,350,300,162.612946,173.170258,258.612946,227.170258,0,1
1488,1488,1485,offscreen_render,32.954052,startup,27,27,1.77777779,210.563583,200.089645,210.563583,109.999992,200.089645,50,-1.52587891E-05,350,300,162.5636,173.089645,258.5636,227.089645,0,1
1489,1489,1486,offscreen_render,32.9704247,startup,27,27,1.77777779,210.510941,200.003647,210.510941,109.999992,200.003647,50,-1.52587891E-05,350,300,162.510956,173.003647,258.510956,227.003647,0,1
1490,1490,1487,offscreen_render,32.9874,startup,27,27,1.77777779,210.455276,199.91272,210.455276,109.999992,199.91272,50,-1.52587891E-05,350,300,162.455292,172.9127,258.4553,226.9127,0,1
1491,1491,1488,offscreen_render,33.0038071,startup,27,27,1.77777779,210.3969,199.817337,210.3969,109.999992,199.817337,50,-1.52587891E-05,350,300,162.396912,172.817337,258.3969,226.817337,0,1
1492,1492,1489,offscreen_render,33.02043,startup,27,27,1.77777779,210.33606,199.717941,210.33606,109.999992,199.717941,50,-1.52587891E-05,350,300,162.33606,172.717926,258.33606,226.717926,0,1
1493,1493,1490,offscreen_render,33.03705,startup,27,27,1.77777779,210.273026,199.614975,210.273026,109.999992,199.614975,50,-1.52587891E-05,350,300,162.273041,172.614975,258.273041,226.614975,0,1
1494,1494,1491,offscreen_render,33.0537949,startup,27,27,1.77777779,210.208054,199.50882,210.208054,109.999992,199.50882,50,-1.52587891E-05,350,300,162.208054,172.5088,258.208069,226.5088,0,1
1495,1495,1492,offscreen_render,33.07015,startup,27,27,1.77777779,210.141342,199.399841,210.141342,109.999992,199.399841,50,-1.52587891E-05,350,300,162.141357,172.399841,258.141357,226.399841,0,1
1496,1496,1493,offscreen_render,33.0870323,startup,27,27,1.77777779,210.0731,199.288376,210.0731,109.999992,199.288376,50,-1.52587891E-05,350,300,162.0731,172.288361,258.07312,226.288361,0,1
1497,1497,1494,offscreen_render,33.10349,startup,27,27,1.77777779,210.00354,199.174713,210.00354,109.999992,199.174713,50,-1.52587891E-05,350,300,162.00354,172.174713,258.00354,226.174713,0,1
1498,1498,1495,offscreen_render,33.1202927,startup,27,27,1.77777779,209.932785,199.059128,209.932785,109.999992,199.059128,50,-1.52587891E-05,350,300,161.9328,172.059128,257.9328,226.059128,0,1
1499,1499,1496,offscreen_render,33.136982,startup,27,27,1.77777779,209.861008,198.941879,209.861008,109.999992,198.941879,50,-1.52587891E-05,350,300,161.861023,171.941879,257.861023,225.941879,0,1
1500,1500,1497,offscreen_render,33.15382,startup,27,27,1.77777779,209.788345,198.823151,209.788345,109.999992,198.823151,50,-1.52587891E-05,350,300,161.788361,171.823135,257.788361,225.823135,0,1
1501,1501,1498,offscreen_render,33.17033,startup,27,27,1.77777779,209.71489,198.703156,209.71489,109.999992,198.703156,50,-1.52587891E-05,350,300,161.7149,171.703156,257.7149,225.703156,0,1
1502,1502,1499,offscreen_render,33.1868477,startup,27,27,1.77777779,209.640762,198.582062,209.640762,109.999992,198.582062,50,-1.52587891E-05,350,300,161.640778,171.582047,257.640778,225.582047,0,1
1503,1503,1500,offscreen_render,33.20356,startup,27,27,1.77777779,209.566055,198.46,209.566055,109.999992,198.46,50,-1.52587891E-05,350,300,161.566071,171.46,257.566071,225.46,0,1
1504,1504,1501,offscreen_render,33.22051,startup,27,27,1.77777779,209.490829,198.337112,209.490829,109.999992,198.337112,50,-1.52587891E-05,350,300,161.490829,171.3371,257.490845,225.3371,0,1
1505,1505,1502,offscreen_render,33.2367668,startup,27,27,1.77777779,209.415176,198.2135,209.415176,109.999992,198.2135,50,-1.52587891E-05,350,300,161.415192,171.213486,257.4152,225.213486,0,1
1506,1506,1503,offscreen_render,33.253624,startup,27,27,1.77777779,209.339142,198.089279,209.339142,109.999992,198.089279,50,-1.52587891E-05,350,300,161.339142,171.089264,257.339142,225.089264,0,1
1507,1507,1504,offscreen_render,33.27021,startup,27,27,1.77777779,209.262772,197.964508,209.262772,109.999992,197.964508,50,-1.52587891E-05,350,300,161.262772,170.9645,257.262756,224.9645,0,1
1508,1508,1505,offscreen_render,33.28693,startup,27,27,1.77777779,209.186127,197.8393,209.186127,109.999992,197.8393,50,-1.52587891E-05,350,300,161.186142,170.8393,257.186157,224.8393,0,1
1509,1509,1506,offscreen_render,33.3038979,startup,27,27,1.77777779,209.109238,197.713669,209.109238,109.999992,197.713669,50,-1.52587891E-05,350,300,161.109238,170.713654,257.109253,224.713654,0,1
1510,1510,1507,offscreen_render,33.3209763,startup,27,27,1.77777779,209.032135,197.587692,209.032135,109.999992,197.587692,50,-1.52587891E-05,350,300,161.03215,170.587677,257.032166,224.587677,0,1
1511,1511,1508,offscreen_render,33.3375244,startup,27,27,1.77777779,208.95488,197.461456,208.95488,109.999992,197.461456,50,-1.52587891E-05,350,300,160.95488,170.461441,256.9549,224.461441,0,1
1512,1512,1509,offscreen_render,33.35365,startup,27,27,1.77777779,208.877457,197.334961,208.877457,109.999992,197.334961,50,-1.52587891E-05,350,300,160.877472,170.334961,256.877472,224.334961,0,1
1513,1513,1510,offscreen_render,33.37022,startup,27,27,1.77777779,208.7999,197.208252,208.7999,109.999992,197.208252,50,-1.52587891E-05,350,300,160.7999,170.208237,256.7999,224.208237,0,1
1514,1514,1511,offscreen_render,33.3868828,startup,27,27,1.77777779,208.722229,197.08136,208.722229,109.999992,197.08136,50,-1.52587891E-05,350,300,160.722244,170.081345,256.722229,224.081345,0,1
1515,1515,1512,offscreen_render,33.4038048,startup,27,27,1.77777779,208.64447,196.954315,208.64447,109.999992,196.954315,50,-1.52587891E-05,350,300,160.64447,169.9543,256.64447,223.9543,0,1
1516,1516,1513,offscreen_render,33.42034,startup,27,27,1.77777779,208.56662,196.827133,208.56662,109.999992,196.827133,50,-1.52587891E-05,350,300,160.56662,169.827133,256.56662,223.827133,0,1
1517,1517,1514,offscreen_render,33.4372177,startup,27,27,1.77777779,208.488708,196.699844,208.488708,109.999992,196.699844,50,-1.52587891E-05,350,300,160.488708,169.699844,256.4887,223.699844,0,1
1518,1518,1515,offscreen_render,33.4537,startup,27,27,1.77777779,208.410736,196.572464,208.410736,109.999992,196.572464,50,-1.52587891E-05,350,300,160.410736,169.572449,256.410736,223.572449,0,1
1519,1519,1516,offscreen_render,33.4703369,startup,27,27,1.77777779,208.332718,196.444992,208.332718,109.999992,196.444992,50,-1.52587891E-05,350,300,160.332733,169.444977,256.332733,223.444977,0,1
1520,1520,1517,offscreen_render,33.48732,startup,27,27,1.77777779,208.254654,196.317444,208.254654,109.999992,196.317444,50,-1.52587891E-05,350,300,160.254669,169.317429,256.254669,223.317429,0,1
1521,1521,1518,offscreen_render,33.50362,startup,27,27,1.77777779,208.176559,196.18985,208.176559,109.999992,196.18985,50,-1.52587891E-05,350,300,160.176575,169.189835,256.176575,223.189835,0,1
1522,1522,1519,offscreen_render,33.52054,startup,27,27,1.77777779,208.098419,196.0622,208.098419,109.999992,196.0622,50,-1.52587891E-05,350,300,160.098419,169.06218,256.098419,223.06218,0,1
1523,1523,1520,offscreen_render,33.5369644,startup,27,27,1.77777779,208.020264,195.9345,208.020264,109.999992,195.9345,50,-1.52587891E-05,350,300,160.020264,168.934479,256.020264,222.934479,0,1
1524,1524,1521,offscreen_render,33.5536346,startup,27,27,1.77777779,207.942078,195.806763,207.942078,109.999992,195.806763,50,-1.52587891E-05,350,300,159.942078,168.806747,255.942078,222.806747,0,1
1525,1525,1522,offscreen_render,33.5704536,startup,27,27,1.77777779,207.863876,195.679,207.863876,109.999992,195.679,50,-1.52587891E-05,350,300,159.863892,168.679,255.863892,222.679,0,1
1526,1526,1523,offscreen_render,33.5872765,startup,27,27,1.77777779,207.78566,195.551208,207.78566,109.999992,195.551208,50,-1.52587891E-05,350,300,159.78566,168.551208,255.78566,222.551208,0,1
1527,1527,1524,offscreen_render,33.60371,startup,27,27,1.77777779,207.707428,195.4234,207.707428,109.999992,195.4234,50,-1.52587891E-05,350,300,159.707428,168.4234,255.707428,222.4234,0,1
1528,1528,1525,offscreen_render,33.6203,startup,27,27,1.77777779,207.629181,195.295563,207.629181,109.999992,195.295563,50,-1.52587891E-05,350,300,159.6292,168.295547,255.6292,222.295547,0,1
1529,1529,1526,offscreen_render,33.63676,startup,27,27,1.77777779,207.550934,195.167709,207.550934,109.999992,195.167709,50,-1.52587891E-05,350,300,159.550934,168.1677,255.550934,222.1677,0,1
1530,1530,1527,offscreen_render,33.65364,startup,27,27,1.77777779,207.472672,195.039841,207.472672,109.999992,195.039841,50,-1.52587891E-05,350,300,159.472687,168.039841,255.472687,222.039841,0,1
1531,1531,1528,offscreen_render,33.67016,startup,27,27,1.77777779,207.394409,194.911972,207.394409,109.999992,194.911972,50,-1.52587891E-05,350,300,159.394409,167.911972,255.394409,221.911972,0,1
1532,1532,1529,offscreen_render,33.68722,startup,27,27,1.77777779,207.316132,194.784088,207.316132,109.999992,194.784088,50,-1.52587891E-05,350,300,159.316132,167.784088,255.316132,221.784088,0,1
1533,1533,1530,offscreen_render,33.70399,startup,27,27,1.77777779,207.237854,194.656189,207.237854,109.999992,194.656189,50,-1.52587891E-05,350,300,159.237854,167.656174,255.237854,221.656174,0,1
1534,1534,1531,offscreen_render,33.7201958,startup,27,27,1.77777779,207.159576,194.52829,207.159576,109.999992,194.52829,50,-1.52587891E-05,350,300,159.159576,167.528275,255.159576,221.528275,0,1
1535,1535,1532,offscreen_render,33.7369423,startup,27,27,1.77777779,207.081284,194.400391,207.081284,109.999992,194.400391,50,-1.52587891E-05,350,300,159.0813,167.400375,255.0813,221.400375,0,1
1536,1536,1533,offscreen_render,33.7537231,startup,27,27,1.77777779,207.002991,194.272476,207.002991,109.999992,194.272476,50,-1.52587891E-05,350,300,159.002991,167.272476,255.002991,221.272476,0,1
1537,1537,1534,offscreen_render,33.770668,startup,27,27,1.77777779,206.9247,194.144562,206.9247,109.999992,194.144562,50,-1.52587891E-05,350,300,158.9247,167.144547,254.9247,221.144547,0,1
1538,1538,1535,offscreen_render,33.7869835,startup,27,27,1.77777779,206.8464,194.016647,206.8464,109.999992,194.016647,50,-1.52587891E-05,350,300,158.84642,167.016647,254.84642,221.016647,0,1
1539,1539,1536,offscreen_render,33.80365,startup,27,27,1.77777779,206.768112,193.888733,206.768112,109.999992,193.888733,50,-1.52587891E-05,350,300,158.768127,166.888718,254.768127,220.888718,0,1
1540,1540,1537,offscreen_render,33.820507,startup,27,27,1.77777779,206.6898,193.7608,206.6898,109.999992,193.7608,50,-1.52587891E-05,350,300,158.689819,166.7608,254.689819,220.7608,0,1
1541,1541,1538,offscreen_render,33.8367233,startup,27,27,1.77777779,206.611511,193.632889,206.611511,109.999992,193.632889,50,-1.52587891E-05,350,300,158.611511,166.632874,254.611511,220.632874,0,1
1542,1542,1539,offscreen_render,33.8535461,startup,27,27,1.77777779,206.5332,193.504959,206.5332,109.999992,193.504959,50,-1.52587891E-05,350,300,158.533218,166.504959,254.533218,220.504959,0,1
1543,1543,1540,offscreen_render,33.8703537,startup,27,27,1.77777779,206.4549,193.377029,206.4549,109.999992,193.377029,50,-1.52587891E-05,350,300,158.4549,166.377014,254.4549,220.377014,0,1
1544,1544,1541,offscreen_render,33.8869858,startup,27,27,1.77777779,206.376587,193.2491,206.376587,109.999992,193.2491,50,-1.52587891E-05,350,300,158.376587,166.2491,254.376587,220.2491,0,1
1545,1545,1542,offscreen_render,33.9037743,startup,27,27,1.77777779,206.298279,193.12117,206.298279,109.999992,193.12117,50,-1.52587891E-05,350,300,158.2983,166.121155,254.2983,220.121155,0,1
1546,1546,1543,offscreen_render,33.92106,startup,27,27,1.77777779,206.219971,192.993225,206.219971,109.999992,192.993225,50,-1.52587891E-05,350,300,158.219971,165.99321,254.219971,219.99321,0,1
1547,1547,1544,offscreen_render,33.9372749,startup,27,27,1.77777779,206.141663,192.8653,206.141663,109.999992,192.8653,50,-1.52587891E-05,350,300,158.141663,165.8653,254.141663,219.8653,0,1
1548,1548,1545,offscreen_render,33.9537773,startup,27,27,1.77777779,206.063354,192.737366,206.063354,109.999992,192.737366,50,-1.52587891E-05,350,300,158.06337,165.73735,254.06337,219.73735,0,1
1549,1549,1546,offscreen_render,33.97087,startup,27,27,1.77777779,205.985046,192.609421,205.985046,109.999992,192.609421,50,-1.52587891E-05,350,300,157.985046,165.6094,253.985046,219.6094,0,1
1550,1550,1547,offscreen_render,33.987072,startup,27,27,1.77777779,205.907883,192.481155,205.907883,109.999992,192.481155,50,-1.52587891E-05,350,300,157.9079,165.481155,253.9079,219.481155,0,1
1551,1551,1548,offscreen_render,34.0037537,startup,27,27,1.77777779,205.833633,192.352051,205.833633,109.999992,192.352051,50,-1.52587891E-05,350,300,157.833649,165.352051,253.833649,219.352051,0,1
1552,1552,1549,offscreen_render,34.0201721,startup,27,27,1.77777779,205.763458,192.221756,205.763458,109.999992,192.221756,50,-1.52587891E-05,350,300,157.763458,165.221741,253.763458,219.221741,0,1
1553,1553,1550,offscreen_render,34.0370026,startup,27,27,1.77777779,205.698044,192.090088,205.698044,109.999992,192.090088,50,-1.52587891E-05,350,300,157.698059,165.090088,253.698059,219.090088,0,1
1554,1554,1551,offscreen_render,34.05384,startup,27,27,1.77777779,205.637711,191.95694,205.637711,109.999992,191.95694,50,-1.52587891E-05,350,300,157.637726,164.956909,253.637726,218.956909,0,1
1555,1555,1552,offscreen_render,34.07054,startup,27,27,1.77777779,205.58255,191.8223,205.58255,109.999992,191.8223,50,-1.52587891E-05,350,300,157.58255,164.822266,253.58255,218.822266,0,1
1556,1556,1553,offscreen_render,34.0875168,startup,27,27,1.77777779,205.532471,191.686188,205.532471,109.999992,191.686188,50,-1.52587891E-05,350,300,157.532471,164.686157,253.532471,218.686157,0,1
1557,1557,1554,offscreen_render,34.10431,startup,27,27,1.77777779,205.487274,191.54866,205.487274,109.999992,191.54866,50,-1.52587891E-05,350,300,157.487274,164.54863,253.487274,218.54863,0,1
1558,1558,1555,offscreen_render,34.1204071,startup,27,27,1.77777779,205.446686,191.409821,205.446686,109.999992,191.409821,50,-1.52587891E-05,350,300,157.446686,164.40979,253.446686,218.40979,0,1
1559,1559,1556,offscreen_render,34.13676,startup,27,27,1.77777779,205.410355,191.26973,205.410355,109.999992,191.26973,50,-1.52587891E-05,350,300,157.41037,164.2697,253.41037,218.2697,0,1
1560,1560,1557,offscreen_render,34.15381,startup,27,27,1.77777779,205.37796,191.1285,205.37796,109.999992,191.1285,50,-1.52587891E-05,350,300,157.37796,164.128464,253.37796,218.128464,0,1
1561,1561,1558,offscreen_render,34.1704636,startup,27,27,1.77777779,205.349136,190.986221,205.349136,109.999992,190.986221,50,-1.52587891E-05,350,300,157.349152,163.986191,253.349152,217.986191,0,1
1562,1562,1559,offscreen_render,34.18691,startup,27,27,1.77777779,205.323532,190.843018,205.323532,109.999992,190.843018,50,-1.52587891E-05,350,300,157.323532,163.843,253.323532,217.843,0,1
1563,1563,1560,offscreen_render,34.2038,startup,27,27,1.77777779,205.300827,190.698975,205.300827,109.999992,190.698975,50,-1.52587891E-05,350,300,157.300827,163.698944,253.300827,217.698944,0,1
1564,1564,1561,offscreen_render,34.2202568,startup,27,27,1.77777779,205.280716,190.5542,205.280716,109.999992,190.5542,50,-1.52587891E-05,350,300,157.280731,163.554169,253.280731,217.554169,0,1
1565,1565,1562,offscreen_render,34.2371368,startup,27,27,1.77777779,205.262909,190.408737,205.262909,109.999992,190.408737,50,-1.52587891E-05,350,300,157.262924,163.408722,253.262924,217.408722,0,1
1566,1566,1563,offscreen_render,34.2535248,startup,27,27,1.77777779,205.247131,190.2627,205.247131,109.999992,190.2627,50,-1.52587891E-05,350,300,157.247131,163.26268,253.247131,217.26268,0,1
1567,1567,1564,offscreen_render,34.270298,startup,27,27,1.77777779,205.233154,190.116135,205.233154,109.999992,190.116135,50,-1.52587891E-05,350,300,157.23317,163.116119,253.23317,217.116119,0,1
1568,1568,1565,offscreen_render,34.2870255,startup,27,27,1.77777779,205.220749,189.969116,205.220749,109.999992,189.969116,50,-1.52587891E-05,350,300,157.220764,162.9691,253.220764,216.9691,0,1
1569,1569,1566,offscreen_render,34.30379,startup,27,27,1.77777779,205.209732,189.8217,205.209732,109.999992,189.8217,50,-1.52587891E-05,350,300,157.209732,162.821686,253.209732,216.821686,0,1
1570,1570,1567,offscreen_render,34.3204727,startup,27,27,1.77777779,205.199921,189.673935,205.199921,109.999992,189.673935,50,-1.52587891E-05,350,300,157.199936,162.6739,253.199936,216.6739,0,1
1571,1571,1568,offscreen_render,34.33692,startup,27,27,1.77777779,205.191162,189.525864,205.191162,109.999992,189.525864,50,-1.52587891E-05,350,300,157.191162,162.525833,253.191162,216.525833,0,1
1572,1572,1569,offscreen_render,34.3539963,startup,27,27,1.77777779,205.183319,189.377518,205.183319,109.999992,189.377518,50,-1.52587891E-05,350,300,157.183319,162.3775,253.183319,216.3775,0,1
1573,1573,1570,offscreen_render,34.3704147,startup,27,27,1.77777779,205.17627,189.228958,205.17627,109.999992,189.228958,50,-1.52587891E-05,350,300,157.17627,162.228943,253.17627,216.228943,0,1
1574,1574,1571,offscreen_render,34.3870621,startup,27,27,1.77777779,205.1699,189.080185,205.1699,109.999992,189.080185,50,-1.52587891E-05,350,300,157.1699,162.080154,253.1699,216.080154,0,1
1575,1575,1572,offscreen_render,34.4035873,startup,27,27,1.77777779,205.164139,188.931244,205.164139,109.999992,188.931244,50,-1.52587891E-05,350,300,157.164139,161.931229,253.164139,215.931229,0,1
1576,1576,1573,offscreen_render,34.42042,startup,27,27,1.77777779,205.158875,188.782166,205.158875,109.999992,188.782166,50,-1.52587891E-05,350,300,157.158875,161.782135,253.158875,215.782135,0,1
1577,1577,1574,offscreen_render,34.43697,startup,27,27,1.77777779,205.154053,188.63295,205.154053,109.999992,188.63295,50,-1.52587891E-05,350,300,157.154068,161.632919,253.154068,215.632919,0,1
1578,1578,1575,offscreen_render,34.453804,startup,27,27,1.77777779,205.149612,188.483612,205.149612,109.999992,188.483612,50,-1.52587891E-05,350,300,157.149628,161.483582,253.149628,215.483582,0,1
1579,1579,1576,offscreen_render,34.4705734,startup,27,27,1.77777779,205.145508,188.334183,205.145508,109.999992,188.334183,50,-1.52587891E-05,350,300,157.145508,161.334167,253.145508,215.334167,0,1
1580,1580,1577,offscreen_render,34.48694,startup,27,27,1.77777779,205.1417,188.184677,205.1417,109.999992,188.184677,50,-1.52587891E-05,350,300,157.141708,161.184647,253.141708,215.184647,0,1
1581,1581,1578,offscreen_render,34.5037422,startup,27,27,1.77777779,205.138123,188.0351,205.138123,109.999992,188.0351,50,-1.52587891E-05,350,300,157.138138,161.03508,253.138138,215.03508,0,1
1582,1582,1579,offscreen_render,34.5203133,startup,27,27,1.77777779,205.13475,187.885468,205.13475,109.999992,187.885468,50,-1.52587891E-05,350,300,157.13475,160.885452,253.13475,214.885452,0,1
1583,1583,1580,offscreen_render,34.53666,startup,27,27,1.77777779,205.131561,187.735779,205.131561,109.999992,187.735779,50,-1.52587891E-05,350,300,157.131561,160.735748,253.131561,214.735748,0,1
1584,1584,1581,offscreen_render,34.55386,startup,27,27,1.77777779,205.128525,187.586044,205.128525,109.999992,187.586044,50,-1.52587891E-05,350,300,157.128525,160.586029,253.128525,214.586029,0,1
1585,1585,1582,offscreen_render,34.570488,startup,27,27,1.77777779,205.12561,187.436279,205.12561,109.999992,187.436279,50,-1.52587891E-05,350,300,157.12561,160.436249,253.12561,214.436249,0,1
1586,1586,1583,offscreen_render,34.5874138,startup,27,27,1.77777779,205.122818,187.286469,205.122818,109.999992,187.286469,50,-1.52587891E-05,350,300,157.122833,160.286438,253.122833,214.286438,0,1
1587,1587,1584,offscreen_render,34.604023,startup,27,27,1.77777779,205.120117,187.136642,205.120117,109.999992,187.136642,50,-1.52587891E-05,350,300,157.120117,160.136627,253.120117,214.136627,0,1
1588,1588,1585,offscreen_render,34.6205635,startup,27,27,1.77777779,205.1175,186.986786,205.1175,109.999992,186.986786,50,-1.52587891E-05,350,300,157.1175,159.986755,253.1175,213.986755,0,1
1589,1589,1586,offscreen_render,34.6369743,startup,27,27,1.77777779,205.114944,186.836914,205.114944,109.999992,186.836914,50,-1.52587891E-05,350,300,157.11496,159.836884,253.11496,213.836884,0,1
1590,1590,1587,offscreen_render,34.65392,startup,27,27,1.77777779,205.112457,186.687027,205.112457,109.999992,186.687027,50,-1.52587891E-05,350,300,157.112457,159.687,253.112457,213.687,0,1
1591,1591,1588,offscreen_render,34.67054,startup,27,27,1.77777779,205.110016,186.537125,205.110016,109.999992,186.537125,50,-1.52587891E-05,350,300,157.110031,159.537109,253.110031,213.537109,0,1
1592,1592,1589,offscreen_render,34.68726,startup,27,27,1.77777779,205.10762,186.3872,205.10762,109.999992,186.3872,50,-1.52587891E-05,350,300,157.107635,159.387177,253.107635,213.387177,0,1
1593,1593,1590,offscreen_render,34.704525,startup,27,27,1.77777779,205.105255,186.237274,205.105255,109.999992,186.237274,50,-1.52587891E-05,350,300,157.10527,159.237259,253.10527,213.237259,0,1
1594,1594,1591,offscreen_render,34.7205276,startup,27,27,1.77777779,205.102921,186.087357,205.102921,109.999992,186.087357,50,-1.52587891E-05,350,300,157.102936,159.087326,253.102936,213.087326,0,1
1595,1595,1592,offscreen_render,34.7372,startup,27,27,1.77777779,205.100616,185.937408,205.100616,109.999992,185.937408,50,-1.52587891E-05,350,300,157.100616,158.9374,253.100616,212.9374,0,1
1596,1596,1593,offscreen_render,34.7543,startup,27,27,1.77777779,205.098282,185.784439,205.098282,109.999992,185.784439,50,-1.52587891E-05,350,300,157.0983,158.784409,253.0983,212.784409,0,1
1597,1597,1594,offscreen_render,34.7713242,startup,27,27,1.77777779,205.096024,185.634445,205.096024,109.999992,185.634445,50,-1.52587891E-05,350,300,157.096024,158.63443,253.096024,212.63443,0,1
1598,1598,1595,offscreen_render,34.7875824,startup,27,27,1.77777779,205.093781,185.484482,205.093781,109.999992,185.484482,50,-1.52587891E-05,350,300,157.093781,158.484467,253.093781,212.484467,0,1
1599,1599,1596,offscreen_render,34.8044128,startup,27,27,1.77777779,205.091553,185.3345,205.091553,109.999992,185.3345,50,-1.52587891E-05,350,300,157.091553,158.334488,253.091553,212.334488,0,1
1600,1600,1597,offscreen_render,34.82086,startup,27,27,1.77777779,205.089325,185.184525,205.089325,109.999992,185.184525,50,-1.52587891E-05,350,300,157.08934,158.1845,253.08934,212.1845,0,1
1601,1601,1598,offscreen_render,34.83744,startup,27,27,1.77777779,205.087112,185.034561,205.087112,109.999992,185.034561,50,-1.52587891E-05,350,300,157.087128,158.034531,253.087128,212.034531,0,1
1602,1602,1599,offscreen_render,34.8543472,startup,27,27,1.77777779,205.084915,184.8846,205.084915,109.999992,184.8846,50,-1.52587891E-05,350,300,157.08493,157.884567,253.08493,211.884567,0,1
1603,1603,1600,offscreen_render,34.8709679,startup,27,27,1.77777779,205.082718,184.734619,205.082718,109.999992,184.734619,50,-1.52587891E-05,350,300,157.082733,157.734589,253.082733,211.734589,0,1
1604,1604,1601,offscreen_render,34.887867,startup,27,27,1.77777779,205.080521,184.584625,205.080521,109.999992,184.584625,50,-1.52587891E-05,350,300,157.080536,157.58461,253.080536,211.58461,0,1
1605,1605,1602,offscreen_render,34.904232,startup,27,27,1.77777779,205.078339,184.434677,205.078339,109.999992,184.434677,50,-1.52587891E-05,350,300,157.078354,157.434662,253.078354,211.434662,0,1
1606,1606,1603,offscreen_render,34.9208755,startup,27,27,1.77777779,205.076157,184.2847,205.076157,109.999992,184.2847,50,-1.52587891E-05,350,300,157.076157,157.284683,253.076157,211.284683,0,1
1607,1607,1604,offscreen_render,34.9373245,startup,27,27,1.77777779,205.073975,184.13472,205.073975,109.999992,184.13472,50,-1.52587891E-05,350,300,157.073975,157.1347,253.073975,211.1347,0,1
1608,1608,1605,offscreen_render,34.9540939,startup,27,27,1.77777779,205.0718,183.984741,205.0718,109.999992,183.984741,50,-1.52587891E-05,350,300,157.071808,156.984711,253.071808,210.984711,0,1
1609,1609,1606,offscreen_render,34.9707756,startup,27,27,1.77777779,205.069626,183.834763,205.069626,109.999992,183.834763,50,-1.52587891E-05,350,300,157.069641,156.834732,253.069641,210.834732,0,1
1610,1610,1607,offscreen_render,34.98768,startup,27,27,1.77777779,205.067459,183.684784,205.067459,109.999992,183.684784,50,-1.52587891E-05,350,300,157.067459,156.684753,253.067459,210.684753,0,1
1611,1611,1608,offscreen_render,35.0042419,startup,27,27,1.77777779,205.065292,183.534821,205.065292,109.999992,183.534821,50,-1.52587891E-05,350,300,157.0653,156.53479,253.0653,210.53479,0,1
1612,1612,1609,offscreen_render,35.02059,startup,27,27,1.77777779,205.063126,183.384842,205.063126,109.999992,183.384842,50,-1.52587891E-05,350,300,157.063141,156.384827,253.063141,210.384827,0,1
1613,1613,1610,offscreen_render,35.0374374,startup,27,27,1.77777779,205.060959,183.234863,205.060959,109.999992,183.234863,50,-1.52587891E-05,350,300,157.060959,156.234848,253.060959,210.234848,0,1
1614,1614,1611,offscreen_render,35.0543,startup,27,27,1.77777779,205.058792,183.084885,205.058792,109.999992,183.084885,50,-1.52587891E-05,350,300,157.0588,156.084869,253.0588,210.084869,0,1
1615,1615,1612,offscreen_render,35.07102,startup,27,27,1.77777779,205.056625,182.934891,205.056625,109.999992,182.934891,50,-1.52587891E-05,350,300,157.056641,155.93486,253.056641,209.93486,0,1
1616,1616,1613,offscreen_render,35.0877762,startup,27,27,1.77777779,205.054459,182.784927,205.054459,109.999992,182.784927,50,-1.52587891E-05,350,300,157.054459,155.7849,253.054459,209.7849,0,1
1617,1617,1614,offscreen_render,35.1045837,startup,27,27,1.77777779,205.052292,182.634949,205.052292,109.999992,182.634949,50,-1.52587891E-05,350,300,157.0523,155.634933,253.0523,209.634933,0,1
1618,1618,1615,offscreen_render,35.1209679,startup,27,27,1.77777779,205.050125,182.48497,205.050125,109.999992,182.48497,50,-1.52587891E-05,350,300,157.05014,155.484955,253.05014,209.484955,0,1
1619,1619,1616,offscreen_render,35.1375275,startup,27,27,1.77777779,205.047974,182.334991,205.047974,109.999992,182.334991,50,-1.52587891E-05,350,300,157.047974,155.334976,253.047974,209.334976,0,1
1620,1620,1617,offscreen_render,35.15412,startup,27,27,1.77777779,205.045822,182.185013,205.045822,109.999992,182.185013,50,-1.52587891E-05,350,300,157.045837,155.184982,253.045837,209.184982,0,1
1621,1621,1618,offscreen_render,35.17108,startup,27,27,1.77777779,205.043671,182.035034,205.043671,109.999992,182.035034,50,-1.52587891E-05,350,300,157.043671,155.035,253.043671,209.035,0,1
1622,1622,1619,offscreen_render,35.18797,startup,27,27,1.77777779,205.041519,181.88504,205.041519,109.999992,181.88504,50,-1.52587891E-05,350,300,157.041534,154.885025,253.041534,208.885025,0,1
1623,1623,1620,offscreen_render,35.2041359,startup,27,27,1.77777779,205.039368,181.735062,205.039368,109.999992,181.735062,50,-1.52587891E-05,350,300,157.039368,154.735046,253.039368,208.735046,0,1
1624,1624,1621,offscreen_render,35.2210274,startup,27,27,1.77777779,205.037216,181.585083,205.037216,109.999992,181.585083,50,-1.52587891E-05,350,300,157.037231,154.585052,253.037231,208.585052,0,1
1625,1625,1622,offscreen_render,35.23749,startup,27,27,1.77777779,205.035049,181.435043,205.035049,109.999992,181.435043,50,-1.52587891E-05,350,300,157.035049,154.435028,253.035049,208.435028,0,1
1626,1626,1623,offscreen_render,35.2543373,startup,27,27,1.77777779,205.0329,181.2851,205.0329,109.999992,181.2851,50,-1.52587891E-05,350,300,157.0329,154.28508,253.0329,208.28508,0,1
1627,1627,1624,offscreen_render,35.27066,startup,27,27,1.77777779,205.030731,181.135117,205.030731,109.999992,181.135117,50,-1.52587891E-05,350,300,157.030746,154.1351,253.030746,208.1351,0,1
1628,1628,1625,offscreen_render,35.287426,startup,27,27,1.77777779,205.028564,180.985138,205.028564,109.999992,180.985138,50,-1.52587891E-05,350,300,157.028564,153.9851,253.028564,207.9851,0,1
1629,1629,1626,offscreen_render,35.3039665,startup,27,27,1.77777779,205.0264,180.835144,205.0264,109.999992,180.835144,50,-1.52587891E-05,350,300,157.0264,153.835129,253.0264,207.835129,0,1
1630,1630,1627,offscreen_render,35.3208237,startup,27,27,1.77777779,205.026215,180.686279,205.026215,109.999992,180.686279,50,-1.52587891E-05,350,300,157.026215,153.686249,253.026215,207.686249,0,1
1631,1631,1628,offscreen_render,35.3375626,startup,27,27,1.77777779,205.031113,180.540314,205.031113,109.999992,180.540314,50,-1.52587891E-05,350,300,157.031113,153.5403,253.031113,207.5403,0,1
1632,1632,1629,offscreen_render,35.35456,startup,27,27,1.77777779,205.043091,180.398376,205.043091,109.999992,180.398376,50,-1.52587891E-05,350,300,157.0431,153.398346,253.0431,207.398346,0,1
1633,1633,1630,offscreen_render,35.37086,startup,27,27,1.77777779,205.063339,180.261154,205.063339,109.999992,180.261154,50,-1.52587891E-05,350,300,157.063339,153.261139,253.063339,207.261139,0,1
1634,1634,1631,offscreen_render,35.3875771,startup,27,27,1.77777779,205.092422,180.129,205.092422,109.999992,180.129,50,-1.52587891E-05,350,300,157.092438,153.128983,253.092438,207.128983,0,1
1635,1635,1632,offscreen_render,35.4045067,startup,27,27,1.77777779,205.1305,180.001968,205.1305,109.999992,180.001968,50,-1.52587891E-05,350,300,157.1305,153.001938,253.1305,207.001938,0,1
1636,1636,1633,offscreen_render,35.4212837,startup,27,27,1.77777779,205.177475,179.879822,205.177475,109.999992,179.879822,50,-1.52587891E-05,350,300,157.17749,152.8798,253.17749,206.8798,0,1
1637,1637,1634,offscreen_render,35.437706,startup,27,27,1.77777779,205.23288,179.762665,205.23288,109.999992,179.762665,50,-1.52587891E-05,350,300,157.2329,152.76265,253.2329,206.76265,0,1
1638,1638,1635,offscreen_render,35.4546242,startup,27,27,1.77777779,205.29628,179.65004,205.29628,109.999992,179.65004,50,-1.52587891E-05,350,300,157.2963,152.650009,253.2963,206.650009,0,1
1639,1639,1636,offscreen_render,35.4711456,startup,27,27,1.77777779,205.367081,179.541687,205.367081,109.999992,179.541687,50,-1.52587891E-05,350,300,157.3671,152.541656,253.3671,206.541656,0,1
1640,1640,1637,offscreen_render,35.4878922,startup,27,27,1.77777779,205.444717,179.4372,205.444717,109.999992,179.4372,50,-1.52587891E-05,350,300,157.444733,152.43718,253.444733,206.43718,0,1
1641,1641,1638,offscreen_render,35.5043678,startup,27,27,1.77777779,205.528549,179.336273,205.528549,109.999992,179.336273,50,-1.52587891E-05,350,300,157.528564,152.336243,253.528564,206.336243,0,1
1642,1642,1639,offscreen_render,35.5209465,startup,27,27,1.77777779,205.618011,179.238525,205.618011,109.999992,179.238525,50,-1.52587891E-05,350,300,157.618011,152.23851,253.618011,206.23851,0,1
1643,1643,1640,offscreen_render,35.53802,startup,27,27,1.77777779,205.7125,179.143661,205.7125,109.999992,179.143661,50,-1.52587891E-05,350,300,157.7125,152.143646,253.7125,206.143646,0,1
1644,1644,1641,offscreen_render,35.55425,startup,27,27,1.77777779,205.811478,179.051361,205.811478,109.999992,179.051361,50,-1.52587891E-05,350,300,157.8115,152.051331,253.8115,206.051331,0,1
1645,1645,1642,offscreen_render,35.57192,startup,27,27,1.77777779,205.914474,178.961334,205.914474,109.999992,178.961334,50,-1.52587891E-05,350,300,157.91449,151.961319,253.91449,205.961319,0,1
1646,1646,1643,offscreen_render,35.5880127,startup,27,27,1.77777779,206.021,178.873337,206.021,109.999992,178.873337,50,-1.52587891E-05,350,300,158.021,151.873322,254.021,205.873322,0,1
1647,1647,1644,offscreen_render,35.604805,startup,27,27,1.77777779,206.13063,178.787109,206.13063,109.999992,178.787109,50,-1.52587891E-05,350,300,158.130646,151.787079,254.130646,205.787079,0,1
1648,1648,1645,offscreen_render,35.62132,startup,27,27,1.77777779,206.243011,178.702438,206.243011,109.999992,178.702438,50,-1.52587891E-05,350,300,158.243011,151.702423,254.243011,205.702423,0,1
1649,1649,1646,offscreen_render,35.6384239,startup,27,27,1.77777779,206.3578,178.619125,206.3578,109.999992,178.619125,50,-1.52587891E-05,350,300,158.3578,151.61911,254.3578,205.61911,0,1
1650,1650,1647,offscreen_render,35.654747,startup,27,27,1.77777779,206.474655,178.537033,206.474655,109.999992,178.537033,50,-1.52587891E-05,350,300,158.47467,151.537,254.47467,205.537,0,1
1651,1651,1648,offscreen_render,35.6712341,startup,27,27,1.77777779,206.593353,178.455978,206.593353,109.999992,178.455978,50,-1.52587891E-05,350,300,158.593369,151.455963,254.593369,205.455963,0,1
1652,1652,1649,offscreen_render,35.6884537,startup,27,27,1.77777779,206.713654,178.375824,206.713654,109.999992,178.375824,50,-1.52587891E-05,350,300,158.713669,151.375809,254.713669,205.375809,0,1
1653,1653,1650,offscreen_render,35.70466,startup,27,27,1.77777779,206.835312,178.296463,206.835312,109.999992,178.296463,50,-1.52587891E-05,350,300,158.835327,151.296448,254.835327,205.296448,0,1
1654,1654,1651,offscreen_render,35.721096,startup,27,27,1.77777779,206.958176,178.217789,206.958176,109.999992,178.217789,50,-1.52587891E-05,350,300,158.958191,151.217773,254.958191,205.217773,0,1
1655,1655,1652,offscreen_render,35.7379074,startup,27,27,1.77777779,207.082092,178.139679,207.082092,109.999992,178.139679,50,-1.52587891E-05,350,300,159.082092,151.139664,255.082092,205.139664,0,1
1656,1656,1653,offscreen_render,35.7544,startup,27,27,1.77777779,207.2069,178.062088,207.2069,109.999992,178.062088,50,-1.52587891E-05,350,300,159.206909,151.062057,255.206909,205.062057,0,1
1657,1657,1654,offscreen_render,35.77085,startup,27,27,1.77777779,207.332458,177.98494,207.332458,109.999992,177.98494,50,-1.52587891E-05,350,300,159.332474,150.984924,255.332474,204.984924,0,1
1658,1658,1655,offscreen_render,35.78773,startup,27,27,1.77777779,207.4587,177.908173,207.4587,109.999992,177.908173,50,-1.52587891E-05,350,300,159.45871,150.908142,255.45871,204.908142,0,1
1659,1659,1656,offscreen_render,35.8045044,startup,27,27,1.77777779,207.5858,177.832809,207.5858,109.999992,177.832809,50,-1.52587891E-05,350,300,159.5858,150.8328,255.5858,204.8328,0,1
1660,1660,1657,offscreen_render,35.82085,startup,27,27,1.77777779,207.714157,177.760468,207.714157,109.999992,177.760468,50,-1.52587891E-05,350,300,159.714157,150.760452,255.714157,204.760452,0,1
1661,1661,1658,offscreen_render,35.8374634,startup,27,27,1.77777779,207.844,177.692184,207.844,109.999992,177.692184,50,-1.52587891E-05,350,300,159.844,150.692169,255.844,204.692169,0,1
1662,1662,1659,offscreen_render,35.85492,startup,27,27,1.77777779,207.975433,177.628571,207.975433,109.999992,177.628571,50,-1.52587891E-05,350,300,159.975449,150.628555,255.975449,204.628555,0,1
1663,1663,1660,offscreen_render,35.871727,startup,27,27,1.77777779,208.108521,177.5699,208.108521,109.999992,177.5699,50,-1.52587891E-05,350,300,160.108521,150.569885,256.108521,204.569885,0,1
1664,1664,1661,offscreen_render,35.8879776,startup,27,27,1.77777779,208.243164,177.516251,208.243164,109.999992,177.516251,50,-1.52587891E-05,350,300,160.243164,150.516235,256.243164,204.516235,0,1
1665,1665,1662,offscreen_render,35.90457,startup,27,27,1.77777779,208.3794,177.4675,208.3794,109.999992,177.4675,50,-1.52587891E-05,350,300,160.3794,150.467468,256.3794,204.467468,0,1
1666,1666,1663,offscreen_render,35.9213142,startup,27,27,1.77777779,208.517059,177.423431,208.517059,109.999992,177.423431,50,-1.52587891E-05,350,300,160.517075,150.4234,256.5171,204.4234,0,1
1667,1667,1664,offscreen_render,35.93767,startup,27,27,1.77777779,208.6561,177.383774,208.6561,109.999992,177.383774,50,-1.52587891E-05,350,300,160.6561,150.383743,256.6561,204.383743,0,1
1668,1668,1665,offscreen_render,35.95464,startup,27,27,1.77777779,208.7964,177.3482,208.7964,109.999992,177.3482,50,-1.52587891E-05,350,300,160.7964,150.348175,256.7964,204.348175,0,1
1669,1669,1666,offscreen_render,35.9718971,startup,27,27,1.77777779,208.937836,177.316391,208.937836,109.999992,177.316391,50,-1.52587891E-05,350,300,160.937851,150.31636,256.937866,204.31636,0,1
1670,1670,1667,offscreen_render,35.98773,startup,27,27,1.77777779,209.080292,177.288,209.080292,109.999992,177.288,50,-1.52587891E-05,350,300,161.0803,150.287979,257.080322,204.287979,0,1
1671,1671,1668,offscreen_render,36.0048676,startup,27,27,1.77777779,209.223679,177.262665,209.223679,109.999992,177.262665,50,-1.52587891E-05,350,300,161.223679,150.262634,257.2237,204.262634,0,1
1672,1672,1669,offscreen_render,36.02144,startup,27,27,1.77777779,209.36792,177.2401,209.36792,109.999992,177.2401,50,-1.52587891E-05,350,300,161.36792,150.240067,257.36792,204.240067,0,1
1673,1673,1670,offscreen_render,36.0378075,startup,27,27,1.77777779,209.512878,177.22,209.512878,109.999992,177.22,50,-1.52587891E-05,350,300,161.5129,150.219986,257.512878,204.219986,0,1
1674,1674,1671,offscreen_render,36.0545044,startup,27,27,1.77777779,209.658478,177.2021,209.658478,109.999992,177.2021,50,-1.52587891E-05,350,300,161.658478,150.202072,257.658478,204.202072,0,1
1675,1675,1672,offscreen_render,36.0719948,startup,27,27,1.77777779,209.804657,177.186142,209.804657,109.999992,177.186142,50,-1.52587891E-05,350,300,161.804672,150.186127,257.8047,204.186127,0,1
1676,1676,1673,offscreen_render,36.0878334,startup,27,27,1.77777779,209.95134,177.171875,209.95134,109.999992,177.171875,50,-1.52587891E-05,350,300,161.95134,150.171844,257.951355,204.171844,0,1
1677,1677,1674,offscreen_render,36.1044922,startup,27,27,1.77777779,210.098465,177.159119,210.098465,109.999992,177.159119,50,-1.52587891E-05,350,300,162.098465,150.1591,258.09845,204.1591,0,1
1678,1678,1675,offscreen_render,36.1215973,startup,27,27,1.77777779,210.245972,177.147675,210.245972,109.999992,177.147675,50,-1.52587891E-05,350,300,162.245972,150.147659,258.245972,204.147659,0,1
1679,1679,1676,offscreen_render,36.1376457,startup,27,27,1.77777779,210.393829,177.137375,210.393829,109.999992,177.137375,50,-1.52587891E-05,350,300,162.393829,150.13736,258.393829,204.13736,0,1
1680,1680,1677,offscreen_render,36.1548271,startup,27,27,1.77777779,210.542,177.128067,210.542,109.999992,177.128067,50,-1.52587891E-05,350,300,162.542023,150.128052,258.542023,204.128052,0,1
1681,1681,1678,offscreen_render,36.1716156,startup,27,27,1.77777779,210.6904,177.119629,210.6904,109.999992,177.119629,50,-1.52587891E-05,350,300,162.6904,150.1196,258.6904,204.1196,0,1
1682,1682,1679,offscreen_render,36.1876945,startup,27,27,1.77777779,210.839,177.111954,210.839,109.999992,177.111954,50,-1.52587891E-05,350,300,162.83902,150.111923,258.83902,204.111923,0,1
1683,1683,1680,offscreen_render,36.2043076,startup,27,27,1.77777779,210.987808,177.104919,210.987808,109.999992,177.104919,50,-1.52587891E-05,350,300,162.987808,150.1049,258.9878,204.1049,0,1
1684,1684,1681,offscreen_render,36.22128,startup,27,27,1.77777779,211.1368,177.09845,211.1368,109.999992,177.09845,50,-1.52587891E-05,350,300,163.13681,150.098419,259.1368,204.098419,0,1
1685,1685,1682,offscreen_render,36.23779,startup,27,27,1.77777779,211.2859,177.092468,211.2859,109.999992,177.092468,50,-1.52587891E-05,350,300,163.2859,150.092453,259.2859,204.092453,0,1
1686,1686,1683,offscreen_render,36.25476,startup,27,27,1.77777779,211.43515,177.086914,211.43515,109.999992,177.086914,50,-1.52587891E-05,350,300,163.43515,150.086884,259.43515,204.086884,0,1
1687,1687,1684,offscreen_render,36.2712669,startup,27,27,1.77777779,211.584488,177.081726,211.584488,109.999992,177.081726,50,-1.52587891E-05,350,300,163.5845,150.0817,259.5845,204.0817,0,1
1688,1688,1685,offscreen_render,36.28785,startup,27,27,1.77777779,211.733917,177.076843,211.733917,109.999992,177.076843,50,-1.52587891E-05,350,300,163.733917,150.076813,259.733917,204.076813,0,1
1689,1689,1686,offscreen_render,36.30427,startup,27,27,1.77777779,211.883438,177.072235,211.883438,109.999992,177.072235,50,-1.52587891E-05,350,300,163.883453,150.0722,259.883453,204.0722,0,1
1690,1690,1687,offscreen_render,36.3212433,startup,27,27,1.77777779,212.03302,177.067856,212.03302,109.999992,177.067856,50,-1.52587891E-05,350,300,164.03302,150.067841,260.03302,204.067841,0,1
1691,1691,1688,offscreen_render,36.3379021,startup,27,27,1.77777779,212.182663,177.063675,212.182663,109.999992,177.063675,50,-1.52587891E-05,350,300,164.182663,150.063644,260.182678,204.063644,0,1
1692,1692,1689,offscreen_render,36.3547478,startup,27,27,1.77777779,212.332352,177.059662,212.332352,109.999992,177.059662,50,-1.52587891E-05,350,300,164.332352,150.059647,260.332336,204.059647,0,1
1693,1693,1690,offscreen_render,36.37131,startup,27,27,1.77777779,212.482086,177.055786,212.482086,109.999992,177.055786,50,-1.52587891E-05,350,300,164.482086,150.055771,260.4821,204.055771,0,1
1694,1694,1691,offscreen_render,36.38806,startup,27,27,1.77777779,212.631851,177.052032,212.631851,109.999992,177.052032,50,-1.52587891E-05,350,300,164.631866,150.052017,260.631866,204.052017,0,1
1695,1695,1692,offscreen_render,36.4047852,startup,27,27,1.77777779,212.781647,177.048386,212.781647,109.999992,177.048386,50,-1.52587891E-05,350,300,164.781647,150.04837,260.781647,204.04837,0,1
1696,1696,1693,offscreen_render,36.4214478,startup,27,27,1.77777779,212.931488,177.04483,212.931488,109.999992,177.04483,50,-1.52587891E-05,350,300,164.931488,150.044815,260.9315,204.044815,0,1
1697,1697,1694,offscreen_render,36.4376564,startup,27,27,1.77777779,213.081329,177.041351,213.081329,109.999992,177.041351,50,-1.52587891E-05,350,300,165.081345,150.041321,261.08136,204.041321,0,1
1698,1698,1695,offscreen_render,36.4545059,startup,27,27,1.77777779,213.2312,177.037933,213.2312,109.999992,177.037933,50,-1.52587891E-05,350,300,165.231216,150.037918,261.2312,204.037918,0,1
1699,1699,1696,offscreen_render,36.4716644,startup,27,27,1.77777779,213.378937,177.036865,213.378937,109.999992,177.036865,50,-1.52587891E-05,350,300,165.378937,150.03685,261.378937,204.03685,0,1
1700,1700,1697,offscreen_render,36.4880867,startup,27,27,1.77777779,213.521027,177.041718,213.521027,109.999992,177.041718,50,-1.52587891E-05,350,300,165.521027,150.0417,261.521027,204.0417,0,1
1701,1701,1698,offscreen_render,36.5045662,startup,27,27,1.77777779,213.65535,177.0548,213.65535,109.999992,177.0548,50,-1.52587891E-05,350,300,165.655365,150.054779,261.655365,204.054779,0,1
1702,1702,1699,offscreen_render,36.5210876,startup,27,27,1.77777779,213.780579,177.077454,213.780579,109.999992,177.077454,50,-1.52587891E-05,350,300,165.780579,150.077438,261.780579,204.077438,0,1
1703,1703,1700,offscreen_render,36.5376778,startup,27,27,1.77777779,213.896072,177.110367,213.896072,109.999992,177.110367,50,-1.52587891E-05,350,300,165.896072,150.110352,261.896057,204.110352,0,1
1704,1704,1701,offscreen_render,36.5545921,startup,27,27,1.77777779,214.001678,177.1537,214.001678,109.999992,177.1537,50,-1.52587891E-05,350,300,166.001678,150.153687,262.001678,204.153687,0,1
1705,1705,1702,offscreen_render,36.57139,startup,27,27,1.77777779,214.097549,177.20726,214.097549,109.999992,177.20726,50,-1.52587891E-05,350,300,166.097565,150.207245,262.097565,204.207245,0,1
1706,1706,1703,offscreen_render,36.58777,startup,27,27,1.77777779,214.184082,177.270645,214.184082,109.999992,177.270645,50,-1.52587891E-05,350,300,166.1841,150.270615,262.184082,204.270615,0,1
1707,1707,1704,offscreen_render,36.6044121,startup,27,27,1.77777779,214.26181,177.343277,214.26181,109.999992,177.343277,50,-1.52587891E-05,350,300,166.261826,150.343262,262.261841,204.343262,0,1
1708,1708,1705,offscreen_render,36.62128,startup,27,27,1.77777779,214.331375,177.4245,214.331375,109.999992,177.4245,50,-1.52587891E-05,350,300,166.33139,150.424469,262.3314,204.424469,0,1
1709,1709,1706,offscreen_render,36.63766,startup,27,27,1.77777779,214.393417,177.513626,214.393417,109.999992,177.513626,50,-1.52587891E-05,350,300,166.393433,150.513611,262.393433,204.513611,0,1
1710,1710,1707,offscreen_render,36.65475,startup,27,27,1.77777779,214.448624,177.60994,214.448624,109.999992,177.60994,50,-1.52587891E-05,350,300,166.448639,150.609924,262.448639,204.609924,0,1
1711,1711,1708,offscreen_render,36.6710663,startup,27,27,1.77777779,214.49765,177.712753,214.49765,109.999992,177.712753,50,-1.52587891E-05,350,300,166.497665,150.712738,262.497681,204.712738,0,1
1712,1712,1709,offscreen_render,36.68809,startup,27,27,1.77777779,214.541138,177.8214,214.541138,109.999992,177.8214,50,-1.52587891E-05,350,300,166.541153,150.821365,262.541138,204.821365,0,1
1713,1713,1710,offscreen_render,36.7045975,startup,27,27,1.77777779,214.579666,177.935242,214.579666,109.999992,177.935242,50,-1.52587891E-05,350,300,166.579681,150.935226,262.579681,204.935226,0,1
1714,1714,1711,offscreen_render,36.7212677,startup,27,27,1.77777779,214.613785,178.0537,214.613785,109.999992,178.0537,50,-1.52587891E-05,350,300,166.6138,151.05368,262.6138,205.05368,0,1
1715,1715,1712,offscreen_render,36.73771,startup,27,27,1.77777779,214.644012,178.176254,214.644012,109.999992,178.176254,50,-1.52587891E-05,350,300,166.644012,151.176239,262.644,205.176239,0,1
1716,1716,1713,offscreen_render,36.754734,startup,27,27,1.77777779,214.6708,178.302414,214.6708,109.999992,178.302414,50,-1.52587891E-05,350,300,166.6708,151.3024,262.6708,205.3024,0,1
1717,1717,1714,offscreen_render,36.77151,startup,27,27,1.77777779,214.69458,178.431763,214.69458,109.999992,178.431763,50,-1.52587891E-05,350,300,166.6946,151.431747,262.69458,205.431747,0,1
1718,1718,1715,offscreen_render,36.7879372,startup,27,27,1.77777779,214.715714,178.563873,214.715714,109.999992,178.563873,50,-1.52587891E-05,350,300,166.715729,151.563843,262.715729,205.563843,0,1
1719,1719,1716,offscreen_render,36.8044,startup,27,27,1.77777779,214.734528,178.69841,214.734528,109.999992,178.69841,50,-1.52587891E-05,350,300,166.734528,151.6984,262.734528,205.6984,0,1
1720,1720,1717,offscreen_render,36.8220863,startup,27,27,1.77777779,214.751328,178.835083,214.751328,109.999992,178.835083,50,-1.52587891E-05,350,300,166.751343,151.835068,262.751343,205.835068,0,1
1721,1721,1718,offscreen_render,36.8376274,startup,27,27,1.77777779,214.766373,178.973572,214.766373,109.999992,178.973572,50,-1.52587891E-05,350,300,166.766373,151.973541,262.766357,205.973541,0,1
1722,1722,1719,offscreen_render,36.8546448,startup,27,27,1.77777779,214.7799,179.113678,214.7799,109.999992,179.113678,50,-1.52587891E-05,350,300,166.779922,152.113663,262.7799,206.113663,0,1
1723,1723,1720,offscreen_render,36.871254,startup,27,27,1.77777779,214.792114,179.255157,214.792114,109.999992,179.255157,50,-1.52587891E-05,350,300,166.792114,152.255142,262.7921,206.255142,0,1
1724,1724,1721,offscreen_render,36.8877525,startup,27,27,1.77777779,214.803192,179.397842,214.803192,109.999992,179.397842,50,-1.52587891E-05,350,300,166.803192,152.397812,262.8032,206.397812,0,1
1725,1725,1722,offscreen_render,36.9043541,startup,27,27,1.77777779,214.813278,179.54155,214.813278,109.999992,179.54155,50,-1.52587891E-05,350,300,166.8133,152.541534,262.8133,206.541534,0,1
1726,1726,1723,offscreen_render,36.92175,startup,27,27,1.77777779,214.822525,179.686172,214.822525,109.999992,179.686172,50,-1.52587891E-05,350,300,166.82254,152.686157,262.82254,206.686157,0,1
1727,1727,1724,offscreen_render,36.93769,startup,27,27,1.77777779,214.831024,179.831543,214.831024,109.999992,179.831543,50,-1.52587891E-05,350,300,166.831024,152.831528,262.831024,206.831528,0,1
1728,1728,1725,offscreen_render,36.95431,startup,27,27,1.77777779,214.8389,179.97757,214.8389,109.999992,179.97757,50,-1.52587891E-05,350,300,166.8389,152.977539,262.8389,206.977539,0,1
1729,1729,1726,offscreen_render,36.9710922,startup,27,27,1.77777779,214.846237,180.124161,214.846237,109.999992,180.124161,50,-1.52587891E-05,350,300,166.846252,153.12413,262.846252,207.12413,0,1
1730,1730,1727,offscreen_render,36.9877,startup,27,27,1.77777779,214.8531,180.271255,214.8531,109.999992,180.271255,50,-1.52587891E-05,350,300,166.853119,153.271225,262.853119,207.271225,0,1
1731,1731,1728,offscreen_render,37.0044136,startup,27,27,1.77777779,214.859573,180.418762,214.859573,109.999992,180.418762,50,-1.52587891E-05,350,300,166.859573,153.418747,262.859558,207.418747,0,1
1732,1732,1729,offscreen_render,37.02132,startup,27,27,1.77777779,214.8657,180.56662,214.8657,109.999992,180.56662,50,-1.52587891E-05,350,300,166.8657,153.566589,262.865723,207.566589,0,1
1733,1733,1730,offscreen_render,37.0375481,startup,27,27,1.77777779,214.871552,180.7148,214.871552,109.999992,180.7148,50,-1.52587891E-05,350,300,166.871567,153.714767,262.871582,207.714767,0,1
1734,1734,1731,offscreen_render,37.05428,startup,27,27,1.77777779,214.877136,180.863235,214.877136,109.999992,180.863235,50,-1.52587891E-05,350,300,166.877151,153.86322,262.877136,207.86322,0,1
1735,1735,1732,offscreen_render,37.0712929,startup,27,27,1.77777779,214.8825,181.0119,214.8825,109.999992,181.0119,50,-1.52587891E-05,350,300,166.8825,154.011871,262.8825,208.011871,0,1
1736,1736,1733,offscreen_render,37.0877266,startup,27,27,1.77777779,214.8877,181.160751,214.8877,109.999992,181.160751,50,-1.52587891E-05,350,300,166.8877,154.160736,262.8877,208.160736,0,1
1737,1737,1734,offscreen_render,37.1044159,startup,27,27,1.77777779,214.892731,181.309769,214.892731,109.999992,181.309769,50,-1.52587891E-05,350,300,166.892731,154.309738,262.892731,208.309738,0,1
1738,1738,1735,offscreen_render,37.1209831,startup,27,27,1.77777779,214.897629,181.458923,214.897629,109.999992,181.458923,50,-1.52587891E-05,350,300,166.897644,154.4589,262.897644,208.4589,0,1
1739,1739,1736,offscreen_render,37.1375427,startup,27,27,1.77777779,214.90242,181.6082,214.90242,109.999992,181.6082,50,-1.52587891E-05,350,300,166.90242,154.608185,262.9024,208.608185,0,1
1740,1740,1737,offscreen_render,37.1543427,startup,27,27,1.77777779,214.90712,181.757568,214.90712,109.999992,181.757568,50,-1.52587891E-05,350,300,166.907135,154.757553,262.907135,208.757553,0,1
1741,1741,1738,offscreen_render,37.171402,startup,27,27,1.77777779,214.911728,181.907028,214.911728,109.999992,181.907028,50,-1.52587891E-05,350,300,166.911743,154.907013,262.911743,208.907013,0,1
1742,1742,1739,offscreen_render,37.18867,startup,27,27,1.77777779,214.916275,182.0566,214.916275,109.999992,182.0566,50,-1.52587891E-05,350,300,166.91629,155.05658,262.9163,209.05658,0,1
1743,1743,1740,offscreen_render,37.204937,startup,27,27,1.77777779,214.920761,182.206177,214.920761,109.999992,182.206177,50,-1.52587891E-05,350,300,166.920776,155.206146,262.920776,209.206146,0,1
1744,1744,1741,offscreen_render,37.2213745,startup,27,27,1.77777779,214.9252,182.35582,214.9252,109.999992,182.35582,50,-1.52587891E-05,350,300,166.925217,155.355789,262.925232,209.355789,0,1
1745,1745,1742,offscreen_render,37.2383156,startup,27,27,1.77777779,214.9296,182.505539,214.9296,109.999992,182.505539,50,-1.52587891E-05,350,300,166.929611,155.505508,262.929626,209.505508,0,1
1746,1746,1743,offscreen_render,37.2549362,startup,27,27,1.77777779,214.933945,182.655289,214.933945,109.999992,182.655289,50,-1.52587891E-05,350,300,166.93396,155.655273,262.93396,209.655273,0,1
1747,1747,1744,offscreen_render,37.27157,startup,27,27,1.77777779,214.938263,182.805054,214.938263,109.999992,182.805054,50,-1.52587891E-05,350,300,166.938263,155.805023,262.938263,209.805023,0,1
1748,1748,1745,offscreen_render,37.2883873,startup,27,27,1.77777779,214.942566,182.954865,214.942566,109.999992,182.954865,50,-1.52587891E-05,350,300,166.942566,155.954849,262.942566,209.954849,0,1
1749,1749,1746,offscreen_render,37.3044,startup,27,27,1.77777779,214.946838,183.10466,214.946838,109.999992,183.10466,50,-1.52587891E-05,350,300,166.946838,156.104645,262.946838,210.104645,0,1
1750,1750,1747,offscreen_render,37.327,startup,27,27,1.77777779,214.952652,183.309311,214.952652,109.999992,183.309311,50,-1.52587891E-05,350,300,166.952667,156.30928,262.952667,210.30928,0,1
1751,1751,1748,offscreen_render,37.343605,startup,27,27,1.77777779,214.955322,183.459229,214.955322,109.999992,183.459229,50,-1.52587891E-05,350,300,166.955338,156.459213,262.955322,210.459213,0,1
1752,1752,1749,offscreen_render,37.3606453,startup,27,27,1.77777779,214.953888,183.607391,214.953888,109.999992,183.607391,50,-1.52587891E-05,350,300,166.953888,156.607376,262.9539,210.607376,0,1
1753,1753,1750,offscreen_render,37.37677,startup,27,27,1.77777779,214.946747,183.753159,214.946747,109.999992,183.753159,50,-1.52587891E-05,350,300,166.946747,156.753143,262.946747,210.753143,0,1
1754,1754,1751,offscreen_render,37.3936157,startup,27,27,1.77777779,214.932953,183.896332,214.932953,109.999992,183.896332,50,-1.52587891E-05,350,300,166.932953,156.8963,262.932953,210.8963,0,1
1755,1755,1752,offscreen_render,37.4106026,startup,27,27,1.77777779,214.912033,184.036743,214.912033,109.999992,184.036743,50,-1.52587891E-05,350,300,166.912033,157.036728,262.912048,211.036728,0,1
1756,1756,1753,offscreen_render,37.4269257,startup,27,27,1.77777779,214.8839,184.174362,214.8839,109.999992,184.174362,50,-1.52587891E-05,350,300,166.883911,157.174347,262.8839,211.174347,0,1
1757,1757,1754,offscreen_render,37.4435425,startup,27,27,1.77777779,214.848648,184.309265,214.848648,109.999992,184.309265,50,-1.52587891E-05,350,300,166.848663,157.30925,262.848663,211.30925,0,1
1758,1758,1755,offscreen_render,37.4604568,startup,27,27,1.77777779,214.80658,184.441574,214.80658,109.999992,184.441574,50,-1.52587891E-05,350,300,166.80658,157.441559,262.80658,211.441559,0,1
1759,1759,1756,offscreen_render,37.4768028,startup,27,27,1.77777779,214.758087,184.571457,214.758087,109.999992,184.571457,50,-1.52587891E-05,350,300,166.758087,157.571442,262.7581,211.571442,0,1
1760,1760,1757,offscreen_render,37.49378,startup,27,27,1.77777779,214.703629,184.699081,214.703629,109.999992,184.699081,50,-1.52587891E-05,350,300,166.703644,157.699066,262.703644,211.699066,0,1
1761,1761,1758,offscreen_render,37.5104141,startup,27,27,1.77777779,214.643677,184.824646,214.643677,109.999992,184.824646,50,-1.52587891E-05,350,300,166.643692,157.824631,262.643677,211.824631,0,1
1762,1762,1759,offscreen_render,37.5267754,startup,27,27,1.77777779,214.578735,184.948318,214.578735,109.999992,184.948318,50,-1.52587891E-05,350,300,166.578735,157.9483,262.578735,211.9483,0,1
1763,1763,1760,offscreen_render,37.54369,startup,27,27,1.77777779,214.509277,185.070328,214.509277,109.999992,185.070328,50,-1.52587891E-05,350,300,166.5093,158.0703,262.509277,212.0703,0,1
1764,1764,1761,offscreen_render,37.560276,startup,27,27,1.77777779,214.435776,185.190811,214.435776,109.999992,185.190811,50,-1.52587891E-05,350,300,166.435776,158.1908,262.4358,212.1908,0,1
1765,1765,1762,offscreen_render,37.5771065,startup,27,27,1.77777779,214.358658,185.309937,214.358658,109.999992,185.309937,50,-1.52587891E-05,350,300,166.358673,158.3099,262.358673,212.3099,0,1
1766,1766,1763,offscreen_render,37.59349,startup,27,27,1.77777779,214.278336,185.427856,214.278336,109.999992,185.427856,50,-1.52587891E-05,350,300,166.278351,158.427841,262.278351,212.427841,0,1
1767,1767,1764,offscreen_render,37.610302,startup,27,27,1.77777779,214.19516,185.544724,214.19516,109.999992,185.544724,50,-1.52587891E-05,350,300,166.195175,158.544708,262.1952,212.544708,0,1
1768,1768,1765,offscreen_render,37.6269226,startup,27,27,1.77777779,214.109482,185.66066,214.109482,109.999992,185.66066,50,-1.52587891E-05,350,300,166.109482,158.660645,262.1095,212.660645,0,1
1769,1769,1766,offscreen_render,37.6435661,startup,27,27,1.77777779,214.023132,185.774139,214.023132,109.999992,185.774139,50,-1.52587891E-05,350,300,166.023148,158.774109,262.023132,212.774109,0,1
1770,1770,1767,offscreen_render,37.66009,startup,27,27,1.77777779,213.938782,185.882675,213.938782,109.999992,185.882675,50,-1.52587891E-05,350,300,165.938782,158.882645,261.938782,212.882645,0,1
1771,1771,1768,offscreen_render,37.6766663,startup,27,27,1.77777779,213.8582,185.984711,213.8582,109.999992,185.984711,50,-1.52587891E-05,350,300,165.858215,158.9847,261.858215,212.9847,0,1
1772,1772,1769,offscreen_render,37.6934242,startup,27,27,1.77777779,213.782532,186.079346,213.782532,109.999992,186.079346,50,-1.52587891E-05,350,300,165.782547,159.079315,261.782532,213.079315,0,1
1773,1773,1770,offscreen_render,37.71043,startup,27,27,1.77777779,213.712418,186.166168,213.712418,109.999992,186.166168,50,-1.52587891E-05,350,300,165.712418,159.166153,261.7124,213.166153,0,1
1774,1774,1771,offscreen_render,37.7267227,startup,27,27,1.77777779,213.648132,186.245132,213.648132,109.999992,186.245132,50,-1.52587891E-05,350,300,165.648148,159.2451,261.648132,213.2451,0,1
1775,1775,1772,offscreen_render,37.74322,startup,27,27,1.77777779,213.5897,186.3164,213.5897,109.999992,186.3164,50,-1.52587891E-05,350,300,165.589722,159.316376,261.589722,213.316376,0,1
1776,1776,1773,offscreen_render,37.76023,startup,27,27,1.77777779,213.537,186.380341,213.537,109.999992,186.380341,50,-1.52587891E-05,350,300,165.537,159.38031,261.537,213.38031,0,1
1777,1777,1774,offscreen_render,37.77664,startup,27,27,1.77777779,213.489746,186.437378,213.489746,109.999992,186.437378,50,-1.52587891E-05,350,300,165.489761,159.437347,261.489746,213.437347,0,1
1778,1778,1775,offscreen_render,37.7933044,startup,27,27,1.77777779,213.4476,186.488022,213.4476,109.999992,186.488022,50,-1.52587891E-05,350,300,165.4476,159.488,261.4476,213.488,0,1
1779,1779,1776,offscreen_render,37.81016,startup,27,27,1.77777779,213.410187,186.5328,213.410187,109.999992,186.5328,50,-1.52587891E-05,350,300,165.4102,159.532791,261.410217,213.532791,0,1
1780,1780,1777,offscreen_render,37.8267746,startup,27,27,1.77777779,213.3771,186.572266,213.3771,109.999992,186.572266,50,-1.52587891E-05,350,300,165.3771,159.572235,261.3771,213.572235,0,1
1781,1781,1778,offscreen_render,37.8434677,startup,27,27,1.77777779,213.347946,186.606949,213.347946,109.999992,186.606949,50,-1.52587891E-05,350,300,165.347946,159.606918,261.347961,213.606918,0,1
1782,1782,1779,offscreen_render,37.8603,startup,27,27,1.77777779,213.322357,186.6373,213.322357,109.999992,186.6373,50,-1.52587891E-05,350,300,165.322357,159.637283,261.322357,213.637283,0,1
1783,1783,1780,offscreen_render,37.8766251,startup,27,27,1.77777779,213.299957,186.6638,213.299957,109.999992,186.6638,50,-1.52587891E-05,350,300,165.299973,159.663773,261.3,213.663773,0,1
1784,1784,1781,offscreen_render,37.89384,startup,27,27,1.77777779,213.2804,186.6869,213.2804,109.999992,186.6869,50,-1.52587891E-05,350,300,165.2804,159.68689,261.2804,213.68689,0,1
1785,1785,1782,offscreen_render,37.9107628,startup,27,27,1.77777779,213.263351,186.707,213.263351,109.999992,186.707,50,-1.52587891E-05,350,300,165.263351,159.706985,261.263367,213.706985,0,1
1786,1786,1783,offscreen_render,37.9268265,startup,27,27,1.77777779,213.248535,186.724442,213.248535,109.999992,186.724442,50,-1.52587891E-05,350,300,165.248535,159.724411,261.248535,213.724411,0,1
1787,1787,1784,offscreen_render,37.9434624,startup,27,27,1.77777779,213.235672,186.739548,213.235672,109.999992,186.739548,50,-1.52587891E-05,350,300,165.235687,159.739532,261.2357,213.739532,0,1
1788,1788,1785,offscreen_render,37.9600754,startup,27,27,1.77777779,213.224533,186.752609,213.224533,109.999992,186.752609,50,-1.52587891E-05,350,300,165.224533,159.752579,261.224548,213.752579,0,1
1789,1789,1786,offscreen_render,37.9768181,startup,27,27,1.77777779,213.2149,186.763885,213.2149,109.999992,186.763885,50,-1.52587891E-05,350,300,165.21492,159.76387,261.2149,213.76387,0,1
1790,1790,1787,offscreen_render,37.9934158,startup,27,27,1.77777779,213.206589,186.773621,213.206589,109.999992,186.773621,50,-1.52587891E-05,350,300,165.206589,159.77359,261.2066,213.77359,0,1
1791,1791,1788,offscreen_render,38.0101357,startup,27,27,1.77777779,213.199417,186.782,213.199417,109.999992,186.782,50,-1.52587891E-05,350,300,165.199432,159.781982,261.199432,213.781982,0,1
1792,1792,1789,offscreen_render,38.0267868,startup,27,27,1.77777779,213.193237,186.7892,213.193237,109.999992,186.7892,50,-1.52587891E-05,350,300,165.193237,159.789169,261.193237,213.789169,0,1
1793,1793,1790,offscreen_render,38.0437469,startup,27,27,1.77777779,213.187927,186.7954,213.187927,109.999992,186.7954,50,-1.52587891E-05,350,300,165.187927,159.795364,261.187927,213.795364,0,1
1794,1794,1791,offscreen_render,38.0603,startup,27,27,1.77777779,213.183365,186.8007,213.183365,109.999992,186.8007,50,-1.52587891E-05,350,300,165.18338,159.80069,261.18338,213.80069,0,1
1795,1795,1792,offscreen_render,38.0767174,startup,27,27,1.77777779,213.179443,186.805267,213.179443,109.999992,186.805267,50,-1.52587891E-05,350,300,165.179443,159.805237,261.179443,213.805237,0,1
1796,1796,1793,offscreen_render,38.093502,startup,27,27,1.77777779,213.176086,186.809174,213.176086,109.999992,186.809174,50,-1.52587891E-05,350,300,165.1761,159.809158,261.1761,213.809158,0,1
1797,1797,1794,offscreen_render,38.11042,startup,27,27,1.77777779,213.1732,186.812515,213.1732,109.999992,186.812515,50,-1.52587891E-05,350,300,165.173218,159.812485,261.173218,213.812485,0,1
1798,1798,1795,offscreen_render,38.1268845,startup,27,27,1.77777779,213.170746,186.815369,213.170746,109.999992,186.815369,50,-1.52587891E-05,350,300,165.170746,159.815353,261.170746,213.815353,0,1
1799,1799,1796,offscreen_render,38.1445045,startup,27,27,1.77777779,213.16864,186.81781,213.16864,109.999992,186.81781,50,-1.52587891E-05,350,300,165.16864,159.81778,261.16864,213.81778,0,1
1800,1800,1797,offscreen_render,38.1610756,startup,27,27,1.77777779,213.16684,186.8199,213.16684,109.999992,186.8199,50,-1.52587891E-05,350,300,165.166855,159.819885,261.16687,213.819885,0,1
1801,1801,1798,offscreen_render,38.17724,startup,27,27,1.77777779,213.1653,186.821686,213.1653,109.999992,186.821686,50,-1.52587891E-05,350,300,165.1653,159.821655,261.165283,213.821655,0,1
1802,1802,1799,offscreen_render,38.1939926,startup,27,27,1.77777779,213.163986,186.8232,213.163986,109.999992,186.8232,50,-1.52587891E-05,350,300,165.164,159.823181,261.164,213.823181,0,1
1803,1803,1800,offscreen_render,38.2103462,startup,27,27,1.77777779,213.162872,186.8245,213.162872,109.999992,186.8245,50,-1.52587891E-05,350,300,165.162872,159.824478,261.162872,213.824478,0,1
1804,1804,1801,offscreen_render,38.22707,startup,27,27,1.77777779,213.161926,186.825592,213.161926,109.999992,186.825592,50,-1.52587891E-05,350,300,165.161926,159.825577,261.161926,213.825577,0,1
1805,1805,1802,offscreen_render,38.2436028,startup,27,27,1.77777779,213.161118,186.826523,213.161118,109.999992,186.826523,50,-1.52587891E-05,350,300,165.161133,159.826492,261.161133,213.826492,0,1
1806,1806,1803,offscreen_render,38.2601547,startup,27,27,1.77777779,213.160431,186.827316,213.160431,109.999992,186.827316,50,-1.52587891E-05,350,300,165.160446,159.8273,261.160461,213.8273,0,1
1807,1807,1804,offscreen_render,38.2769852,startup,27,27,1.77777779,213.159851,186.827988,213.159851,109.999992,186.827988,50,-1.52587891E-05,350,300,165.159851,159.827972,261.159851,213.827972,0,1
1808,1808,1805,offscreen_render,38.29334,startup,27,27,1.77777779,213.159348,186.828568,213.159348,109.999992,186.828568,50,-1.52587891E-05,350,300,165.159348,159.828552,261.159363,213.828552,0,1
1809,1809,1806,offscreen_render,38.30996,startup,27,27,1.77777779,213.15892,186.829056,213.15892,109.999992,186.829056,50,-1.52587891E-05,350,300,165.158936,159.829041,261.158936,213.829041,0,1
1810,1810,1807,offscreen_render,38.3273125,startup,27,27,1.77777779,213.158554,186.829468,213.158554,109.999992,186.829468,50,-1.52587891E-05,350,300,165.158569,159.829453,261.158569,213.829453,0,1
1811,1811,1808,offscreen_render,38.3438835,startup,27,27,1.77777779,213.158249,186.829819,213.158249,109.999992,186.829819,50,-1.52587891E-05,350,300,165.158249,159.829788,261.158264,213.829788,0,1
1812,1812,1809,offscreen_render,38.36084,startup,27,27,1.77777779,213.15799,186.830124,213.15799,109.999992,186.830124,50,-1.52587891E-05,350,300,165.15799,159.830109,261.158,213.830109,0,1
1813,1813,1810,offscreen_render,38.37717,startup,27,27,1.77777779,213.157776,186.830383,213.157776,109.999992,186.830383,50,-1.52587891E-05,350,300,165.157791,159.830368,261.157776,213.830368,0,1
1814,1814,1811,offscreen_render,38.3935051,startup,27,27,1.77777779,213.1576,186.8306,213.1576,109.999992,186.8306,50,-1.52587891E-05,350,300,165.157608,159.830582,261.1576,213.830582,0,1
1815,1815,1812,offscreen_render,38.41021,startup,27,27,1.77777779,213.15744,186.83078,213.15744,109.999992,186.83078,50,-1.52587891E-05,350,300,165.15744,159.830765,261.15744,213.830765,0,1
1816,1816,1813,offscreen_render,38.4274559,startup,27,27,1.77777779,213.1573,186.830933,213.1573,109.999992,186.830933,50,-1.52587891E-05,350,300,165.157318,159.830917,261.157318,213.830917,0,1
1817,1817,1814,offscreen_render,38.4437141,startup,27,27,1.77777779,213.157181,186.83107,213.157181,109.999992,186.83107,50,-1.52587891E-05,350,300,165.1572,159.831039,261.1572,213.831039,0,1
1818,1818,1815,offscreen_render,38.4605141,startup,27,27,1.77777779,213.157089,186.831177,213.157089,109.999992,186.831177,50,-1.52587891E-05,350,300,165.1571,159.831161,261.1571,213.831161,0,1
1819,1819,1816,offscreen_render,38.47686,startup,27,27,1.77777779,213.157013,186.831268,213.157013,109.999992,186.831268,50,-1.52587891E-05,350,300,165.157013,159.831253,261.157,213.831253,0,1
1820,1820,1817,offscreen_render,38.4936638,startup,27,27,1.77777779,213.156937,186.831345,213.156937,109.999992,186.831345,50,-1.52587891E-05,350,300,165.156952,159.831329,261.156952,213.831329,0,1
1821,1821,1818,offscreen_render,38.510273,startup,27,27,1.77777779,213.156876,186.8314,213.156876,109.999992,186.8314,50,-1.52587891E-05,350,300,165.156876,159.831375,261.15686,213.831375,0,1
1822,1822,1819,offscreen_render,38.52691,startup,27,27,1.77777779,213.15683,186.831467,213.15683,109.999992,186.831467,50,-1.52587891E-05,350,300,165.15683,159.831436,261.15683,213.831436,0,1
1823,1823,1820,offscreen_render,38.5435524,startup,27,27,1.77777779,213.156784,186.831512,213.156784,109.999992,186.831512,50,-1.52587891E-05,350,300,165.156784,159.8315,261.1568,213.8315,0,1
1824,1824,1821,offscreen_render,38.5602379,startup,27,27,1.77777779,213.156754,186.831558,213.156754,109.999992,186.831558,50,-1.52587891E-05,350,300,165.156769,159.831528,261.156769,213.831528,0,1
1825,1825,1822,offscreen_render,38.57672,startup,27,27,1.77777779,213.156723,186.831589,213.156723,109.999992,186.831589,50,-1.52587891E-05,350,300,165.156738,159.831573,261.156738,213.831573,0,1
1826,1826,1823,offscreen_render,38.59366,startup,27,27,1.77777779,213.1567,186.831619,213.1567,109.999992,186.831619,50,-1.52587891E-05,350,300,165.1567,159.8316,261.156677,213.8316,0,1
1827,1827,1824,offscreen_render,38.6102066,startup,27,27,1.77777779,213.156677,186.83165,213.156677,109.999992,186.83165,50,-1.52587891E-05,350,300,165.1567,159.831619,261.156677,213.831619,0,1
1828,1828,1825,offscreen_render,38.62679,startup,27,27,1.77777779,213.156662,186.831665,213.156662,109.999992,186.831665,50,-1.52587891E-05,350,300,165.156677,159.83165,261.156677,213.83165,0,1
1829,1829,1826,offscreen_render,38.64398,startup,27,27,1.77777779,213.156647,186.83168,213.156647,109.999992,186.83168,50,-1.52587891E-05,350,300,165.156647,159.831665,261.156647,213.831665,0,1
1830,1830,1827,offscreen_render,38.66038,startup,27,27,1.77777779,213.156631,186.8317,213.156631,109.999992,186.8317,50,-1.52587891E-05,350,300,165.156647,159.83168,261.156647,213.83168,0,1
1831,1831,1828,offscreen_render,38.6769829,startup,27,27,1.77777779,213.156616,186.831711,213.156616,109.999992,186.831711,50,-1.52587891E-05,350,300,165.156616,159.83168,261.156616,213.83168,0,1
1832,1832,1829,offscreen_render,38.69352,startup,27,27,1.77777779,213.1566,186.831726,213.1566,109.999992,186.831726,50,-1.52587891E-05,350,300,165.1566,159.8317,261.156616,213.8317,0,1
1833,1833,1830,offscreen_render,38.710247,startup,27,27,1.77777779,213.156586,186.831741,213.156586,109.999992,186.831741,50,-1.52587891E-05,350,300,165.1566,159.831711,261.156616,213.831711,0,1
1834,1834,1831,offscreen_render,38.72744,startup,27,27,1.77777779,213.156586,186.831757,213.156586,109.999992,186.831757,50,-1.52587891E-05,350,300,165.1566,159.831741,261.156616,213.831741,0,1
1835,1835,1832,offscreen_render,38.7441521,startup,27,27,1.77777779,213.156586,186.831757,213.156586,109.999992,186.831757,50,-1.52587891E-05,350,300,165.1566,159.831741,261.156616,213.831741,0,1
1836,1836,1833,offscreen_render,38.76097,startup,27,27,1.77777779,213.156586,186.831757,213.156586,109.999992,186.831757,50,-1.52587891E-05,350,300,165.1566,159.831741,261.156616,213.831741,0,1
1837,1837,1834,offscreen_render,38.77723,startup,27,27,1.77777779,213.156586,186.831757,213.156586,109.999992,186.831757,50,-1.52587891E-05,350,300,165.1566,159.831741,261.156616,213.831741,0,1
1838,1838,1835,offscreen_render,38.79413,startup,27,27,1.77777779,213.156586,186.831757,213.156586,109.999992,186.831757,50,-1.52587891E-05,350,300,165.1566,159.831741,261.156616,213.831741,0,1
1839,1839,1836,offscreen_render,38.81085,startup,27,27,1.77777779,213.156586,186.831757,213.156586,109.999992,186.831757,50,-1.52587891E-05,350,300,165.1566,159.831741,261.156616,213.831741,0,1
1840,1840,1837,offscreen_render,38.8274727,startup,27,27,1.77777779,213.156586,186.831757,213.156586,109.999992,186.831757,50,-1.52587891E-05,350,300,165.1566,159.831741,261.156616,213.831741,0,1
1841,1841,1838,offscreen_render,38.8443069,startup,27,27,1.77777779,213.156586,186.831757,213.156586,109.999992,186.831757,50,-1.52587891E-05,350,300,165.1566,159.831741,261.156616,213.831741,0,1
1842,1842,1839,offscreen_render,38.8610268,startup,27,27,1.77777779,213.156586,186.831757,213.156586,109.999992,186.831757,50,-1.52587891E-05,350,300,165.1566,159.831741,261.156616,213.831741,0,1
1843,1843,1840,offscreen_render,38.8772621,startup,27,27,1.77777779,213.156586,186.831757,213.156586,109.999992,186.831757,50,-1.52587891E-05,350,300,165.1566,159.831741,261.156616,213.831741,0,1
1844,1844,1841,offscreen_render,38.89399,startup,27,27,1.77777779,213.156586,186.831757,213.156586,109.999992,186.831757,50,-1.52587891E-05,350,300,165.1566,159.831741,261.156616,213.831741,0,1
1845,1845,1842,offscreen_render,38.9112473,startup,27,27,1.77777779,213.156586,186.831757,213.156586,109.999992,186.831757,50,-1.52587891E-05,350,300,165.1566,159.831741,261.156616,213.831741,0,1
1846,1846,1843,offscreen_render,38.9274521,startup,27,27,1.77777779,213.156586,186.831757,213.156586,109.999992,186.831757,50,-1.52587891E-05,350,300,165.1566,159.831741,261.156616,213.831741,0,1
1847,1847,1844,offscreen_render,38.9438324,startup,27,27,1.77777779,213.156586,186.831757,213.156586,109.999992,186.831757,50,-1.52587891E-05,350,300,165.1566,159.831741,261.156616,213.831741,0,1
1848,1848,1845,offscreen_render,38.9607735,startup,27,27,1.77777779,213.156586,186.831757,213.156586,109.999992,186.831757,50,-1.52587891E-05,350,300,165.1566,159.831741,261.156616,213.831741,0,1
1849,1849,1846,offscreen_render,38.9773064,startup,27,27,1.77777779,213.156586,186.831757,213.156586,109.999992,186.831757,50,-1.52587891E-05,350,300,165.1566,159.831741,261.156616,213.831741,0,1
1850,1850,1847,offscreen_render,38.99427,startup,27,27,1.77777779,213.156586,186.831757,213.156586,109.999992,186.831757,50,-1.52587891E-05,350,300,165.1566,159.831741,261.156616,213.831741,0,1
1851,1851,1848,offscreen_render,39.0112419,startup,27,27,1.77777779,213.156586,186.831757,213.156586,109.999992,186.831757,50,-1.52587891E-05,350,300,165.1566,159.831741,261.156616,213.831741,0,1
1852,1852,1849,offscreen_render,39.02752,startup,27,27,1.77777779,213.156586,186.831757,213.156586,109.999992,186.831757,50,-1.52587891E-05,350,300,165.1566,159.831741,261.156616,213.831741,0,1
1853,1853,1850,offscreen_render,39.0440826,startup,27,27,1.77777779,213.156586,186.831757,213.156586,109.999992,186.831757,50,-1.52587891E-05,350,300,165.1566,159.831741,261.156616,213.831741,0,1
1854,1854,1851,offscreen_render,39.1562424,startup,27,27,1.77777779,213.313339,186.831772,213.313339,109.999992,186.831772,50,-1.52587891E-05,350,300,165.313339,159.831757,261.313354,213.831757,0,1
1855,1855,1852,offscreen_render,39.2663574,startup,27,27,1.77777779,213.621521,186.831787,213.621521,109.999992,186.831787,50,-1.52587891E-05,350,300,165.621521,159.831757,261.621521,213.831757,0,1
1856,1856,1853,offscreen_render,39.28282,startup,27,27,1.77777779,213.670288,186.831787,213.670288,109.999992,186.831787,50,-1.52587891E-05,350,300,165.6703,159.831757,261.6703,213.831757,0,1
1857,1857,1854,offscreen_render,39.299324,startup,27,27,1.77777779,213.7215,186.831787,213.7215,109.999992,186.831787,50,-1.52587891E-05,350,300,165.7215,159.831757,261.7215,213.831757,0,1
1858,1858,1855,offscreen_render,39.3150024,startup,27,27,1.77777779,213.777222,186.831787,213.777222,109.999992,186.831787,50,-1.52587891E-05,350,300,165.777237,159.831757,261.777222,213.831757,0,1
1859,1859,1856,offscreen_render,39.3316078,startup,27,27,1.77777779,213.838745,186.831787,213.838745,109.999992,186.831787,50,-1.52587891E-05,350,300,165.83876,159.831757,261.838745,213.831757,0,1
1860,1860,1857,offscreen_render,39.3484573,startup,27,27,1.77777779,213.907028,186.831787,213.907028,109.999992,186.831787,50,-1.52587891E-05,350,300,165.907043,159.831757,261.907043,213.831757,0,1
1861,1861,1858,offscreen_render,39.365036,startup,27,27,1.77777779,213.981964,186.831787,213.981964,109.999992,186.831787,50,-1.52587891E-05,350,300,165.981964,159.831757,261.981964,213.831757,0,1
1862,1862,1859,offscreen_render,39.38192,startup,27,27,1.77777779,214.063766,186.831787,214.063766,109.999992,186.831787,50,-1.52587891E-05,350,300,166.063782,159.831757,262.063782,213.831757,0,1
1863,1863,1860,offscreen_render,39.39861,startup,27,27,1.77777779,214.152252,186.831787,214.152252,109.999992,186.831787,50,-1.52587891E-05,350,300,166.152252,159.831757,262.152252,213.831757,0,1
1864,1864,1861,offscreen_render,39.4152946,startup,27,27,1.77777779,214.247116,186.831787,214.247116,109.999992,186.831787,50,-1.52587891E-05,350,300,166.247131,159.831757,262.247131,213.831757,0,1
1865,1865,1862,offscreen_render,39.4318161,startup,27,27,1.77777779,214.347961,186.831787,214.347961,109.999992,186.831787,50,-1.52587891E-05,350,300,166.347977,159.831757,262.347961,213.831757,0,1
1866,1866,1863,offscreen_render,39.44853,startup,27,27,1.77777779,214.454315,186.831787,214.454315,109.999992,186.831787,50,-1.52587891E-05,350,300,166.454315,159.831757,262.4543,213.831757,0,1
1867,1867,1864,offscreen_render,39.4651947,startup,27,27,1.77777779,214.565765,186.831787,214.565765,109.999992,186.831787,50,-1.52587891E-05,350,300,166.565781,159.831757,262.5658,213.831757,0,1
1868,1868,1865,offscreen_render,39.48207,startup,27,27,1.77777779,214.6818,186.831787,214.6818,109.999992,186.831787,50,-1.52587891E-05,350,300,166.6818,159.831757,262.6818,213.831757,0,1
1869,1869,1866,offscreen_render,39.4982948,startup,27,27,1.77777779,214.801971,186.831787,214.801971,109.999992,186.831787,50,-1.52587891E-05,350,300,166.801987,159.831757,262.802,213.831757,0,1
1870,1870,1867,offscreen_render,39.51506,startup,27,27,1.77777779,214.925858,186.831787,214.925858,109.999992,186.831787,50,-1.52587891E-05,350,300,166.925858,159.831757,262.925842,213.831757,0,1
1871,1871,1868,offscreen_render,39.62564,startup,27,27,1.77777779,215.797256,186.831787,215.797256,109.999992,186.831787,50,-1.52587891E-05,350,300,167.797256,159.831757,263.797241,213.831757,0,1
1872,1872,1869,offscreen_render,39.6434326,startup,27,27,1.77777779,215.909058,186.831787,215.909058,109.999992,186.831787,50,-1.52587891E-05,350,300,167.909058,159.831757,263.909058,213.831757,0,1
1873,1873,1870,offscreen_render,39.65915,startup,27,27,1.77777779,216.016983,186.831787,216.016983,109.999992,186.831787,50,-1.52587891E-05,350,300,168.016983,159.831757,264.016968,213.831757,0,1
1874,1874,1871,offscreen_render,39.67535,startup,27,27,1.77777779,216.124771,186.831787,216.124771,109.999992,186.831787,50,-1.52587891E-05,350,300,168.124786,159.831757,264.1248,213.831757,0,1
1875,1875,1872,offscreen_render,39.6923065,startup,27,27,1.77777779,216.231461,186.831787,216.231461,109.999992,186.831787,50,-1.52587891E-05,350,300,168.231476,159.831757,264.231476,213.831757,0,1
1876,1876,1873,offscreen_render,39.7092476,startup,27,27,1.77777779,216.339554,186.831787,216.339554,109.999992,186.831787,50,-1.52587891E-05,350,300,168.339569,159.831757,264.339569,213.831757,0,1
1877,1877,1874,offscreen_render,39.72559,startup,27,27,1.77777779,216.449814,186.831787,216.449814,109.999992,186.831787,50,-1.52587891E-05,350,300,168.449829,159.831757,264.449829,213.831757,0,1
1878,1878,1875,offscreen_render,39.7423973,startup,27,27,1.77777779,216.562668,186.831787,216.562668,109.999992,186.831787,50,-1.52587891E-05,350,300,168.562683,159.831757,264.562683,213.831757,0,1
1879,1879,1876,offscreen_render,39.7587357,startup,27,27,1.77777779,216.6784,186.831787,216.6784,109.999992,186.831787,50,-1.52587891E-05,350,300,168.6784,159.831757,264.6784,213.831757,0,1
1880,1880,1877,offscreen_render,39.77537,startup,27,27,1.77777779,216.7971,186.831787,216.7971,109.999992,186.831787,50,-1.52587891E-05,350,300,168.7971,159.831757,264.797119,213.831757,0,1
1881,1881,1878,offscreen_render,39.79219,startup,27,27,1.77777779,216.918747,186.831787,216.918747,109.999992,186.831787,50,-1.52587891E-05,350,300,168.918762,159.831757,264.918762,213.831757,0,1
1882,1882,1879,offscreen_render,39.808712,startup,27,27,1.77777779,217.043228,186.831787,217.043228,109.999992,186.831787,50,-1.52587891E-05,350,300,169.043243,159.831757,265.043243,213.831757,0,1
1883,1883,1880,offscreen_render,39.8252869,startup,27,27,1.77777779,217.17038,186.831787,217.17038,109.999992,186.831787,50,-1.52587891E-05,350,300,169.17038,159.831757,265.17038,213.831757,0,1
1884,1884,1881,offscreen_render,39.8424263,startup,27,27,1.77777779,217.300049,186.831787,217.300049,109.999992,186.831787,50,-1.52587891E-05,350,300,169.300049,159.831757,265.300049,213.831757,0,1
1885,1885,1882,offscreen_render,39.8588829,startup,27,27,1.77777779,217.432037,186.831787,217.432037,109.999992,186.831787,50,-1.52587891E-05,350,300,169.432037,159.831757,265.432037,213.831757,0,1
1886,1886,1883,offscreen_render,39.87545,startup,27,27,1.77777779,217.566132,186.831787,217.566132,109.999992,186.831787,50,-1.52587891E-05,350,300,169.566147,159.831757,265.566162,213.831757,0,1
1887,1887,1884,offscreen_render,39.8921432,startup,27,27,1.77777779,217.702148,186.831787,217.702148,109.999992,186.831787,50,-1.52587891E-05,350,300,169.702148,159.831757,265.702148,213.831757,0,1
1888,1888,1885,offscreen_render,39.90904,startup,27,27,1.77777779,217.839874,186.831787,217.839874,109.999992,186.831787,50,-1.52587891E-05,350,300,169.83989,159.831757,265.8399,213.831757,0,1
1889,1889,1886,offscreen_render,39.92601,startup,27,27,1.77777779,217.979126,186.831787,217.979126,109.999992,186.831787,50,-1.52587891E-05,350,300,169.979141,159.831757,265.979126,213.831757,0,1
1890,1890,1887,offscreen_render,39.9427757,startup,27,27,1.77777779,218.1198,186.831787,218.1198,109.999992,186.831787,50,-1.52587891E-05,350,300,170.119812,159.831757,266.1198,213.831757,0,1
1891,1891,1888,offscreen_render,39.9590836,startup,27,27,1.77777779,218.261642,186.831787,218.261642,109.999992,186.831787,50,-1.52587891E-05,350,300,170.261658,159.831757,266.261658,213.831757,0,1
1892,1892,1889,offscreen_render,39.9754753,startup,27,27,1.77777779,218.404572,186.831787,218.404572,109.999992,186.831787,50,-1.52587891E-05,350,300,170.404587,159.831757,266.4046,213.831757,0,1
1893,1893,1890,offscreen_render,39.9920769,startup,27,27,1.77777779,218.548416,186.831787,218.548416,109.999992,186.831787,50,-1.52587891E-05,350,300,170.548416,159.831757,266.5484,213.831757,0,1
1894,1894,1891,offscreen_render,40.0089874,startup,27,27,1.77777779,218.6931,186.831787,218.6931,109.999992,186.831787,50,-1.52587891E-05,350,300,170.693115,159.831757,266.6931,213.831757,0,1
1895,1895,1892,offscreen_render,40.02531,startup,27,27,1.77777779,218.8385,186.831787,218.8385,109.999992,186.831787,50,-1.52587891E-05,350,300,170.8385,159.831757,266.8385,213.831757,0,1
1896,1896,1893,offscreen_render,40.0431252,startup,27,27,1.77777779,218.993164,186.831787,218.993164,109.999992,186.831787,50,-1.52587891E-05,350,300,170.993179,159.831757,266.993164,213.831757,0,1
1897,1897,1894,offscreen_render,40.0599823,startup,27,27,1.77777779,219.139862,186.831787,219.139862,109.999992,186.831787,50,-1.52587891E-05,350,300,171.139862,159.831757,267.139862,213.831757,0,1
1898,1898,1895,offscreen_render,40.0762062,startup,27,27,1.77777779,219.287,186.831787,219.287,109.999992,186.831787,50,-1.52587891E-05,350,300,171.287018,159.831757,267.287018,213.831757,0,1
1899,1899,1896,offscreen_render,40.09312,startup,27,27,1.77777779,219.4323,186.831787,219.4323,109.999992,186.831787,50,-1.52587891E-05,350,300,171.432312,159.831757,267.4323,213.831757,0,1
1900,1900,1897,offscreen_render,40.1096458,startup,27,27,1.77777779,219.572159,186.831787,219.572159,109.999992,186.831787,50,-1.52587891E-05,350,300,171.572159,159.831757,267.572144,213.831757,0,1
1901,1901,1898,offscreen_render,40.1265373,startup,27,27,1.77777779,219.704285,186.831787,219.704285,109.999992,186.831787,50,-1.52587891E-05,350,300,171.704285,159.831757,267.704285,213.831757,0,1
1902,1902,1899,offscreen_render,40.1434822,startup,27,27,1.77777779,219.8273,186.831787,219.8273,109.999992,186.831787,50,-1.52587891E-05,350,300,171.827316,159.831757,267.827332,213.831757,0,1
1903,1903,1900,offscreen_render,40.1602631,startup,27,27,1.77777779,219.940536,186.831787,219.940536,109.999992,186.831787,50,-1.52587891E-05,350,300,171.940552,159.831757,267.940552,213.831757,0,1
1904,1904,1901,offscreen_render,40.1774673,startup,27,27,1.77777779,220.047119,186.831787,220.047119,109.999992,186.831787,50,-1.52587891E-05,350,300,172.047134,159.831757,268.047119,213.831757,0,1
1905,1905,1902,offscreen_render,40.19395,startup,27,27,1.77777779,220.140137,186.831787,220.140137,109.999992,186.831787,50,-1.52587891E-05,350,300,172.140152,159.831757,268.140137,213.831757,0,1
1906,1906,1903,offscreen_render,40.2105865,startup,27,27,1.77777779,220.223724,186.831787,220.223724,109.999992,186.831787,50,-1.52587891E-05,350,300,172.22374,159.831757,268.223755,213.831757,0,1
1907,1907,1904,offscreen_render,40.2269554,startup,27,27,1.77777779,220.2984,186.831787,220.2984,109.999992,186.831787,50,-1.52587891E-05,350,300,172.2984,159.831757,268.2984,213.831757,0,1
1908,1908,1905,offscreen_render,40.243618,startup,27,27,1.77777779,220.3648,186.831787,220.3648,109.999992,186.831787,50,-1.52587891E-05,350,300,172.364822,159.831757,268.3648,213.831757,0,1
1909,1909,1906,offscreen_render,40.26077,startup,27,27,1.77777779,220.4236,186.831787,220.4236,109.999992,186.831787,50,-1.52587891E-05,350,300,172.4236,159.831757,268.423584,213.831757,0,1
1910,1910,1907,offscreen_render,40.27783,startup,27,27,1.77777779,220.475449,186.831787,220.475449,109.999992,186.831787,50,-1.52587891E-05,350,300,172.475464,159.831757,268.475464,213.831757,0,1
1911,1911,1908,offscreen_render,40.2943268,startup,27,27,1.77777779,220.521011,186.831787,220.521011,109.999992,186.831787,50,-1.52587891E-05,350,300,172.521011,159.831757,268.521,213.831757,0,1
1912,1912,1909,offscreen_render,40.31064,startup,27,27,1.77777779,220.560944,186.831787,220.560944,109.999992,186.831787,50,-1.52587891E-05,350,300,172.560944,159.831757,268.560944,213.831757,0,1
1913,1913,1910,offscreen_render,40.32721,startup,27,27,1.77777779,220.595856,186.831787,220.595856,109.999992,186.831787,50,-1.52587891E-05,350,300,172.595856,159.831757,268.595856,213.831757,0,1
1914,1914,1911,offscreen_render,40.34372,startup,27,27,1.77777779,220.6263,186.831787,220.6263,109.999992,186.831787,50,-1.52587891E-05,350,300,172.6263,159.831757,268.626282,213.831757,0,1
1915,1915,1912,offscreen_render,40.3606071,startup,27,27,1.77777779,220.652786,186.831787,220.652786,109.999992,186.831787,50,-1.52587891E-05,350,300,172.6528,159.831757,268.6528,213.831757,0,1
1916,1916,1913,offscreen_render,40.3770981,startup,27,27,1.77777779,220.675781,186.831787,220.675781,109.999992,186.831787,50,-1.52587891E-05,350,300,172.675781,159.831757,268.675781,213.831757,0,1
1917,1917,1914,offscreen_render,40.39398,startup,27,27,1.77777779,220.695724,186.831787,220.695724,109.999992,186.831787,50,-1.52587891E-05,350,300,172.69574,159.831757,268.69574,213.831757,0,1
1918,1918,1915,offscreen_render,40.41095,startup,27,27,1.77777779,220.713348,186.831787,220.713348,109.999992,186.831787,50,-1.52587891E-05,350,300,172.713364,159.831757,268.713379,213.831757,0,1
1919,1919,1916,offscreen_render,40.4277458,startup,27,27,1.77777779,220.72821,186.831787,220.72821,109.999992,186.831787,50,-1.52587891E-05,350,300,172.72821,159.831757,268.7282,213.831757,0,1
1920,1920,1917,offscreen_render,40.4442368,startup,27,27,1.77777779,220.741028,186.831787,220.741028,109.999992,186.831787,50,-1.52587891E-05,350,300,172.741028,159.831757,268.741028,213.831757,0,1
1921,1921,1918,offscreen_render,40.46113,startup,27,27,1.77777779,220.75206,186.831787,220.75206,109.999992,186.831787,50,-1.52587891E-05,350,300,172.752075,159.831757,268.752075,213.831757,0,1
1922,1922,1919,offscreen_render,40.4774628,startup,27,27,1.77777779,220.761566,186.831787,220.761566,109.999992,186.831787,50,-1.52587891E-05,350,300,172.761566,159.831757,268.761566,213.831757,0,1
1923,1923,1920,offscreen_render,40.4944077,startup,27,27,1.77777779,220.76973,186.831787,220.76973,109.999992,186.831787,50,-1.52587891E-05,350,300,172.769745,159.831757,268.769745,213.831757,0,1
1924,1924,1921,offscreen_render,40.5113029,startup,27,27,1.77777779,220.776733,186.831787,220.776733,109.999992,186.831787,50,-1.52587891E-05,350,300,172.776733,159.831757,268.776733,213.831757,0,1
1925,1925,1922,offscreen_render,40.52745,startup,27,27,1.77777779,220.782745,186.831787,220.782745,109.999992,186.831787,50,-1.52587891E-05,350,300,172.782761,159.831757,268.782776,213.831757,0,1
1926,1926,1923,offscreen_render,40.5442924,startup,27,27,1.77777779,220.7879,186.831787,220.7879,109.999992,186.831787,50,-1.52587891E-05,350,300,172.7879,159.831757,268.7879,213.831757,0,1
1927,1927,1924,offscreen_render,40.5606728,startup,27,27,1.77777779,220.792313,186.831787,220.792313,109.999992,186.831787,50,-1.52587891E-05,350,300,172.792328,159.831757,268.792328,213.831757,0,1
1928,1928,1925,offscreen_render,40.57743,startup,27,27,1.77777779,220.796082,186.831787,220.796082,109.999992,186.831787,50,-1.52587891E-05,350,300,172.796082,159.831757,268.796082,213.831757,0,1
1929,1929,1926,offscreen_render,40.59473,startup,27,27,1.77777779,220.249878,186.685074,220.249878,109.999992,186.685074,50,-1.52587891E-05,350,300,172.249878,159.685043,268.249878,213.685043,0,1
1930,1930,1927,offscreen_render,40.6107445,startup,27,27,1.77777779,218.839188,186.307632,218.839188,109.999992,186.307632,50,-1.52587891E-05,350,300,170.839188,159.307617,266.839172,213.307617,0,1
1931,1931,1928,offscreen_render,40.6277542,startup,27,27,1.77777779,216.871368,185.781525,216.871368,109.999992,185.781525,50,-1.52587891E-05,350,300,168.871368,158.781509,264.871368,212.781509,0,1
1932,1932,1929,offscreen_render,40.64405,startup,27,27,1.77777779,214.574951,185.167755,214.574951,109.999992,185.167755,50,-1.52587891E-05,350,300,166.574951,158.16774,262.574951,212.16774,0,1
1933,1933,1930,offscreen_render,40.6610222,startup,27,27,1.77777779,212.116974,184.510925,212.116974,109.999992,184.510925,50,-1.52587891E-05,350,300,164.116974,157.5109,260.116974,211.5109,0,1
1934,1934,1931,offscreen_render,40.6775131,startup,27,27,1.77777779,209.573486,183.831314,209.573486,109.999992,183.831314,50,-1.52587891E-05,350,300,161.5735,156.831284,257.5735,210.831284,0,1
1935,1935,1932,offscreen_render,40.69432,startup,27,27,1.77777779,207.117966,183.175262,207.117966,109.999992,183.175262,50,-1.52587891E-05,350,300,159.117966,156.175232,255.117966,210.175232,0,1
1936,1936,1933,offscreen_render,40.7112923,startup,27,27,1.77777779,204.762177,182.5459,204.762177,109.999992,182.5459,50,-1.52587891E-05,350,300,156.762177,155.545868,252.762177,209.545868,0,1
1937,1937,1934,offscreen_render,40.72787,startup,27,27,1.77777779,202.54306,181.953064,202.54306,109.999992,181.953064,50,-1.52587891E-05,350,300,154.543076,154.953033,250.543076,208.953033,0,1
1938,1938,1935,offscreen_render,40.7446136,startup,27,27,1.77777779,200.481583,181.402374,200.481583,109.999992,181.402374,50,-1.52587891E-05,350,300,152.481583,154.402359,248.481583,208.402359,0,1
1939,1939,1936,offscreen_render,40.7608757,startup,27,27,1.77777779,198.587524,180.896408,198.587524,109.999992,180.896408,50,-1.52587891E-05,350,300,150.58754,153.8964,246.58754,207.8964,0,1
1940,1940,1937,offscreen_render,40.77786,startup,27,27,1.77777779,196.862976,180.435745,196.862976,109.999992,180.435745,50,-1.52587891E-05,350,300,148.862976,153.43573,244.862976,207.43573,0,1
1941,1941,1938,offscreen_render,40.7951431,startup,27,27,1.77777779,195.278381,180.012466,195.278381,109.999992,180.012466,50,-1.52587891E-05,350,300,147.278381,153.012451,243.278381,207.012451,0,1
1942,1942,1939,offscreen_render,40.8119469,startup,27,27,1.77777779,193.882309,179.639557,193.882309,109.999992,179.639557,50,-1.52587891E-05,350,300,145.882324,152.639542,241.882324,206.639542,0,1
1943,1943,1940,offscreen_render,40.828,startup,27,27,1.77777779,192.636734,179.306854,192.636734,109.999992,179.306854,50,-1.52587891E-05,350,300,144.636749,152.306824,240.636749,206.306824,0,1
1944,1944,1941,offscreen_render,40.84524,startup,27,27,1.77777779,191.529739,179.011169,191.529739,109.999992,179.011169,50,-1.52587891E-05,350,300,143.529739,152.011154,239.529739,206.011154,0,1
1945,1945,1942,offscreen_render,40.8616867,startup,27,27,1.77777779,190.55043,178.749588,190.55043,109.999992,178.749588,50,-1.52587891E-05,350,300,142.55043,151.749573,238.55043,205.749573,0,1
1946,1946,1943,offscreen_render,40.8778725,startup,27,27,1.77777779,189.6872,178.519012,189.6872,109.999992,178.519012,50,-1.52587891E-05,350,300,141.6872,151.519,237.6872,205.519,0,1
1947,1947,1944,offscreen_render,40.89485,startup,27,27,1.77777779,188.928711,178.316422,188.928711,109.999992,178.316422,50,-1.52587891E-05,350,300,140.928711,151.3164,236.928711,205.3164,0,1
1948,1948,1945,offscreen_render,40.9121475,startup,27,27,1.77777779,188.26416,178.138916,188.26416,109.999992,178.138916,50,-1.52587891E-05,350,300,140.26416,151.1389,236.26416,205.1389,0,1
1949,1949,1946,offscreen_render,40.9284668,startup,27,27,1.77777779,187.683533,177.983826,187.683533,109.999992,177.983826,50,-1.52587891E-05,350,300,139.683533,150.98381,235.683533,204.98381,0,1
1950,1950,1947,offscreen_render,40.9449425,startup,27,27,1.77777779,187.1774,177.848633,187.1774,109.999992,177.848633,50,-1.52587891E-05,350,300,139.1774,150.848618,235.1774,204.848618,0,1
1951,1951,1948,offscreen_render,40.96169,startup,27,27,1.77777779,186.737183,177.731049,186.737183,109.999992,177.731049,50,-1.52587891E-05,350,300,138.737183,150.731033,234.737183,204.731033,0,1
1952,1952,1949,offscreen_render,40.9780922,startup,27,27,1.77777779,186.355057,177.628983,186.355057,109.999992,177.628983,50,-1.52587891E-05,350,300,138.355072,150.628967,234.355072,204.628967,0,1
1953,1953,1950,offscreen_render,40.99477,startup,27,27,1.77777779,186.023926,177.540543,186.023926,109.999992,177.540543,50,-1.52587891E-05,350,300,138.023926,150.540527,234.023926,204.540527,0,1
1954,1954,1951,offscreen_render,41.0114975,startup,27,27,1.77777779,185.737442,177.46402,185.737442,109.999992,177.46402,50,-1.52587891E-05,350,300,137.737457,150.464,233.737457,204.464,0,1
1955,1955,1952,offscreen_render,41.0283852,startup,27,27,1.77777779,185.490067,177.397949,185.490067,109.999992,177.397949,50,-1.52587891E-05,350,300,137.490082,150.397919,233.490082,204.397919,0,1
1956,1956,1953,offscreen_render,41.04525,startup,27,27,1.77777779,185.276657,177.340958,185.276657,109.999992,177.340958,50,-1.52587891E-05,350,300,137.276672,150.340942,233.276672,204.340942,0,1
1957,1957,1954,offscreen_render,41.0617828,startup,27,27,1.77777779,185.09285,177.29187,185.09285,109.999992,177.29187,50,-1.52587891E-05,350,300,137.09285,150.291855,233.09285,204.291855,0,1
1958,1958,1955,offscreen_render,41.0779648,startup,27,27,1.77777779,184.934708,177.249634,184.934708,109.999992,177.249634,50,-1.52587891E-05,350,300,136.934723,150.2496,232.934723,204.2496,0,1
1959,1959,1956,offscreen_render,41.0944061,startup,27,27,1.77777779,184.798828,177.213348,184.798828,109.999992,177.213348,50,-1.52587891E-05,350,300,136.798828,150.213333,232.798828,204.213333,0,1
1960,1960,1957,offscreen_render,41.1117859,startup,27,27,1.77777779,184.682175,177.18219,184.682175,109.999992,177.18219,50,-1.52587891E-05,350,300,136.682175,150.182175,232.682175,204.182175,0,1
1961,1961,1958,offscreen_render,41.1282959,startup,27,27,1.77777779,184.582138,177.155472,184.582138,109.999992,177.155472,50,-1.52587891E-05,350,300,136.582153,150.155441,232.582153,204.155441,0,1
1962,1962,1959,offscreen_render,41.1449165,startup,27,27,1.77777779,184.496445,177.132584,184.496445,109.999992,177.132584,50,-1.52587891E-05,350,300,136.49646,150.132568,232.49646,204.132568,0,1
1963,1963,1960,offscreen_render,41.1617355,startup,27,27,1.77777779,184.42308,177.112991,184.42308,109.999992,177.112991,50,-1.52587891E-05,350,300,136.42308,150.112976,232.42308,204.112976,0,1
1964,1964,1961,offscreen_render,41.17811,startup,27,27,1.77777779,184.360352,177.096237,184.360352,109.999992,177.096237,50,-1.52587891E-05,350,300,136.360352,150.096222,232.360352,204.096222,0,1
1965,1965,1962,offscreen_render,41.1947823,startup,27,27,1.77777779,184.306686,177.081909,184.306686,109.999992,177.081909,50,-1.52587891E-05,350,300,136.306686,150.0819,232.306686,204.0819,0,1
1966,1966,1963,offscreen_render,41.2113838,startup,27,27,1.77777779,184.26091,177.069687,184.26091,109.999992,177.069687,50,-1.52587891E-05,350,300,136.26091,150.069656,232.26091,204.069656,0,1
1967,1967,1964,offscreen_render,41.2287025,startup,27,27,1.77777779,184.221848,177.05925,184.221848,109.999992,177.05925,50,-1.52587891E-05,350,300,136.221848,150.059235,232.221848,204.059235,0,1
1968,1968,1965,offscreen_render,41.24495,startup,27,27,1.77777779,184.188538,177.050354,184.188538,109.999992,177.050354,50,-1.52587891E-05,350,300,136.188538,150.050339,232.188538,204.050339,0,1
1969,1969,1966,offscreen_render,41.26152,startup,27,27,1.77777779,184.160156,177.04277,184.160156,109.999992,177.04277,50,-1.52587891E-05,350,300,136.160156,150.042755,232.160156,204.042755,0,1
1970,1970,1967,offscreen_render,41.2777977,startup,27,27,1.77777779,184.135986,177.036316,184.135986,109.999992,177.036316,50,-1.52587891E-05,350,300,136.135986,150.036285,232.135986,204.036285,0,1
1971,1971,1968,offscreen_render,41.2946777,startup,27,27,1.77777779,184.1154,177.030823,184.1154,109.999992,177.030823,50,-1.52587891E-05,350,300,136.115417,150.0308,232.115417,204.0308,0,1
1972,1972,1969,offscreen_render,41.3113022,startup,27,27,1.77777779,184.0979,177.026154,184.0979,109.999992,177.026154,50,-1.52587891E-05,350,300,136.0979,150.026138,232.0979,204.026138,0,1
1973,1973,1970,offscreen_render,41.327816,startup,27,27,1.77777779,184.083023,177.022171,184.083023,109.999992,177.022171,50,-1.52587891E-05,350,300,136.083023,150.022156,232.083023,204.022156,0,1
1974,1974,1971,offscreen_render,41.34467,startup,27,27,1.77777779,184.070374,177.0188,184.070374,109.999992,177.0188,50,-1.52587891E-05,350,300,136.070374,150.018784,232.070374,204.018784,0,1
1975,1975,1972,offscreen_render,41.36173,startup,27,27,1.77777779,184.059631,177.01593,184.059631,109.999992,177.01593,50,-1.52587891E-05,350,300,136.059631,150.015915,232.059631,204.015915,0,1
1976,1976,1973,offscreen_render,41.3779869,startup,27,27,1.77777779,184.0505,177.013489,184.0505,109.999992,177.013489,50,-1.52587891E-05,350,300,136.0505,150.013458,232.0505,204.013458,0,1
1977,1977,1974,offscreen_render,41.39513,startup,27,27,1.77777779,184.04277,177.011414,184.04277,109.999992,177.011414,50,-1.52587891E-05,350,300,136.04277,150.0114,232.04277,204.0114,0,1
1978,1978,1975,offscreen_render,41.4113655,startup,27,27,1.77777779,184.0352,177.011658,184.0352,109.999992,177.011658,50,-1.52587891E-05,350,300,136.035217,150.011642,232.035217,204.011642,0,1
1979,1979,1976,offscreen_render,41.428196,startup,27,27,1.77777779,184.026062,177.017319,184.026062,109.999992,177.017319,50,-1.52587891E-05,350,300,136.026062,150.0173,232.026062,204.0173,0,1
1980,1980,1977,offscreen_render,41.4451065,startup,27,27,1.77777779,184.014175,177.0304,184.014175,109.999992,177.0304,50,-1.52587891E-05,350,300,136.014175,150.030365,232.014175,204.030365,0,1
1981,1981,1978,offscreen_render,41.46158,startup,27,27,1.77777779,183.998825,177.052032,183.998825,109.999992,177.052032,50,-1.52587891E-05,350,300,135.998825,150.052017,231.998825,204.052017,0,1
1982,1982,1979,offscreen_render,41.47808,startup,27,27,1.77777779,183.979568,177.082855,183.979568,109.999992,177.082855,50,-1.52587891E-05,350,300,135.979568,150.08284,231.979568,204.08284,0,1
1983,1983,1980,offscreen_render,41.4947777,startup,27,27,1.77777779,183.9563,177.122879,183.9563,109.999992,177.122879,50,-1.52587891E-05,350,300,135.9563,150.122864,231.9563,204.122864,0,1
1984,1984,1981,offscreen_render,41.5118637,startup,27,27,1.77777779,183.928482,177.172913,183.928482,109.999992,177.172913,50,-1.52587891E-05,350,300,135.928482,150.1729,231.928482,204.1729,0,1
1985,1985,1982,offscreen_render,41.52857,startup,27,27,1.77777779,183.897171,177.230881,183.897171,109.999992,177.230881,50,-1.52587891E-05,350,300,135.897171,150.230865,231.897171,204.230865,0,1
1986,1986,1983,offscreen_render,41.5453224,startup,27,27,1.77777779,183.862137,177.297012,183.862137,109.999992,177.297012,50,-1.52587891E-05,350,300,135.862137,150.296982,231.862137,204.296982,0,1
1987,1987,1984,offscreen_render,41.5621338,startup,27,27,1.77777779,183.823624,177.370728,183.823624,109.999992,177.370728,50,-1.52587891E-05,350,300,135.823639,150.370712,231.823639,204.370712,0,1
1988,1988,1985,offscreen_render,41.57902,startup,27,27,1.77777779,183.781372,177.452377,183.781372,109.999992,177.452377,50,-1.52587891E-05,350,300,135.781372,150.452362,231.781372,204.452362,0,1
1989,1989,1986,offscreen_render,41.5953369,startup,27,27,1.77777779,183.736649,177.539474,183.736649,109.999992,177.539474,50,-1.52587891E-05,350,300,135.736664,150.539459,231.736664,204.539459,0,1
1990,1990,1987,offscreen_render,41.61242,startup,27,27,1.77777779,183.689255,177.632263,183.689255,109.999992,177.632263,50,-1.52587891E-05,350,300,135.689255,150.632248,231.689255,204.632248,0,1
1991,1991,1988,offscreen_render,41.6289368,startup,27,27,1.77777779,183.640381,177.730423,183.640381,109.999992,177.730423,50,-1.52587891E-05,350,300,135.640381,150.7304,231.640381,204.7304,0,1
1992,1992,1989,offscreen_render,41.64563,startup,27,27,1.77777779,183.591766,177.833755,183.591766,109.999992,177.833755,50,-1.52587891E-05,350,300,135.591766,150.833725,231.591766,204.833725,0,1
1993,1993,1990,offscreen_render,41.66226,startup,27,27,1.77777779,183.544586,177.941986,183.544586,109.999992,177.941986,50,-1.52587891E-05,350,300,135.544586,150.941971,231.544586,204.941971,0,1
1994,1994,1991,offscreen_render,41.6787071,startup,27,27,1.77777779,183.4996,178.0548,183.4996,109.999992,178.0548,50,-1.52587891E-05,350,300,135.4996,151.054779,231.4996,205.054779,0,1
1995,1995,1992,offscreen_render,41.6950226,startup,27,27,1.77777779,183.4573,178.171829,183.4573,109.999992,178.171829,50,-1.52587891E-05,350,300,135.4573,151.1718,231.4573,205.1718,0,1
1996,1996,1993,offscreen_render,41.7123375,startup,27,27,1.77777779,183.417938,178.29274,183.417938,109.999992,178.29274,50,-1.52587891E-05,350,300,135.417938,151.292725,231.417938,205.292725,0,1
1997,1997,1994,offscreen_render,41.7288971,startup,27,27,1.77777779,183.381592,178.417114,183.381592,109.999992,178.417114,50,-1.52587891E-05,350,300,135.381592,151.4171,231.381592,205.4171,0,1
1998,1998,1995,offscreen_render,41.74549,startup,27,27,1.77777779,183.348251,178.544617,183.348251,109.999992,178.544617,50,-1.52587891E-05,350,300,135.348251,151.544586,231.348251,205.544586,0,1
1999,1999,1996,offscreen_render,41.76208,startup,27,27,1.77777779,183.3178,178.674942,183.3178,109.999992,178.674942,50,-1.52587891E-05,350,300,135.31781,151.674911,231.31781,205.674911,0,1
2000,2000,1997,offscreen_render,41.77863,startup,27,27,1.77777779,183.290085,178.80777,183.290085,109.999992,178.80777,50,-1.52587891E-05,350,300,135.290085,151.807739,231.290085,205.807739,0,1
2001,2001,1998,offscreen_render,41.79488,startup,27,27,1.77777779,183.264938,178.9428,183.264938,109.999992,178.9428,50,-1.52587891E-05,350,300,135.264938,151.94278,231.264938,205.94278,0,1
2002,2002,1999,offscreen_render,41.812027,startup,27,27,1.77777779,183.242142,179.0798,183.242142,109.999992,179.0798,50,-1.52587891E-05,350,300,135.242142,152.079788,231.242142,206.079788,0,1
2003,2003,2000,offscreen_render,41.828907,startup,27,27,1.77777779,183.2215,179.218521,183.2215,109.999992,179.218521,50,-1.52587891E-05,350,300,135.2215,152.218491,231.2215,206.218491,0,1
2004,2004,2001,offscreen_render,41.84537,startup,27,27,1.77777779,183.2028,179.358734,183.2028,109.999992,179.358734,50,-1.52587891E-05,350,300,135.20282,152.358719,231.20282,206.358719,0,1
2005,2005,2002,offscreen_render,41.8623428,startup,27,27,1.77777779,183.185852,179.500275,183.185852,109.999992,179.500275,50,-1.52587891E-05,350,300,135.185852,152.500259,231.185852,206.500259,0,1
2006,2006,2003,offscreen_render,41.87943,startup,27,27,1.77777779,183.170471,179.64299,183.170471,109.999992,179.64299,50,-1.52587891E-05,350,300,135.170471,152.642975,231.170471,206.642975,0,1
2007,2007,2004,offscreen_render,41.89523,startup,27,27,1.77777779,183.156479,179.786652,183.156479,109.999992,179.786652,50,-1.52587891E-05,350,300,135.1565,152.786621,231.1565,206.786621,0,1
2008,2008,2005,offscreen_render,41.912262,startup,27,27,1.77777779,183.1437,179.931381,183.1437,109.999992,179.931381,50,-1.52587891E-05,350,300,135.1437,152.931366,231.1437,206.931366,0,1
2009,2009,2006,offscreen_render,41.92872,startup,27,27,1.77777779,183.13205,180.076675,183.13205,109.999992,180.076675,50,-1.52587891E-05,350,300,135.13205,153.07666,231.13205,207.07666,0,1
2010,2010,2007,offscreen_render,41.9455872,startup,27,27,1.77777779,183.121353,180.222641,183.121353,109.999992,180.222641,50,-1.52587891E-05,350,300,135.121353,153.22261,231.121353,207.22261,0,1
2011,2011,2008,offscreen_render,41.961895,startup,27,27,1.77777779,183.1115,180.369171,183.1115,109.999992,180.369171,50,-1.52587891E-05,350,300,135.1115,153.369156,231.1115,207.369156,0,1
2012,2012,2009,offscreen_render,41.9789124,startup,27,27,1.77777779,183.102371,180.51619,183.102371,109.999992,180.51619,50,-1.52587891E-05,350,300,135.102386,153.516174,231.102386,207.516174,0,1
2013,2013,2010,offscreen_render,41.9954834,startup,27,27,1.77777779,183.093887,180.663635,183.093887,109.999992,180.663635,50,-1.52587891E-05,350,300,135.093887,153.66362,231.093887,207.66362,0,1
2014,2014,2011,offscreen_render,42.01224,startup,27,27,1.77777779,183.085968,180.811432,183.085968,109.999992,180.811432,50,-1.52587891E-05,350,300,135.085968,153.8114,231.085968,207.8114,0,1
2015,2015,2012,offscreen_render,42.0287933,startup,27,27,1.77777779,183.078522,180.959534,183.078522,109.999992,180.959534,50,-1.52587891E-05,350,300,135.078522,153.959518,231.078522,207.959518,0,1
2016,2016,2013,offscreen_render,42.0457573,startup,27,27,1.77777779,183.0715,181.10791,183.0715,109.999992,181.10791,50,-1.52587891E-05,350,300,135.0715,154.10788,231.0715,208.10788,0,1
2017,2017,2014,offscreen_render,42.06201,startup,27,27,1.77777779,183.06485,181.2565,183.06485,109.999992,181.2565,50,-1.52587891E-05,350,300,135.06485,154.256485,231.06485,208.256485,0,1
2018,2018,2015,offscreen_render,42.07872,startup,27,27,1.77777779,183.0608,181.403229,183.0608,109.999992,181.403229,50,-1.52587891E-05,350,300,135.060822,154.4032,231.060822,208.4032,0,1
2019,2019,2016,offscreen_render,42.0955276,startup,27,27,1.77777779,183.062958,181.545013,183.062958,109.999992,181.545013,50,-1.52587891E-05,350,300,135.062958,154.544983,231.062958,208.544983,0,1
2020,2020,2017,offscreen_render,42.1120834,startup,27,27,1.77777779,183.0736,181.679245,183.0736,109.999992,181.679245,50,-1.52587891E-05,350,300,135.0736,154.679214,231.0736,208.679214,0,1
2021,2021,2018,offscreen_render,42.1289558,startup,27,27,1.77777779,183.09436,181.8063,183.09436,109.999992,181.8063,50,-1.52587891E-05,350,300,135.09436,154.806274,231.09436,208.806274,0,1
2022,2022,2019,offscreen_render,42.1457138,startup,27,27,1.77777779,183.125427,181.9227,183.125427,109.999992,181.9227,50,-1.52587891E-05,350,300,135.125427,154.922684,231.125427,208.922684,0,1
2023,2023,2020,offscreen_render,42.1625252,startup,27,27,1.77777779,183.1671,182.029739,183.1671,109.999992,182.029739,50,-1.52587891E-05,350,300,135.167114,155.029724,231.167114,209.029724,0,1
2024,2024,2021,offscreen_render,42.1793137,startup,27,27,1.77777779,183.219162,182.127563,183.219162,109.999992,182.127563,50,-1.52587891E-05,350,300,135.219162,155.127533,231.219162,209.127533,0,1
2025,2025,2022,offscreen_render,42.19576,startup,27,27,1.77777779,183.2812,182.216553,183.2812,109.999992,182.216553,50,-1.52587891E-05,350,300,135.2812,155.216522,231.2812,209.216522,0,1
2026,2026,2023,offscreen_render,42.21226,startup,27,27,1.77777779,183.352631,182.297226,183.352631,109.999992,182.297226,50,-1.52587891E-05,350,300,135.352631,155.2972,231.352631,209.2972,0,1
2027,2027,2024,offscreen_render,42.2290039,startup,27,27,1.77777779,183.43277,182.370148,183.43277,109.999992,182.370148,50,-1.52587891E-05,350,300,135.43277,155.370117,231.43277,209.370117,0,1
2028,2028,2025,offscreen_render,42.246357,startup,27,27,1.77777779,183.52092,182.435959,183.52092,109.999992,182.435959,50,-1.52587891E-05,350,300,135.52092,155.435944,231.52092,209.435944,0,1
2029,2029,2026,offscreen_render,42.2625656,startup,27,27,1.77777779,183.616318,182.49527,183.616318,109.999992,182.49527,50,-1.52587891E-05,350,300,135.616318,155.495255,231.616318,209.495255,0,1
2030,2030,2027,offscreen_render,42.27941,startup,27,27,1.77777779,183.718292,182.548737,183.718292,109.999992,182.548737,50,-1.52587891E-05,350,300,135.718292,155.548721,231.718292,209.548721,0,1
2031,2031,2028,offscreen_render,42.2956276,startup,27,27,1.77777779,183.826172,182.596939,183.826172,109.999992,182.596939,50,-1.52587891E-05,350,300,135.826172,155.596924,231.826172,209.596924,0,1
2032,2032,2029,offscreen_render,42.312355,startup,27,27,1.77777779,183.9393,182.640442,183.9393,109.999992,182.640442,50,-1.52587891E-05,350,300,135.9393,155.640427,231.9393,209.640427,0,1
2033,2033,2030,offscreen_render,42.3290329,startup,27,27,1.77777779,184.057114,182.679779,184.057114,109.999992,182.679779,50,-1.52587891E-05,350,300,136.057114,155.679764,232.057114,209.679764,0,1
2034,2034,2031,offscreen_render,42.34626,startup,27,27,1.77777779,184.179062,182.715408,184.179062,109.999992,182.715408,50,-1.52587891E-05,350,300,136.179062,155.715378,232.179062,209.715378,0,1
2035,2035,2032,offscreen_render,42.36259,startup,27,27,1.77777779,184.302429,182.74762,184.302429,109.999992,182.74762,50,-1.52587891E-05,350,300,136.302429,155.747589,232.302429,209.747589,0,1
2036,2036,2033,offscreen_render,42.3790245,startup,27,27,1.77777779,184.423264,182.77655,184.423264,109.999992,182.77655,50,-1.52587891E-05,350,300,136.423264,155.77652,232.423264,209.77652,0,1
2037,2037,2034,offscreen_render,42.3954048,startup,27,27,1.77777779,184.5389,182.8024,184.5389,109.999992,182.8024,50,-1.52587891E-05,350,300,136.5389,155.802368,232.5389,209.802368,0,1
2038,2038,2035,offscreen_render,42.4123421,startup,27,27,1.77777779,184.647629,182.825363,184.647629,109.999992,182.825363,50,-1.52587891E-05,350,300,136.647629,155.825348,232.647629,209.825348,0,1
2039,2039,2036,offscreen_render,42.4287148,startup,27,27,1.77777779,184.7485,182.845688,184.7485,109.999992,182.845688,50,-1.52587891E-05,350,300,136.7485,155.845673,232.7485,209.845673,0,1
2040,2040,2037,offscreen_render,42.445652,startup,27,27,1.77777779,184.84108,182.863617,184.84108,109.999992,182.863617,50,-1.52587891E-05,350,300,136.84108,155.863586,232.84108,209.863586,0,1
2041,2041,2038,offscreen_render,42.4621239,startup,27,27,1.77777779,184.925278,182.879379,184.925278,109.999992,182.879379,50,-1.52587891E-05,350,300,136.9253,155.879349,232.9253,209.879349,0,1
2042,2042,2039,offscreen_render,42.47907,startup,27,27,1.77777779,185.001282,182.893188,185.001282,109.999992,182.893188,50,-1.52587891E-05,350,300,137.001282,155.893173,233.001282,209.893173,0,1
2043,2043,2040,offscreen_render,42.49545,startup,27,27,1.77777779,185.069473,182.905258,185.069473,109.999992,182.905258,50,-1.52587891E-05,350,300,137.069489,155.905243,233.069489,209.905243,0,1
2044,2044,2041,offscreen_render,42.5120049,startup,27,27,1.77777779,185.13031,182.915771,185.13031,109.999992,182.915771,50,-1.52587891E-05,350,300,137.13031,155.915741,233.13031,209.915741,0,1
2045,2045,2042,offscreen_render,42.5287437,startup,27,27,1.77777779,185.184341,182.924927,185.184341,109.999992,182.924927,50,-1.52587891E-05,350,300,137.184341,155.9249,233.184341,209.9249,0,1
2046,2046,2043,offscreen_render,42.54546,startup,27,27,1.77777779,185.232132,182.932877,185.232132,109.999992,182.932877,50,-1.52587891E-05,350,300,137.232132,155.932861,233.232132,209.932861,0,1
2047,2047,2044,offscreen_render,42.56197,startup,27,27,1.77777779,185.274246,182.939758,185.274246,109.999992,182.939758,50,-1.52587891E-05,350,300,137.274246,155.939728,233.274246,209.939728,0,1
2048,2048,2045,offscreen_render,42.5788155,startup,27,27,1.77777779,185.311234,182.945724,185.311234,109.999992,182.945724,50,-1.52587891E-05,350,300,137.311234,155.945709,233.311234,209.945709,0,1
2049,2049,2046,offscreen_render,42.5954056,startup,27,27,1.77777779,185.343628,182.950867,185.343628,109.999992,182.950867,50,-1.52587891E-05,350,300,137.343628,155.950851,233.343628,209.950851,0,1
2050,2050,2047,offscreen_render,42.61184,startup,27,27,1.77777779,185.371933,182.9553,185.371933,109.999992,182.9553,50,-1.52587891E-05,350,300,137.371933,155.955292,233.371933,209.955292,0,1
2051,2051,2048,offscreen_render,42.62884,startup,27,27,1.77777779,185.396591,182.959137,185.396591,109.999992,182.959137,50,-1.52587891E-05,350,300,137.3966,155.9591,233.3966,209.9591,0,1
2052,2052,2049,offscreen_render,42.6456451,startup,27,27,1.77777779,185.418137,182.962448,185.418137,109.999992,182.962448,50,-1.52587891E-05,350,300,137.418137,155.962433,233.418137,209.962433,0,1
2053,2053,2050,offscreen_render,42.6625481,startup,27,27,1.77777779,185.436737,182.965271,185.436737,109.999992,182.965271,50,-1.52587891E-05,350,300,137.436737,155.965256,233.436737,209.965256,0,1
2054,2054,2051,offscreen_render,42.6788025,startup,27,27,1.77777779,185.45285,182.9677,185.45285,109.999992,182.9677,50,-1.52587891E-05,350,300,137.45285,155.967667,233.45285,209.967667,0,1
2055,2055,2052,offscreen_render,42.69556,startup,27,27,1.77777779,185.466812,182.969788,185.466812,109.999992,182.969788,50,-1.52587891E-05,350,300,137.466827,155.969772,233.466827,209.969772,0,1
2056,2056,2053,offscreen_render,42.7120056,startup,27,27,1.77777779,185.478851,182.971573,185.478851,109.999992,182.971573,50,-1.52587891E-05,350,300,137.478851,155.971542,233.478851,209.971542,0,1
2057,2057,2054,offscreen_render,42.7291565,startup,27,27,1.77777779,185.489227,182.9731,185.489227,109.999992,182.9731,50,-1.52587891E-05,350,300,137.489227,155.973083,233.489227,209.973083,0,1
2058,2058,2055,offscreen_render,42.74532,startup,27,27,1.77777779,185.498169,182.9744,185.498169,109.999992,182.9744,50,-1.52587891E-05,350,300,137.498169,155.97438,233.498169,209.97438,0,1
2059,2059,2056,offscreen_render,42.7624626,startup,27,27,1.77777779,185.505859,182.97551,185.505859,109.999992,182.97551,50,-1.52587891E-05,350,300,137.505859,155.975479,233.505859,209.975479,0,1
2060,2060,2057,offscreen_render,42.77922,startup,27,27,1.77777779,185.512466,182.976456,185.512466,109.999992,182.976456,50,-1.52587891E-05,350,300,137.512466,155.97644,233.512466,209.97644,0,1
2061,2061,2058,offscreen_render,42.7952461,startup,27,27,1.77777779,185.518143,182.977264,185.518143,109.999992,182.977264,50,-1.52587891E-05,350,300,137.518143,155.977234,233.518143,209.977234,0,1
2062,2062,2059,offscreen_render,42.8126373,startup,27,27,1.77777779,185.52301,182.977951,185.52301,109.999992,182.977951,50,-1.52587891E-05,350,300,137.52301,155.977936,233.52301,209.977936,0,1
2063,2063,2060,offscreen_render,42.82872,startup,27,27,1.77777779,185.527176,182.978546,185.527176,109.999992,182.978546,50,-1.52587891E-05,350,300,137.527176,155.978531,233.527176,209.978531,0,1
2064,2064,2061,offscreen_render,42.8454323,startup,27,27,1.77777779,185.530746,182.97905,185.530746,109.999992,182.97905,50,-1.52587891E-05,350,300,137.530746,155.979019,233.530746,209.979019,0,1
2065,2065,2062,offscreen_render,42.862072,startup,27,27,1.77777779,185.5338,182.979477,185.5338,109.999992,182.979477,50,-1.52587891E-05,350,300,137.5338,155.979446,233.5338,209.979446,0,1
2066,2066,2063,offscreen_render,42.87901,startup,27,27,1.77777779,185.5364,182.979843,185.5364,109.999992,182.979843,50,-1.52587891E-05,350,300,137.5364,155.979828,233.5364,209.979828,0,1
2067,2067,2064,offscreen_render,42.8955956,startup,27,27,1.77777779,185.538635,182.980148,185.538635,109.999992,182.980148,50,-1.52587891E-05,350,300,137.538635,155.980118,233.538635,209.980118,0,1
2068,2068,2065,offscreen_render,42.91242,startup,27,27,1.77777779,185.540527,182.980408,185.540527,109.999992,182.980408,50,-1.52587891E-05,350,300,137.540527,155.9804,233.540527,209.9804,0,1
2069,2069,2066,offscreen_render,42.9288063,startup,27,27,1.77777779,185.542145,182.980637,185.542145,109.999992,182.980637,50,-1.52587891E-05,350,300,137.542145,155.9806,233.542145,209.9806,0,1
2070,2070,2067,offscreen_render,42.9456253,startup,27,27,1.77777779,185.543518,182.980835,185.543518,109.999992,182.980835,50,-1.52587891E-05,350,300,137.543518,155.98082,233.543518,209.98082,0,1
2071,2071,2068,offscreen_render,42.9623146,startup,27,27,1.77777779,185.5447,182.981,185.5447,109.999992,182.981,50,-1.52587891E-05,350,300,137.5447,155.980988,233.5447,209.980988,0,1
2072,2072,2069,offscreen_render,42.97899,startup,27,27,1.77777779,185.545685,182.98114,185.545685,109.999992,182.98114,50,-1.52587891E-05,350,300,137.545685,155.98111,233.545685,209.98111,0,1
2073,2073,2070,offscreen_render,42.9954529,startup,27,27,1.77777779,185.546539,182.981262,185.546539,109.999992,182.981262,50,-1.52587891E-05,350,300,137.546539,155.981247,233.546539,209.981247,0,1
2074,2074,2071,offscreen_render,43.01247,startup,27,27,1.77777779,185.547256,182.981354,185.547256,109.999992,182.981354,50,-1.52587891E-05,350,300,137.547256,155.981339,233.547256,209.981339,0,1
2075,2075,2072,offscreen_render,43.0288773,startup,27,27,1.77777779,185.547867,182.98143,185.547867,109.999992,182.98143,50,-1.52587891E-05,350,300,137.547867,155.981415,233.547867,209.981415,0,1
2076,2076,2073,offscreen_render,43.0459061,startup,27,27,1.77777779,185.548386,182.9815,185.548386,109.999992,182.9815,50,-1.52587891E-05,350,300,137.5484,155.981491,233.5484,209.981491,0,1
2077,2077,2074,offscreen_render,43.0620422,startup,27,27,1.77777779,185.548828,182.981567,185.548828,109.999992,182.981567,50,-1.52587891E-05,350,300,137.548828,155.981552,233.548828,209.981552,0,1
2078,2078,2075,offscreen_render,43.07881,startup,27,27,1.77777779,185.54921,182.981613,185.54921,109.999992,182.981613,50,-1.52587891E-05,350,300,137.549225,155.981583,233.549225,209.981583,0,1
2079,2079,2076,offscreen_render,43.09525,startup,27,27,1.77777779,185.54953,182.981659,185.54953,109.999992,182.981659,50,-1.52587891E-05,350,300,137.54953,155.981644,233.54953,209.981644,0,1
2080,2080,2077,offscreen_render,43.112175,startup,27,27,1.77777779,185.5498,182.981689,185.5498,109.999992,182.981689,50,-1.52587891E-05,350,300,137.5498,155.981659,233.5498,209.981659,0,1
2081,2081,2078,offscreen_render,43.1288,startup,27,27,1.77777779,185.550034,182.98172,185.550034,109.999992,182.98172,50,-1.52587891E-05,350,300,137.550049,155.981689,233.550049,209.981689,0,1
2082,2082,2079,offscreen_render,43.1457329,startup,27,27,1.77777779,185.550232,182.98175,185.550232,109.999992,182.98175,50,-1.52587891E-05,350,300,137.550232,155.981735,233.550232,209.981735,0,1
2083,2083,2080,offscreen_render,43.1622124,startup,27,27,1.77777779,185.5504,182.981766,185.5504,109.999992,182.981766,50,-1.52587891E-05,350,300,137.550415,155.98175,233.550415,209.98175,0,1
2084,2084,2081,offscreen_render,43.1793747,startup,27,27,1.77777779,185.550537,182.981781,185.550537,109.999992,182.981781,50,-1.52587891E-05,350,300,137.550537,155.98175,233.550537,209.98175,0,1
2085,2085,2082,offscreen_render,43.2908745,startup,27,27,1.77777779,185.551041,182.981857,185.551041,109.999992,182.981857,50,-1.52587891E-05,350,300,137.551056,155.981827,233.551056,209.981827,0,1
2086,2086,2083,offscreen_render,43.40321,startup,27,27,1.77777779,185.395538,182.982986,185.395538,109.999992,182.982986,50,-1.52587891E-05,350,300,137.395538,155.982971,233.395538,209.982971,0,1
2087,2087,2084,offscreen_render,43.4218636,startup,27,27,1.77777779,185.363647,182.983215,185.363647,109.999992,182.983215,50,-1.52587891E-05,350,300,137.363647,155.9832,233.363647,209.9832,0,1
2088,2088,2085,offscreen_render,43.43653,startup,27,27,1.77777779,185.327713,182.983475,185.327713,109.999992,182.983475,50,-1.52587891E-05,350,300,137.327713,155.983459,233.327713,209.983459,0,1
2089,2089,2086,offscreen_render,43.4526329,startup,27,27,1.77777779,185.285614,182.98378,185.285614,109.999992,182.98378,50,-1.52587891E-05,350,300,137.285614,155.983749,233.285614,209.983749,0,1
2090,2090,2087,offscreen_render,43.4693642,startup,27,27,1.77777779,185.236191,182.984131,185.236191,109.999992,182.984131,50,-1.52587891E-05,350,300,137.2362,155.984116,233.2362,209.984116,0,1
2091,2091,2088,offscreen_render,43.4871826,startup,27,27,1.77777779,185.178818,182.984543,185.178818,109.999992,182.984543,50,-1.52587891E-05,350,300,137.178818,155.984528,233.178818,209.984528,0,1
2092,2092,2089,offscreen_render,43.50277,startup,27,27,1.77777779,185.113358,182.985,185.113358,109.999992,182.985,50,-1.52587891E-05,350,300,137.113358,155.98497,233.113358,209.98497,0,1
2093,2093,2090,offscreen_render,43.5191154,startup,27,27,1.77777779,185.039856,182.985519,185.039856,109.999992,182.985519,50,-1.52587891E-05,350,300,137.039856,155.9855,233.039856,209.9855,0,1
2094,2094,2091,offscreen_render,43.5355568,startup,27,27,1.77777779,184.958633,182.9861,184.958633,109.999992,182.9861,50,-1.52587891E-05,350,300,136.958633,155.986084,232.958633,209.986084,0,1
2095,2095,2092,offscreen_render,43.5522728,startup,27,27,1.77777779,184.870132,182.986725,184.870132,109.999992,182.986725,50,-1.52587891E-05,350,300,136.870132,155.9867,232.870132,209.9867,0,1
2096,2096,2093,offscreen_render,43.5692635,startup,27,27,1.77777779,184.774826,182.9874,184.774826,109.999992,182.9874,50,-1.52587891E-05,350,300,136.774826,155.987366,232.774826,209.987366,0,1
2097,2097,2094,offscreen_render,43.5855637,startup,27,27,1.77777779,184.673279,182.988113,184.673279,109.999992,182.988113,50,-1.52587891E-05,350,300,136.673279,155.988083,232.673279,209.988083,0,1
2098,2098,2095,offscreen_render,43.6024246,startup,27,27,1.77777779,184.56601,182.988876,184.56601,109.999992,182.988876,50,-1.52587891E-05,350,300,136.56601,155.988846,232.56601,209.988846,0,1
2099,2099,2096,offscreen_render,43.6191177,startup,27,27,1.77777779,184.455719,182.987427,184.455719,109.999992,182.987427,50,-1.52587891E-05,350,300,136.455719,155.987411,232.455719,209.987411,0,1
2100,2100,2097,offscreen_render,43.6356659,startup,27,27,1.77777779,184.34613,182.9802,184.34613,109.999992,182.9802,50,-1.52587891E-05,350,300,136.34613,155.980179,232.34613,209.980179,0,1
2101,2101,2098,offscreen_render,43.6524773,startup,27,27,1.77777779,184.240158,182.96492,184.240158,109.999992,182.96492,50,-1.52587891E-05,350,300,136.240158,155.9649,232.240158,209.9649,0,1
2102,2102,2099,offscreen_render,43.66942,startup,27,27,1.77777779,184.13942,182.940262,184.13942,109.999992,182.940262,50,-1.52587891E-05,350,300,136.13942,155.940231,232.13942,209.940231,0,1
2103,2103,2100,offscreen_render,43.6856651,startup,27,27,1.77777779,184.044937,182.905548,184.044937,109.999992,182.905548,50,-1.52587891E-05,350,300,136.044937,155.905533,232.044937,209.905533,0,1
2104,2104,2101,offscreen_render,43.7025757,startup,27,27,1.77777779,183.95726,182.8606,183.95726,109.999992,182.8606,50,-1.52587891E-05,350,300,135.95726,155.860565,231.95726,209.860565,0,1
2105,2105,2102,offscreen_render,43.7191658,startup,27,27,1.77777779,183.876572,182.805588,183.876572,109.999992,182.805588,50,-1.52587891E-05,350,300,135.876572,155.805573,231.876572,209.805573,0,1
2106,2106,2103,offscreen_render,43.73555,startup,27,27,1.77777779,183.8028,182.740936,183.8028,109.999992,182.740936,50,-1.52587891E-05,350,300,135.8028,155.7409,231.8028,209.7409,0,1
2107,2107,2104,offscreen_render,43.7523766,startup,27,27,1.77777779,183.735687,182.667191,183.735687,109.999992,182.667191,50,-1.52587891E-05,350,300,135.735687,155.66716,231.735687,209.66716,0,1
2108,2108,2105,offscreen_render,43.76919,startup,27,27,1.77777779,183.674881,182.584991,183.674881,109.999992,182.584991,50,-1.52587891E-05,350,300,135.674881,155.584976,231.674881,209.584976,0,1
2109,2109,2106,offscreen_render,43.7857857,startup,27,27,1.77777779,183.619934,182.495026,183.619934,109.999992,182.495026,50,-1.52587891E-05,350,300,135.619934,155.49501,231.619934,209.49501,0,1
2110,2110,2107,offscreen_render,43.8025856,startup,27,27,1.77777779,183.5704,182.398,183.5704,109.999992,182.398,50,-1.52587891E-05,350,300,135.5704,155.397964,231.5704,209.397964,0,1
2111,2111,2108,offscreen_render,43.8190041,startup,27,27,1.77777779,183.525818,182.294571,183.525818,109.999992,182.294571,50,-1.52587891E-05,350,300,135.525818,155.294556,231.525818,209.294556,0,1
2112,2112,2109,offscreen_render,43.8356,startup,27,27,1.77777779,183.4857,182.18541,183.4857,109.999992,182.18541,50,-1.52587891E-05,350,300,135.485718,155.185379,231.485718,209.185379,0,1
2113,2113,2110,offscreen_render,43.8523026,startup,27,27,1.77777779,183.4496,182.071121,183.4496,109.999992,182.071121,50,-1.52587891E-05,350,300,135.4496,155.071091,231.4496,209.071091,0,1
2114,2114,2111,offscreen_render,43.8687935,startup,27,27,1.77777779,183.417084,181.952286,183.417084,109.999992,181.952286,50,-1.52587891E-05,350,300,135.417084,154.952271,231.417084,208.952271,0,1
2115,2115,2112,offscreen_render,43.8855171,startup,27,27,1.77777779,183.387756,181.829422,183.387756,109.999992,181.829422,50,-1.52587891E-05,350,300,135.387756,154.8294,231.387756,208.8294,0,1
2116,2116,2113,offscreen_render,43.90237,startup,27,27,1.77777779,183.361,181.701675,183.361,109.999992,181.701675,50,-1.52587891E-05,350,300,135.361,154.701645,231.361,208.701645,0,1
2117,2117,2114,offscreen_render,43.9187965,startup,27,27,1.77777779,183.337021,181.5721,183.337021,109.999992,181.5721,50,-1.52587891E-05,350,300,135.337036,154.572083,231.337036,208.572083,0,1
2118,2118,2115,offscreen_render,43.9354057,startup,27,27,1.77777779,183.315231,181.439789,183.315231,109.999992,181.439789,50,-1.52587891E-05,350,300,135.315247,154.439758,231.315247,208.439758,0,1
2119,2119,2116,offscreen_render,43.9523239,startup,27,27,1.77777779,183.295364,181.305115,183.295364,109.999992,181.305115,50,-1.52587891E-05,350,300,135.29538,154.3051,231.29538,208.3051,0,1
2120,2120,2117,offscreen_render,43.9693527,startup,27,27,1.77777779,183.276657,181.164215,183.276657,109.999992,181.164215,50,-1.52587891E-05,350,300,135.276657,154.1642,231.276657,208.1642,0,1
2121,2121,2118,offscreen_render,43.9859543,startup,27,27,1.77777779,183.259979,181.025558,183.259979,109.999992,181.025558,50,-1.52587891E-05,350,300,135.259979,154.025543,231.259979,208.025543,0,1
2122,2122,2119,offscreen_render,44.0028725,startup,27,27,1.77777779,183.244568,180.885345,183.244568,109.999992,180.885345,50,-1.52587891E-05,350,300,135.244568,153.885315,231.244568,207.885315,0,1
2123,2123,2120,offscreen_render,44.0192757,startup,27,27,1.77777779,183.230255,180.7438,183.230255,109.999992,180.7438,50,-1.52587891E-05,350,300,135.230255,153.743774,231.230255,207.743774,0,1
2124,2124,2121,offscreen_render,44.035717,startup,27,27,1.77777779,183.2169,180.6011,183.2169,109.999992,180.6011,50,-1.52587891E-05,350,300,135.216919,153.601089,231.216919,207.601089,0,1
2125,2125,2122,offscreen_render,44.0529823,startup,27,27,1.77777779,183.204376,180.4574,183.204376,109.999992,180.4574,50,-1.52587891E-05,350,300,135.204376,153.457382,231.204376,207.457382,0,1
2126,2126,2123,offscreen_render,44.0691681,startup,27,27,1.77777779,183.192566,180.31282,183.192566,109.999992,180.31282,50,-1.52587891E-05,350,300,135.192566,153.3128,231.192566,207.3128,0,1
2127,2127,2124,offscreen_render,44.0861053,startup,27,27,1.77777779,183.181366,180.16748,183.181366,109.999992,180.16748,50,-1.52587891E-05,350,300,135.181366,153.167465,231.181366,207.167465,0,1
2128,2128,2125,offscreen_render,44.10281,startup,27,27,1.77777779,183.1707,180.0215,183.1707,109.999992,180.0215,50,-1.52587891E-05,350,300,135.1707,153.021469,231.1707,207.021469,0,1
2129,2129,2126,offscreen_render,44.11952,startup,27,27,1.77777779,183.160492,179.874954,183.160492,109.999992,179.874954,50,-1.52587891E-05,350,300,135.160492,152.874939,231.160492,206.874939,0,1
2130,2130,2127,offscreen_render,44.1359863,startup,27,27,1.77777779,183.150681,179.727951,183.150681,109.999992,179.727951,50,-1.52587891E-05,350,300,135.150681,152.727936,231.150681,206.727936,0,1
2131,2131,2128,offscreen_render,44.1527672,startup,27,27,1.77777779,183.1412,179.580536,183.1412,109.999992,179.580536,50,-1.52587891E-05,350,300,135.1412,152.580521,231.1412,206.580521,0,1
2132,2132,2129,offscreen_render,44.1692963,startup,27,27,1.77777779,183.132019,179.43277,183.132019,109.999992,179.43277,50,-1.52587891E-05,350,300,135.132019,152.432739,231.132019,206.432739,0,1
2133,2133,2130,offscreen_render,44.185894,startup,27,27,1.77777779,183.123077,179.2847,183.123077,109.999992,179.2847,50,-1.52587891E-05,350,300,135.123077,152.284668,231.123077,206.284668,0,1
2134,2134,2131,offscreen_render,44.20269,startup,27,27,1.77777779,183.114349,179.136368,183.114349,109.999992,179.136368,50,-1.52587891E-05,350,300,135.114349,152.136337,231.114349,206.136337,0,1
2135,2135,2132,offscreen_render,44.2192,startup,27,27,1.77777779,183.1058,178.987823,183.1058,109.999992,178.987823,50,-1.52587891E-05,350,300,135.1058,151.9878,231.1058,205.9878,0,1
2136,2136,2133,offscreen_render,44.2359352,startup,27,27,1.77777779,183.097412,178.839081,183.097412,109.999992,178.839081,50,-1.52587891E-05,350,300,135.097412,151.83905,231.097412,205.83905,0,1
2137,2137,2134,offscreen_render,44.2526436,startup,27,27,1.77777779,183.091476,178.692062,183.091476,109.999992,178.692062,50,-1.52587891E-05,350,300,135.091492,151.692047,231.091492,205.692047,0,1
2138,2138,2135,offscreen_render,44.2697067,startup,27,27,1.77777779,183.091644,178.54921,183.091644,109.999992,178.54921,50,-1.52587891E-05,350,300,135.091644,151.549179,231.091644,205.549179,0,1
2139,2139,2136,offscreen_render,44.28635,startup,27,27,1.77777779,183.100266,178.413559,183.100266,109.999992,178.413559,50,-1.52587891E-05,350,300,135.100281,151.413544,231.100281,205.413544,0,1
2140,2140,2137,offscreen_render,44.3026772,startup,27,27,1.77777779,183.118683,178.28569,183.118683,109.999992,178.28569,50,-1.52587891E-05,350,300,135.118683,151.285675,231.118683,205.285675,0,1
2141,2141,2138,offscreen_render,44.31931,startup,27,27,1.77777779,183.147568,178.166153,183.147568,109.999992,178.166153,50,-1.52587891E-05,350,300,135.147568,151.166122,231.147568,205.166122,0,1
2142,2142,2139,offscreen_render,44.336235,startup,27,27,1.77777779,183.187073,178.0551,183.187073,109.999992,178.0551,50,-1.52587891E-05,350,300,135.187073,151.055084,231.187073,205.055084,0,1
2143,2143,2140,offscreen_render,44.3525848,startup,27,27,1.77777779,183.237015,177.952408,183.237015,109.999992,177.952408,50,-1.52587891E-05,350,300,135.237015,150.952377,231.237015,204.952377,0,1
2144,2144,2141,offscreen_render,44.3692,startup,27,27,1.77777779,183.296967,177.857742,183.296967,109.999992,177.857742,50,-1.52587891E-05,350,300,135.296967,150.857712,231.296967,204.857712,0,1
2145,2145,2142,offscreen_render,44.3863029,startup,27,27,1.77777779,183.366348,177.77063,183.366348,109.999992,177.77063,50,-1.52587891E-05,350,300,135.366348,150.7706,231.366348,204.7706,0,1
2146,2146,2143,offscreen_render,44.4028854,startup,27,27,1.77777779,183.444489,177.690567,183.444489,109.999992,177.690567,50,-1.52587891E-05,350,300,135.444489,150.690536,231.444489,204.690536,0,1
2147,2147,2144,offscreen_render,44.41923,startup,27,27,1.77777779,183.53067,177.616959,183.53067,109.999992,177.616959,50,-1.52587891E-05,350,300,135.53067,150.616928,231.53067,204.616928,0,1
2148,2148,2145,offscreen_render,44.43577,startup,27,27,1.77777779,183.624176,177.54924,183.624176,109.999992,177.54924,50,-1.52587891E-05,350,300,135.624176,150.54921,231.624176,204.54921,0,1
2149,2149,2146,offscreen_render,44.45276,startup,27,27,1.77777779,183.724411,177.486786,183.724411,109.999992,177.486786,50,-1.52587891E-05,350,300,135.724411,150.486755,231.724411,204.486755,0,1
2150,2150,2147,offscreen_render,44.4694,startup,27,27,1.77777779,183.830475,177.429169,183.830475,109.999992,177.429169,50,-1.52587891E-05,350,300,135.830475,150.429153,231.830475,204.429153,0,1
2151,2151,2148,offscreen_render,44.48602,startup,27,27,1.77777779,183.941849,177.375824,183.941849,109.999992,177.375824,50,-1.52587891E-05,350,300,135.941849,150.375809,231.941849,204.375809,0,1
2152,2152,2149,offscreen_render,44.50282,startup,27,27,1.77777779,184.057922,177.326263,184.057922,109.999992,177.326263,50,-1.52587891E-05,350,300,136.057922,150.326233,232.057922,204.326233,0,1
2153,2153,2150,offscreen_render,44.51926,startup,27,27,1.77777779,184.178162,177.28006,184.178162,109.999992,177.28006,50,-1.52587891E-05,350,300,136.178162,150.280029,232.178162,204.280029,0,1
2154,2154,2151,offscreen_render,44.5357933,startup,27,27,1.77777779,184.302078,177.236816,184.302078,109.999992,177.236816,50,-1.52587891E-05,350,300,136.3021,150.2368,232.3021,204.2368,0,1
2155,2155,2152,offscreen_render,44.5527878,startup,27,27,1.77777779,184.429245,177.196167,184.429245,109.999992,177.196167,50,-1.52587891E-05,350,300,136.42926,150.196136,232.42926,204.196136,0,1
2156,2156,2153,offscreen_render,44.56927,startup,27,27,1.77777779,184.559189,177.1578,184.559189,109.999992,177.1578,50,-1.52587891E-05,350,300,136.559189,150.157791,232.559189,204.157791,0,1
2157,2157,2154,offscreen_render,44.5860252,startup,27,27,1.77777779,184.691635,177.121429,184.691635,109.999992,177.121429,50,-1.52587891E-05,350,300,136.69165,150.1214,232.69165,204.1214,0,1
2158,2158,2155,offscreen_render,44.602684,startup,27,27,1.77777779,184.826233,177.086792,184.826233,109.999992,177.086792,50,-1.52587891E-05,350,300,136.826233,150.086777,232.826233,204.086777,0,1
2159,2159,2156,offscreen_render,44.6192627,startup,27,27,1.77777779,184.9627,177.053665,184.9627,109.999992,177.053665,50,-1.52587891E-05,350,300,136.9627,150.05365,232.9627,204.05365,0,1
2160,2160,2157,offscreen_render,44.636116,startup,27,27,1.77777779,185.1008,177.021851,185.1008,109.999992,177.021851,50,-1.52587891E-05,350,300,137.1008,150.021835,233.1008,204.021835,0,1
2161,2161,2158,offscreen_render,44.65267,startup,27,27,1.77777779,185.2403,176.99118,185.2403,109.999992,176.99118,50,-1.52587891E-05,350,300,137.2403,149.991165,233.2403,203.991165,0,1
2162,2162,2159,offscreen_render,44.6693573,startup,27,27,1.77777779,185.381012,176.961487,185.381012,109.999992,176.961487,50,-1.52587891E-05,350,300,137.381012,149.961456,233.381012,203.961456,0,1
2163,2163,2160,offscreen_render,44.68607,startup,27,27,1.77777779,185.5228,176.932632,185.5228,109.999992,176.932632,50,-1.52587891E-05,350,300,137.5228,149.932617,233.5228,203.932617,0,1
2164,2164,2161,offscreen_render,44.7028046,startup,27,27,1.77777779,185.665466,176.90451,185.665466,109.999992,176.90451,50,-1.52587891E-05,350,300,137.665466,149.9045,233.665466,203.9045,0,1
2165,2165,2162,offscreen_render,44.7199554,startup,27,27,1.77777779,185.808945,176.877029,185.808945,109.999992,176.877029,50,-1.52587891E-05,350,300,137.80896,149.877,233.80896,203.877,0,1
2166,2166,2163,offscreen_render,44.7363167,startup,27,27,1.77777779,185.953079,176.850082,185.953079,109.999992,176.850082,50,-1.52587891E-05,350,300,137.953079,149.850067,233.953079,203.850067,0,1
2167,2167,2164,offscreen_render,44.75349,startup,27,27,1.77777779,186.0978,176.823608,186.0978,109.999992,176.823608,50,-1.52587891E-05,350,300,138.097809,149.8236,234.097809,203.8236,0,1
2168,2168,2165,offscreen_render,44.77024,startup,27,27,1.77777779,186.243,176.797531,186.243,109.999992,176.797531,50,-1.52587891E-05,350,300,138.243011,149.7975,234.243011,203.7975,0,1
2169,2169,2166,offscreen_render,44.7865028,startup,27,27,1.77777779,186.386414,176.772156,186.386414,109.999992,176.772156,50,-1.52587891E-05,350,300,138.386414,149.772125,234.386414,203.772125,0,1
2170,2170,2167,offscreen_render,44.80274,startup,27,27,1.77777779,186.524521,176.747986,186.524521,109.999992,176.747986,50,-1.52587891E-05,350,300,138.524536,149.747971,234.524536,203.747971,0,1
2171,2171,2168,offscreen_render,44.81924,startup,27,27,1.77777779,186.655014,176.725342,186.655014,109.999992,176.725342,50,-1.52587891E-05,350,300,138.655014,149.725311,234.655014,203.725311,0,1
2172,2172,2169,offscreen_render,44.83589,startup,27,27,1.77777779,186.776535,176.704391,186.776535,109.999992,176.704391,50,-1.52587891E-05,350,300,138.776535,149.704376,234.776535,203.704376,0,1
2173,2173,2170,offscreen_render,44.8527451,startup,27,27,1.77777779,186.888382,176.685211,186.888382,109.999992,176.685211,50,-1.52587891E-05,350,300,138.888382,149.685181,234.888382,203.685181,0,1
2174,2174,2171,offscreen_render,44.8699074,startup,27,27,1.77777779,186.990662,176.66774,186.990662,109.999992,176.66774,50,-1.52587891E-05,350,300,138.990662,149.667709,234.990662,203.667709,0,1
2175,2175,2172,offscreen_render,44.8865471,startup,27,27,1.77777779,187.082886,176.652054,187.082886,109.999992,176.652054,50,-1.52587891E-05,350,300,139.082886,149.652039,235.082886,203.652039,0,1
2176,2176,2173,offscreen_render,44.9039574,startup,27,27,1.77777779,187.169434,176.637375,187.169434,109.999992,176.637375,50,-1.52587891E-05,350,300,139.169434,149.63736,235.169434,203.63736,0,1
2177,2177,2174,offscreen_render,44.920845,startup,27,27,1.77777779,187.243088,176.624924,187.243088,109.999992,176.624924,50,-1.52587891E-05,350,300,139.243088,149.624908,235.243088,203.624908,0,1
2178,2178,2175,offscreen_render,44.93698,startup,27,27,1.77777779,187.308578,176.613876,187.308578,109.999992,176.613876,50,-1.52587891E-05,350,300,139.3086,149.613846,235.3086,203.613846,0,1
2179,2179,2176,offscreen_render,44.9541779,startup,27,27,1.77777779,187.366547,176.604111,187.366547,109.999992,176.604111,50,-1.52587891E-05,350,300,139.366547,149.6041,235.366547,203.6041,0,1
2180,2180,2177,offscreen_render,44.9708,startup,27,27,1.77777779,187.417679,176.59552,187.417679,109.999992,176.59552,50,-1.52587891E-05,350,300,139.417679,149.5955,235.417679,203.5955,0,1
2181,2181,2178,offscreen_render,44.98724,startup,27,27,1.77777779,187.462616,176.587982,187.462616,109.999992,176.587982,50,-1.52587891E-05,350,300,139.462616,149.587952,235.462616,203.587952,0,1
2182,2182,2179,offscreen_render,45.0039139,startup,27,27,1.77777779,187.502014,176.581375,187.502014,109.999992,176.581375,50,-1.52587891E-05,350,300,139.502014,149.58136,235.502014,203.58136,0,1
2183,2183,2180,offscreen_render,45.02078,startup,27,27,1.77777779,187.536438,176.5756,187.536438,109.999992,176.5756,50,-1.52587891E-05,350,300,139.536438,149.575592,235.536438,203.575592,0,1
2184,2184,2181,offscreen_render,45.03711,startup,27,27,1.77777779,187.566467,176.570587,187.566467,109.999992,176.570587,50,-1.52587891E-05,350,300,139.566467,149.570572,235.566467,203.570572,0,1
2185,2185,2182,offscreen_render,45.05431,startup,27,27,1.77777779,187.59259,176.566223,187.59259,109.999992,176.566223,50,-1.52587891E-05,350,300,139.59259,149.566208,235.59259,203.566208,0,1
2186,2186,2183,offscreen_render,45.07088,startup,27,27,1.77777779,187.61528,176.562439,187.61528,109.999992,176.562439,50,-1.52587891E-05,350,300,139.6153,149.562408,235.6153,203.562408,0,1
2187,2187,2184,offscreen_render,45.0880356,startup,27,27,1.77777779,187.634949,176.559158,187.634949,109.999992,176.559158,50,-1.52587891E-05,350,300,139.634949,149.559128,235.634949,203.559128,0,1
2188,2188,2185,offscreen_render,45.1038361,startup,27,27,1.77777779,187.651962,176.55632,187.651962,109.999992,176.55632,50,-1.52587891E-05,350,300,139.651962,149.5563,235.651962,203.5563,0,1
2189,2189,2186,offscreen_render,45.12054,startup,27,27,1.77777779,187.666656,176.553879,187.666656,109.999992,176.553879,50,-1.52587891E-05,350,300,139.666656,149.553848,235.666656,203.553848,0,1
2190,2190,2187,offscreen_render,45.1371346,startup,27,27,1.77777779,187.679337,176.551773,187.679337,109.999992,176.551773,50,-1.52587891E-05,350,300,139.679337,149.551758,235.679337,203.551758,0,1
2191,2191,2188,offscreen_render,45.1538429,startup,27,27,1.77777779,187.690262,176.549957,187.690262,109.999992,176.549957,50,-1.52587891E-05,350,300,139.690277,149.549942,235.690277,203.549942,0,1
2192,2192,2189,offscreen_render,45.17073,startup,27,27,1.77777779,187.699661,176.5484,187.699661,109.999992,176.5484,50,-1.52587891E-05,350,300,139.699661,149.548386,235.699661,203.548386,0,1
2193,2193,2190,offscreen_render,45.1872,startup,27,27,1.77777779,187.707733,176.547058,187.707733,109.999992,176.547058,50,-1.52587891E-05,350,300,139.707733,149.547043,235.707733,203.547043,0,1
2194,2194,2191,offscreen_render,45.20374,startup,27,27,1.77777779,187.714676,176.545914,187.714676,109.999992,176.545914,50,-1.52587891E-05,350,300,139.714676,149.5459,235.714676,203.5459,0,1
2195,2195,2192,offscreen_render,45.2205734,startup,27,27,1.77777779,187.720627,176.544922,187.720627,109.999992,176.544922,50,-1.52587891E-05,350,300,139.720627,149.5449,235.720627,203.5449,0,1
2196,2196,2193,offscreen_render,45.2372856,startup,27,27,1.77777779,187.725723,176.544083,187.725723,109.999992,176.544083,50,-1.52587891E-05,350,300,139.725723,149.544052,235.725723,203.544052,0,1
2197,2197,2194,offscreen_render,45.25374,startup,27,27,1.77777779,187.730087,176.543365,187.730087,109.999992,176.543365,50,-1.52587891E-05,350,300,139.7301,149.54335,235.7301,203.54335,0,1
2198,2198,2195,offscreen_render,45.2704239,startup,27,27,1.77777779,187.733826,176.542755,187.733826,109.999992,176.542755,50,-1.52587891E-05,350,300,139.733826,149.542725,235.733826,203.542725,0,1
2199,2199,2196,offscreen_render,45.2873573,startup,27,27,1.77777779,187.737015,176.542221,187.737015,109.999992,176.542221,50,-1.52587891E-05,350,300,139.737015,149.5422,235.737015,203.5422,0,1
2200,2200,2197,offscreen_render,45.3043137,startup,27,27,1.77777779,187.739731,176.541779,187.739731,109.999992,176.541779,50,-1.52587891E-05,350,300,139.739731,149.541748,235.739731,203.541748,0,1
2201,2201,2198,offscreen_render,45.3207,startup,27,27,1.77777779,187.74205,176.5414,187.74205,109.999992,176.5414,50,-1.52587891E-05,350,300,139.74205,149.541382,235.74205,203.541382,0,1
2202,2202,2199,offscreen_render,45.33808,startup,27,27,1.77777779,187.744034,176.541077,187.744034,109.999992,176.541077,50,-1.52587891E-05,350,300,139.744034,149.541061,235.744034,203.541061,0,1
2203,2203,2200,offscreen_render,45.3537,startup,27,27,1.77777779,187.745728,176.5408,187.745728,109.999992,176.5408,50,-1.52587891E-05,350,300,139.745728,149.540787,235.745728,203.540787,0,1
2204,2204,2201,offscreen_render,45.37058,startup,27,27,1.77777779,187.747162,176.540558,187.747162,109.999992,176.540558,50,-1.52587891E-05,350,300,139.747162,149.540543,235.747162,203.540543,0,1
2205,2205,2202,offscreen_render,45.38752,startup,27,27,1.77777779,187.748383,176.540359,187.748383,109.999992,176.540359,50,-1.52587891E-05,350,300,139.748383,149.540329,235.748383,203.540329,0,1
2206,2206,2203,offscreen_render,45.4037971,startup,27,27,1.77777779,187.74942,176.540192,187.74942,109.999992,176.540192,50,-1.52587891E-05,350,300,139.74942,149.540161,235.74942,203.540161,0,1
2207,2207,2204,offscreen_render,45.4205971,startup,27,27,1.77777779,187.7503,176.540039,187.7503,109.999992,176.540039,50,-1.52587891E-05,350,300,139.7503,149.540009,235.7503,203.540009,0,1
2208,2208,2205,offscreen_render,45.436985,startup,27,27,1.77777779,187.751053,176.539917,187.751053,109.999992,176.539917,50,-1.52587891E-05,350,300,139.751068,149.5399,235.751068,203.5399,0,1
2209,2209,2206,offscreen_render,45.45377,startup,27,27,1.77777779,187.7517,176.53981,187.7517,109.999992,176.53981,50,-1.52587891E-05,350,300,139.751709,149.5398,235.751709,203.5398,0,1
2210,2210,2207,offscreen_render,45.4705048,startup,27,27,1.77777779,187.752243,176.539719,187.752243,109.999992,176.539719,50,-1.52587891E-05,350,300,139.752258,149.539688,235.752258,203.539688,0,1
2211,2211,2208,offscreen_render,45.4878654,startup,27,27,1.77777779,187.752716,176.539642,187.752716,109.999992,176.539642,50,-1.52587891E-05,350,300,139.752716,149.539627,235.752716,203.539627,0,1
2212,2212,2209,offscreen_render,45.5042343,startup,27,27,1.77777779,187.753113,176.539581,187.753113,109.999992,176.539581,50,-1.52587891E-05,350,300,139.753113,149.539566,235.753113,203.539566,0,1
2213,2213,2210,offscreen_render,45.52103,startup,27,27,1.77777779,187.753448,176.53952,187.753448,109.999992,176.53952,50,-1.52587891E-05,350,300,139.753448,149.5395,235.753448,203.5395,0,1
2214,2214,2211,offscreen_render,45.5376,startup,27,27,1.77777779,187.753723,176.539474,187.753723,109.999992,176.539474,50,-1.52587891E-05,350,300,139.753723,149.539444,235.753723,203.539444,0,1
2215,2215,2212,offscreen_render,45.55462,startup,27,27,1.77777779,187.753967,176.539429,187.753967,109.999992,176.539429,50,-1.52587891E-05,350,300,139.753967,149.539413,235.753967,203.539413,0,1
2216,2216,2213,offscreen_render,45.5714455,startup,27,27,1.77777779,187.754166,176.5394,187.754166,109.999992,176.5394,50,-1.52587891E-05,350,300,139.754181,149.539383,235.754181,203.539383,0,1
2217,2217,2214,offscreen_render,45.5881958,startup,27,27,1.77777779,187.754333,176.539368,187.754333,109.999992,176.539368,50,-1.52587891E-05,350,300,139.754333,149.539337,235.754333,203.539337,0,1
2218,2218,2215,offscreen_render,45.69819,startup,27,27,1.77777779,187.905762,176.560684,187.905762,109.999992,176.560684,50,-1.52587891E-05,350,300,139.905762,149.560669,235.905762,203.560669,0,1
2219,2219,2216,offscreen_render,45.7158127,startup,27,27,1.77777779,187.937332,176.565155,187.937332,109.999992,176.565155,50,-1.52587891E-05,350,300,139.937332,149.565125,235.937332,203.565125,0,1
2220,2220,2217,offscreen_render,45.73119,startup,27,27,1.77777779,187.9731,176.570221,187.9731,109.999992,176.570221,50,-1.52587891E-05,350,300,139.9731,149.5702,235.9731,203.5702,0,1
2221,2221,2218,offscreen_render,45.747406,startup,27,27,1.77777779,188.014984,176.576157,188.014984,109.999992,176.576157,50,-1.52587891E-05,350,300,140.014984,149.576141,236.014984,203.576141,0,1
2222,2222,2219,offscreen_render,45.76419,startup,27,27,1.77777779,188.064133,176.58313,188.064133,109.999992,176.58313,50,-1.52587891E-05,350,300,140.064133,149.5831,236.064133,203.5831,0,1
2223,2223,2220,offscreen_render,45.7809143,startup,27,27,1.77777779,188.12114,176.591217,188.12114,109.999992,176.591217,50,-1.52587891E-05,350,300,140.12114,149.591187,236.12114,203.591187,0,1
2224,2224,2221,offscreen_render,45.7975464,startup,27,27,1.77777779,188.186172,176.600449,188.186172,109.999992,176.600449,50,-1.52587891E-05,350,300,140.186172,149.600418,236.186172,203.600418,0,1
2225,2225,2222,offscreen_render,45.8157578,startup,27,27,1.77777779,188.25914,176.610809,188.25914,109.999992,176.610809,50,-1.52587891E-05,350,300,140.25914,149.610779,236.25914,203.610779,0,1
2226,2226,2223,offscreen_render,45.83076,startup,27,27,1.77777779,188.339722,176.622253,188.339722,109.999992,176.622253,50,-1.52587891E-05,350,300,140.339722,149.622238,236.339722,203.622238,0,1
2227,2227,2224,offscreen_render,45.8471375,startup,27,27,1.77777779,188.427521,176.63472,188.427521,109.999992,176.63472,50,-1.52587891E-05,350,300,140.427521,149.634689,236.427521,203.634689,0,1
2228,2228,2225,offscreen_render,45.8639221,startup,27,27,1.77777779,188.522034,176.648132,188.522034,109.999992,176.648132,50,-1.52587891E-05,350,300,140.522034,149.6481,236.522034,203.6481,0,1
2229,2229,2226,offscreen_render,45.8813553,startup,27,27,1.77777779,188.622711,176.66243,188.622711,109.999992,176.66243,50,-1.52587891E-05,350,300,140.622711,149.662415,236.622711,203.662415,0,1
2230,2230,2227,offscreen_render,45.8972778,startup,27,27,1.77777779,188.729034,176.677521,188.729034,109.999992,176.677521,50,-1.52587891E-05,350,300,140.729034,149.6775,236.729034,203.6775,0,1
2231,2231,2228,offscreen_render,45.9141159,startup,27,27,1.77777779,188.840439,176.693344,188.840439,109.999992,176.693344,50,-1.52587891E-05,350,300,140.840454,149.693329,236.840454,203.693329,0,1
2232,2232,2229,offscreen_render,45.9311028,startup,27,27,1.77777779,188.956436,176.709808,188.956436,109.999992,176.709808,50,-1.52587891E-05,350,300,140.956451,149.7098,236.956451,203.7098,0,1
2233,2233,2230,offscreen_render,45.94765,startup,27,27,1.77777779,189.0765,176.726852,189.0765,109.999992,176.726852,50,-1.52587891E-05,350,300,141.0765,149.726837,237.0765,203.726837,0,1
2234,2234,2231,offscreen_render,45.9642677,startup,27,27,1.77777779,189.200287,176.744431,189.200287,109.999992,176.744431,50,-1.52587891E-05,350,300,141.200287,149.744415,237.200287,203.744415,0,1
2235,2235,2232,offscreen_render,45.98138,startup,27,27,1.77777779,189.327209,176.762451,189.327209,109.999992,176.762451,50,-1.52587891E-05,350,300,141.327209,149.762436,237.327209,203.762436,0,1
2236,2236,2233,offscreen_render,45.9979134,startup,27,27,1.77777779,189.455048,176.782791,189.455048,109.999992,176.782791,50,-1.52587891E-05,350,300,141.455048,149.782761,237.455048,203.782761,0,1
2237,2237,2234,offscreen_render,46.0139961,startup,27,27,1.77777779,189.5804,176.80838,189.5804,109.999992,176.80838,50,-1.52587891E-05,350,300,141.5804,149.808365,237.5804,203.808365,0,1
2238,2238,2235,offscreen_render,46.03087,startup,27,27,1.77777779,189.701019,176.84111,189.701019,109.999992,176.84111,50,-1.52587891E-05,350,300,141.701019,149.84108,237.701019,203.84108,0,1
2239,2239,2236,offscreen_render,46.0476265,startup,27,27,1.77777779,189.815475,176.88208,189.815475,109.999992,176.88208,50,-1.52587891E-05,350,300,141.815491,149.88205,237.815491,203.88205,0,1
2240,2240,2237,offscreen_render,46.06427,startup,27,27,1.77777779,189.922943,176.931824,189.922943,109.999992,176.931824,50,-1.52587891E-05,350,300,141.922943,149.9318,237.922943,203.9318,0,1
2241,2241,2238,offscreen_render,46.0812035,startup,27,27,1.77777779,190.023071,176.990448,190.023071,109.999992,176.990448,50,-1.52587891E-05,350,300,142.023071,149.990433,238.023071,203.990433,0,1
2242,2242,2239,offscreen_render,46.0972939,startup,27,27,1.77777779,190.115814,177.05777,190.115814,109.999992,177.05777,50,-1.52587891E-05,350,300,142.115814,150.057755,238.115814,204.057755,0,1
2243,2243,2240,offscreen_render,46.1140442,startup,27,27,1.77777779,190.20137,177.133438,190.20137,109.999992,177.133438,50,-1.52587891E-05,350,300,142.201385,150.133423,238.201385,204.133423,0,1
2244,2244,2241,offscreen_render,46.13102,startup,27,27,1.77777779,190.280045,177.216949,190.280045,109.999992,177.216949,50,-1.52587891E-05,350,300,142.280045,150.216934,238.280045,204.216934,0,1
2245,2245,2242,offscreen_render,46.1476364,startup,27,27,1.77777779,190.352264,177.307724,190.352264,109.999992,177.307724,50,-1.52587891E-05,350,300,142.352264,150.3077,238.352264,204.3077,0,1
2246,2246,2243,offscreen_render,46.1638222,startup,27,27,1.77777779,190.418533,177.4052,190.418533,109.999992,177.4052,50,-1.52587891E-05,350,300,142.418549,150.405167,238.418549,204.405167,0,1
2247,2247,2244,offscreen_render,46.1809,startup,27,27,1.77777779,190.479324,177.508743,190.479324,109.999992,177.508743,50,-1.52587891E-05,350,300,142.47934,150.508728,238.47934,204.508728,0,1
2248,2248,2245,offscreen_render,46.1973419,startup,27,27,1.77777779,190.535156,177.617783,190.535156,109.999992,177.617783,50,-1.52587891E-05,350,300,142.535156,150.617752,238.535156,204.617752,0,1
2249,2249,2246,offscreen_render,46.2138672,startup,27,27,1.77777779,190.5865,177.731735,190.5865,109.999992,177.731735,50,-1.52587891E-05,350,300,142.5865,150.73172,238.5865,204.73172,0,1
2250,2250,2247,offscreen_render,46.2307129,startup,27,27,1.77777779,190.63385,177.8501,190.63385,109.999992,177.8501,50,-1.52587891E-05,350,300,142.63385,150.850082,238.63385,204.850082,0,1
2251,2251,2248,offscreen_render,46.2473946,startup,27,27,1.77777779,190.677612,177.972351,190.677612,109.999992,177.972351,50,-1.52587891E-05,350,300,142.677612,150.972321,238.677612,204.972321,0,1
2252,2252,2249,offscreen_render,46.2639542,startup,27,27,1.77777779,190.7182,178.098068,190.7182,109.999992,178.098068,50,-1.52587891E-05,350,300,142.7182,151.098053,238.7182,205.098053,0,1
2253,2253,2250,offscreen_render,46.28073,startup,27,27,1.77777779,190.755981,178.226822,190.755981,109.999992,178.226822,50,-1.52587891E-05,350,300,142.755981,151.2268,238.755981,205.2268,0,1
2254,2254,2251,offscreen_render,46.2975159,startup,27,27,1.77777779,190.791855,178.360474,190.791855,109.999992,178.360474,50,-1.52587891E-05,350,300,142.791855,151.360458,238.791855,205.360458,0,1
2255,2255,2252,offscreen_render,46.3145256,startup,27,27,1.77777779,190.824966,178.494308,190.824966,109.999992,178.494308,50,-1.52587891E-05,350,300,142.824966,151.4943,238.824966,205.4943,0,1
2256,2256,2253,offscreen_render,46.33149,startup,27,27,1.77777779,190.856186,178.630188,190.856186,109.999992,178.630188,50,-1.52587891E-05,350,300,142.856186,151.630173,238.856186,205.630173,0,1
2257,2257,2254,offscreen_render,46.3477,startup,27,27,1.77777779,190.885742,178.7678,190.885742,109.999992,178.7678,50,-1.52587891E-05,350,300,142.885742,151.767776,238.885742,205.767776,0,1
2258,2258,2255,offscreen_render,46.3647156,startup,27,27,1.77777779,190.914444,178.910019,190.914444,109.999992,178.910019,50,-1.52587891E-05,350,300,142.914444,151.909988,238.914444,205.909988,0,1
2259,2259,2256,offscreen_render,46.381218,startup,27,27,1.77777779,190.941284,179.050583,190.941284,109.999992,179.050583,50,-1.52587891E-05,350,300,142.941284,152.050568,238.941284,206.050568,0,1
2260,2260,2257,offscreen_render,46.3980141,startup,27,27,1.77777779,190.967133,179.192871,190.967133,109.999992,179.192871,50,-1.52587891E-05,350,300,142.967133,152.192856,238.967133,206.192856,0,1
2261,2261,2258,offscreen_render,46.4147835,startup,27,27,1.77777779,190.991943,179.335587,190.991943,109.999992,179.335587,50,-1.52587891E-05,350,300,142.991943,152.335571,238.991943,206.335571,0,1
2262,2262,2259,offscreen_render,46.43162,startup,27,27,1.77777779,191.01593,179.479156,191.01593,109.999992,179.479156,50,-1.52587891E-05,350,300,143.01593,152.479126,239.01593,206.479126,0,1
2263,2263,2260,offscreen_render,46.44804,startup,27,27,1.77777779,191.039215,179.623474,191.039215,109.999992,179.623474,50,-1.52587891E-05,350,300,143.039215,152.623459,239.039215,206.623459,0,1
2264,2264,2261,offscreen_render,46.4643173,startup,27,27,1.77777779,191.0619,179.768417,191.0619,109.999992,179.768417,50,-1.52587891E-05,350,300,143.0619,152.7684,239.0619,206.7684,0,1
2265,2265,2262,offscreen_render,46.4815331,startup,27,27,1.77777779,191.084076,179.913925,191.084076,109.999992,179.913925,50,-1.52587891E-05,350,300,143.084076,152.91391,239.084076,206.91391,0,1
2266,2266,2263,offscreen_render,46.49776,startup,27,27,1.77777779,191.105789,180.0599,191.105789,109.999992,180.0599,50,-1.52587891E-05,350,300,143.105789,153.059875,239.105789,207.059875,0,1
2267,2267,2264,offscreen_render,46.5146332,startup,27,27,1.77777779,191.127121,180.2063,191.127121,109.999992,180.2063,50,-1.52587891E-05,350,300,143.127121,153.206268,239.127121,207.206268,0,1
2268,2268,2265,offscreen_render,46.5319824,startup,27,27,1.77777779,191.148117,180.353027,191.148117,109.999992,180.353027,50,-1.52587891E-05,350,300,143.148132,153.353012,239.148132,207.353012,0,1
2269,2269,2266,offscreen_render,46.5480652,startup,27,27,1.77777779,191.168839,180.500061,191.168839,109.999992,180.500061,50,-1.52587891E-05,350,300,143.168839,153.500031,239.168839,207.500031,0,1
2270,2270,2267,offscreen_render,46.5649376,startup,27,27,1.77777779,191.189316,180.647354,191.189316,109.999992,180.647354,50,-1.52587891E-05,350,300,143.189331,153.647339,239.189331,207.647339,0,1
2271,2271,2268,offscreen_render,46.5818863,startup,27,27,1.77777779,191.209579,180.794861,191.209579,109.999992,180.794861,50,-1.52587891E-05,350,300,143.209579,153.79483,239.209579,207.79483,0,1
2272,2272,2269,offscreen_render,46.599,startup,27,27,1.77777779,191.230637,180.949722,191.230637,109.999992,180.949722,50,-1.52587891E-05,350,300,143.230637,153.9497,239.230637,207.9497,0,1
2273,2273,2270,offscreen_render,46.61537,startup,27,27,1.77777779,191.25058,181.097672,191.25058,109.999992,181.097672,50,-1.52587891E-05,350,300,143.25058,154.097641,239.25058,208.097641,0,1
2274,2274,2271,offscreen_render,46.63227,startup,27,27,1.77777779,191.2704,181.245728,191.2704,109.999992,181.245728,50,-1.52587891E-05,350,300,143.2704,154.245712,239.2704,208.245712,0,1
2275,2275,2272,offscreen_render,46.649044,startup,27,27,1.77777779,191.289825,181.391663,191.289825,109.999992,181.391663,50,-1.52587891E-05,350,300,143.289825,154.391647,239.289825,208.391647,0,1
2276,2276,2273,offscreen_render,46.66596,startup,27,27,1.77777779,191.308411,181.531967,191.308411,109.999992,181.531967,50,-1.52587891E-05,350,300,143.308411,154.531952,239.308411,208.531952,0,1
2277,2277,2274,offscreen_render,46.6822243,startup,27,27,1.77777779,191.3259,181.664383,191.3259,109.999992,181.664383,50,-1.52587891E-05,350,300,143.3259,154.664368,239.3259,208.664368,0,1
2278,2278,2275,offscreen_render,46.6987152,startup,27,27,1.77777779,191.342133,181.787582,191.342133,109.999992,181.787582,50,-1.52587891E-05,350,300,143.342133,154.787567,239.342133,208.787567,0,1
2279,2279,2276,offscreen_render,46.7152367,startup,27,27,1.77777779,191.357025,181.9009,191.357025,109.999992,181.9009,50,-1.52587891E-05,350,300,143.357025,154.900864,239.357025,208.900864,0,1
2280,2280,2277,offscreen_render,46.73187,startup,27,27,1.77777779,191.370575,182.004135,191.370575,109.999992,182.004135,50,-1.52587891E-05,350,300,143.370575,155.0041,239.370575,209.0041,0,1
2281,2281,2278,offscreen_render,46.74884,startup,27,27,1.77777779,191.382813,182.0975,191.382813,109.999992,182.0975,50,-1.52587891E-05,350,300,143.382813,155.097473,239.382813,209.097473,0,1
2282,2282,2279,offscreen_render,46.7655067,startup,27,27,1.77777779,191.393784,182.181366,191.393784,109.999992,182.181366,50,-1.52587891E-05,350,300,143.393784,155.181335,239.393784,209.181335,0,1
2283,2283,2280,offscreen_render,46.7820969,startup,27,27,1.77777779,191.40358,182.256271,191.40358,109.999992,182.256271,50,-1.52587891E-05,350,300,143.40358,155.256241,239.40358,209.256241,0,1
2284,2284,2281,offscreen_render,46.7986031,startup,27,27,1.77777779,191.412277,182.322861,191.412277,109.999992,182.322861,50,-1.52587891E-05,350,300,143.412277,155.32283,239.412277,209.32283,0,1
2285,2285,2282,offscreen_render,46.8155556,startup,27,27,1.77777779,191.419968,182.3818,191.419968,109.999992,182.3818,50,-1.52587891E-05,350,300,143.419968,155.38179,239.419968,209.38179,0,1
2286,2286,2283,offscreen_render,46.8323364,startup,27,27,1.77777779,191.426758,182.433792,191.426758,109.999992,182.433792,50,-1.52587891E-05,350,300,143.426758,155.433777,239.426758,209.433777,0,1
2287,2287,2284,offscreen_render,46.8485222,startup,27,27,1.77777779,191.432709,182.479477,191.432709,109.999992,182.479477,50,-1.52587891E-05,350,300,143.432709,155.479446,239.432709,209.479446,0,1
2288,2288,2285,offscreen_render,46.86528,startup,27,27,1.77777779,191.437927,182.519516,191.437927,109.999992,182.519516,50,-1.52587891E-05,350,300,143.437927,155.5195,239.437927,209.5195,0,1
2289,2289,2286,offscreen_render,46.882206,startup,27,27,1.77777779,191.44249,182.55452,191.44249,109.999992,182.55452,50,-1.52587891E-05,350,300,143.44249,155.5545,239.44249,209.5545,0,1
2290,2290,2287,offscreen_render,46.8995667,startup,27,27,1.77777779,191.446579,182.585968,191.446579,109.999992,182.585968,50,-1.52587891E-05,350,300,143.4466,155.585953,239.4466,209.585953,0,1
2291,2291,2288,offscreen_render,46.91583,startup,27,27,1.77777779,191.450012,182.6124,191.450012,109.999992,182.6124,50,-1.52587891E-05,350,300,143.450012,155.612366,239.450012,209.612366,0,1
2292,2292,2289,offscreen_render,46.93266,startup,27,27,1.77777779,191.453,182.635345,191.453,109.999992,182.635345,50,-1.52587891E-05,350,300,143.453,155.63533,239.453,209.63533,0,1
2293,2293,2290,offscreen_render,46.9494858,startup,27,27,1.77777779,191.4556,182.655228,191.4556,109.999992,182.655228,50,-1.52587891E-05,350,300,143.4556,155.6552,239.4556,209.6552,0,1
2294,2294,2291,offscreen_render,46.96591,startup,27,27,1.77777779,191.45784,182.67244,191.45784,109.999992,182.67244,50,-1.52587891E-05,350,300,143.457855,155.672424,239.457855,209.672424,0,1
2295,2295,2292,offscreen_render,46.9826126,startup,27,27,1.77777779,191.459778,182.6873,191.459778,109.999992,182.6873,50,-1.52587891E-05,350,300,143.459778,155.687271,239.459778,209.687271,0,1
2296,2296,2293,offscreen_render,46.9993134,startup,27,27,1.77777779,191.461441,182.700119,191.461441,109.999992,182.700119,50,-1.52587891E-05,350,300,143.461441,155.7001,239.461441,209.7001,0,1
2297,2297,2294,offscreen_render,47.0159836,startup,27,27,1.77777779,191.462875,182.711166,191.462875,109.999992,182.711166,50,-1.52587891E-05,350,300,143.462891,155.711151,239.462891,209.711151,0,1
2298,2298,2295,offscreen_render,47.0328522,startup,27,27,1.77777779,191.464111,182.720673,191.464111,109.999992,182.720673,50,-1.52587891E-05,350,300,143.464111,155.720642,239.464111,209.720642,0,1
2299,2299,2296,offscreen_render,47.0492668,startup,27,27,1.77777779,191.465164,182.728836,191.465164,109.999992,182.728836,50,-1.52587891E-05,350,300,143.465179,155.7288,239.465179,209.7288,0,1
2300,2300,2297,offscreen_render,47.0663033,startup,27,27,1.77777779,191.46608,182.735855,191.46608,109.999992,182.735855,50,-1.52587891E-05,350,300,143.4661,155.73584,239.4661,209.73584,0,1
2301,2301,2298,offscreen_render,47.0828857,startup,27,27,1.77777779,191.466858,182.741867,191.466858,109.999992,182.741867,50,-1.52587891E-05,350,300,143.466858,155.741852,239.466858,209.741852,0,1
2302,2302,2299,offscreen_render,47.09928,startup,27,27,1.77777779,191.467529,182.747025,191.467529,109.999992,182.747025,50,-1.52587891E-05,350,300,143.467529,155.747,239.467529,209.747,0,1
2303,2303,2300,offscreen_render,47.1165733,startup,27,27,1.77777779,191.468124,182.751587,191.468124,109.999992,182.751587,50,-1.52587891E-05,350,300,143.468124,155.751572,239.468124,209.751572,0,1
2304,2304,2301,offscreen_render,47.1338,startup,27,27,1.77777779,191.468613,182.755341,191.468613,109.999992,182.755341,50,-1.52587891E-05,350,300,143.468613,155.75531,239.468613,209.75531,0,1
2305,2305,2302,offscreen_render,47.1501541,startup,27,27,1.77777779,191.469025,182.758545,191.469025,109.999992,182.758545,50,-1.52587891E-05,350,300,143.469025,155.75853,239.469025,209.75853,0,1
2306,2306,2303,offscreen_render,47.1665878,startup,27,27,1.77777779,191.469376,182.761276,191.469376,109.999992,182.761276,50,-1.52587891E-05,350,300,143.469391,155.761246,239.469391,209.761246,0,1
2307,2307,2304,offscreen_render,47.1839561,startup,27,27,1.77777779,191.469681,182.763687,191.469681,109.999992,182.763687,50,-1.52587891E-05,350,300,143.469681,155.763657,239.469681,209.763657,0,1
2308,2308,2305,offscreen_render,47.2004547,startup,27,27,1.77777779,191.46994,182.765671,191.46994,109.999992,182.765671,50,-1.52587891E-05,350,300,143.46994,155.76564,239.46994,209.76564,0,1
2309,2309,2306,offscreen_render,47.21701,startup,27,27,1.77777779,191.470154,182.767365,191.470154,109.999992,182.767365,50,-1.52587891E-05,350,300,143.470154,155.767349,239.470154,209.767349,0,1
2310,2310,2307,offscreen_render,47.2339554,startup,27,27,1.77777779,191.470337,182.7688,191.470337,109.999992,182.7688,50,-1.52587891E-05,350,300,143.470337,155.768768,239.470337,209.768768,0,1
2311,2311,2308,offscreen_render,47.2504539,startup,27,27,1.77777779,191.47049,182.77002,191.47049,109.999992,182.77002,50,-1.52587891E-05,350,300,143.47049,155.769989,239.47049,209.769989,0,1
2312,2312,2309,offscreen_render,47.2672539,startup,27,27,1.77777779,191.470627,182.771057,191.470627,109.999992,182.771057,50,-1.52587891E-05,350,300,143.470627,155.771042,239.470627,209.771042,0,1
2313,2313,2310,offscreen_render,47.2836952,startup,27,27,1.77777779,191.470749,182.771942,191.470749,109.999992,182.771942,50,-1.52587891E-05,350,300,143.470764,155.771927,239.470764,209.771927,0,1
2314,2314,2311,offscreen_render,47.3003922,startup,27,27,1.77777779,191.47084,182.77269,191.47084,109.999992,182.77269,50,-1.52587891E-05,350,300,143.470856,155.772675,239.470856,209.772675,0,1
2315,2315,2312,offscreen_render,47.31701,startup,27,27,1.77777779,191.470917,182.773331,191.470917,109.999992,182.773331,50,-1.52587891E-05,350,300,143.470917,155.7733,239.470917,209.7733,0,1
2316,2316,2313,offscreen_render,47.33373,startup,27,27,1.77777779,191.471,182.77388,191.471,109.999992,182.77388,50,-1.52587891E-05,350,300,143.471,155.773849,239.471,209.773849,0,1
2317,2317,2314,offscreen_render,47.35044,startup,27,27,1.77777779,191.471054,182.774338,191.471054,109.999992,182.774338,50,-1.52587891E-05,350,300,143.471054,155.774323,239.471054,209.774323,0,1
2318,2318,2315,offscreen_render,47.36698,startup,27,27,1.77777779,191.4711,182.774734,191.4711,109.999992,182.774734,50,-1.52587891E-05,350,300,143.4711,155.7747,239.4711,209.7747,0,1
2319,2319,2316,offscreen_render,47.38397,startup,27,27,1.77777779,191.471146,182.77507,191.471146,109.999992,182.77507,50,-1.52587891E-05,350,300,143.471146,155.775055,239.471146,209.775055,0,1
2320,2320,2317,offscreen_render,47.40057,startup,27,27,1.77777779,191.471176,182.775345,191.471176,109.999992,182.775345,50,-1.52587891E-05,350,300,143.471176,155.77533,239.471176,209.77533,0,1
2321,2321,2318,offscreen_render,47.41679,startup,27,27,1.77777779,191.4712,182.775589,191.4712,109.999992,182.775589,50,-1.52587891E-05,350,300,143.471222,155.775574,239.471222,209.775574,0,1
2322,2322,2319,offscreen_render,47.43352,startup,27,27,1.77777779,191.471237,182.775787,191.471237,109.999992,182.775787,50,-1.52587891E-05,350,300,143.471237,155.775757,239.471237,209.775757,0,1
2323,2323,2320,offscreen_render,47.45039,startup,27,27,1.77777779,191.471268,182.775955,191.471268,109.999992,182.775955,50,-1.52587891E-05,350,300,143.471268,155.775925,239.471268,209.775925,0,1
2324,2324,2321,offscreen_render,47.5606728,startup,27,27,1.77777779,182.4736,182.852417,182.4736,109.999992,182.852417,50,-1.52587891E-05,350,300,134.4736,155.852386,230.4736,209.852386,0,1
2325,2325,2322,offscreen_render,47.5774841,startup,27,27,1.77777779,180.734146,182.867126,180.734146,109.999992,182.867126,50,-1.52587891E-05,350,300,132.734146,155.867111,228.734146,209.867111,0,1
2326,2326,2323,offscreen_render,47.59392,startup,27,27,1.77777779,179.084015,182.881073,179.084015,109.999992,182.881073,50,-1.52587891E-05,350,300,131.084015,155.881058,227.084015,209.881058,0,1
2327,2327,2324,offscreen_render,47.61014,startup,27,27,1.77777779,177.542465,182.8941,177.542465,109.999992,182.8941,50,-1.52587891E-05,350,300,129.54248,155.894073,225.54248,209.894073,0,1
2328,2328,2325,offscreen_render,47.62671,startup,27,27,1.77777779,176.120087,182.906128,176.120087,109.999992,182.906128,50,-1.52587891E-05,350,300,128.120087,155.9061,224.120087,209.9061,0,1
2329,2329,2326,offscreen_render,47.64356,startup,27,27,1.77777779,174.820358,182.917114,174.820358,109.999992,182.917114,50,-1.52587891E-05,350,300,126.820358,155.917084,222.820358,209.917084,0,1
2330,2330,2327,offscreen_render,47.6601753,startup,27,27,1.77777779,173.642609,182.927063,173.642609,109.999992,182.927063,50,-1.52587891E-05,350,300,125.642609,155.927032,221.642609,209.927032,0,1
2331,2331,2328,offscreen_render,47.6767921,startup,27,27,1.77777779,172.582581,182.93602,172.582581,109.999992,182.93602,50,-1.52587891E-05,350,300,124.582581,155.936,220.582581,209.936,0,1
2332,2332,2329,offscreen_render,47.6933174,startup,27,27,1.77777779,171.63414,182.944031,171.63414,109.999992,182.944031,50,-1.52587891E-05,350,300,123.63414,155.944,219.63414,209.944,0,1
2333,2333,2330,offscreen_render,47.7103157,startup,27,27,1.77777779,170.789734,182.951157,170.789734,109.999992,182.951157,50,-1.52587891E-05,350,300,122.789734,155.951141,218.789734,209.951141,0,1
2334,2334,2331,offscreen_render,47.727,startup,27,27,1.77777779,170.041428,182.957474,170.041428,109.999992,182.957474,50,-1.52587891E-05,350,300,122.041428,155.957443,218.041428,209.957443,0,1
2335,2335,2332,offscreen_render,47.7436066,startup,27,27,1.77777779,169.3807,182.963043,169.3807,109.999992,182.963043,50,-1.52587891E-05,350,300,121.380707,155.963028,217.3807,209.963028,0,1
2336,2336,2333,offscreen_render,47.76045,startup,27,27,1.77777779,168.799423,182.967941,168.799423,109.999992,182.967941,50,-1.52587891E-05,350,300,120.799423,155.967911,216.799423,209.967911,0,1
2337,2337,2334,offscreen_render,47.77672,startup,27,27,1.77777779,168.289551,182.972244,168.289551,109.999992,182.972244,50,-1.52587891E-05,350,300,120.289551,155.972214,216.289551,209.972214,0,1
2338,2338,2335,offscreen_render,47.7937279,startup,27,27,1.77777779,167.843536,182.976013,167.843536,109.999992,182.976013,50,-1.52587891E-05,350,300,119.843536,155.975983,215.843536,209.975983,0,1
2339,2339,2336,offscreen_render,47.8104973,startup,27,27,1.77777779,167.454346,182.9793,167.454346,109.999992,182.9793,50,-1.52587891E-05,350,300,119.454346,155.979279,215.454346,209.979279,0,1
2340,2340,2337,offscreen_render,47.8269577,startup,27,27,1.77777779,167.11554,182.982147,167.11554,109.999992,182.982147,50,-1.52587891E-05,350,300,119.11554,155.982132,215.11554,209.982132,0,1
2341,2341,2338,offscreen_render,47.84369,startup,27,27,1.77777779,166.821167,182.984634,166.821167,109.999992,182.984634,50,-1.52587891E-05,350,300,118.821167,155.984619,214.821167,209.984619,0,1
2342,2342,2339,offscreen_render,47.8602028,startup,27,27,1.77777779,166.565887,182.986786,166.565887,109.999992,182.986786,50,-1.52587891E-05,350,300,118.565887,155.986771,214.565887,209.986771,0,1
2343,2343,2340,offscreen_render,47.8769073,startup,27,27,1.77777779,166.344879,182.988647,166.344879,109.999992,182.988647,50,-1.52587891E-05,350,300,118.344879,155.988632,214.344879,209.988632,0,1
2344,2344,2341,offscreen_render,47.8936462,startup,27,27,1.77777779,166.153885,182.990265,166.153885,109.999992,182.990265,50,-1.52587891E-05,350,300,118.153885,155.990234,214.153885,209.990234,0,1
2345,2345,2342,offscreen_render,47.9105225,startup,27,27,1.77777779,165.989044,182.991653,165.989044,109.999992,182.991653,50,-1.52587891E-05,350,300,117.989044,155.991638,213.989044,209.991638,0,1
2346,2346,2343,offscreen_render,47.9270935,startup,27,27,1.77777779,165.84697,182.992859,165.84697,109.999992,182.992859,50,-1.52587891E-05,350,300,117.846985,155.992844,213.846985,209.992844,0,1
2347,2347,2344,offscreen_render,47.9437637,startup,27,27,1.77777779,165.72467,182.9939,165.72467,109.999992,182.9939,50,-1.52587891E-05,350,300,117.72467,155.993866,213.72467,209.993866,0,1
2348,2348,2345,offscreen_render,47.96056,startup,27,27,1.77777779,165.619537,182.994781,165.619537,109.999992,182.994781,50,-1.52587891E-05,350,300,117.619537,155.994766,213.619537,209.994766,0,1
2349,2349,2346,offscreen_render,47.9770355,startup,27,27,1.77777779,165.529022,182.995544,165.529022,109.999992,182.995544,50,-1.52587891E-05,350,300,117.529022,155.995514,213.529022,209.995514,0,1
2350,2350,2347,offscreen_render,47.99373,startup,27,27,1.77777779,165.4516,182.9962,165.4516,109.999992,182.9962,50,-1.52587891E-05,350,300,117.4516,155.99617,213.4516,209.99617,0,1
2351,2351,2348,offscreen_render,48.0104561,startup,27,27,1.77777779,165.385239,182.996765,165.385239,109.999992,182.996765,50,-1.52587891E-05,350,300,117.385239,155.996735,213.385239,209.996735,0,1
2352,2352,2349,offscreen_render,48.0272179,startup,27,27,1.77777779,165.328415,182.997238,165.328415,109.999992,182.997238,50,-1.52587891E-05,350,300,117.32843,155.997223,213.32843,209.997223,0,1
2353,2353,2350,offscreen_render,48.04388,startup,27,27,1.77777779,165.2798,182.99765,165.2798,109.999992,182.99765,50,-1.52587891E-05,350,300,117.279816,155.997635,213.279816,209.997635,0,1
2354,2354,2351,offscreen_render,48.06032,startup,27,27,1.77777779,165.238235,182.998,165.238235,109.999992,182.998,50,-1.52587891E-05,350,300,117.238251,155.997971,213.238251,209.997971,0,1
2355,2355,2352,offscreen_render,48.077404,startup,27,27,1.77777779,165.202728,182.9983,165.202728,109.999992,182.9983,50,-1.52587891E-05,350,300,117.202728,155.998291,213.202728,209.998291,0,1
2356,2356,2353,offscreen_render,48.09363,startup,27,27,1.77777779,165.172424,182.998566,165.172424,109.999992,182.998566,50,-1.52587891E-05,350,300,117.172424,155.99855,213.172424,209.99855,0,1
2357,2357,2354,offscreen_render,48.11051,startup,27,27,1.77777779,165.146576,182.998779,165.146576,109.999992,182.998779,50,-1.52587891E-05,350,300,117.146576,155.998764,213.146576,209.998764,0,1
2358,2358,2355,offscreen_render,48.1271439,startup,27,27,1.77777779,165.124542,182.998962,165.124542,109.999992,182.998962,50,-1.52587891E-05,350,300,117.124542,155.998947,213.124542,209.998947,0,1
2359,2359,2356,offscreen_render,48.1440125,startup,27,27,1.77777779,165.10553,182.999115,165.10553,109.999992,182.999115,50,-1.52587891E-05,350,300,117.10553,155.9991,213.10553,209.9991,0,1
2360,2360,2357,offscreen_render,48.1611176,startup,27,27,1.77777779,165.089584,182.999252,165.089584,109.999992,182.999252,50,-1.52587891E-05,350,300,117.089584,155.999222,213.089584,209.999222,0,1
2361,2361,2358,offscreen_render,48.177475,startup,27,27,1.77777779,165.076019,182.999359,165.076019,109.999992,182.999359,50,-1.52587891E-05,350,300,117.076019,155.999344,213.076019,209.999344,0,1
2362,2362,2359,offscreen_render,48.1943359,startup,27,27,1.77777779,165.064468,182.999451,165.064468,109.999992,182.999451,50,-1.52587891E-05,350,300,117.064484,155.999435,213.064484,209.999435,0,1
2363,2363,2360,offscreen_render,48.2108345,startup,27,27,1.77777779,165.054657,182.999527,165.054657,109.999992,182.999527,50,-1.52587891E-05,350,300,117.054657,155.999512,213.054657,209.999512,0,1
2364,2364,2361,offscreen_render,48.2280045,startup,27,27,1.77777779,165.046326,182.9996,165.046326,109.999992,182.9996,50,-1.52587891E-05,350,300,117.046326,155.999588,213.046326,209.999588,0,1
2365,2365,2362,offscreen_render,48.2444,startup,27,27,1.77777779,165.039246,182.999664,165.039246,109.999992,182.999664,50,-1.52587891E-05,350,300,117.039246,155.999634,213.039246,209.999634,0,1
2366,2366,2363,offscreen_render,48.261364,startup,27,27,1.77777779,165.033234,182.99971,165.033234,109.999992,182.99971,50,-1.52587891E-05,350,300,117.033234,155.9997,213.033234,209.9997,0,1
2367,2367,2364,offscreen_render,48.277462,startup,27,27,1.77777779,165.028137,182.999756,165.028137,109.999992,182.999756,50,-1.52587891E-05,350,300,117.028137,155.999725,213.028137,209.999725,0,1
2368,2368,2365,offscreen_render,48.2939758,startup,27,27,1.77777779,165.023819,182.999786,165.023819,109.999992,182.999786,50,-1.52587891E-05,350,300,117.023834,155.999771,213.023834,209.999771,0,1
2369,2369,2366,offscreen_render,48.3113,startup,27,27,1.77777779,165.02005,182.999817,165.02005,109.999992,182.999817,50,-1.52587891E-05,350,300,117.02005,155.999786,213.02005,209.999786,0,1
2370,2370,2367,offscreen_render,48.3279724,startup,27,27,1.77777779,165.016953,182.999847,165.016953,109.999992,182.999847,50,-1.52587891E-05,350,300,117.016968,155.999817,213.016968,209.999817,0,1
2371,2371,2368,offscreen_render,48.34552,startup,27,27,1.77777779,165.014252,182.999878,165.014252,109.999992,182.999878,50,-1.52587891E-05,350,300,117.014252,155.999863,213.014252,209.999863,0,1
2372,2372,2369,offscreen_render,48.3616142,startup,27,27,1.77777779,165.012039,182.9999,165.012039,109.999992,182.9999,50,-1.52587891E-05,350,300,117.012039,155.999878,213.012039,209.999878,0,1
2373,2373,2370,offscreen_render,48.47549,startup,27,27,1.77777779,176.301331,187.942627,176.301331,109.999992,187.942627,50,-1.52587891E-05,350,300,128.301331,160.942612,224.301331,214.942612,0,1
2374,2374,2371,offscreen_render,48.49358,startup,27,27,1.77777779,178.387054,188.855408,178.387054,109.999992,188.855408,50,-1.52587891E-05,350,300,130.387054,161.855377,226.387054,215.855377,0,1
2375,2375,2372,offscreen_render,48.5090065,startup,27,27,1.77777779,180.358,189.717926,180.358,109.999992,189.717926,50,-1.52587891E-05,350,300,132.358,162.7179,228.358,216.7179,0,1
2376,2376,2373,offscreen_render,48.52512,startup,27,27,1.77777779,182.1941,190.521408,182.1941,109.999992,190.521408,50,-1.52587891E-05,350,300,134.1941,163.521378,230.1941,217.521378,0,1
2377,2377,2374,offscreen_render,48.5420036,startup,27,27,1.77777779,183.8847,191.2612,183.8847,109.999992,191.2612,50,-1.52587891E-05,350,300,135.8847,164.261185,231.8847,218.261185,0,1
2378,2378,2375,offscreen_render,48.55886,startup,27,27,1.77777779,185.426437,191.935837,185.426437,109.999992,191.935837,50,-1.52587891E-05,350,300,137.426453,164.9358,233.426453,218.9358,0,1
2379,2379,2376,offscreen_render,48.5755043,startup,27,27,1.77777779,186.821442,192.546265,186.821442,109.999992,192.546265,50,-1.52587891E-05,350,300,138.821442,165.546265,234.821442,219.546265,0,1
2380,2380,2377,offscreen_render,48.59188,startup,27,27,1.77777779,188.075348,193.09494,188.075348,109.999992,193.09494,50,-1.52587891E-05,350,300,140.075348,166.09494,236.075348,220.09494,0,1
2381,2381,2378,offscreen_render,48.6084824,startup,27,27,1.77777779,189.195969,193.5853,189.195969,109.999992,193.5853,50,-1.52587891E-05,350,300,141.195969,166.5853,237.195969,220.5853,0,1
2382,2382,2379,offscreen_render,48.6254,startup,27,27,1.77777779,190.192917,194.02153,190.192917,109.999992,194.02153,50,-1.52587891E-05,350,300,142.192917,167.021515,238.192917,221.021515,0,1
2383,2383,2380,offscreen_render,48.6419373,startup,27,27,1.77777779,191.075439,194.407684,191.075439,109.999992,194.407684,50,-1.52587891E-05,350,300,143.075439,167.407684,239.075439,221.407684,0,1
2384,2384,2381,offscreen_render,48.6586151,startup,27,27,1.77777779,191.853989,194.748352,191.853989,109.999992,194.748352,50,-1.52587891E-05,350,300,143.854,167.748337,239.854,221.748337,0,1
2385,2385,2382,offscreen_render,48.67514,startup,27,27,1.77777779,192.538528,195.047882,192.538528,109.999992,195.047882,50,-1.52587891E-05,350,300,144.538544,168.047867,240.538544,222.047867,0,1
2386,2386,2383,offscreen_render,48.69206,startup,27,27,1.77777779,193.138641,195.310471,193.138641,109.999992,195.310471,50,-1.52587891E-05,350,300,145.138641,168.310455,241.138641,222.310455,0,1
2387,2387,2384,offscreen_render,48.7083626,startup,27,27,1.77777779,193.663239,195.540009,193.663239,109.999992,195.540009,50,-1.52587891E-05,350,300,145.663239,168.540009,241.663239,222.540009,0,1
2388,2388,2385,offscreen_render,48.7253838,startup,27,27,1.77777779,194.120834,195.740234,194.120834,109.999992,195.740234,50,-1.52587891E-05,350,300,146.12085,168.740234,242.12085,222.740234,0,1
2389,2389,2386,offscreen_render,48.74302,startup,27,27,1.77777779,194.543549,195.925186,194.543549,109.999992,195.925186,50,-1.52587891E-05,350,300,146.543564,168.925171,242.543564,222.925171,0,1
2390,2390,2387,offscreen_render,48.75946,startup,27,27,1.77777779,194.8861,196.075058,194.8861,109.999992,196.075058,50,-1.52587891E-05,350,300,146.886108,169.075043,242.886108,223.075043,0,1
2391,2391,2388,offscreen_render,48.7760849,startup,27,27,1.77777779,195.182968,196.204956,195.182968,109.999992,196.204956,50,-1.52587891E-05,350,300,147.182968,169.204956,243.182968,223.204956,0,1
2392,2392,2389,offscreen_render,48.7926445,startup,27,27,1.77777779,195.439987,196.317413,195.439987,109.999992,196.317413,50,-1.52587891E-05,350,300,147.44,169.317413,243.44,223.317413,0,1
2393,2393,2390,offscreen_render,48.80934,startup,27,27,1.77777779,195.661911,196.41452,195.661911,109.999992,196.41452,50,-1.52587891E-05,350,300,147.661926,169.4145,243.661926,223.4145,0,1
2394,2394,2391,offscreen_render,48.8262253,startup,27,27,1.77777779,195.8534,196.4983,195.8534,109.999992,196.4983,50,-1.52587891E-05,350,300,147.853409,169.498291,243.853409,223.498291,0,1
2395,2395,2392,offscreen_render,48.84298,startup,27,27,1.77777779,196.018341,196.57048,196.018341,109.999992,196.57048,50,-1.52587891E-05,350,300,148.018341,169.57048,244.018341,223.57048,0,1
2396,2396,2393,offscreen_render,48.8594627,startup,27,27,1.77777779,196.160278,196.632584,196.160278,109.999992,196.632584,50,-1.52587891E-05,350,300,148.1603,169.632584,244.1603,223.632584,0,1
2397,2397,2394,offscreen_render,48.8759346,startup,27,27,1.77777779,196.282272,196.685959,196.282272,109.999992,196.685959,50,-1.52587891E-05,350,300,148.282288,169.685944,244.282288,223.685944,0,1
2398,2398,2395,offscreen_render,48.8930855,startup,27,27,1.77777779,196.387009,196.731781,196.387009,109.999992,196.731781,50,-1.52587891E-05,350,300,148.387024,169.731766,244.387024,223.731766,0,1
2399,2399,2396,offscreen_render,48.9096146,startup,27,27,1.77777779,196.476837,196.771088,196.476837,109.999992,196.771088,50,-1.52587891E-05,350,300,148.476837,169.771088,244.476837,223.771088,0,1
2400,2400,2397,offscreen_render,48.9262,startup,27,27,1.77777779,196.553818,196.804764,196.553818,109.999992,196.804764,50,-1.52587891E-05,350,300,148.553833,169.804749,244.553833,223.804749,0,1
2401,2401,2398,offscreen_render,48.9431267,startup,27,27,1.77777779,196.6197,196.8336,196.6197,109.999992,196.8336,50,-1.52587891E-05,350,300,148.6197,169.833588,244.6197,223.833588,0,1
2402,2402,2399,offscreen_render,48.95964,startup,27,27,1.77777779,196.676071,196.858261,196.676071,109.999992,196.858261,50,-1.52587891E-05,350,300,148.676086,169.858246,244.676086,223.858246,0,1
2403,2403,2400,offscreen_render,48.9760742,startup,27,27,1.77777779,196.724243,196.879333,196.724243,109.999992,196.879333,50,-1.52587891E-05,350,300,148.724258,169.879318,244.724258,223.879318,0,1
2404,2404,2401,offscreen_render,48.9940834,startup,27,27,1.77777779,196.768463,196.898682,196.768463,109.999992,196.898682,50,-1.52587891E-05,350,300,148.768478,169.898666,244.768478,223.898666,0,1
2405,2405,2402,offscreen_render,49.0110741,startup,27,27,1.77777779,196.803116,196.913849,196.803116,109.999992,196.913849,50,-1.52587891E-05,350,300,148.803131,169.913834,244.803131,223.913834,0,1
2406,2406,2403,offscreen_render,49.02767,startup,27,27,1.77777779,196.832672,196.926773,196.832672,109.999992,196.926773,50,-1.52587891E-05,350,300,148.832672,169.926758,244.832672,223.926758,0,1
2407,2407,2404,offscreen_render,49.0441666,startup,27,27,1.77777779,196.857864,196.93779,196.857864,109.999992,196.93779,50,-1.52587891E-05,350,300,148.85788,169.93779,244.85788,223.93779,0,1
2408,2408,2405,offscreen_render,49.06087,startup,27,27,1.77777779,196.879318,196.947174,196.879318,109.999992,196.947174,50,-1.52587891E-05,350,300,148.879333,169.947174,244.879333,223.947174,0,1
2409,2409,2406,offscreen_render,49.0779228,startup,27,27,1.77777779,196.897583,196.95517,196.897583,109.999992,196.95517,50,-1.52587891E-05,350,300,148.897583,169.95517,244.897583,223.95517,0,1
2410,2410,2407,offscreen_render,49.0949135,startup,27,27,1.77777779,196.913116,196.961975,196.913116,109.999992,196.961975,50,-1.52587891E-05,350,300,148.913132,169.96196,244.913132,223.96196,0,1
2411,2411,2408,offscreen_render,49.1114235,startup,27,27,1.77777779,196.926331,196.967758,196.926331,109.999992,196.967758,50,-1.52587891E-05,350,300,148.926331,169.967743,244.926331,223.967743,0,1
2412,2412,2409,offscreen_render,49.12825,startup,27,27,1.77777779,196.937561,196.972672,196.937561,109.999992,196.972672,50,-1.52587891E-05,350,300,148.937576,169.972656,244.937576,223.972656,0,1
2413,2413,2410,offscreen_render,49.14488,startup,27,27,1.77777779,196.9471,196.976837,196.9471,109.999992,196.976837,50,-1.52587891E-05,350,300,148.9471,169.976837,244.9471,223.976837,0,1
2414,2414,2411,offscreen_render,49.16127,startup,27,27,1.77777779,196.9552,196.980377,196.9552,109.999992,196.980377,50,-1.52587891E-05,350,300,148.9552,169.980377,244.9552,223.980377,0,1
2415,2415,2412,offscreen_render,49.17761,startup,27,27,1.77777779,196.962067,196.983383,196.962067,109.999992,196.983383,50,-1.52587891E-05,350,300,148.962067,169.983368,244.962067,223.983368,0,1
2416,2416,2413,offscreen_render,49.19478,startup,27,27,1.77777779,196.9679,196.985931,196.9679,109.999992,196.985931,50,-1.52587891E-05,350,300,148.9679,169.985916,244.9679,223.985916,0,1
2417,2417,2414,offscreen_render,49.21145,startup,27,27,1.77777779,196.972839,196.9881,196.972839,109.999992,196.9881,50,-1.52587891E-05,350,300,148.972839,169.988083,244.972839,223.988083,0,1
2418,2418,2415,offscreen_render,49.22788,startup,27,27,1.77777779,196.97702,196.989929,196.97702,109.999992,196.989929,50,-1.52587891E-05,350,300,148.977036,169.989914,244.977036,223.989914,0,1
2419,2419,2416,offscreen_render,49.24439,startup,27,27,1.77777779,196.98056,196.991486,196.98056,109.999992,196.991486,50,-1.52587891E-05,350,300,148.98056,169.99147,244.98056,223.99147,0,1
2420,2420,2417,offscreen_render,49.2610245,startup,27,27,1.77777779,196.983566,196.9928,196.983566,109.999992,196.9928,50,-1.52587891E-05,350,300,148.983582,169.992783,244.983582,223.992783,0,1
2421,2421,2418,offscreen_render,49.27801,startup,27,27,1.77777779,196.986115,196.993912,196.986115,109.999992,196.993912,50,-1.52587891E-05,350,300,148.986115,169.993912,244.986115,223.993912,0,1
2422,2422,2419,offscreen_render,49.3893852,startup,27,27,1.77777779,162.961349,194.247787,162.961349,109.999992,194.247787,50,-1.52587891E-05,350,300,114.961349,167.247772,210.961349,221.247772,0,1
2423,2423,2420,offscreen_render,49.4071121,startup,27,27,1.77777779,156.4708,193.723557,156.4708,109.999992,193.723557,50,-1.52587891E-05,350,300,108.470795,166.723557,204.4708,220.723557,0,1
2424,2424,2421,offscreen_render,49.4226761,startup,27,27,1.77777779,150.32077,193.2268,150.32077,109.999992,193.2268,50,-1.52587891E-05,350,300,102.32077,166.226791,198.32077,220.226791,0,1
2425,2425,2422,offscreen_render,49.4387474,startup,27,27,1.77777779,144.580963,192.763168,144.580963,109.999992,192.763168,50,-1.52587891E-05,350,300,96.58096,165.763153,192.580963,219.763153,0,1
2426,2426,2423,offscreen_render,49.4552345,startup,27,27,1.77777779,139.28746,192.335556,139.28746,109.999992,192.335556,50,-1.52587891E-05,350,300,91.28746,165.335556,187.28746,219.335556,0,1
2427,2427,2424,offscreen_render,49.47218,startup,27,27,1.77777779,134.453857,191.945084,134.453857,109.999992,191.945084,50,-1.52587891E-05,350,300,86.45386,164.945068,182.453857,218.945068,0,1
2428,2428,2425,offscreen_render,49.48915,startup,27,27,1.77777779,130.074646,191.591309,130.074646,109.999992,191.591309,50,-1.52587891E-05,350,300,82.074646,164.591278,178.074646,218.591278,0,1
2429,2429,2426,offscreen_render,49.5054169,startup,27,27,1.77777779,126.136154,191.273132,126.136154,109.999992,191.273132,50,-1.52587891E-05,350,300,78.13616,164.273117,174.136169,218.273117,0,1
2430,2430,2427,offscreen_render,49.5219536,startup,27,27,1.77777779,122.61277,190.9885,122.61277,109.999992,190.9885,50,-1.52587891E-05,350,300,74.61278,163.988464,170.612778,217.988464,0,1
2431,2431,2428,offscreen_render,49.53919,startup,27,27,1.77777779,119.465141,190.7342,119.465141,109.999992,190.7342,50,-1.52587891E-05,350,300,71.46515,163.734192,167.465149,217.734192,0,1
2432,2432,2429,offscreen_render,49.55545,startup,27,27,1.77777779,116.688072,190.509857,116.688072,109.999992,190.509857,50,-1.52587891E-05,350,300,68.68808,163.509827,164.68808,217.509827,0,1
2433,2433,2430,offscreen_render,49.5723038,startup,27,27,1.77777779,114.236923,190.311829,114.236923,109.999992,190.311829,50,-1.52587891E-05,350,300,66.23692,163.311813,162.236923,217.311813,0,1
2434,2434,2431,offscreen_render,49.589035,startup,27,27,1.77777779,112.080559,190.137619,112.080559,109.999992,190.137619,50,-1.52587891E-05,350,300,64.08057,163.1376,160.080566,217.1376,0,1
2435,2435,2432,offscreen_render,49.6055527,startup,27,27,1.77777779,110.189682,189.984848,110.189682,109.999992,189.984848,50,-1.52587891E-05,350,300,62.18969,162.984833,158.1897,216.984833,0,1
2436,2436,2433,offscreen_render,49.6220322,startup,27,27,1.77777779,108.535774,189.851227,108.535774,109.999992,189.851227,50,-1.52587891E-05,350,300,60.53578,162.851212,156.535782,216.851212,0,1
2437,2437,2434,offscreen_render,49.63909,startup,27,27,1.77777779,107.092873,189.73465,107.092873,109.999992,189.73465,50,-1.52587891E-05,350,300,59.0928726,162.734619,155.092865,216.734619,0,1
2438,2438,2435,offscreen_render,49.65532,startup,27,27,1.77777779,105.836914,189.633179,105.836914,109.999992,189.633179,50,-1.52587891E-05,350,300,57.8369141,162.633163,153.836914,216.633163,0,1
2439,2439,2436,offscreen_render,49.6730652,startup,27,27,1.77777779,104.745758,189.545029,104.745758,109.999992,189.545029,50,-1.52587891E-05,350,300,56.7457581,162.545013,152.745758,216.545013,0,1
2440,2440,2437,offscreen_render,49.68891,startup,27,27,1.77777779,103.799774,189.4686,103.799774,109.999992,189.4686,50,-1.52587891E-05,350,300,55.7997742,162.468567,151.799774,216.468567,0,1
2441,2441,2438,offscreen_render,49.7052574,startup,27,27,1.77777779,102.980988,189.402451,102.980988,109.999992,189.402451,50,-1.52587891E-05,350,300,54.9809875,162.40242,150.980988,216.40242,0,1
2442,2442,2439,offscreen_render,49.72209,startup,27,27,1.77777779,102.273277,189.345276,102.273277,109.999992,189.345276,50,-1.52587891E-05,350,300,54.2732849,162.345245,150.273285,216.345245,0,1
2443,2443,2440,offscreen_render,49.7387657,startup,27,27,1.77777779,101.662544,189.295929,101.662544,109.999992,189.295929,50,-1.52587891E-05,350,300,53.66255,162.295914,149.662552,216.295914,0,1
2444,2444,2441,offscreen_render,49.75526,startup,27,27,1.77777779,101.136238,189.2534,101.136238,109.999992,189.2534,50,-1.52587891E-05,350,300,53.1362457,162.253372,149.136246,216.253372,0,1
2445,2445,2442,offscreen_render,49.77254,startup,27,27,1.77777779,100.683212,189.2168,100.683212,109.999992,189.2168,50,-1.52587891E-05,350,300,52.68322,162.216766,148.683228,216.216766,0,1
2446,2446,2443,offscreen_render,49.78864,startup,27,27,1.77777779,100.293785,189.185333,100.293785,109.999992,189.185333,50,-1.52587891E-05,350,300,52.2937927,162.1853,148.2938,216.1853,0,1
2447,2447,2444,offscreen_render,49.8054771,startup,27,27,1.77777779,99.95938,189.15831,99.95938,109.999992,189.15831,50,-1.52587891E-05,350,300,51.95938,162.158279,147.959381,216.158279,0,1
2448,2448,2445,offscreen_render,49.82243,startup,27,27,1.77777779,99.67249,189.135132,99.67249,109.999992,189.135132,50,-1.52587891E-05,350,300,51.6725,162.1351,147.6725,216.1351,0,1
2449,2449,2446,offscreen_render,49.8388557,startup,27,27,1.77777779,99.42661,189.115265,99.42661,109.999992,189.115265,50,-1.52587891E-05,350,300,51.4266129,162.115234,147.4266,216.115234,0,1
2450,2450,2447,offscreen_render,49.8558426,startup,27,27,1.77777779,99.216095,189.098251,99.216095,109.999992,189.098251,50,-1.52587891E-05,350,300,51.216095,162.098236,147.2161,216.098236,0,1
2451,2451,2448,offscreen_render,49.87212,startup,27,27,1.77777779,99.03601,189.0837,99.03601,109.999992,189.0837,50,-1.52587891E-05,350,300,51.03601,162.083679,147.036011,216.083679,0,1
2452,2452,2449,offscreen_render,49.88881,startup,27,27,1.77777779,98.88206,189.071259,98.88206,109.999992,189.071259,50,-1.52587891E-05,350,300,50.8820572,162.071243,146.88205,216.071243,0,1
2453,2453,2450,offscreen_render,49.9056473,startup,27,27,1.77777779,98.75056,189.060638,98.75056,109.999992,189.060638,50,-1.52587891E-05,350,300,50.7505646,162.060608,146.750565,216.060608,0,1
2454,2454,2451,offscreen_render,49.92297,startup,27,27,1.77777779,98.63831,189.051575,98.63831,109.999992,189.051575,50,-1.52587891E-05,350,300,50.63832,162.051544,146.638321,216.051544,0,1
2455,2455,2452,offscreen_render,49.9391327,startup,27,27,1.77777779,98.5424652,189.043823,98.5424652,109.999992,189.043823,50,-1.52587891E-05,350,300,50.5424652,162.043808,146.542465,216.043808,0,1
2456,2456,2453,offscreen_render,49.9557152,startup,27,27,1.77777779,98.46074,189.037216,98.46074,109.999992,189.037216,50,-1.52587891E-05,350,300,50.46074,162.0372,146.460739,216.0372,0,1
2457,2457,2454,offscreen_render,49.97229,startup,27,27,1.77777779,98.39113,189.031586,98.39113,109.999992,189.031586,50,-1.52587891E-05,350,300,50.39113,162.031555,146.391129,216.031555,0,1
2458,2458,2455,offscreen_render,49.98898,startup,27,27,1.77777779,98.332,189.02681,98.332,109.999992,189.02681,50,-1.52587891E-05,350,300,50.33201,162.026779,146.332,216.026779,0,1
2459,2459,2456,offscreen_render,50.00536,startup,27,27,1.77777779,98.2816849,189.022751,98.2816849,109.999992,189.022751,50,-1.52587891E-05,350,300,50.2816925,162.02272,146.2817,216.02272,0,1
2460,2460,2457,offscreen_render,50.0222054,startup,27,27,1.77777779,98.23889,189.019287,98.23889,109.999992,189.019287,50,-1.52587891E-05,350,300,50.2389,162.019257,146.238892,216.019257,0,1
2461,2461,2458,offscreen_render,50.0390739,startup,27,27,1.77777779,98.20252,189.016342,98.20252,109.999992,189.016342,50,-1.52587891E-05,350,300,50.20253,162.016312,146.20253,216.016312,0,1
2462,2462,2459,offscreen_render,50.0555763,startup,27,27,1.77777779,98.17162,189.01384,98.17162,109.999992,189.01384,50,-1.52587891E-05,350,300,50.17163,162.013809,146.171631,216.013809,0,1
2463,2463,2460,offscreen_render,50.0730667,startup,27,27,1.77777779,98.1453857,189.011719,98.1453857,109.999992,189.011719,50,-1.52587891E-05,350,300,50.1453857,162.011688,146.145386,216.011688,0,1
2464,2464,2461,offscreen_render,50.0892,startup,27,27,1.77777779,98.1231155,189.009918,98.1231155,109.999992,189.009918,50,-1.52587891E-05,350,300,50.1231232,162.009888,146.123123,216.009888,0,1
2465,2465,2462,offscreen_render,50.1056557,startup,27,27,1.77777779,98.1042252,189.008392,98.1042252,109.999992,189.008392,50,-1.52587891E-05,350,300,50.1042252,162.008377,146.104218,216.008377,0,1
2466,2466,2463,offscreen_render,50.1220169,startup,27,27,1.77777779,98.0882,189.0071,98.0882,109.999992,189.0071,50,-1.52587891E-05,350,300,50.0882034,162.007065,146.0882,216.007065,0,1
2467,2467,2464,offscreen_render,50.1388,startup,27,27,1.77777779,98.0746155,189.006,98.0746155,109.999992,189.006,50,-1.52587891E-05,350,300,50.0746155,162.005981,146.074615,216.005981,0,1
2468,2468,2465,offscreen_render,50.15558,startup,27,27,1.77777779,98.0631,189.005066,98.0631,109.999992,189.005066,50,-1.52587891E-05,350,300,50.06311,162.005051,146.06311,216.005051,0,1
2469,2469,2466,offscreen_render,50.17264,startup,27,27,1.77777779,98.05335,189.004288,98.05335,109.999992,189.004288,50,-1.52587891E-05,350,300,50.05336,162.004257,146.05336,216.004257,0,1
2470,2470,2467,offscreen_render,50.1888275,startup,27,27,1.77777779,98.0451,189.003616,98.0451,109.999992,189.003616,50,-1.52587891E-05,350,300,50.045105,162.003586,146.0451,216.003586,0,1
2471,2471,2468,offscreen_render,50.20587,startup,27,27,1.77777779,98.03811,189.003052,98.03811,109.999992,189.003052,50,-1.52587891E-05,350,300,50.0381165,162.003021,146.038116,216.003021,0,1
2472,2472,2469,offscreen_render,50.22296,startup,27,27,1.77777779,98.032196,189.002579,98.032196,109.999992,189.002579,50,-1.52587891E-05,350,300,50.032196,162.002548,146.0322,216.002548,0,1
2473,2473,2470,offscreen_render,50.23862,startup,27,27,1.77777779,98.02719,189.002182,98.02719,109.999992,189.002182,50,-1.52587891E-05,350,300,50.02719,162.002167,146.027191,216.002167,0,1
2474,2474,2471,offscreen_render,50.2553444,startup,27,27,1.77777779,98.02296,189.001846,98.02296,109.999992,189.001846,50,-1.52587891E-05,350,300,50.0229645,162.001831,146.022964,216.001831,0,1
2475,2475,2472,offscreen_render,50.2720375,startup,27,27,1.77777779,98.01938,189.001556,98.01938,109.999992,189.001556,50,-1.52587891E-05,350,300,50.01938,162.001526,146.019379,216.001526,0,1
2476,2476,2473,offscreen_render,50.28901,startup,27,27,1.77777779,98.01636,189.001312,98.01636,109.999992,189.001312,50,-1.52587891E-05,350,300,50.0163574,162.001282,146.016357,216.001282,0,1
2477,2477,2474,offscreen_render,50.4039536,startup,27,27,1.77777779,98.00509,188.866089,98.00509,109.999992,188.866089,50,-1.52587891E-05,350,300,50.0050964,161.866074,146.0051,215.866074,0,1
2478,2478,2475,offscreen_render,50.422287,startup,27,27,1.77777779,98.00429,188.839844,98.00429,109.999992,188.839844,50,-1.52587891E-05,350,300,50.0042953,161.839813,146.0043,215.839813,0,1
2479,2479,2476,offscreen_render,50.4376678,startup,27,27,1.77777779,98.00361,188.810181,98.00361,109.999992,188.810181,50,-1.52587891E-05,350,300,50.00361,161.81015,146.0036,215.81015,0,1
2480,2480,2477,offscreen_render,50.4540329,startup,27,27,1.77777779,98.00304,188.775452,98.00304,109.999992,188.775452,50,-1.52587891E-05,350,300,50.0030365,161.775436,146.003036,215.775436,0,1
2481,2481,2478,offscreen_render,50.47074,startup,27,27,1.77777779,98.0025558,188.73465,98.0025558,109.999992,188.73465,50,-1.52587891E-05,350,300,50.0025558,161.734634,146.002563,215.734634,0,1
2482,2482,2479,offscreen_render,50.48731,startup,27,27,1.77777779,98.00215,188.687271,98.00215,109.999992,188.687271,50,-1.52587891E-05,350,300,50.00215,161.687256,146.002151,215.687256,0,1
2483,2483,2480,offscreen_render,50.503933,startup,27,27,1.77777779,98.00181,188.633118,98.00181,109.999992,188.633118,50,-1.52587891E-05,350,300,50.0018158,161.6331,146.001816,215.6331,0,1
2484,2484,2481,offscreen_render,50.520668,startup,27,27,1.77777779,98.00152,188.572281,98.00152,109.999992,188.572281,50,-1.52587891E-05,350,300,50.0015259,161.57225,146.001526,215.57225,0,1
2485,2485,2482,offscreen_render,50.5368538,startup,27,27,1.77777779,98.0012741,188.505,98.0012741,109.999992,188.505,50,-1.52587891E-05,350,300,50.0012741,161.50499,146.001282,215.50499,0,1
2486,2486,2483,offscreen_render,50.5539551,startup,27,27,1.77777779,98.00107,188.431641,98.00107,109.999992,188.431641,50,-1.52587891E-05,350,300,50.00107,161.43161,146.001068,215.43161,0,1
2487,2487,2484,offscreen_render,50.5709724,startup,27,27,1.77777779,98.0009,188.3526,98.0009,109.999992,188.3526,50,-1.52587891E-05,350,300,50.0009079,161.35257,146.000916,215.35257,0,1
2488,2488,2485,offscreen_render,50.587616,startup,27,27,1.77777779,98.0007553,188.268341,98.0007553,109.999992,188.268341,50,-1.52587891E-05,350,300,50.0007629,161.268311,146.000763,215.268311,0,1
2489,2489,2486,offscreen_render,50.60391,startup,27,27,1.77777779,98.00063,188.1793,98.00063,109.999992,188.1793,50,-1.52587891E-05,350,300,50.0006332,161.179291,146.000641,215.179291,0,1
2490,2490,2487,offscreen_render,50.62043,startup,27,27,1.77777779,98.0005341,188.085968,98.0005341,109.999992,188.085968,50,-1.52587891E-05,350,300,50.00054,161.085938,146.000549,215.085938,0,1
2491,2491,2488,offscreen_render,50.63705,startup,27,27,1.77777779,98.00045,187.988754,98.00045,109.999992,187.988754,50,-1.52587891E-05,350,300,50.00045,160.988724,146.000458,214.988724,0,1
2492,2492,2489,offscreen_render,50.65395,startup,27,27,1.77777779,98.00038,187.888077,98.00038,109.999992,187.888077,50,-1.52587891E-05,350,300,50.00038,160.888046,146.000381,214.888046,0,1
2493,2493,2490,offscreen_render,50.6705971,startup,27,27,1.77777779,98.00032,187.784317,98.00032,109.999992,187.784317,50,-1.52587891E-05,350,300,50.00032,160.784286,146.00032,214.784286,0,1
2494,2494,2491,offscreen_render,50.68727,startup,27,27,1.77777779,98.00027,187.677826,98.00027,109.999992,187.677826,50,-1.52587891E-05,350,300,50.000267,160.677811,146.000275,214.677811,0,1
2495,2495,2492,offscreen_render,50.70384,startup,27,27,1.77777779,98.00022,187.568939,98.00022,109.999992,187.568939,50,-1.52587891E-05,350,300,50.00022,160.568909,146.000214,214.568909,0,1
2496,2496,2493,offscreen_render,50.7206841,startup,27,27,1.77777779,98.00018,187.457932,98.00018,109.999992,187.457932,50,-1.52587891E-05,350,300,50.0001831,160.4579,146.000183,214.4579,0,1
2497,2497,2494,offscreen_render,50.7370644,startup,27,27,1.77777779,98.00015,187.346924,98.00015,109.999992,187.346924,50,-1.52587891E-05,350,300,50.0001526,160.346909,146.000153,214.346909,0,1
2498,2498,2495,offscreen_render,50.7538567,startup,27,27,1.77777779,98.00013,187.23909,98.00013,109.999992,187.23909,50,-1.52587891E-05,350,300,50.00013,160.239059,146.000122,214.239059,0,1
2499,2499,2496,offscreen_render,50.7703743,startup,27,27,1.77777779,98.00011,187.13652,98.00011,109.999992,187.13652,50,-1.52587891E-05,350,300,50.0001068,160.13649,146.0001,214.13649,0,1
2500,2500,2497,offscreen_render,50.78749,startup,27,27,1.77777779,98.00009,187.0405,98.00009,109.999992,187.0405,50,-1.52587891E-05,350,300,50.00009,160.040482,146.000092,214.040482,0,1
2501,2501,2498,offscreen_render,50.8039169,startup,27,27,1.77777779,98.00008,186.951752,98.00008,109.999992,186.951752,50,-1.52587891E-05,350,300,50.0000839,159.951736,146.000092,213.951736,0,1
2502,2502,2499,offscreen_render,50.8205338,startup,27,27,1.77777779,98.00006,186.87056,98.00006,109.999992,186.87056,50,-1.52587891E-05,350,300,50.00006,159.870544,146.000061,213.870544,0,1
2503,2503,2500,offscreen_render,50.8368149,startup,27,27,1.77777779,98.00005,186.7969,98.00005,109.999992,186.7969,50,-1.52587891E-05,350,300,50.00006,159.79689,146.000061,213.79689,0,1
2504,2504,2501,offscreen_render,50.8536072,startup,27,27,1.77777779,98.0000458,186.730545,98.0000458,109.999992,186.730545,50,-1.52587891E-05,350,300,50.0000458,159.730515,146.000046,213.730515,0,1
2505,2505,2502,offscreen_render,50.8704033,startup,27,27,1.77777779,98.00004,186.671127,98.00004,109.999992,186.671127,50,-1.52587891E-05,350,300,50.00004,159.6711,146.000031,213.6711,0,1
2506,2506,2503,offscreen_render,50.8873749,startup,27,27,1.77777779,98.00003,186.6182,98.00003,109.999992,186.6182,50,-1.52587891E-05,350,300,50.00004,159.618179,146.000031,213.618179,0,1
2507,2507,2504,offscreen_render,50.9039,startup,27,27,1.77777779,98.00002,186.571243,98.00002,109.999992,186.571243,50,-1.52587891E-05,350,300,50.00003,159.571228,146.000031,213.571228,0,1
2508,2508,2505,offscreen_render,50.9205742,startup,27,27,1.77777779,98.0000153,186.52977,98.0000153,109.999992,186.52977,50,-1.52587891E-05,350,300,50.0000153,159.529755,146.000015,213.529755,0,1
2509,2509,2506,offscreen_render,50.93667,startup,27,27,1.77777779,98.0000153,186.493271,98.0000153,109.999992,186.493271,50,-1.52587891E-05,350,300,50.0000153,159.493256,146.000015,213.493256,0,1
2510,2510,2507,offscreen_render,50.95361,startup,27,27,1.77777779,98.0000153,186.461243,98.0000153,109.999992,186.461243,50,-1.52587891E-05,350,300,50.0000153,159.461227,146.000015,213.461227,0,1
2511,2511,2508,offscreen_render,50.970665,startup,27,27,1.77777779,98.0000153,186.433212,98.0000153,109.999992,186.433212,50,-1.52587891E-05,350,300,50.0000153,159.4332,146.000015,213.4332,0,1
2512,2512,2509,offscreen_render,50.9871826,startup,27,27,1.77777779,98.0000153,186.408752,98.0000153,109.999992,186.408752,50,-1.52587891E-05,350,300,50.0000153,159.408737,146.000015,213.408737,0,1
2513,2513,2510,offscreen_render,51.0037842,startup,27,27,1.77777779,98.0000153,186.387436,98.0000153,109.999992,186.387436,50,-1.52587891E-05,350,300,50.0000153,159.3874,146.000015,213.3874,0,1
2514,2514,2511,offscreen_render,51.0204048,startup,27,27,1.77777779,98.0000153,186.368912,98.0000153,109.999992,186.368912,50,-1.52587891E-05,350,300,50.0000153,159.368881,146.000015,213.368881,0,1
2515,2515,2512,offscreen_render,51.0369835,startup,27,27,1.77777779,98.0000153,186.352844,98.0000153,109.999992,186.352844,50,-1.52587891E-05,350,300,50.0000153,159.352814,146.000015,213.352814,0,1
2516,2516,2513,offscreen_render,51.0538635,startup,27,27,1.77777779,98.0000153,186.338928,98.0000153,109.999992,186.338928,50,-1.52587891E-05,350,300,50.0000153,159.338913,146.000015,213.338913,0,1
2517,2517,2514,offscreen_render,51.07083,startup,27,27,1.77777779,98.0000153,186.3269,98.0000153,109.999992,186.3269,50,-1.52587891E-05,350,300,50.0000153,159.326889,146.000015,213.326889,0,1
2518,2518,2515,offscreen_render,51.0873032,startup,27,27,1.77777779,98.0000153,186.316528,98.0000153,109.999992,186.316528,50,-1.52587891E-05,350,300,50.0000153,159.316513,146.000015,213.316513,0,1
2519,2519,2516,offscreen_render,51.10419,startup,27,27,1.77777779,98.0000153,186.307587,98.0000153,109.999992,186.307587,50,-1.52587891E-05,350,300,50.0000153,159.307556,146.000015,213.307556,0,1
2520,2520,2517,offscreen_render,51.1204453,startup,27,27,1.77777779,98.0000153,186.299881,98.0000153,109.999992,186.299881,50,-1.52587891E-05,350,300,50.0000153,159.299866,146.000015,213.299866,0,1
2521,2521,2518,offscreen_render,51.13723,startup,27,27,1.77777779,98.0000153,186.293259,98.0000153,109.999992,186.293259,50,-1.52587891E-05,350,300,50.0000153,159.293228,146.000015,213.293228,0,1
2522,2522,2519,offscreen_render,51.1552048,startup,27,27,1.77777779,98.0000153,186.287567,98.0000153,109.999992,186.287567,50,-1.52587891E-05,350,300,50.0000153,159.287537,146.000015,213.287537,0,1
2523,2523,2520,offscreen_render,51.1711,startup,27,27,1.77777779,98.0000153,186.282684,98.0000153,109.999992,186.282684,50,-1.52587891E-05,350,300,50.0000153,159.282669,146.000015,213.282669,0,1
2524,2524,2521,offscreen_render,51.1877174,startup,27,27,1.77777779,98.0000153,186.2785,98.0000153,109.999992,186.2785,50,-1.52587891E-05,350,300,50.0000153,159.278473,146.000015,213.278473,0,1
2525,2525,2522,offscreen_render,51.20418,startup,27,27,1.77777779,98.0000153,186.274918,98.0000153,109.999992,186.274918,50,-1.52587891E-05,350,300,50.0000153,159.2749,146.000015,213.2749,0,1
2526,2526,2523,offscreen_render,51.2209663,startup,27,27,1.77777779,98.0000153,186.271851,98.0000153,109.999992,186.271851,50,-1.52587891E-05,350,300,50.0000153,159.27182,146.000015,213.27182,0,1
2527,2527,2524,offscreen_render,51.2372742,startup,27,27,1.77777779,98.0000153,186.269226,98.0000153,109.999992,186.269226,50,-1.52587891E-05,350,300,50.0000153,159.269211,146.000015,213.269211,0,1
2528,2528,2525,offscreen_render,51.25385,startup,27,27,1.77777779,98.0000153,186.266983,98.0000153,109.999992,186.266983,50,-1.52587891E-05,350,300,50.0000153,159.266953,146.000015,213.266953,0,1
2529,2529,2526,offscreen_render,51.2710342,startup,27,27,1.77777779,98.0000153,186.265076,98.0000153,109.999992,186.265076,50,-1.52587891E-05,350,300,50.0000153,159.265045,146.000015,213.265045,0,1
2530,2530,2527,offscreen_render,51.28797,startup,27,27,1.77777779,98.0000153,186.263443,98.0000153,109.999992,186.263443,50,-1.52587891E-05,350,300,50.0000153,159.263412,146.000015,213.263412,0,1
2531,2531,2528,offscreen_render,51.3045273,startup,27,27,1.77777779,98.0000153,186.262054,98.0000153,109.999992,186.262054,50,-1.52587891E-05,350,300,50.0000153,159.262039,146.000015,213.262039,0,1
2532,2532,2529,offscreen_render,51.3213348,startup,27,27,1.77777779,98.0000153,186.260849,98.0000153,109.999992,186.260849,50,-1.52587891E-05,350,300,50.0000153,159.260834,146.000015,213.260834,0,1
2533,2533,2530,offscreen_render,51.3374252,startup,27,27,1.77777779,98.0000153,186.259842,98.0000153,109.999992,186.259842,50,-1.52587891E-05,350,300,50.0000153,159.259827,146.000015,213.259827,0,1
2534,2534,2531,offscreen_render,51.35475,startup,27,27,1.77777779,98.0000153,186.258987,98.0000153,109.999992,186.258987,50,-1.52587891E-05,350,300,50.0000153,159.258957,146.000015,213.258957,0,1
2535,2535,2532,offscreen_render,51.3709145,startup,27,27,1.77777779,98.0000153,186.258255,98.0000153,109.999992,186.258255,50,-1.52587891E-05,350,300,50.0000153,159.258224,146.000015,213.258224,0,1
2536,2536,2533,offscreen_render,51.3876572,startup,27,27,1.77777779,98.0000153,186.257629,98.0000153,109.999992,186.257629,50,-1.52587891E-05,350,300,50.0000153,159.257614,146.000015,213.257614,0,1
2537,2537,2534,offscreen_render,51.4043121,startup,27,27,1.77777779,98.0000153,186.257111,98.0000153,109.999992,186.257111,50,-1.52587891E-05,350,300,50.0000153,159.2571,146.000015,213.2571,0,1
2538,2538,2535,offscreen_render,51.42075,startup,27,27,1.77777779,98.0000153,186.256668,98.0000153,109.999992,186.256668,50,-1.52587891E-05,350,300,50.0000153,159.256638,146.000015,213.256638,0,1
2539,2539,2536,offscreen_render,51.43757,startup,27,27,1.77777779,98.0000153,186.256287,98.0000153,109.999992,186.256287,50,-1.52587891E-05,350,300,50.0000153,159.256271,146.000015,213.256271,0,1
2540,2540,2537,offscreen_render,51.454174,startup,27,27,1.77777779,98.0000153,186.255966,98.0000153,109.999992,186.255966,50,-1.52587891E-05,350,300,50.0000153,159.255951,146.000015,213.255951,0,1
2541,2541,2538,offscreen_render,51.4708672,startup,27,27,1.77777779,98.0000153,186.255692,98.0000153,109.999992,186.255692,50,-1.52587891E-05,350,300,50.0000153,159.255661,146.000015,213.255661,0,1
2542,2542,2539,offscreen_render,51.4874954,startup,27,27,1.77777779,98.0000153,186.255463,98.0000153,109.999992,186.255463,50,-1.52587891E-05,350,300,50.0000153,159.255447,146.000015,213.255447,0,1
2543,2543,2540,offscreen_render,51.50433,startup,27,27,1.77777779,98.0000153,186.255264,98.0000153,109.999992,186.255264,50,-1.52587891E-05,350,300,50.0000153,159.255234,146.000015,213.255234,0,1
2544,2544,2541,offscreen_render,51.5208626,startup,27,27,1.77777779,98.0000153,186.2551,98.0000153,109.999992,186.2551,50,-1.52587891E-05,350,300,50.0000153,159.255066,146.000015,213.255066,0,1
2545,2545,2542,offscreen_render,51.5375,startup,27,27,1.77777779,98.0000153,186.254959,98.0000153,109.999992,186.254959,50,-1.52587891E-05,350,300,50.0000153,159.254929,146.000015,213.254929,0,1
2546,2546,2543,offscreen_render,51.5547333,startup,27,27,1.77777779,98.0000153,186.254837,98.0000153,109.999992,186.254837,50,-1.52587891E-05,350,300,50.0000153,159.254822,146.000015,213.254822,0,1
2547,2547,2544,offscreen_render,51.57102,startup,27,27,1.77777779,98.0000153,186.25473,98.0000153,109.999992,186.25473,50,-1.52587891E-05,350,300,50.0000153,159.254715,146.000015,213.254715,0,1
2548,2548,2545,offscreen_render,51.5879669,startup,27,27,1.77777779,98.0000153,186.254639,98.0000153,109.999992,186.254639,50,-1.52587891E-05,350,300,50.0000153,159.254623,146.000015,213.254623,0,1
2549,2549,2546,offscreen_render,51.6040154,startup,27,27,1.77777779,98.0000153,186.254562,98.0000153,109.999992,186.254562,50,-1.52587891E-05,350,300,50.0000153,159.254547,146.000015,213.254547,0,1
2550,2550,2547,offscreen_render,51.6209679,startup,27,27,1.77777779,98.0000153,186.2545,98.0000153,109.999992,186.2545,50,-1.52587891E-05,350,300,50.0000153,159.254486,146.000015,213.254486,0,1
2551,2551,2548,offscreen_render,51.6375275,startup,27,27,1.77777779,98.0000153,186.254456,98.0000153,109.999992,186.254456,50,-1.52587891E-05,350,300,50.0000153,159.254425,146.000015,213.254425,0,1
2552,2552,2549,offscreen_render,51.7569466,startup,27,27,1.77777779,173.985657,185.042145,173.985657,109.999992,185.042145,50,-1.52587891E-05,350,300,125.985657,158.042114,221.985657,212.042114,0,1
2553,2553,2550,offscreen_render,51.77402,startup,27,27,1.77777779,187.108826,184.8328,187.108826,109.999992,184.8328,50,-1.52587891E-05,350,300,139.108826,157.832779,235.108826,211.832779,0,1
2554,2554,2551,offscreen_render,51.79034,startup,27,27,1.77777779,199.449661,184.635925,199.449661,109.999992,184.635925,50,-1.52587891E-05,350,300,151.449677,157.6359,247.449677,211.6359,0,1
2555,2555,2552,offscreen_render,51.80658,startup,27,27,1.77777779,210.896118,184.453323,210.896118,109.999992,184.453323,50,-1.52587891E-05,350,300,162.896118,157.4533,258.896118,211.4533,0,1
2556,2556,2553,offscreen_render,51.8232155,startup,27,27,1.77777779,221.402771,184.285721,221.402771,109.999992,184.285721,50,-1.52587891E-05,350,300,173.402771,157.28569,269.402771,211.28569,0,1
2557,2557,2554,offscreen_render,51.8402061,startup,27,27,1.77777779,230.95816,184.133286,230.95816,109.999992,184.133286,50,-1.52587891E-05,350,300,182.95816,157.133255,278.95816,211.133255,0,1
2558,2558,2555,offscreen_render,51.85635,startup,27,27,1.77777779,239.584259,183.995682,239.584259,109.999992,183.995682,50,-1.52587891E-05,350,300,191.584259,156.995651,287.584259,210.995651,0,1
2559,2559,2556,offscreen_render,51.8733635,startup,27,27,1.77777779,247.32254,183.872238,247.32254,109.999992,183.872238,50,-1.52587891E-05,350,300,199.32254,156.872208,295.32254,210.872208,0,1
2560,2560,2557,offscreen_render,51.8900261,startup,27,27,1.77777779,254.228271,183.76207,254.228271,109.999992,183.76207,50,-1.52587891E-05,350,300,206.228271,156.762054,302.228271,210.762054,0,1
2561,2561,2558,offscreen_render,51.9062843,startup,27,27,1.77777779,260.359436,183.664261,260.359436,109.999992,183.664261,50,-1.52587891E-05,350,300,212.359436,156.664246,308.359436,210.664246,0,1
2562,2562,2559,offscreen_render,51.92291,startup,27,27,1.77777779,265.782349,183.577759,265.782349,109.999992,183.577759,50,-1.52587891E-05,350,300,217.782349,156.577728,313.782349,210.577728,0,1
2563,2563,2560,offscreen_render,51.9397926,startup,27,27,1.77777779,270.5614,183.501526,270.5614,109.999992,183.501526,50,-1.52587891E-05,350,300,222.5614,156.501511,318.5614,210.501511,0,1
2564,2564,2561,offscreen_render,51.9569359,startup,27,27,1.77777779,274.7591,183.434555,274.7591,109.999992,183.434555,50,-1.52587891E-05,350,300,226.7591,156.434525,322.7591,210.434525,0,1
2565,2565,2562,offscreen_render,51.9736481,startup,27,27,1.77777779,278.4512,183.375656,278.4512,109.999992,183.375656,50,-1.52587891E-05,350,300,230.4512,156.375626,326.4512,210.375626,0,1
2566,2566,2563,offscreen_render,51.9898224,startup,27,27,1.77777779,281.660675,183.324463,281.660675,109.999992,183.324463,50,-1.52587891E-05,350,300,233.660675,156.324432,329.660675,210.324432,0,1
2567,2567,2564,offscreen_render,52.00725,startup,27,27,1.77777779,284.457916,183.279846,284.457916,109.999992,183.279846,50,-1.52587891E-05,350,300,236.457916,156.279831,332.457916,210.279831,0,1
2568,2568,2565,offscreen_render,52.02376,startup,27,27,1.77777779,286.889862,183.241058,286.889862,109.999992,183.241058,50,-1.52587891E-05,350,300,238.8899,156.241043,334.8899,210.241043,0,1
2569,2569,2566,offscreen_render,52.0394936,startup,27,27,1.77777779,289.0009,183.207382,289.0009,109.999992,183.207382,50,-1.52587891E-05,350,300,241.000916,156.207352,337.000916,210.207352,0,1
2570,2570,2567,offscreen_render,52.05632,startup,27,27,1.77777779,290.8298,183.1782,290.8298,109.999992,183.1782,50,-1.52587891E-05,350,300,242.8298,156.178177,338.8298,210.178177,0,1
2571,2571,2568,offscreen_render,52.07304,startup,27,27,1.77777779,292.411865,183.152969,292.411865,109.999992,183.152969,50,-1.52587891E-05,350,300,244.411865,156.152954,340.411865,210.152954,0,1
2572,2572,2569,offscreen_render,52.0897,startup,27,27,1.77777779,293.777985,183.13118,293.777985,109.999992,183.13118,50,-1.52587891E-05,350,300,245.777985,156.131149,341.777985,210.131149,0,1
2573,2573,2570,offscreen_render,52.10654,startup,27,27,1.77777779,294.956116,183.112381,294.956116,109.999992,183.112381,50,-1.52587891E-05,350,300,246.956116,156.11235,342.956116,210.11235,0,1
2574,2574,2571,offscreen_render,52.12344,startup,27,27,1.77777779,295.974731,183.09613,295.974731,109.999992,183.09613,50,-1.52587891E-05,350,300,247.974731,156.096115,343.974731,210.096115,0,1
2575,2575,2572,offscreen_render,52.1397934,startup,27,27,1.77777779,296.847076,183.082214,296.847076,109.999992,183.082214,50,-1.52587891E-05,350,300,248.847076,156.082184,344.847076,210.082184,0,1
2576,2576,2573,offscreen_render,52.15633,startup,27,27,1.77777779,297.6024,183.07016,297.6024,109.999992,183.07016,50,-1.52587891E-05,350,300,249.602386,156.070145,345.6024,210.070145,0,1
2577,2577,2574,offscreen_render,52.1733856,startup,27,27,1.77777779,298.244843,183.0599,298.244843,109.999992,183.0599,50,-1.52587891E-05,350,300,250.244843,156.059875,346.244843,210.059875,0,1
2578,2578,2575,offscreen_render,52.19009,startup,27,27,1.77777779,298.795746,183.051117,298.795746,109.999992,183.051117,50,-1.52587891E-05,350,300,250.795776,156.0511,346.795776,210.0511,0,1
2579,2579,2576,offscreen_render,52.206356,startup,27,27,1.77777779,299.26767,183.0436,299.26767,109.999992,183.0436,50,-1.52587891E-05,350,300,251.26767,156.043564,347.26767,210.043564,0,1
2580,2580,2577,offscreen_render,52.22315,startup,27,27,1.77777779,299.6716,183.037155,299.6716,109.999992,183.037155,50,-1.52587891E-05,350,300,251.6716,156.037125,347.6716,210.037125,0,1
2581,2581,2578,offscreen_render,52.2398148,startup,27,27,1.77777779,300.017,183.031647,300.017,109.999992,183.031647,50,-1.52587891E-05,350,300,252.017,156.031616,348.017,210.031616,0,1
2582,2582,2579,offscreen_render,52.256443,startup,27,27,1.77777779,300.312134,183.026932,300.312134,109.999992,183.026932,50,-1.52587891E-05,350,300,252.312134,156.0269,348.312134,210.0269,0,1
2583,2583,2580,offscreen_render,52.27327,startup,27,27,1.77777779,300.564148,183.0229,300.564148,109.999992,183.0229,50,-1.52587891E-05,350,300,252.564148,156.022873,348.564148,210.022873,0,1
2584,2584,2581,offscreen_render,52.290432,startup,27,27,1.77777779,300.779175,183.01947,300.779175,109.999992,183.01947,50,-1.52587891E-05,350,300,252.779175,156.019455,348.779175,210.019455,0,1
2585,2585,2582,offscreen_render,52.3065376,startup,27,27,1.77777779,300.9625,183.016541,300.9625,109.999992,183.016541,50,-1.52587891E-05,350,300,252.9625,156.01651,348.9625,210.01651,0,1
2586,2586,2583,offscreen_render,52.3233871,startup,27,27,1.77777779,301.118744,183.014053,301.118744,109.999992,183.014053,50,-1.52587891E-05,350,300,253.118744,156.014038,349.118744,210.014038,0,1
2587,2587,2584,offscreen_render,52.33954,startup,27,27,1.77777779,301.2518,183.011932,301.2518,109.999992,183.011932,50,-1.52587891E-05,350,300,253.2518,156.0119,349.2518,210.0119,0,1
2588,2588,2585,offscreen_render,52.35606,startup,27,27,1.77777779,301.365051,183.010132,301.365051,109.999992,183.010132,50,-1.52587891E-05,350,300,253.365051,156.0101,349.365051,210.0101,0,1
2589,2589,2586,offscreen_render,52.3734055,startup,27,27,1.77777779,301.4614,183.008591,301.4614,109.999992,183.008591,50,-1.52587891E-05,350,300,253.461426,156.008575,349.461426,210.008575,0,1
2590,2590,2587,offscreen_render,52.38989,startup,27,27,1.77777779,301.5433,183.007278,301.5433,109.999992,183.007278,50,-1.52587891E-05,350,300,253.5433,156.007263,349.5433,210.007263,0,1
2591,2591,2588,offscreen_render,52.4065,startup,27,27,1.77777779,301.612885,183.006165,301.612885,109.999992,183.006165,50,-1.52587891E-05,350,300,253.612885,156.006134,349.612885,210.006134,0,1
2592,2592,2589,offscreen_render,52.42358,startup,27,27,1.77777779,301.672,183.005219,301.672,109.999992,183.005219,50,-1.52587891E-05,350,300,253.672,156.0052,349.672,210.0052,0,1
2593,2593,2590,offscreen_render,52.4399757,startup,27,27,1.77777779,301.7222,183.004425,301.7222,109.999992,183.004425,50,-1.52587891E-05,350,300,253.7222,156.00441,349.7222,210.00441,0,1
2594,2594,2591,offscreen_render,52.4564133,startup,27,27,1.77777779,301.7648,183.003754,301.7648,109.999992,183.003754,50,-1.52587891E-05,350,300,253.764832,156.003738,349.764832,210.003738,0,1
2595,2595,2592,offscreen_render,52.47318,startup,27,27,1.77777779,301.800934,183.003174,301.800934,109.999992,183.003174,50,-1.52587891E-05,350,300,253.800934,156.003159,349.800934,210.003159,0,1
2596,2596,2593,offscreen_render,52.4897575,startup,27,27,1.77777779,301.831573,183.002686,301.831573,109.999992,183.002686,50,-1.52587891E-05,350,300,253.831573,156.00267,349.831573,210.00267,0,1
2597,2597,2594,offscreen_render,52.5064774,startup,27,27,1.77777779,301.857544,183.002274,301.857544,109.999992,183.002274,50,-1.52587891E-05,350,300,253.857544,156.002258,349.857544,210.002258,0,1
2598,2598,2595,offscreen_render,52.52352,startup,27,27,1.77777779,301.879547,183.001923,301.879547,109.999992,183.001923,50,-1.52587891E-05,350,300,253.879547,156.0019,349.879547,210.0019,0,1
2599,2599,2596,offscreen_render,52.53987,startup,27,27,1.77777779,301.898163,183.001633,301.898163,109.999992,183.001633,50,-1.52587891E-05,350,300,253.898163,156.0016,349.898163,210.0016,0,1
2600,2600,2597,offscreen_render,52.5568123,startup,27,27,1.77777779,301.91394,183.001389,301.91394,109.999992,183.001389,50,-1.52587891E-05,350,300,253.91394,156.001358,349.91394,210.001358,0,1
2601,2601,2598,offscreen_render,52.5735054,startup,27,27,1.77777779,301.927277,183.001175,301.927277,109.999992,183.001175,50,-1.52587891E-05,350,300,253.927277,156.00116,349.927277,210.00116,0,1
2602,2602,2599,offscreen_render,52.58986,startup,27,27,1.77777779,301.938568,183.000992,301.938568,109.999992,183.000992,50,-1.52587891E-05,350,300,253.9386,156.000961,349.9386,210.000961,0,1
2603,2603,2600,offscreen_render,52.60654,startup,27,27,1.77777779,301.94812,183.000839,301.94812,109.999992,183.000839,50,-1.52587891E-05,350,300,253.94812,156.000824,349.94812,210.000824,0,1
2604,2604,2601,offscreen_render,52.6233025,startup,27,27,1.77777779,301.9562,183.0007,301.9562,109.999992,183.0007,50,-1.52587891E-05,350,300,253.9562,156.000687,349.9562,210.000687,0,1
2605,2605,2602,offscreen_render,52.64018,startup,27,27,1.77777779,301.963074,183.0006,301.963074,109.999992,183.0006,50,-1.52587891E-05,350,300,253.963074,156.00058,349.963074,210.00058,0,1
2606,2606,2603,offscreen_render,52.75194,startup,27,27,1.77777779,262.229034,129.066147,262.229034,109.999992,129.066147,50,-1.52587891E-05,350,300,214.229065,102.066139,310.229065,156.066132,0,1
2607,2607,2604,offscreen_render,52.77026,startup,27,27,1.77777779,254.699814,118.850029,254.699814,109.999992,118.850021,50,-1.52587891E-05,350,300,206.699829,91.85001,302.699829,145.85,0,1
2608,2608,2605,offscreen_render,52.7858124,startup,27,27,1.77777779,247.5687,109.174339,247.5687,109.999992,109.174332,50,-1.52587891E-05,350,300,199.56871,82.174324,295.568726,136.174316,0,1
2609,2609,2606,offscreen_render,52.802494,startup,27,27,1.77777779,240.914856,100.146446,240.914856,109.999992,100.146439,50,-1.52587891E-05,350,300,192.914856,73.14643,288.914856,127.146423,0,1
2610,2610,2607,offscreen_render,52.8183937,startup,27,27,1.77777779,234.779144,91.82167,234.779144,109.999992,91.82166,50,-1.52587891E-05,350,300,186.77916,64.82165,282.779175,118.82164,0,1
2611,2611,2608,offscreen_render,52.834938,startup,27,27,1.77777779,229.18248,84.22838,229.18248,109.999992,84.22837,50,-1.52587891E-05,350,300,181.1825,57.2283554,277.1825,111.228348,0,1
2612,2612,2609,offscreen_render,52.85304,startup,27,27,1.77777779,224.11174,77.34871,224.11174,109.999992,77.3487,50,-1.52587891E-05,350,300,176.111755,50.3486862,272.111755,104.348679,0,1
2613,2613,2610,offscreen_render,52.8687477,startup,27,27,1.77777779,219.551376,71.16155,219.551376,109.999992,71.1615448,50,-1.52587891E-05,350,300,171.551376,44.16153,267.5514,98.16152,0,1
2614,2614,2611,offscreen_render,52.885746,startup,27,27,1.77777779,215.47316,65.62858,215.47316,109.999992,65.62857,50,-1.52587891E-05,350,300,167.47316,38.6285553,263.473145,92.62855,0,1
2615,2615,2612,offscreen_render,52.9024048,startup,27,27,1.77777779,211.843979,60.7048645,211.843979,109.999992,60.7048569,50,-1.52587891E-05,350,300,163.844,33.70485,259.844,87.70484,0,1
2616,2616,2613,offscreen_render,52.91844,startup,27,27,1.77777779,208.628677,56.3426933,208.628677,109.999992,56.3426857,50,-1.52587891E-05,350,300,160.628677,29.3426743,256.628662,83.34267,0,1
2617,2617,2614,offscreen_render,52.93493,startup,27,27,1.77777779,205.790543,52.4922371,205.790543,109.999992,52.49223,50,-1.52587891E-05,350,300,157.790543,25.4922218,253.790543,79.49222,0,1
2618,2618,2615,offscreen_render,52.9522362,startup,27,27,1.77777779,203.294464,49.10586,203.294464,109.999992,49.105854,50,-1.52587891E-05,350,300,155.294464,22.1058464,251.294464,76.10584,0,1
2619,2619,2616,offscreen_render,52.9688377,startup,27,27,1.77777779,201.105011,46.135498,201.105011,109.999992,46.13549,50,-1.52587891E-05,350,300,153.105011,19.135479,249.105011,73.1354752,0,1
2620,2620,2617,offscreen_render,52.9852371,startup,27,27,1.77777779,199.191132,43.53901,199.191132,109.999992,43.539,50,-1.52587891E-05,350,300,151.191147,16.5389938,247.191147,70.53899,0,1
2621,2621,2618,offscreen_render,53.0014839,startup,27,27,1.77777779,197.521271,41.2735634,197.521271,109.999992,41.2735558,50,-1.52587891E-05,350,300,149.521271,14.2735453,245.521271,68.27354,0,1
2622,2622,2619,offscreen_render,53.0183258,startup,27,27,1.77777779,196.067612,39.301445,196.067612,109.999992,39.3014374,50,-1.52587891E-05,350,300,148.067627,12.3014269,244.067627,66.30142,0,1
2623,2623,2620,offscreen_render,53.03486,startup,27,27,1.77777779,194.804977,37.58848,194.804977,109.999992,37.5884743,50,-1.52587891E-05,350,300,146.805,10.5884638,242.805,64.5884552,0,1
2624,2624,2621,offscreen_render,53.05148,startup,27,27,1.77777779,193.710281,36.10336,193.710281,109.999992,36.10335,50,-1.52587891E-05,350,300,145.7103,9.103345,241.7103,63.10334,0,1
2625,2625,2622,offscreen_render,53.0682449,startup,27,27,1.77777779,192.76268,34.8177948,192.76268,109.999992,34.8177872,50,-1.52587891E-05,350,300,144.76268,7.817781,240.76268,61.8177719,0,1
2626,2626,2623,offscreen_render,53.085125,startup,27,27,1.77777779,191.9437,33.70672,191.9437,109.999992,33.70671,50,-1.52587891E-05,350,300,143.9437,6.706701,239.9437,60.7066956,0,1
2627,2627,2624,offscreen_render,53.10151,startup,27,27,1.77777779,191.2371,32.7481346,191.2371,109.999992,32.748127,50,-1.52587891E-05,350,300,143.237122,5.748121,239.237122,59.7481155,0,1
2628,2628,2625,offscreen_render,53.11853,startup,27,27,1.77777779,190.628128,31.9219837,190.628128,109.999992,31.921978,50,-1.52587891E-05,350,300,142.628128,4.921968,238.628128,58.92196,0,1
2629,2629,2626,offscreen_render,53.13485,startup,27,27,1.77777779,190.10405,31.2109966,190.10405,109.999992,31.21099,50,-1.52587891E-05,350,300,142.104065,4.210981,238.104065,58.2109756,0,1
2630,2630,2627,offscreen_render,53.15157,startup,27,27,1.77777779,189.653427,30.59967,189.653427,109.999992,30.5996647,50,-1.52587891E-05,350,300,141.653442,3.59965444,237.653442,57.5996475,0,1
2631,2631,2628,offscreen_render,53.1680374,startup,27,27,1.77777779,189.266571,30.07485,189.266571,109.999992,30.0748444,50,-1.52587891E-05,350,300,141.266571,3.074834,237.266571,57.07483,0,1
2632,2632,2629,offscreen_render,53.1855,startup,27,27,1.77777779,188.934647,29.6245575,188.934647,109.999992,29.6245518,50,-1.52587891E-05,350,300,140.934662,2.62454343,236.934662,56.6245346,0,1
2633,2633,2630,offscreen_render,53.2015266,startup,27,27,1.77777779,188.650223,29.23871,188.650223,109.999992,29.2387047,50,-1.52587891E-05,350,300,140.650223,2.23869443,236.650223,56.2386856,0,1
2634,2634,2631,offscreen_render,53.21813,startup,27,27,1.77777779,188.4067,28.9083233,188.4067,109.999992,28.9083176,50,-1.52587891E-05,350,300,140.4067,1.9083091,236.4067,55.9083023,0,1
2635,2635,2632,offscreen_render,53.23525,startup,27,27,1.77777779,188.198349,28.62569,188.198349,109.999992,28.6256847,50,-1.52587891E-05,350,300,140.198349,1.62567627,236.198349,55.62567,0,1
2636,2636,2633,offscreen_render,53.2515335,startup,27,27,1.77777779,188.020264,28.3840981,188.020264,109.999992,28.3840923,50,-1.52587891E-05,350,300,140.020264,1.38408387,236.020264,55.38408,0,1
2637,2637,2634,offscreen_render,53.2684669,startup,27,27,1.77777779,187.868149,28.1777267,187.868149,109.999992,28.177721,50,-1.52587891E-05,350,300,139.868164,1.17771065,235.868164,55.1777039,0,1
2638,2638,2635,offscreen_render,53.2859421,startup,27,27,1.77777779,187.738312,28.0015812,187.738312,109.999992,28.0015755,50,-1.52587891E-05,350,300,139.738312,1.001567,235.738312,55.00156,0,1
2639,2639,2636,offscreen_render,53.3029747,startup,27,27,1.77777779,187.627548,27.8513241,187.627548,109.999992,27.8513184,50,-1.52587891E-05,350,300,139.627563,0.851309955,235.627563,54.8513031,0,1
2640,2640,2637,offscreen_render,53.3181419,startup,27,27,1.77777779,187.533188,27.7233143,187.533188,109.999992,27.7233086,50,-1.52587891E-05,350,300,139.533188,0.723298252,235.533188,54.72329,0,1
2641,2641,2638,offscreen_render,53.33474,startup,27,27,1.77777779,187.452789,27.6142387,187.452789,109.999992,27.614233,50,-1.52587891E-05,350,300,139.452789,0.6142246,235.452789,54.61422,0,1
2642,2642,2639,offscreen_render,53.35142,startup,27,27,1.77777779,187.384338,27.5213718,187.384338,109.999992,27.5213661,50,-1.52587891E-05,350,300,139.384338,0.5213577,235.384338,54.52135,0,1
2643,2643,2640,offscreen_render,53.3684044,startup,27,27,1.77777779,187.32608,27.4423485,187.32608,109.999992,27.4423428,50,-1.52587891E-05,350,300,139.32608,0.442332447,235.32608,54.4423256,0,1
2644,2644,2641,offscreen_render,53.3849068,startup,27,27,1.77777779,187.27655,27.3751564,187.27655,109.999992,27.37515,50,-1.52587891E-05,350,300,139.27655,0.375140369,235.27655,54.3751335,0,1
2645,2645,2642,offscreen_render,53.401886,startup,27,27,1.77777779,187.234436,27.3180351,187.234436,109.999992,27.31803,50,-1.52587891E-05,350,300,139.234436,0.3180191,235.234436,54.3180122,0,1
2646,2646,2643,offscreen_render,53.4183769,startup,27,27,1.77777779,187.198669,27.26951,187.198669,109.999992,27.2695045,50,-1.52587891E-05,350,300,139.198669,0.269494236,235.198669,54.2694855,0,1
2647,2647,2644,offscreen_render,53.43502,startup,27,27,1.77777779,187.1683,27.2283077,187.1683,109.999992,27.228302,50,-1.52587891E-05,350,300,139.1683,0.2282936,235.1683,54.2282867,0,1
2648,2648,2645,offscreen_render,53.45197,startup,27,27,1.77777779,187.142517,27.1933289,187.142517,109.999992,27.1933231,50,-1.52587891E-05,350,300,139.142517,0.193314731,235.142517,54.193306,0,1
2649,2649,2646,offscreen_render,53.46824,startup,27,27,1.77777779,187.120651,27.163662,187.120651,109.999992,27.1636562,50,-1.52587891E-05,350,300,139.120651,0.163645923,235.120651,54.16364,0,1
2650,2650,2647,offscreen_render,53.4849243,startup,27,27,1.77777779,187.1021,27.1384983,187.1021,109.999992,27.1384926,50,-1.52587891E-05,350,300,139.1021,0.138482273,235.1021,54.1384735,0,1
2651,2651,2648,offscreen_render,53.501545,startup,27,27,1.77777779,187.086365,27.1171665,187.086365,109.999992,27.11716,50,-1.52587891E-05,350,300,139.086365,0.117152385,235.086365,54.1171455,0,1
2652,2652,2649,offscreen_render,53.5178375,startup,27,27,1.77777779,187.073044,27.0990887,187.073044,109.999992,27.0990829,50,-1.52587891E-05,350,300,139.073044,0.09907263,235.073044,54.0990677,0,1
2653,2653,2650,offscreen_render,53.5350227,startup,27,27,1.77777779,187.061752,27.0837746,187.061752,109.999992,27.0837688,50,-1.52587891E-05,350,300,139.061768,0.0837585256,235.061768,54.08375,0,1
2654,2654,2651,offscreen_render,53.55167,startup,27,27,1.77777779,187.0522,27.0708084,187.0522,109.999992,27.0708027,50,-1.52587891E-05,350,300,139.0522,0.07079428,235.0522,54.0707855,0,1
2655,2655,2652,offscreen_render,53.5682335,startup,27,27,1.77777779,187.044113,27.0598316,187.044113,109.999992,27.0598259,50,-1.52587891E-05,350,300,139.044113,0.0598155819,235.044113,54.0598068,0,1
2656,2656,2653,offscreen_render,53.58493,startup,27,27,1.77777779,187.037262,27.0505428,187.037262,109.999992,27.0505371,50,-1.52587891E-05,350,300,139.037262,0.050526794,235.037262,54.05052,0,1
2657,2657,2654,offscreen_render,53.6016045,startup,27,27,1.77777779,187.031464,27.0426846,187.031464,109.999992,27.0426788,50,-1.52587891E-05,350,300,139.031464,0.042670425,235.031464,54.0426636,0,1
2658,2658,2655,offscreen_render,53.61831,startup,27,27,1.77777779,187.026566,27.03604,187.026566,109.999992,27.0360336,50,-1.52587891E-05,350,300,139.026566,0.036023315,235.026566,54.03602,0,1
2659,2659,2656,offscreen_render,53.6348724,startup,27,27,1.77777779,187.02243,27.0304222,187.02243,109.999992,27.0304165,50,-1.52587891E-05,350,300,139.02243,0.0304061715,235.02243,54.0304,0,1
2660,2660,2657,offscreen_render,53.65186,startup,27,27,1.77777779,187.018936,27.0256748,187.018936,109.999992,27.02567,50,-1.52587891E-05,350,300,139.018936,0.02565878,235.018936,54.02565,0,1
2661,2661,2658,offscreen_render,53.7661362,startup,27,27,1.77777779,191.260529,114.226807,191.260529,109.999992,114.2268,50,-1.52587891E-05,350,300,143.260529,87.2268,239.260529,141.226791,0,1
2662,2662,2659,offscreen_render,53.7833328,startup,27,27,1.77777779,192.041122,130.2468,192.041122,109.999992,130.2468,50,-1.52587891E-05,350,300,144.041138,103.246788,240.041138,157.24678,0,1
2663,2663,2660,offscreen_render,53.7992134,startup,27,27,1.77777779,192.778687,145.381973,192.778687,109.999992,145.381973,50,-1.52587891E-05,350,300,144.7787,118.381966,240.7787,172.381958,0,1
2664,2664,2661,offscreen_render,53.81517,startup,27,27,1.77777779,193.465591,159.476227,193.465591,109.999992,159.476227,50,-1.52587891E-05,350,300,145.4656,132.476212,241.4656,186.476212,0,1
2665,2665,2662,offscreen_render,53.8321228,startup,27,27,1.77777779,194.097855,172.448532,194.097855,109.999992,172.448532,50,-1.52587891E-05,350,300,146.09787,145.448517,242.09787,199.448517,0,1
2666,2666,2663,offscreen_render,53.8488159,startup,27,27,1.77777779,194.674423,184.2772,194.674423,109.999992,184.2772,50,-1.52587891E-05,350,300,146.674438,157.277191,242.674438,211.277191,0,1
2667,2667,2664,offscreen_render,53.8654556,startup,27,27,1.77777779,195.196014,194.977432,195.196014,109.999992,194.977432,50,-1.52587891E-05,350,300,147.196014,167.977417,243.196014,221.977417,0,1
2668,2668,2665,offscreen_render,53.8823662,startup,27,27,1.77777779,195.66481,204.594238,195.66481,109.999992,204.594238,50,-1.52587891E-05,350,300,147.66481,177.594238,243.66481,231.594238,0,1
2669,2669,2666,offscreen_render,53.8987732,startup,27,27,1.77777779,196.083755,213.187973,196.083755,109.999992,213.187973,50,-1.52587891E-05,350,300,148.083755,186.187973,244.083755,240.187973,0,1
2670,2670,2667,offscreen_render,53.9153671,startup,27,27,1.77777779,196.456284,220.829269,196.456284,109.999992,220.829269,50,-1.52587891E-05,350,300,148.456284,193.829254,244.456284,247.829254,0,1
2671,2671,2668,offscreen_render,53.9322052,startup,27,27,1.77777779,196.786148,227.595413,196.786148,109.999992,227.595413,50,-1.52587891E-05,350,300,148.786148,200.5954,244.786148,254.5954,0,1
2672,2672,2669,offscreen_render,53.94851,startup,27,27,1.77777779,197.077133,233.56398,197.077133,109.999992,233.56398,50,-1.52587891E-05,350,300,149.077148,206.56395,245.077148,260.563965,0,1
2673,2673,2670,offscreen_render,53.96532,startup,27,27,1.77777779,197.332977,238.8114,197.332977,109.999992,238.8114,50,-1.52587891E-05,350,300,149.333,211.811386,245.333,265.8114,0,1
2674,2674,2671,offscreen_render,53.9819946,startup,27,27,1.77777779,197.557251,243.4113,197.557251,109.999992,243.4113,50,-1.52587891E-05,350,300,149.557251,216.41127,245.557251,270.4113,0,1
2675,2675,2672,offscreen_render,53.99884,startup,27,27,1.77777779,197.753311,247.43251,197.753311,109.999992,247.43251,50,-1.52587891E-05,350,300,149.753311,220.43248,245.753311,274.4325,0,1
2676,2676,2673,offscreen_render,54.01515,startup,27,27,1.77777779,197.924286,250.939133,197.924286,109.999992,250.939133,50,-1.52587891E-05,350,300,149.924286,223.9391,245.924286,277.939117,0,1
2677,2677,2674,offscreen_render,54.03223,startup,27,27,1.77777779,198.073074,253.990723,198.073074,109.999992,253.990723,50,-1.52587891E-05,350,300,150.07309,226.990692,246.07309,280.9907,0,1
2678,2678,2675,offscreen_render,54.04879,startup,27,27,1.77777779,198.202271,256.6405,198.202271,109.999992,256.6405,50,-1.52587891E-05,350,300,150.202286,229.640488,246.202286,283.6405,0,1
2679,2679,2676,offscreen_render,54.0654,startup,27,27,1.77777779,198.31427,258.9375,198.31427,109.999992,258.9375,50,-1.52587891E-05,350,300,150.31427,231.937485,246.31427,285.9375,0,1
2680,2680,2677,offscreen_render,54.0820045,startup,27,27,1.77777779,198.4112,260.925354,198.4112,109.999992,260.925354,50,-1.52587891E-05,350,300,150.411209,233.925339,246.411209,287.925354,0,1
2681,2681,2678,offscreen_render,54.09912,startup,27,27,1.77777779,198.496124,262.667145,198.496124,109.999992,262.667145,50,-1.52587891E-05,350,300,150.496124,235.66713,246.496124,289.667145,0,1
2682,2682,2679,offscreen_render,54.1155319,startup,27,27,1.77777779,198.5682,264.145447,198.5682,109.999992,264.145447,50,-1.52587891E-05,350,300,150.568222,237.145432,246.568222,291.145447,0,1
2683,2683,2680,offscreen_render,54.13271,startup,27,27,1.77777779,198.631012,265.433319,198.631012,109.999992,265.433319,50,-1.52587891E-05,350,300,150.631027,238.4333,246.631027,292.433319,0,1
2684,2684,2681,offscreen_render,54.1493034,startup,27,27,1.77777779,198.684357,266.5274,198.684357,109.999992,266.5274,50,-1.52587891E-05,350,300,150.684357,239.52739,246.684357,293.5274,0,1
2685,2685,2682,offscreen_render,54.165947,startup,27,27,1.77777779,198.730209,267.467682,198.730209,109.999992,267.467682,50,-1.52587891E-05,350,300,150.730225,240.467667,246.730225,294.467682,0,1
2686,2686,2683,offscreen_render,54.1826134,startup,27,27,1.77777779,198.769577,268.274933,198.769577,109.999992,268.274933,50,-1.52587891E-05,350,300,150.769592,241.274918,246.769592,295.274933,0,1
2687,2687,2684,offscreen_render,54.19953,startup,27,27,1.77777779,198.803345,268.9674,198.803345,109.999992,268.9674,50,-1.52587891E-05,350,300,150.803345,241.967392,246.803345,295.9674,0,1
2688,2688,2685,offscreen_render,54.21645,startup,27,27,1.77777779,198.832275,269.560669,198.832275,109.999992,269.560669,50,-1.52587891E-05,350,300,150.832275,242.560654,246.832275,296.560669,0,1
2689,2689,2686,offscreen_render,54.2325554,startup,27,27,1.77777779,198.85704,270.0685,198.85704,109.999992,270.0685,50,-1.52587891E-05,350,300,150.857056,243.0685,246.857056,297.0685,0,1
2690,2690,2687,offscreen_render,54.2492256,startup,27,27,1.77777779,198.87822,270.50296,198.87822,109.999992,270.50296,50,-1.52587891E-05,350,300,150.87822,243.502945,246.87822,297.50296,0,1
2691,2691,2688,offscreen_render,54.2654724,startup,27,27,1.77777779,198.896332,270.874237,198.896332,109.999992,270.874237,50,-1.52587891E-05,350,300,150.896347,243.874222,246.896347,297.874237,0,1
2692,2692,2689,offscreen_render,54.28256,startup,27,27,1.77777779,198.911789,271.191345,198.911789,109.999992,271.191345,50,-1.52587891E-05,350,300,150.9118,244.19133,246.9118,298.191345,0,1
2693,2693,2690,offscreen_render,54.2989159,startup,27,27,1.77777779,198.924988,271.461975,198.924988,109.999992,271.461975,50,-1.52587891E-05,350,300,150.925,244.46196,246.925,298.461975,0,1
2694,2694,2691,offscreen_render,54.3158226,startup,27,27,1.77777779,198.936249,271.69278,198.936249,109.999992,271.69278,50,-1.52587891E-05,350,300,150.936264,244.692764,246.936264,298.69278,0,1
2695,2695,2692,offscreen_render,54.3328171,startup,27,27,1.77777779,198.945862,271.8898,198.945862,109.999992,271.8898,50,-1.52587891E-05,350,300,150.945877,244.889786,246.945877,298.8898,0,1
2696,2696,2693,offscreen_render,54.349144,startup,27,27,1.77777779,198.954025,272.0573,198.954025,109.999992,272.0573,50,-1.52587891E-05,350,300,150.954025,245.0573,246.954025,299.0573,0,1
2697,2697,2694,offscreen_render,54.3658257,startup,27,27,1.77777779,198.960983,272.1999,198.960983,109.999992,272.1999,50,-1.52587891E-05,350,300,150.960983,245.199875,246.960983,299.1999,0,1
2698,2698,2695,offscreen_render,54.3827362,startup,27,27,1.77777779,198.9669,272.3212,198.9669,109.999992,272.3212,50,-1.52587891E-05,350,300,150.966919,245.321182,246.966919,299.3212,0,1
2699,2699,2696,offscreen_render,54.3991661,startup,27,27,1.77777779,198.971939,272.424347,198.971939,109.999992,272.424347,50,-1.52587891E-05,350,300,150.971954,245.424332,246.971954,299.424347,0,1
2700,2700,2697,offscreen_render,54.41554,startup,27,27,1.77777779,198.976212,272.512,198.976212,109.999992,272.512,50,-1.52587891E-05,350,300,150.976227,245.511978,246.976227,299.512,0,1
2701,2701,2698,offscreen_render,54.43269,startup,27,27,1.77777779,198.979843,272.5865,198.979843,109.999992,272.5865,50,-1.52587891E-05,350,300,150.979843,245.586472,246.979843,299.5865,0,1
2702,2702,2699,offscreen_render,54.4490929,startup,27,27,1.77777779,198.982925,272.649719,198.982925,109.999992,272.649719,50,-1.52587891E-05,350,300,150.982941,245.6497,246.982941,299.649719,0,1
2703,2703,2700,offscreen_render,54.46578,startup,27,27,1.77777779,198.98555,272.7034,198.98555,109.999992,272.7034,50,-1.52587891E-05,350,300,150.985565,245.703384,246.985565,299.7034,0,1
2704,2704,2701,offscreen_render,54.4829941,startup,27,27,1.77777779,198.987762,272.748932,198.987762,109.999992,272.748932,50,-1.52587891E-05,350,300,150.987762,245.748917,246.987762,299.748932,0,1
2705,2705,2702,offscreen_render,54.4993248,startup,27,27,1.77777779,198.989639,272.787537,198.989639,109.999992,272.787537,50,-1.52587891E-05,350,300,150.989639,245.787521,246.989639,299.787537,0,1
2706,2706,2703,offscreen_render,54.51562,startup,27,27,1.77777779,198.991241,272.820282,198.991241,109.999992,272.820282,50,-1.52587891E-05,350,300,150.991241,245.820267,246.991241,299.820282,0,1
2707,2707,2704,offscreen_render,54.5325851,startup,27,27,1.77777779,198.9926,272.848022,198.9926,109.999992,272.848022,50,-1.52587891E-05,350,300,150.992615,245.848,246.992615,299.848022,0,1
2708,2708,2705,offscreen_render,54.54993,startup,27,27,1.77777779,198.993744,272.871521,198.993744,109.999992,272.871521,50,-1.52587891E-05,350,300,150.993759,245.8715,246.993759,299.871521,0,1
2709,2709,2706,offscreen_render,54.565876,startup,27,27,1.77777779,198.99472,272.891418,198.99472,109.999992,272.891418,50,-1.52587891E-05,350,300,150.99472,245.8914,246.99472,299.891418,0,1
2710,2710,2707,offscreen_render,54.582653,startup,27,27,1.77777779,198.995544,272.908264,198.995544,109.999992,272.908264,50,-1.52587891E-05,350,300,150.995544,245.908249,246.995544,299.908264,0,1
2711,2711,2708,offscreen_render,54.59923,startup,27,27,1.77777779,198.996231,272.922516,198.996231,109.999992,272.922516,50,-1.52587891E-05,350,300,150.996231,245.9225,246.996231,299.922516,0,1
2712,2712,2709,offscreen_render,54.61574,startup,27,27,1.77777779,198.996811,272.93457,198.996811,109.999992,272.93457,50,-1.52587891E-05,350,300,150.996826,245.934555,246.996826,299.93457,0,1
2713,2713,2710,offscreen_render,54.6325073,startup,27,27,1.77777779,198.997314,272.944763,198.997314,109.999992,272.944763,50,-1.52587891E-05,350,300,150.99733,245.944748,246.99733,299.944763,0,1
2714,2714,2711,offscreen_render,54.6494942,startup,27,27,1.77777779,198.997726,272.953369,198.997726,109.999992,272.953369,50,-1.52587891E-05,350,300,150.997742,245.953354,246.997742,299.953369,0,1
2715,2715,2712,offscreen_render,54.66574,startup,27,27,1.77777779,198.998077,272.960663,198.998077,109.999992,272.960663,50,-1.52587891E-05,350,300,150.998077,245.960648,246.998077,299.960663,0,1
2716,2716,2713,offscreen_render,54.7806435,zoom_w_base,12,12,1.77777779,71.3333359,150,71.3333359,109.999992,150,50,-1.52587891E-05,350,300,50,137.999985,92.66667,161.999985,0,1
2717,2717,2714,offscreen_render,54.88742,zoom_w_out,23.774189,30,1.77777779,92.26523,150,92.26523,109.999992,150,50,-1.52587891E-05,350,300,50.0000038,126.225815,134.530457,173.774185,0,1
2718,2718,2715,offscreen_render,55.0026245,zoom_w_out,28.0018978,30,1.77777779,99.78115,150,99.78115,109.999992,150,50,-1.52587891E-05,350,300,50,121.998093,149.5623,178.001877,0,1
2719,2719,2716,offscreen_render,55.1229553,zoom_w_out,29.4076614,30,1.77777779,102.280289,150,102.280289,109.999992,150,50,-1.52587891E-05,350,300,50.0000038,120.592331,154.560577,179.407639,0,1
2720,2720,2717,offscreen_render,55.1399155,zoom_w_out,29.4986,30,1.77777779,102.441956,150,102.441956,109.999992,150,50,-1.52587891E-05,350,300,50,120.501389,154.883911,179.498581,0,1
2721,2721,2718,offscreen_render,55.1556549,zoom_w_out,29.5755768,30,1.77777779,102.578804,150,102.578804,109.999992,150,50,-1.52587891E-05,350,300,50,120.424408,155.157608,179.575562,0,1
2722,2722,2719,offscreen_render,55.1717529,zoom_w_out,29.6407337,30,1.77777779,102.694641,150,102.694641,109.999992,150,50,-1.52587891E-05,350,300,50,120.359253,155.389267,179.640717,0,1
2723,2723,2720,offscreen_render,55.1891136,zoom_w_out,29.6958981,30,1.77777779,102.792709,150,102.792709,109.999992,150,50,-1.52587891E-05,350,300,50,120.304092,155.585419,179.695877,0,1
2724,2724,2721,offscreen_render,55.20529,zoom_w_out,29.7425766,30,1.77777779,102.875687,150,102.875687,109.999992,150,50,-1.52587891E-05,350,300,49.9999924,120.257416,155.751373,179.742554,7.62939453E-06,1
2725,2725,2722,offscreen_render,55.2222252,zoom_w_out,29.782095,30,1.77777779,102.945946,150,102.945946,109.999992,150,50,-1.52587891E-05,350,300,49.9999962,120.217896,155.891876,179.782074,3.81469727E-06,1
2726,2726,2723,offscreen_render,55.2391853,zoom_w_out,29.8155479,30,1.77777779,103.005417,150,103.005417,109.999992,150,50,-1.52587891E-05,350,300,49.9999962,120.184441,156.010834,179.815536,3.81469727E-06,1
2727,2727,2724,offscreen_render,55.2554855,zoom_w_out,29.8438663,30,1.77777779,103.055763,150,103.055763,109.999992,150,50,-1.52587891E-05,350,300,50,120.156128,156.111526,179.843857,0,1
2728,2728,2725,offscreen_render,55.2718925,zoom_w_out,29.867836,30,1.77777779,103.098373,150,103.098373,109.999992,150,50,-1.52587891E-05,350,300,49.9999962,120.132156,156.196747,179.867813,3.81469727E-06,1
2729,2729,2726,offscreen_render,55.2884331,zoom_w_out,29.8881245,30,1.77777779,103.134445,150,103.134445,109.999992,150,50,-1.52587891E-05,350,300,50,120.111862,156.26889,179.8881,0,1
2730,2730,2727,offscreen_render,55.3051529,zoom_w_out,29.9053,30,1.77777779,103.164978,150,103.164978,109.999992,150,50,-1.52587891E-05,350,300,49.9999924,120.094688,156.329956,179.905289,7.62939453E-06,1
2731,2731,2728,offscreen_render,55.3220749,zoom_w_out,29.919838,30,1.77777779,103.190826,150,103.190826,109.999992,150,50,-1.52587891E-05,350,300,50.00001,120.080154,156.381653,179.919815,0,1
2732,2732,2729,offscreen_render,55.3386765,zoom_w_out,29.9321442,30,1.77777779,103.2127,150,103.2127,109.999992,150,50,-1.52587891E-05,350,300,50,120.067841,156.4254,179.932129,0,1
2733,2733,2730,offscreen_render,55.35492,zoom_w_out,29.94256,30,1.77777779,103.231216,150,103.231216,109.999992,150,50,-1.52587891E-05,350,300,49.9999962,120.057426,156.462433,179.942551,3.81469727E-06,1
2734,2734,2731,offscreen_render,55.3720856,zoom_w_out,29.9513779,30,1.77777779,103.246895,150,103.246895,109.999992,150,50,-1.52587891E-05,350,300,50,120.048615,156.49379,179.95137,0,1
2735,2735,2732,offscreen_render,55.3887558,zoom_w_out,29.9588451,30,1.77777779,103.26017,150,103.26017,109.999992,150,50,-1.52587891E-05,350,300,50.0000076,120.041145,156.520355,179.958832,0,1
2736,2736,2733,offscreen_render,55.4049263,zoom_w_out,29.9651623,30,1.77777779,103.2714,150,103.2714,109.999992,150,50,-1.52587891E-05,350,300,50.0000038,120.034828,156.5428,179.965149,0,1
2737,2737,2734,offscreen_render,55.4222336,zoom_w_out,29.97051,30,1.77777779,103.280907,150,103.280907,109.999992,150,50,-1.52587891E-05,350,300,50.0000038,120.02948,156.561813,179.97049,0,1
2738,2738,2735,offscreen_render,55.43872,zoom_w_out,29.9750385,30,1.77777779,103.288956,150,103.288956,109.999992,150,50,-1.52587891E-05,350,300,49.9999962,120.024948,156.577911,179.975021,3.81469727E-06,1
2739,2739,2736,offscreen_render,55.4553947,zoom_w_out,29.97887,30,1.77777779,103.295769,150,103.295769,109.999992,150,50,-1.52587891E-05,350,300,50.0000076,120.0211,156.591553,179.978836,0,1
2740,2740,2737,offscreen_render,55.4720764,zoom_w_out,29.9821148,30,1.77777779,103.301537,150,103.301537,109.999992,150,50,-1.52587891E-05,350,300,50.0000038,120.017876,156.603073,179.9821,0,1
2741,2741,2738,offscreen_render,55.4884872,zoom_w_out,29.9848614,30,1.77777779,103.306419,150,103.306419,109.999992,150,50,-1.52587891E-05,350,300,50,120.015129,156.612839,179.984848,0,1
2742,2742,2739,offscreen_render,55.5055122,zoom_w_out,29.9871845,30,1.77777779,103.310547,150,103.310547,109.999992,150,50,-1.52587891E-05,350,300,50,120.01281,156.6211,179.987167,0,1
2743,2743,2740,offscreen_render,55.5223961,zoom_w_out,29.989151,30,1.77777779,103.314041,150,103.314041,109.999992,150,50,-1.52587891E-05,350,300,49.9999924,120.010841,156.628082,179.989136,7.62939453E-06,1
2744,2744,2741,offscreen_render,55.5387154,zoom_w_out,29.9908161,30,1.77777779,103.317,150,103.317,109.999992,150,50,-1.52587891E-05,350,300,49.9999924,120.009163,156.634,179.990784,7.62939453E-06,1
2745,2745,2742,offscreen_render,55.5550842,zoom_w_out,29.9922256,30,1.77777779,103.319511,150,103.319511,109.999992,150,50,-1.52587891E-05,350,300,50,120.007767,156.639023,179.9922,0,1
2746,2746,2743,offscreen_render,55.57185,zoom_w_out,29.9934464,30,1.77777779,103.321686,150,103.321686,109.999992,150,50,-1.52587891E-05,350,300,50.0000038,120.006561,156.643372,179.993439,0,1
2747,2747,2744,offscreen_render,55.5888023,zoom_w_out,29.9944534,30,1.77777779,103.323471,150,103.323471,109.999992,150,50,-1.52587891E-05,350,300,50.0000038,120.005539,156.646957,179.994431,0,1
2748,2748,2745,offscreen_render,55.6057663,zoom_w_out,29.9953041,30,1.77777779,103.324982,150,103.324982,109.999992,150,50,-1.52587891E-05,350,300,50,120.004684,156.649979,179.995285,0,1
2749,2749,2746,offscreen_render,55.720047,zoom_w_in,17.7517872,12,1.77777779,95.5928955,150,95.5928955,109.999992,150,50,-1.52587891E-05,350,300,64.0341644,132.2482,127.151627,167.75177,0,1
2750,2750,2747,offscreen_render,55.8297768,zoom_w_in,13.9375782,12,1.77777779,85.75158,150,85.75158,109.999992,150,50,-1.52587891E-05,350,300,60.9736633,136.062408,110.529495,163.937561,0,1
2751,2751,2748,offscreen_render,55.93718,zoom_w_in,12.6633883,12,1.77777779,78.80925,150,78.80925,109.999992,150,50,-1.52587891E-05,350,300,56.2965622,137.3366,101.321938,162.663376,0,1
2752,2752,2749,offscreen_render,55.95348,zoom_w_in,12.5615406,12,1.77777779,78.03371,150,78.03371,109.999992,150,50,-1.52587891E-05,350,300,55.70208,137.438446,100.365334,162.561523,0,1
2753,2753,2750,offscreen_render,55.9696274,zoom_w_in,12.4753284,12,1.77777779,77.33309,150,77.33309,109.999992,150,50,-1.52587891E-05,350,300,55.1547241,137.524658,99.5114441,162.475311,0,1
2754,2754,2751,offscreen_render,55.985817,zoom_w_in,12.4023609,12,1.77777779,76.70028,150,76.70028,109.999992,150,50,-1.52587891E-05,350,300,54.651638,137.597641,98.74892,162.402359,0,1
2755,2755,2752,offscreen_render,56.0025558,zoom_w_in,12.3405905,12,1.77777779,76.12883,150,76.12883,109.999992,150,50,-1.52587891E-05,350,300,54.1900024,137.659409,98.06766,162.340591,0,1
2756,2756,2753,offscreen_render,56.01904,zoom_w_in,12.2883015,12,1.77777779,75.61321,150,75.61321,109.999992,150,50,-1.52587891E-05,350,300,53.76734,137.711685,97.45908,162.288284,0,1
2757,2757,2754,offscreen_render,56.03556,zoom_w_in,12.2440414,12,1.77777779,75.14845,150,75.14845,109.999992,150,50,-1.52587891E-05,350,300,53.3812675,137.755951,96.9156342,162.244034,0,1
2758,2758,2755,offscreen_render,56.0522,zoom_w_in,12.2065754,12,1.77777779,74.7299957,150,74.7299957,109.999992,150,50,-1.52587891E-05,350,300,53.0294266,137.793411,96.43058,162.206558,0,1
2759,2759,2756,offscreen_render,56.0688553,zoom_w_in,12.1748619,12,1.77777779,74.35372,150,74.35372,109.999992,150,50,-1.52587891E-05,350,300,52.7095222,137.825119,95.9979248,162.17485,0,1
2760,2760,2757,offscreen_render,56.0855522,zoom_w_in,12.1480188,12,1.77777779,74.01585,150,74.01585,109.999992,150,50,-1.52587891E-05,350,300,52.41937,137.85199,95.61232,162.148026,0,1
2761,2761,2758,offscreen_render,56.1023,zoom_w_in,12.1252947,12,1.77777779,73.7128448,150,73.7128448,109.999992,150,50,-1.52587891E-05,350,300,52.156765,137.8747,95.26892,162.125275,0,1
2762,2762,2759,offscreen_render,56.11877,zoom_w_in,12.1060591,12,1.77777779,73.44153,150,73.44153,109.999992,150,50,-1.52587891E-05,350,300,51.9196472,137.893936,94.96341,162.106049,0,1
2763,2763,2760,offscreen_render,56.1355553,zoom_w_in,12.089777,12,1.77777779,73.19894,150,73.19894,109.999992,150,50,-1.52587891E-05,350,300,51.706,137.910233,94.69187,162.089783,0,1
2764,2764,2761,offscreen_render,56.15272,zoom_w_in,12.0759935,12,1.77777779,72.9823456,150,72.9823456,109.999992,150,50,-1.52587891E-05,350,300,51.5139122,137.924,94.4507751,162.075974,0,1
2765,2765,2762,offscreen_render,56.16881,zoom_w_in,12.0643272,12,1.77777779,72.78927,150,72.78927,109.999992,150,50,-1.52587891E-05,350,300,51.3415833,137.935654,94.23697,162.064316,0,1
2766,2766,2763,offscreen_render,56.1854,zoom_w_in,12.0544519,12,1.77777779,72.61738,150,72.61738,109.999992,150,50,-1.52587891E-05,350,300,51.18724,137.945557,94.0475159,162.054459,0,1
2767,2767,2764,offscreen_render,56.20209,zoom_w_in,12.046092,12,1.77777779,72.4645538,150,72.4645538,109.999992,150,50,-1.52587891E-05,350,300,51.04928,137.9539,93.87983,162.0461,0,1
2768,2768,2765,offscreen_render,56.2191429,zoom_w_in,12.0390158,12,1.77777779,72.32888,150,72.32888,109.999992,150,50,-1.52587891E-05,350,300,50.9261932,137.960968,93.73158,162.039,0,1
2769,2769,2766,offscreen_render,56.2354126,zoom_w_in,12.0330257,12,1.77777779,72.2085953,150,72.2085953,109.999992,150,50,-1.52587891E-05,350,300,50.81655,137.966965,93.60064,162.033,0,1
2770,2770,2767,offscreen_render,56.25248,zoom_w_in,12.0279551,12,1.77777779,72.10208,150,72.10208,109.999992,150,50,-1.52587891E-05,350,300,50.7190475,137.972031,93.4851151,162.027939,0,1
2771,2771,2768,offscreen_render,56.26941,zoom_w_in,12.0236635,12,1.77777779,72.0079,150,72.0079,109.999992,150,50,-1.52587891E-05,350,300,50.6324921,137.976318,93.3833,162.023651,0,1
2772,2772,2769,offscreen_render,56.2854958,zoom_w_in,12.020031,12,1.77777779,71.9247,150,71.9247,109.999992,150,50,-1.52587891E-05,350,300,50.5557556,137.979965,93.29364,162.02002,0,1
2773,2773,2770,offscreen_render,56.3022079,zoom_w_in,12.0169563,12,1.77777779,71.8513,150,71.8513,109.999992,150,50,-1.52587891E-05,350,300,50.4878235,137.983032,93.21478,162.016937,0,1
2774,2774,2771,offscreen_render,56.3193359,zoom_w_in,12.0143528,12,1.77777779,71.78662,150,71.78662,109.999992,150,50,-1.52587891E-05,350,300,50.4277725,137.985657,93.14547,162.014359,0,1
2775,2775,2772,offscreen_render,56.3359,zoom_w_in,12.0121489,12,1.77777779,71.7296753,150,71.7296753,109.999992,150,50,-1.52587891E-05,350,300,50.3747444,137.987839,93.08461,162.012131,0,1
2776,2776,2773,offscreen_render,56.3524361,zoom_w_in,12.0102844,12,1.77777779,71.67962,150,71.67962,109.999992,150,50,-1.52587891E-05,350,300,50.32801,137.9897,93.03124,162.010269,0,1
2777,2777,2774,offscreen_render,56.36889,zoom_w_in,12.0087051,12,1.77777779,71.63564,150,71.63564,109.999992,150,50,-1.52587891E-05,350,300,50.2868347,137.9913,92.98445,162.008713,0,1
2778,2778,2775,offscreen_render,56.3853722,zoom_w_in,12.007369,12,1.77777779,71.59705,150,71.59705,109.999992,150,50,-1.52587891E-05,350,300,50.250618,137.992615,92.94349,162.007355,0,1
2779,2779,2776,offscreen_render,56.402195,zoom_w_in,12.006238,12,1.77777779,71.56322,150,71.56322,109.999992,150,50,-1.52587891E-05,350,300,50.2187958,137.993744,92.90764,162.006226,0,1
2780,2780,2777,offscreen_render,56.4188042,zoom_w_in,12.0052805,12,1.77777779,71.53358,150,71.53358,109.999992,150,50,-1.52587891E-05,350,300,50.1908569,137.99472,92.8763,162.00528,0,1
2781,2781,2778,offscreen_render,56.4354439,zoom_w_in,12.00447,12,1.77777779,71.50764,150,71.50764,109.999992,150,50,-1.52587891E-05,350,300,50.16636,137.995529,92.8489151,162.004471,0,1
2782,2782,2779,offscreen_render,56.54418,zoom_e_base,12,12,1.77777779,328.666656,150,328.666656,109.999992,150,50,-1.52587891E-05,350,300,307.333344,137.999985,350.000031,161.999985,3.05175781E-05,1
2783,2783,2780,offscreen_render,56.652977,zoom_e_out,23.8852768,30,1.77777779,307.5373,150,307.5373,109.999992,150,50,-1.52587891E-05,350,300,265.0746,126.114716,350,173.885269,0,1
2784,2784,2781,offscreen_render,56.7749634,zoom_e_out,28.1901932,30,1.77777779,299.8841,150,299.8841,109.999992,150,50,-1.52587891E-05,350,300,249.768188,121.8098,350,178.19017,0,1
2785,2785,2782,offscreen_render,56.89009,zoom_e_out,29.4218254,30,1.77777779,297.694519,150,297.694519,109.999992,150,50,-1.52587891E-05,350,300,245.389053,120.578163,350,179.421814,0,1
2786,2786,2783,offscreen_render,56.90503,zoom_e_out,29.5105915,30,1.77777779,297.5367,150,297.5367,109.999992,150,50,-1.52587891E-05,350,300,245.073441,120.489395,350,179.510574,0,1
2787,2787,2784,offscreen_render,56.9208679,zoom_e_out,29.5857277,30,1.77777779,297.403137,150,297.403137,109.999992,150,50,-1.52587891E-05,350,300,244.80629,120.414261,350,179.585709,0,1
2788,2788,2785,offscreen_render,56.9375458,zoom_e_out,29.6493225,30,1.77777779,297.2901,150,297.2901,109.999992,150,50,-1.52587891E-05,350,300,244.5802,120.350662,350,179.6493,0,1
2789,2789,2786,offscreen_render,56.95418,zoom_e_out,29.70316,30,1.77777779,297.1944,150,297.1944,109.999992,150,50,-1.52587891E-05,350,300,244.388779,120.296829,350,179.70314,0,1
2790,2790,2787,offscreen_render,56.97088,zoom_e_out,29.74873,30,1.77777779,297.113373,150,297.113373,109.999992,150,50,-1.52587891E-05,350,300,244.226746,120.251259,350,179.748718,0,1
2791,2791,2788,offscreen_render,56.98741,zoom_e_out,29.7873039,30,1.77777779,297.0448,150,297.0448,109.999992,150,50,-1.52587891E-05,350,300,244.0896,120.212685,350,179.7873,0,1
2792,2792,2789,offscreen_render,57.0042038,zoom_e_out,29.8199577,30,1.77777779,296.986755,150,296.986755,109.999992,150,50,-1.52587891E-05,350,300,243.9735,120.180031,350,179.819946,0,1
2793,2793,2790,offscreen_render,57.02085,zoom_e_out,29.8476086,30,1.77777779,296.9376,150,296.9376,109.999992,150,50,-1.52587891E-05,350,300,243.875153,120.152367,349.999969,179.84758,0,1
2794,2794,2791,offscreen_render,57.0375862,zoom_e_out,29.8710041,30,1.77777779,296.896,150,296.896,109.999992,150,50,-1.52587891E-05,350,300,243.791962,120.128983,349.999969,179.870987,0,1
2795,2795,2792,offscreen_render,57.054142,zoom_e_out,29.8908081,30,1.77777779,296.860779,150,296.860779,109.999992,150,50,-1.52587891E-05,350,300,243.721558,120.109177,350,179.8908,0,1
2796,2796,2793,offscreen_render,57.0707359,zoom_e_out,29.90757,30,1.77777779,296.831,150,296.831,109.999992,150,50,-1.52587891E-05,350,300,243.661987,120.092407,350,179.907532,0,1
2797,2797,2794,offscreen_render,57.0878639,zoom_e_out,29.92176,30,1.77777779,296.805756,150,296.805756,109.999992,150,50,-1.52587891E-05,350,300,243.611511,120.078232,350,179.921738,0,1
2798,2798,2795,offscreen_render,57.1047173,zoom_e_out,29.9337711,30,1.77777779,296.7844,150,296.7844,109.999992,150,50,-1.52587891E-05,350,300,243.5688,120.066223,350,179.933762,0,1
2799,2799,2796,offscreen_render,57.12124,zoom_e_out,29.9439373,30,1.77777779,296.766327,150,296.766327,109.999992,150,50,-1.52587891E-05,350,300,243.532669,120.056053,350,179.943924,0,1
2800,2800,2797,offscreen_render,57.1373558,zoom_e_out,29.9525433,30,1.77777779,296.751038,150,296.751038,109.999992,150,50,-1.52587891E-05,350,300,243.502075,120.047447,350,179.95253,0,1
2801,2801,2798,offscreen_render,57.1544342,zoom_e_out,29.95983,30,1.77777779,296.738068,150,296.738068,109.999992,150,50,-1.52587891E-05,350,300,243.476151,120.040161,350,179.959808,0,1
2802,2802,2799,offscreen_render,57.1707268,zoom_e_out,29.9659958,30,1.77777779,296.7271,150,296.7271,109.999992,150,50,-1.52587891E-05,350,300,243.454239,120.034012,350,179.965988,0,1
2803,2803,2800,offscreen_render,57.18755,zoom_e_out,29.9712162,30,1.77777779,296.717834,150,296.717834,109.999992,150,50,-1.52587891E-05,350,300,243.435669,120.028778,350,179.9712,0,1
2804,2804,2801,offscreen_render,57.20421,zoom_e_out,29.9756355,30,1.77777779,296.71,150,296.71,109.999992,150,50,-1.52587891E-05,350,300,243.419968,120.024353,350,179.975616,0,1
2805,2805,2802,offscreen_render,57.2207336,zoom_e_out,29.9793758,30,1.77777779,296.703339,150,296.703339,109.999992,150,50,-1.52587891E-05,350,300,243.406677,120.020615,350,179.979355,0,1
2806,2806,2803,offscreen_render,57.2373238,zoom_e_out,29.982542,30,1.77777779,296.6977,150,296.6977,109.999992,150,50,-1.52587891E-05,350,300,243.3954,120.017448,350,179.982529,0,1
2807,2807,2804,offscreen_render,57.25406,zoom_e_out,29.9852219,30,1.77777779,296.692932,150,296.692932,109.999992,150,50,-1.52587891E-05,350,300,243.385864,120.014771,350,179.985214,0,1
2808,2808,2805,offscreen_render,57.270752,zoom_e_out,29.98749,30,1.77777779,296.6889,150,296.6889,109.999992,150,50,-1.52587891E-05,350,300,243.3778,120.0125,350,179.987473,0,1
2809,2809,2806,offscreen_render,57.28749,zoom_e_out,29.98941,30,1.77777779,296.6855,150,296.6855,109.999992,150,50,-1.52587891E-05,350,300,243.370941,120.010567,349.999969,179.98938,0,1
2810,2810,2807,offscreen_render,57.3041649,zoom_e_out,29.9910355,30,1.77777779,296.682617,150,296.682617,109.999992,150,50,-1.52587891E-05,350,300,243.365219,120.008957,350,179.991013,0,1
2811,2811,2808,offscreen_render,57.32094,zoom_e_out,29.9924126,30,1.77777779,296.680145,150,296.680145,109.999992,150,50,-1.52587891E-05,350,300,243.360291,120.007561,350,179.992386,0,1
2812,2812,2809,offscreen_render,57.3373222,zoom_e_out,29.993578,30,1.77777779,296.67807,150,296.67807,109.999992,150,50,-1.52587891E-05,350,300,243.356155,120.006409,350,179.993561,0,1
2813,2813,2810,offscreen_render,57.3542671,zoom_e_out,29.9945641,30,1.77777779,296.676331,150,296.676331,109.999992,150,50,-1.52587891E-05,350,300,243.352661,120.005424,350,179.994553,0,1
2814,2814,2811,offscreen_render,57.3706627,zoom_e_out,29.9954,30,1.77777779,296.674835,150,296.674835,109.999992,150,50,-1.52587891E-05,350,300,243.349686,120.004593,350,179.995377,0,1
2815,2815,2812,offscreen_render,57.3873,zoom_e_out,29.9961052,30,1.77777779,296.673584,150,296.673584,109.999992,150,50,-1.52587891E-05,350,300,243.347168,120.003883,350,179.9961,0,1
2816,2816,2813,offscreen_render,57.5011864,zoom_e_in,17.8144741,12,1.77777779,304.280853,150,304.280853,109.999992,150,50,-1.52587891E-05,350,300,272.6107,132.185516,335.951019,167.814453,0,1
2817,2817,2814,offscreen_render,57.6131058,zoom_e_in,13.9178991,12,1.77777779,314.3226,150,314.3226,109.999992,150,50,-1.52587891E-05,350,300,289.579681,136.082092,339.065521,163.917877,0,1
2818,2818,2815,offscreen_render,57.7193146,zoom_e_in,12.6624956,12,1.77777779,321.197327,150,321.197327,109.999992,150,50,-1.52587891E-05,350,300,298.686218,137.337509,343.708435,162.662491,0,1
2819,2819,2816,offscreen_render,57.7357063,zoom_e_in,12.5607843,12,1.77777779,321.972351,150,321.972351,109.999992,150,50,-1.52587891E-05,350,300,299.642059,137.439209,344.302643,162.560776,0,1
2820,2820,2817,offscreen_render,57.75136,zoom_e_in,12.4746943,12,1.77777779,322.672424,150,322.672424,109.999992,150,50,-1.52587891E-05,350,300,300.4952,137.525314,344.8497,162.4747,0,1
2821,2821,2818,offscreen_render,57.7676468,zoom_e_in,12.4018211,12,1.77777779,323.3048,150,323.3048,109.999992,150,50,-1.52587891E-05,350,300,301.257141,137.598175,345.352478,162.401825,0,1
2822,2822,2819,offscreen_render,57.7843,zoom_e_in,12.3401346,12,1.77777779,323.8758,150,323.8758,109.999992,150,50,-1.52587891E-05,350,300,301.937775,137.659851,345.8138,162.340118,0,1
2823,2823,2820,offscreen_render,57.8009224,zoom_e_in,12.2879162,12,1.77777779,324.391,150,324.391,109.999992,150,50,-1.52587891E-05,350,300,302.5458,137.712067,346.236176,162.2879,0,1
2824,2824,2821,offscreen_render,57.8175545,zoom_e_in,12.2437153,12,1.77777779,324.855347,150,324.855347,109.999992,150,50,-1.52587891E-05,350,300,303.088745,137.756271,346.621948,162.2437,0,1
2825,2825,2822,offscreen_render,57.8343658,zoom_e_in,12.2063007,12,1.77777779,325.273438,150,325.273438,109.999992,150,50,-1.52587891E-05,350,300,303.573334,137.793686,346.973541,162.206284,0,1
2826,2826,2823,offscreen_render,57.85118,zoom_e_in,12.17463,12,1.77777779,325.649384,150,325.649384,109.999992,150,50,-1.52587891E-05,350,300,304.005585,137.825363,347.293182,162.174622,0,1
2827,2827,2824,offscreen_render,57.8678551,zoom_e_in,12.1478214,12,1.77777779,325.986969,150,325.986969,109.999992,150,50,-1.52587891E-05,350,300,304.390839,137.852173,347.5831,162.147812,0,1
2828,2828,2825,offscreen_render,57.8843842,zoom_e_in,12.1251278,12,1.77777779,326.2897,150,326.2897,109.999992,150,50,-1.52587891E-05,350,300,304.733917,137.874863,347.8455,162.1251,0,1
2829,2829,2826,offscreen_render,57.9010773,zoom_e_in,12.1059179,12,1.77777779,326.56076,150,326.56076,109.999992,150,50,-1.52587891E-05,350,300,305.039124,137.894089,348.0824,162.105911,0,1
2830,2830,2827,offscreen_render,57.9178276,zoom_e_in,12.0896578,12,1.77777779,326.8031,150,326.8031,109.999992,150,50,-1.52587891E-05,350,300,305.310364,137.910324,348.295837,162.089645,0,1
2831,2831,2828,offscreen_render,57.93435,zoom_e_in,12.0758924,12,1.77777779,327.01947,150,327.01947,109.999992,150,50,-1.52587891E-05,350,300,305.5512,137.924088,348.487732,162.075882,0,1
2832,2832,2829,offscreen_render,57.95094,zoom_e_in,12.0642414,12,1.77777779,327.212341,150,327.212341,109.999992,150,50,-1.52587891E-05,350,300,305.764832,137.93576,348.6599,162.06424,0,1
2833,2833,2830,offscreen_render,57.9677925,zoom_e_in,12.0543795,12,1.77777779,327.384064,150,327.384064,109.999992,150,50,-1.52587891E-05,350,300,305.954041,137.9456,348.8141,162.054367,0,1
2834,2834,2831,offscreen_render,57.9842644,zoom_e_in,12.046031,12,1.77777779,327.5367,150,327.5367,109.999992,150,50,-1.52587891E-05,350,300,306.121552,137.953964,348.951874,162.046021,0,1
2835,2835,2832,offscreen_render,58.00095,zoom_e_in,12.0389643,12,1.77777779,327.672241,150,327.672241,109.999992,150,50,-1.52587891E-05,350,300,306.269653,137.961044,349.074829,162.038971,0,1
2836,2836,2833,offscreen_render,58.017662,zoom_e_in,12.0329828,12,1.77777779,327.7924,150,327.7924,109.999992,150,50,-1.52587891E-05,350,300,306.400421,137.967026,349.184357,162.03299,0,1
2837,2837,2834,offscreen_render,58.0343132,zoom_e_in,12.02792,12,1.77777779,327.898773,150,327.898773,109.999992,150,50,-1.52587891E-05,350,300,306.5158,137.972076,349.281738,162.027924,0,1
2838,2838,2835,offscreen_render,58.0510445,zoom_e_in,12.023634,12,1.77777779,327.992859,150,327.992859,109.999992,150,50,-1.52587891E-05,350,300,306.617523,137.976349,349.3682,162.023621,0,1
2839,2839,2836,offscreen_render,58.0677338,zoom_e_in,12.0200062,12,1.77777779,328.075958,150,328.075958,109.999992,150,50,-1.52587891E-05,350,300,306.707062,137.97998,349.444855,162.019989,0,1
2840,2840,2837,offscreen_render,58.08433,zoom_e_in,12.0169353,12,1.77777779,328.149261,150,328.149261,109.999992,150,50,-1.52587891E-05,350,300,306.785858,137.983047,349.512726,162.016922,0,1
2841,2841,2838,offscreen_render,58.1009331,zoom_e_in,12.0143356,12,1.77777779,328.213867,150,328.213867,109.999992,150,50,-1.52587891E-05,350,300,306.855,137.985672,349.572662,162.014343,0,1
2842,2842,2839,offscreen_render,58.11767,zoom_e_in,12.0121346,12,1.77777779,328.270752,150,328.270752,109.999992,150,50,-1.52587891E-05,350,300,306.915863,137.987854,349.6257,162.012115,0,1
2843,2843,2840,offscreen_render,58.13434,zoom_e_in,12.010272,12,1.77777779,328.32077,150,328.32077,109.999992,150,50,-1.52587891E-05,350,300,306.969177,137.989716,349.672363,162.010254,0,1
2844,2844,2841,offscreen_render,58.1511879,zoom_e_in,12.0086813,12,1.77777779,328.365082,150,328.365082,109.999992,150,50,-1.52587891E-05,350,300,307.016327,137.991318,349.713837,162.008682,0,1
2845,2845,2842,offscreen_render,58.16817,zoom_e_in,12.007349,12,1.77777779,328.4036,150,328.4036,109.999992,150,50,-1.52587891E-05,350,300,307.0572,137.992661,349.75,162.007355,0,1
2846,2846,2843,offscreen_render,58.1849365,zoom_e_in,12.0062208,12,1.77777779,328.437347,150,328.437347,109.999992,150,50,-1.52587891E-05,350,300,307.092957,137.993759,349.781738,162.00621,0,1
2847,2847,2844,offscreen_render,58.20123,zoom_e_in,12.0052662,12,1.77777779,328.466919,150,328.466919,109.999992,150,50,-1.52587891E-05,350,300,307.124268,137.99472,349.809631,162.005249,0,1
2848,2848,2845,offscreen_render,58.2176857,zoom_e_in,12.0044575,12,1.77777779,328.4928,150,328.4928,109.999992,150,50,-1.52587891E-05,350,300,307.15155,137.995529,349.834045,162.00444,0,1
2849,2849,2846,offscreen_render,58.3247223,zoom_s_base,12,12,1.77777779,200,12,200,109.999992,11.9999933,50,-1.52587891E-05,350,300,178.666672,-1.88991544E-05,221.333328,23.999979,3.64036532E-06,1
2850,2850,2847,offscreen_render,58.4294853,zoom_s_out,23.63068,30,1.77777779,200,23.63068,200,109.999992,23.6306744,50,-1.52587891E-05,350,300,157.9899,-1.794548E-05,242.0101,47.2613373,2.686691E-06,1
2851,2851,2848,offscreen_render,58.53938,zoom_s_out,27.88426,30,1.77777779,200,27.88426,200,109.999992,27.8842545,50,-1.52587891E-05,350,300,150.427963,-1.60381314E-05,249.572,55.7685,7.793424E-07,1
2852,2852,2849,offscreen_render,58.6538849,zoom_s_out,29.3264446,30,1.77777779,200,29.3264446,200,109.999992,29.3264389,50,-1.52587891E-05,350,300,147.8641,-1.60381314E-05,252.1359,58.65287,7.793424E-07,1
2853,2853,2850,offscreen_render,58.66993,zoom_s_out,29.4298515,30,1.77777779,200,29.4298515,200,109.999992,29.4298458,50,-1.52587891E-05,350,300,147.680267,-1.60381314E-05,252.319733,58.859684,7.793424E-07,1
2854,2854,2851,offscreen_render,58.6869164,zoom_s_out,29.51738,30,1.77777779,200,29.51738,200,109.999992,29.517374,50,-1.52587891E-05,350,300,147.524658,-1.60381314E-05,252.475342,59.03474,7.793424E-07,1
2855,2855,2852,offscreen_render,58.7028275,zoom_s_out,29.5914745,30,1.77777779,200,29.5914745,200,109.999992,29.5914688,50,-1.52587891E-05,350,300,147.392929,-1.60381314E-05,252.607071,59.18293,7.793424E-07,1
2856,2856,2853,offscreen_render,58.7192039,zoom_s_out,29.654192,30,1.77777779,200,29.654192,200,109.999992,29.6541862,50,-1.52587891E-05,350,300,147.281448,-1.41307828E-05,252.718582,59.3083649,0,1
2857,2857,2854,offscreen_render,58.73601,zoom_s_out,29.7072811,30,1.77777779,200,29.7072811,200,109.999992,29.7072754,50,-1.52587891E-05,350,300,147.187057,-1.41307828E-05,252.812943,59.4145432,0,1
2858,2858,2855,offscreen_render,58.75264,zoom_s_out,29.7522182,30,1.77777779,200,29.7522182,200,109.999992,29.7522125,50,-1.52587891E-05,350,300,147.107147,-1.41307828E-05,252.892822,59.5044174,0,1
2859,2859,2856,offscreen_render,58.7691727,zoom_s_out,29.7902565,30,1.77777779,200,29.7902565,200,109.999992,29.79025,50,-1.52587891E-05,350,300,147.039551,-1.60381314E-05,252.960449,59.5804939,7.793424E-07,1
2860,2860,2857,offscreen_render,58.78594,zoom_s_out,29.8224564,30,1.77777779,200,29.8224564,200,109.999992,29.82245,50,-1.52587891E-05,350,300,146.9823,-1.60381314E-05,253.0177,59.6448936,7.793424E-07,1
2861,2861,2858,offscreen_render,58.80261,zoom_s_out,29.8497124,30,1.77777779,200,29.8497124,200,109.999992,29.8497066,50,-1.52587891E-05,350,300,146.933838,-1.60381314E-05,253.066162,59.6994057,7.793424E-07,1
2862,2862,2859,offscreen_render,58.8192863,zoom_s_out,29.8727856,30,1.77777779,200,29.8727856,200,109.999992,29.87278,50,-1.52587891E-05,350,300,146.892822,-1.60381314E-05,253.107178,59.7455521,7.793424E-07,1
2863,2863,2860,offscreen_render,58.8358459,zoom_s_out,29.8923149,30,1.77777779,200,29.8923149,200,109.999992,29.89231,50,-1.52587891E-05,350,300,146.8581,-1.41307828E-05,253.1419,59.7846069,0,1
2864,2864,2861,offscreen_render,58.8526573,zoom_s_out,29.9088459,30,1.77777779,200,29.9088459,200,109.999992,29.90884,50,-1.52587891E-05,350,300,146.828735,-1.60381314E-05,253.1713,59.8176727,7.793424E-07,1
2865,2865,2862,offscreen_render,58.86916,zoom_s_out,29.92284,30,1.77777779,200,29.92284,200,109.999992,29.9228344,50,-1.52587891E-05,350,300,146.803833,-1.41307828E-05,253.196167,59.8456573,0,1
2866,2866,2863,offscreen_render,58.88578,zoom_s_out,29.9346867,30,1.77777779,200,29.9346867,200,109.999992,29.93468,50,-1.52587891E-05,350,300,146.782776,-1.60381314E-05,253.217224,59.8693542,7.793424E-07,1
2867,2867,2864,offscreen_render,58.9024925,zoom_s_out,29.9447136,30,1.77777779,200,29.9447136,200,109.999992,29.9447079,50,-1.52587891E-05,350,300,146.764954,-1.41307828E-05,253.235046,59.8894043,0,1
2868,2868,2865,offscreen_render,58.919384,zoom_s_out,29.9532013,30,1.77777779,200,29.9532013,200,109.999992,29.9531956,50,-1.52587891E-05,350,300,146.749863,-1.41307828E-05,253.250137,59.90638,0,1
2869,2869,2866,offscreen_render,58.9357529,zoom_s_out,29.9603863,30,1.77777779,200,29.9603863,200,109.999992,29.96038,50,-1.52587891E-05,350,300,146.737091,-1.60381314E-05,253.262909,59.9207535,7.793424E-07,1
2870,2870,2867,offscreen_render,58.9525223,zoom_s_out,29.9664669,30,1.77777779,200,29.9664669,200,109.999992,29.9664612,50,-1.52587891E-05,350,300,146.726288,-1.60381314E-05,253.273712,59.9329147,7.793424E-07,1
2871,2871,2868,offscreen_render,58.96906,zoom_s_out,29.9716148,30,1.77777779,200,29.9716148,200,109.999992,29.97161,50,-1.52587891E-05,350,300,146.717133,-1.41307828E-05,253.282867,59.9432068,0,1
2872,2872,2869,offscreen_render,58.9858437,zoom_s_out,29.9759731,30,1.77777779,200,29.9759731,200,109.999992,29.9759674,50,-1.52587891E-05,350,300,146.709381,-1.41307828E-05,253.290619,59.95192,0,1
2873,2873,2870,offscreen_render,59.00296,zoom_s_out,29.9796619,30,1.77777779,200,29.9796619,200,109.999992,29.9796562,50,-1.52587891E-05,350,300,146.70282,-1.41307828E-05,253.29718,59.9593048,0,1
2874,2874,2871,offscreen_render,59.0193443,zoom_s_out,29.9827843,30,1.77777779,200,29.9827843,200,109.999992,29.9827785,50,-1.52587891E-05,350,300,146.697266,-1.60381314E-05,253.302734,59.96555,7.793424E-07,1
2875,2875,2872,offscreen_render,59.0357361,zoom_s_out,29.9854279,30,1.77777779,200,29.9854279,200,109.999992,29.9854221,50,-1.52587891E-05,350,300,146.692566,-1.41307828E-05,253.307434,59.9708328,0,1
2876,2876,2873,offscreen_render,59.0524635,zoom_s_out,29.9876652,30,1.77777779,200,29.9876652,200,109.999992,29.98766,50,-1.52587891E-05,350,300,146.6886,-1.60381314E-05,253.3114,59.9753075,7.793424E-07,1
2877,2877,2874,offscreen_render,59.06924,zoom_s_out,29.98956,30,1.77777779,200,29.98956,200,109.999992,29.9895535,50,-1.52587891E-05,350,300,146.685226,-1.41307828E-05,253.314774,59.9790955,0,1
2878,2878,2875,offscreen_render,59.08591,zoom_s_out,29.9911613,30,1.77777779,200,29.9911613,200,109.999992,29.9911556,50,-1.52587891E-05,350,300,146.682373,-1.41307828E-05,253.317627,59.9823,0,1
2879,2879,2876,offscreen_render,59.1026459,zoom_s_out,29.9925175,30,1.77777779,200,29.9925175,200,109.999992,29.9925117,50,-1.52587891E-05,350,300,146.679962,-1.41307828E-05,253.320038,59.9850159,0,1
2880,2880,2877,offscreen_render,59.11919,zoom_s_out,29.9936657,30,1.77777779,200,29.9936657,200,109.999992,29.99366,50,-1.52587891E-05,350,300,146.677933,-1.60381314E-05,253.322067,59.9873123,7.793424E-07,1
2881,2881,2878,offscreen_render,59.13585,zoom_s_out,29.9946384,30,1.77777779,200,29.9946384,200,109.999992,29.9946327,50,-1.52587891E-05,350,300,146.676208,-1.41307828E-05,253.323822,59.9892578,0,1
2882,2882,2879,offscreen_render,59.1527367,zoom_s_out,29.9954681,30,1.77777779,200,29.9954681,200,109.999992,29.9954624,50,-1.52587891E-05,350,300,146.674728,-1.60381314E-05,253.325272,59.9909172,7.793424E-07,1
2883,2883,2880,offscreen_render,59.2755852,zoom_s_in,17.3083553,12,1.77777779,200,25.1221867,200,109.999992,25.12218,50,-1.52587891E-05,350,300,169.2296,7.81381559,230.770432,42.4305229,0,1
2884,2884,2881,offscreen_render,59.3846626,zoom_s_in,13.7923384,12,1.77777779,200,19.6917534,200,109.999992,19.6917477,50,-1.52587891E-05,350,300,175.4803,5.89939833,224.51973,33.4840736,0,1
2885,2885,2882,offscreen_render,59.491127,zoom_s_in,12.6202364,12,1.77777779,200,15.9874763,200,109.999992,15.98747,50,-1.52587891E-05,350,300,177.564026,3.367222,222.435974,28.60769,0,1
2886,2886,2883,offscreen_render,59.50681,zoom_s_in,12.525013,12,1.77777779,200,15.571413,200,109.999992,15.5714064,50,-1.52587891E-05,350,300,177.7333,3.04638124,222.2667,28.0964031,0,1
2887,2887,2884,offscreen_render,59.5234756,zoom_s_in,12.4444151,12,1.77777779,200,15.195961,200,109.999992,15.1959543,50,-1.52587891E-05,350,300,177.876587,2.751528,222.123413,27.6403522,0,1
2888,2888,2885,offscreen_render,59.5396919,zoom_s_in,12.3761873,12,1.77777779,200,14.8571215,200,109.999992,14.8571148,50,-1.52587891E-05,350,300,177.99791,2.48091531,222.002121,27.2332859,0,1
2889,2889,2886,offscreen_render,59.5561562,zoom_s_in,12.3184366,12,1.77777779,200,14.5514669,200,109.999992,14.55146,50,-1.52587891E-05,350,300,178.100555,2.23301339,221.899445,26.8698826,0,1
2890,2890,2887,offscreen_render,59.5731163,zoom_s_in,12.2695513,12,1.77777779,200,14.2759266,200,109.999992,14.27592,50,-1.52587891E-05,350,300,178.187454,2.00635648,221.812515,26.5454559,0,1
2891,2891,2888,offscreen_render,59.58949,zoom_s_in,12.2281694,12,1.77777779,200,14.0277538,200,109.999992,14.0277472,50,-1.52587891E-05,350,300,178.261032,1.79956639,221.738968,26.2559,0,1
2892,2892,2889,offscreen_render,59.6063652,zoom_s_in,12.193141,12,1.77777779,200,13.8044872,200,109.999992,13.8044806,50,-1.52587891E-05,350,300,178.3233,1.6113292,221.6767,25.9976082,0,1
2893,2893,2890,offscreen_render,59.62283,zoom_s_in,12.16349,12,1.77777779,200,13.6038752,200,109.999992,13.6038685,50,-1.52587891E-05,350,300,178.376022,1.44036591,221.623978,25.7673435,0,1
2894,2894,2891,offscreen_render,59.63955,zoom_s_in,12.1383915,12,1.77777779,200,13.4238482,200,109.999992,13.4238415,50,-1.52587891E-05,350,300,178.420639,1.2854377,221.579361,25.5622177,0,1
2895,2895,2892,offscreen_render,59.6560135,zoom_s_in,12.1171455,12,1.77777779,200,13.2625179,200,109.999992,13.2625113,50,-1.52587891E-05,350,300,178.4584,1.14535344,221.5416,25.37964,0,1
2896,2896,2893,offscreen_render,59.67283,zoom_s_in,12.0991621,12,1.77777779,200,13.1181526,200,109.999992,13.1181459,50,-1.52587891E-05,350,300,178.490372,1.01897061,221.509628,25.21729,0,1
2897,2897,2894,offscreen_render,59.6894951,zoom_s_in,12.0839386,12,1.77777779,200,12.9891434,200,109.999992,12.9891367,50,-1.52587891E-05,350,300,178.517456,0.9051859,221.482574,25.0730572,0,1
2898,2898,2895,offscreen_render,59.7062073,zoom_s_in,12.0710516,12,1.77777779,200,12.8740158,200,109.999992,12.8740091,50,-1.52587891E-05,350,300,178.540344,0.8029453,221.459656,24.9450436,0,1
2899,2899,2896,offscreen_render,59.72287,zoom_s_in,12.0601444,12,1.77777779,200,12.7714367,200,109.999992,12.77143,50,-1.52587891E-05,350,300,178.559738,0.7112734,221.440262,24.8315563,0,1
2900,2900,2897,offscreen_render,59.73937,zoom_s_in,12.0509109,12,1.77777779,200,12.68016,200,109.999992,12.6801529,50,-1.52587891E-05,350,300,178.576157,0.6292297,221.423843,24.7310486,0,1
2901,2901,2898,offscreen_render,59.7559776,zoom_s_in,12.0430946,12,1.77777779,200,12.5990448,200,109.999992,12.5990381,50,-1.52587891E-05,350,300,178.590057,0.55593127,221.409943,24.6421185,0,1
2902,2902,2899,offscreen_render,59.7727356,zoom_s_in,12.036479,12,1.77777779,200,12.5270615,200,109.999992,12.5270548,50,-1.52587891E-05,350,300,178.6018,0.490563571,221.398163,24.5635185,0,1
2903,2903,2900,offscreen_render,59.7895241,zoom_s_in,12.030879,12,1.77777779,200,12.4632673,200,109.999992,12.4632607,50,-1.52587891E-05,350,300,178.611771,0.4323694,221.388229,24.4941235,0,1
2904,2904,2901,offscreen_render,59.80616,zoom_s_in,12.0261383,12,1.77777779,200,12.4067974,200,109.999992,12.4067907,50,-1.52587891E-05,350,300,178.6202,0.3806402,221.3798,24.4329128,0,1
2905,2905,2902,offscreen_render,59.82281,zoom_s_in,12.0221252,12,1.77777779,200,12.3568754,200,109.999992,12.3568687,50,-1.52587891E-05,350,300,178.62735,0.334731281,221.372681,24.3789787,0,1
2906,2906,2903,offscreen_render,59.8393974,zoom_s_in,12.0187283,12,1.77777779,200,12.3127956,200,109.999992,12.312789,50,-1.52587891E-05,350,300,178.633362,0.2940485,221.366608,24.3315029,0,1
2907,2907,2904,offscreen_render,59.85603,zoom_s_in,12.0158529,12,1.77777779,200,12.2739162,200,109.999992,12.27391,50,-1.52587891E-05,350,300,178.638489,0.258044422,221.361511,24.2897472,0,1
2908,2908,2905,offscreen_render,59.87287,zoom_s_in,12.0134192,12,1.77777779,200,12.239666,200,109.999992,12.2396593,50,-1.52587891E-05,350,300,178.642822,0.226227939,221.357208,24.2530632,0,1
2909,2909,2906,offscreen_render,59.8894653,zoom_s_in,12.0113592,12,1.77777779,200,12.2095242,200,109.999992,12.2095175,50,-1.52587891E-05,350,300,178.646484,0.198146045,221.353546,24.2208614,0,1
2910,2910,2907,offscreen_render,59.90624,zoom_s_in,12.0096149,12,1.77777779,200,12.1830263,200,109.999992,12.18302,50,-1.52587891E-05,350,300,178.649567,0.173393428,221.350433,24.1926212,0,1
2911,2911,2908,offscreen_render,59.92289,zoom_s_in,12.0081387,12,1.77777779,200,12.1597557,200,109.999992,12.159749,50,-1.52587891E-05,350,300,178.652191,0.1515972,221.347809,24.1678715,0,1
2912,2912,2909,offscreen_render,59.93941,zoom_s_in,12.0068893,12,1.77777779,200,12.1393394,200,109.999992,12.1393328,50,-1.52587891E-05,350,300,178.6544,0.132432163,221.345566,24.1462078,0,1
2913,2913,2910,offscreen_render,59.95618,zoom_s_in,12.0058317,12,1.77777779,200,12.1214418,200,109.999992,12.1214352,50,-1.52587891E-05,350,300,178.6563,0.115592174,221.3437,24.1272526,0,1
2914,2914,2911,offscreen_render,59.9728,zoom_s_in,12.0049362,12,1.77777779,200,12.10577,200,109.999992,12.1057634,50,-1.52587891E-05,350,300,178.6579,0.100815944,221.342133,24.1106853,0,1
2915,2915,2912,offscreen_render,59.98952,zoom_s_in,12.004178,12,1.77777779,200,12.0920572,200,109.999992,12.0920506,50,-1.52587891E-05,350,300,178.659225,0.08786028,221.340744,24.0962124,0,1
2916,2916,2913,offscreen_render,60.09587,zoom_n_base,12,12,1.77777779,200,288,200,109.999992,288,50,-1.52587891E-05,350,300,178.666672,276.000031,221.333328,300.000031,3.05175781E-05,1
2917,2917,2914,offscreen_render,60.2106056,zoom_n_out,24.2435455,30,1.77777779,200,275.75647,200,109.999992,275.75647,50,-1.52587891E-05,350,300,156.90036,251.512909,243.09964,300,0,1
2918,2918,2915,offscreen_render,60.3246765,zoom_n_out,28.1539536,30,1.77777779,200,271.846039,200,109.999992,271.846039,50,-1.52587891E-05,350,300,149.948517,243.692078,250.051453,300,0,1
2919,2919,2916,offscreen_render,60.4476967,zoom_n_out,29.46415,30,1.77777779,200,270.535858,200,109.999992,270.535858,50,-1.52587891E-05,350,300,147.6193,241.0717,252.3807,300,0,1
2920,2920,2917,offscreen_render,60.4640579,zoom_n_out,29.5464153,30,1.77777779,200,270.453583,200,109.999992,270.453583,50,-1.52587891E-05,350,300,147.473038,240.90715,252.526962,300,0,1
2921,2921,2918,offscreen_render,60.4800529,zoom_n_out,29.6160488,30,1.77777779,200,270.383942,200,109.999992,270.383942,50,-1.52587891E-05,350,300,147.349243,240.767883,252.650757,300,0,1
2922,2922,2919,offscreen_render,60.49641,zoom_n_out,29.6749916,30,1.77777779,200,270.325,200,109.999992,270.325,50,-1.52587891E-05,350,300,147.244461,240.650009,252.755539,300,0,1
2923,2923,2920,offscreen_render,60.51311,zoom_n_out,29.7248878,30,1.77777779,200,270.275116,200,109.999992,270.275116,50,-1.52587891E-05,350,300,147.155731,240.550217,252.844238,300,0,1
2924,2924,2921,offscreen_render,60.5297966,zoom_n_out,29.7671223,30,1.77777779,200,270.23288,200,109.999992,270.23288,50,-1.52587891E-05,350,300,147.080673,240.465744,252.919327,300,0,1
2925,2925,2922,offscreen_render,60.5465164,zoom_n_out,29.8028736,30,1.77777779,200,270.1971,200,109.999992,270.1971,50,-1.52587891E-05,350,300,147.01712,240.394226,252.98288,300,0,1
2926,2926,2923,offscreen_render,60.5632744,zoom_n_out,29.8331356,30,1.77777779,200,270.16687,200,109.999992,270.16687,50,-1.52587891E-05,350,300,146.963318,240.333755,253.036682,300.000031,3.05175781E-05,1
2927,2927,2924,offscreen_render,60.5799637,zoom_n_out,29.8587513,30,1.77777779,200,270.141235,200,109.999992,270.141235,50,-1.52587891E-05,350,300,146.91777,240.282471,253.08223,300,0,1
2928,2928,2925,offscreen_render,60.59647,zoom_n_out,29.8804359,30,1.77777779,200,270.119568,200,109.999992,270.119568,50,-1.52587891E-05,350,300,146.879242,240.239151,253.120789,300.000031,3.05175781E-05,1
2929,2929,2926,offscreen_render,60.6135063,zoom_n_out,29.8987923,30,1.77777779,200,270.1012,200,109.999992,270.1012,50,-1.52587891E-05,350,300,146.846573,240.2024,253.1534,300,0,1
2930,2930,2927,offscreen_render,60.62995,zoom_n_out,29.91433,30,1.77777779,200,270.085663,200,109.999992,270.085663,50,-1.52587891E-05,350,300,146.818954,240.171326,253.181015,300,0,1
2931,2931,2928,offscreen_render,60.6466331,zoom_n_out,29.92748,30,1.77777779,200,270.0725,200,109.999992,270.0725,50,-1.52587891E-05,350,300,146.7956,240.14502,253.2044,300,0,1
2932,2932,2929,offscreen_render,60.6631546,zoom_n_out,29.9386139,30,1.77777779,200,270.0614,200,109.999992,270.0614,50,-1.52587891E-05,350,300,146.775818,240.122772,253.224213,300,0,1
2933,2933,2930,offscreen_render,60.67974,zoom_n_out,29.9480381,30,1.77777779,200,270.051971,200,109.999992,270.051971,50,-1.52587891E-05,350,300,146.759033,240.103928,253.240936,300,0,1
2934,2934,2931,offscreen_render,60.6963,zoom_n_out,29.9560146,30,1.77777779,200,270.043976,200,109.999992,270.043976,50,-1.52587891E-05,350,300,146.744858,240.087952,253.255142,300,0,1
2935,2935,2932,offscreen_render,60.71312,zoom_n_out,29.9627666,30,1.77777779,200,270.037231,200,109.999992,270.037231,50,-1.52587891E-05,350,300,146.732864,240.074478,253.267136,300.000031,3.05175781E-05,1
2936,2936,2933,offscreen_render,60.72981,zoom_n_out,29.968483,30,1.77777779,200,270.031525,200,109.999992,270.031525,50,-1.52587891E-05,350,300,146.722687,240.063034,253.277283,300,0,1
2937,2937,2934,offscreen_render,60.7465668,zoom_n_out,29.9733219,30,1.77777779,200,270.026672,200,109.999992,270.026672,50,-1.52587891E-05,350,300,146.7141,240.053345,253.2859,300,0,1
2938,2938,2935,offscreen_render,60.76329,zoom_n_out,29.977417,30,1.77777779,200,270.022583,200,109.999992,270.022583,50,-1.52587891E-05,350,300,146.706818,240.045151,253.293182,300,0,1
2939,2939,2936,offscreen_render,60.7798157,zoom_n_out,29.9808846,30,1.77777779,200,270.0191,200,109.999992,270.0191,50,-1.52587891E-05,350,300,146.700668,240.038208,253.299362,300,0,1
2940,2940,2937,offscreen_render,60.79637,zoom_n_out,29.98382,30,1.77777779,200,270.016174,200,109.999992,270.016174,50,-1.52587891E-05,350,300,146.695435,240.032349,253.304565,300,0,1
2941,2941,2938,offscreen_render,60.8130951,zoom_n_out,29.9863033,30,1.77777779,200,270.0137,200,109.999992,270.0137,50,-1.52587891E-05,350,300,146.69101,240.02739,253.30899,300,0,1
2942,2942,2939,offscreen_render,60.8298035,zoom_n_out,29.9884052,30,1.77777779,200,270.0116,200,109.999992,270.0116,50,-1.52587891E-05,350,300,146.687286,240.023178,253.312714,300,0,1
2943,2943,2940,offscreen_render,60.84643,zoom_n_out,29.9901848,30,1.77777779,200,270.009827,200,109.999992,270.009827,50,-1.52587891E-05,350,300,146.684113,240.019638,253.315887,300,0,1
2944,2944,2941,offscreen_render,60.86391,zoom_n_out,29.9916916,30,1.77777779,200,270.0083,200,109.999992,270.0083,50,-1.52587891E-05,350,300,146.681427,240.0166,253.318573,300,0,1
2945,2945,2942,offscreen_render,60.8800163,zoom_n_out,29.9929676,30,1.77777779,200,270.007019,200,109.999992,270.007019,50,-1.52587891E-05,350,300,146.679169,240.014038,253.320831,299.999969,0,1
2946,2946,2943,offscreen_render,60.8965073,zoom_n_out,29.9940472,30,1.77777779,200,270.005951,200,109.999992,270.005951,50,-1.52587891E-05,350,300,146.677246,240.011887,253.322723,300,0,1
2947,2947,2944,offscreen_render,60.9133072,zoom_n_out,29.99496,30,1.77777779,200,270.005035,200,109.999992,270.005035,50,-1.52587891E-05,350,300,146.675644,240.010071,253.324387,300,0,1
2948,2948,2945,offscreen_render,60.9298477,zoom_n_out,29.9957352,30,1.77777779,200,270.004272,200,109.999992,270.004272,50,-1.52587891E-05,350,300,146.674255,240.00853,253.325775,300,0,1
2949,2949,2946,offscreen_render,61.0497,zoom_n_in,17.4877911,12,1.77777779,200,274.660736,200,109.999992,274.660736,50,-1.52587891E-05,350,300,168.9106,257.172943,231.0894,292.148529,0,1
2950,2950,2947,offscreen_render,61.1596,zoom_n_in,13.835001,12,1.77777779,200,280.1776,200,109.999992,280.1776,50,-1.52587891E-05,350,300,175.404449,266.342621,224.595551,294.0126,0,1
2951,2951,2948,offscreen_render,61.26704,zoom_n_in,12.6260605,12,1.77777779,200,283.975739,200,109.999992,283.975739,50,-1.52587891E-05,350,300,177.553665,271.34967,222.446335,296.6018,0,1
2952,2952,2949,offscreen_render,61.2834,zoom_n_in,12.5299425,12,1.77777779,200,284.395752,200,109.999992,284.395752,50,-1.52587891E-05,350,300,177.724548,271.8658,222.275452,296.9257,0,1
2953,2953,2950,offscreen_render,61.29934,zoom_n_in,12.4485884,12,1.77777779,200,284.774719,200,109.999992,284.774719,50,-1.52587891E-05,350,300,177.869171,272.326172,222.130829,297.223328,0,1
2954,2954,2951,offscreen_render,61.3156052,zoom_n_in,12.3797216,12,1.77777779,200,285.11673,200,109.999992,285.11673,50,-1.52587891E-05,350,300,177.991608,272.737,222.008392,297.49646,0,1
2955,2955,2952,offscreen_render,61.33271,zoom_n_in,12.3214235,12,1.77777779,200,285.425262,200,109.999992,285.425262,50,-1.52587891E-05,350,300,178.095245,273.103851,221.904755,297.746674,0,1
2956,2956,2953,offscreen_render,61.349102,zoom_n_in,12.2720795,12,1.77777779,200,285.703339,200,109.999992,285.703339,50,-1.52587891E-05,350,300,178.182968,273.431274,221.817032,297.9754,0,1
2957,2957,2954,offscreen_render,61.3659,zoom_n_in,12.23031,12,1.77777779,200,285.9538,200,109.999992,285.9538,50,-1.52587891E-05,350,300,178.257233,273.72348,221.742767,298.1841,0,1
2958,2958,2955,offscreen_render,61.3824158,zoom_n_in,12.1949549,12,1.77777779,200,286.1791,200,109.999992,286.1791,50,-1.52587891E-05,350,300,178.320084,273.984161,221.679916,298.374054,0,1
2959,2959,2956,offscreen_render,61.39925,zoom_n_in,12.1650257,12,1.77777779,200,286.381561,200,109.999992,286.381561,50,-1.52587891E-05,350,300,178.373291,274.216553,221.626709,298.5466,0,1
2960,2960,2957,offscreen_render,61.4159966,zoom_n_in,12.13969,12,1.77777779,200,286.563232,200,109.999992,286.563232,50,-1.52587891E-05,350,300,178.418335,274.423584,221.581665,298.702942,0,1
2961,2961,2958,offscreen_render,61.43259,zoom_n_in,12.1182461,12,1.77777779,200,286.726,200,109.999992,286.726,50,-1.52587891E-05,350,300,178.456451,274.6078,221.543549,298.8443,0,1
2962,2962,2959,offscreen_render,61.4492836,zoom_n_in,12.1000929,12,1.77777779,200,286.8717,200,109.999992,286.8717,50,-1.52587891E-05,350,300,178.488724,274.7716,221.511276,298.9718,0,1
2963,2963,2960,offscreen_render,61.46588,zoom_n_in,12.0847263,12,1.77777779,200,287.0019,200,109.999992,287.0019,50,-1.52587891E-05,350,300,178.516037,274.917175,221.483963,299.0866,0,1
2964,2964,2961,offscreen_render,61.48286,zoom_n_in,12.0717182,12,1.77777779,200,287.118073,200,109.999992,287.118073,50,-1.52587891E-05,350,300,178.539185,275.046356,221.460846,299.1898,0,1
2965,2965,2962,offscreen_render,61.4990921,zoom_n_in,12.060709,12,1.77777779,200,287.221558,200,109.999992,287.221558,50,-1.52587891E-05,350,300,178.558746,275.160858,221.441254,299.282257,0,1
2966,2966,2963,offscreen_render,61.515583,zoom_n_in,12.0513887,12,1.77777779,200,287.31366,200,109.999992,287.31366,50,-1.52587891E-05,350,300,178.5753,275.262268,221.4247,299.365051,0,1
2967,2967,2964,offscreen_render,61.5324478,zoom_n_in,12.0435,12,1.77777779,200,287.3955,200,109.999992,287.3955,50,-1.52587891E-05,350,300,178.589325,275.352051,221.410675,299.439026,0,1
2968,2968,2965,offscreen_render,61.5491829,zoom_n_in,12.0368214,12,1.77777779,200,287.46814,200,109.999992,287.46814,50,-1.52587891E-05,350,300,178.601212,275.431335,221.398788,299.504974,0,1
2969,2969,2966,offscreen_render,61.56574,zoom_n_in,12.0311689,12,1.77777779,200,287.5325,200,109.999992,287.5325,50,-1.52587891E-05,350,300,178.611252,275.501343,221.388748,299.56366,0,1
2970,2970,2967,offscreen_render,61.5823174,zoom_n_in,12.0263834,12,1.77777779,200,287.589478,200,109.999992,287.589478,50,-1.52587891E-05,350,300,178.619766,275.5631,221.380234,299.615875,0,1
2971,2971,2968,offscreen_render,61.5990753,zoom_n_in,12.0223331,12,1.77777779,200,287.639862,200,109.999992,287.639862,50,-1.52587891E-05,350,300,178.626953,275.617523,221.373016,299.6622,0,1
2972,2972,2969,offscreen_render,61.6156349,zoom_n_in,12.0189047,12,1.77777779,200,287.684357,200,109.999992,287.684357,50,-1.52587891E-05,350,300,178.633057,275.6655,221.366943,299.7033,0,1
2973,2973,2970,offscreen_render,61.6325455,zoom_n_in,12.0160027,12,1.77777779,200,287.7236,200,109.999992,287.7236,50,-1.52587891E-05,350,300,178.638229,275.707642,221.3618,299.739624,0,1
2974,2974,2971,offscreen_render,61.6491737,zoom_n_in,12.013546,12,1.77777779,200,287.758179,200,109.999992,287.758179,50,-1.52587891E-05,350,300,178.642578,275.744659,221.357422,299.771759,0,1
2975,2975,2972,offscreen_render,61.6656151,zoom_n_in,12.011466,12,1.77777779,200,287.7886,200,109.999992,287.7886,50,-1.52587891E-05,350,300,178.646286,275.777161,221.353714,299.8001,0,1
2976,2976,2973,offscreen_render,61.6823654,zoom_n_in,12.0097055,12,1.77777779,200,287.815338,200,109.999992,287.815338,50,-1.52587891E-05,350,300,178.6494,275.805634,221.350571,299.825043,0,1
2977,2977,2974,offscreen_render,61.69912,zoom_n_in,12.0082159,12,1.77777779,200,287.8388,200,109.999992,287.8388,50,-1.52587891E-05,350,300,178.652039,275.8306,221.347931,299.847015,0,1
2978,2978,2975,offscreen_render,61.71559,zoom_n_in,12.0069542,12,1.77777779,200,287.8594,200,109.999992,287.8594,50,-1.52587891E-05,350,300,178.6543,275.852448,221.3457,299.866364,0,1
2979,2979,2976,offscreen_render,61.73232,zoom_n_in,12.005887,12,1.77777779,200,287.877472,200,109.999992,287.877472,50,-1.52587891E-05,350,300,178.656219,275.871582,221.343811,299.883362,0,1
2980,2980,2977,offscreen_render,61.7489433,zoom_n_in,12.0049829,12,1.77777779,200,287.89328,200,109.999992,287.89328,50,-1.52587891E-05,350,300,178.6578,275.888336,221.3422,299.8983,0,1
2981,2981,2978,offscreen_render,61.7657776,zoom_n_in,12.0042181,12,1.77777779,200,287.9071,200,109.999992,287.9071,50,-1.52587891E-05,350,300,178.659164,275.9029,221.340836,299.911316,0,1
2982,2982,2979,offscreen_render,61.87427,zoom_sw_base,12,12,1.77777779,71.3333359,12,71.3333359,109.999992,11.9999933,50,-1.52587891E-05,350,300,50,-1.88991544E-05,92.66667,23.999979,3.64036532E-06,1
2983,2983,2980,offscreen_render,61.9842949,zoom_sw_out,23.9416122,30,1.77777779,92.56287,23.9416122,92.56287,109.999992,23.9416065,50,-1.52587891E-05,350,300,50,-1.794548E-05,135.125732,47.8832,2.686691E-06,1
2984,2984,2981,offscreen_render,62.1050224,zoom_sw_out,28.194828,30,1.77777779,100.124138,28.194828,100.124138,109.999992,28.1948223,50,-1.52587891E-05,350,300,50,-1.60381314E-05,150.248276,56.3896332,7.793424E-07,1
2985,2985,2982,offscreen_render,62.224823,zoom_sw_out,29.4548721,30,1.77777779,102.364212,29.4548721,102.364212,109.999992,29.4548664,50,-1.52587891E-05,350,300,50.0000038,-1.60381314E-05,154.728439,58.9097252,7.793424E-07,1
2986,2986,2983,offscreen_render,62.2411537,zoom_sw_out,29.5385647,30,1.77777779,102.513,29.5385647,102.513,109.999992,29.538559,50,-1.52587891E-05,350,300,49.9999962,-1.60381314E-05,155.026,59.0771065,3.81469727E-06,1
2987,2987,2984,offscreen_render,62.2567863,zoom_sw_out,29.6094036,30,1.77777779,102.638939,29.6094036,102.638939,109.999992,29.6093979,50,-1.52587891E-05,350,300,50,-1.60381314E-05,155.277878,59.21879,7.793424E-07,1
2988,2988,2985,offscreen_render,62.273632,zoom_sw_out,29.6693668,30,1.77777779,102.745544,29.6693668,102.745544,109.999992,29.6693611,50,-1.52587891E-05,350,300,50.0000038,-1.41307828E-05,155.491089,59.3387146,0,1
2989,2989,2986,offscreen_render,62.29016,zoom_sw_out,29.7201252,30,1.77777779,102.835777,29.7201252,102.835777,109.999992,29.72012,50,-1.52587891E-05,350,300,49.9999962,-1.41307828E-05,155.671539,59.4402237,3.81469727E-06,1
2990,2990,2987,offscreen_render,62.30692,zoom_sw_out,29.76309,30,1.77777779,102.912155,29.76309,102.912155,109.999992,29.7630844,50,-1.52587891E-05,350,300,49.9999962,-1.60381314E-05,155.82431,59.5261574,3.81469727E-06,1
2991,2991,2988,offscreen_render,62.3236465,zoom_sw_out,29.79946,30,1.77777779,102.976822,29.79946,102.976822,109.999992,29.7994537,50,-1.52587891E-05,350,300,50,-1.41307828E-05,155.953644,59.5989,0,1
2992,2992,2989,offscreen_render,62.34042,zoom_sw_out,29.8302479,30,1.77777779,103.031555,29.8302479,103.031555,109.999992,29.8302422,50,-1.52587891E-05,350,300,50.0000038,-1.60381314E-05,156.06311,59.6604767,7.793424E-07,1
2993,2993,2990,offscreen_render,62.35667,zoom_sw_out,29.856308,30,1.77777779,103.077881,29.856308,103.077881,109.999992,29.8563023,50,-1.52587891E-05,350,300,50.0000076,-1.41307828E-05,156.155762,59.7125931,0,1
2994,2994,2991,offscreen_render,62.3735657,zoom_sw_out,29.8783684,30,1.77777779,103.117096,29.8783684,103.117096,109.999992,29.8783627,50,-1.52587891E-05,350,300,49.9999924,-1.60381314E-05,156.234192,59.7567177,7.62939453E-06,1
2995,2995,2992,offscreen_render,62.3902779,zoom_sw_out,29.89707,30,1.77777779,103.150345,29.89707,103.150345,109.999992,29.8970642,50,-1.52587891E-05,350,300,49.9999962,-1.60381314E-05,156.30069,59.79412,3.81469727E-06,1
2996,2996,2993,offscreen_render,62.4070625,zoom_sw_out,29.9128723,30,1.77777779,103.178436,29.9128723,103.178436,109.999992,29.9128666,50,-1.52587891E-05,350,300,49.9999962,-1.60381314E-05,156.356873,59.82572,3.81469727E-06,1
2997,2997,2994,offscreen_render,62.42349,zoom_sw_out,29.9262466,30,1.77777779,103.202217,29.9262466,103.202217,109.999992,29.92624,50,-1.52587891E-05,350,300,50,-1.41307828E-05,156.404434,59.85247,0,1
2998,2998,2995,offscreen_render,62.4405174,zoom_sw_out,29.9375687,30,1.77777779,103.222343,29.9375687,103.222343,109.999992,29.9375629,50,-1.52587891E-05,350,300,50,-1.60381314E-05,156.444687,59.87512,7.793424E-07,1
2999,2999,2996,offscreen_render,62.4568329,zoom_sw_out,29.9471531,30,1.77777779,103.23938,29.9471531,103.23938,109.999992,29.9471474,50,-1.52587891E-05,350,300,49.9999962,-1.41307828E-05,156.47876,59.89428,3.81469727E-06,1
3000,3000,2997,offscreen_render,62.4735069,zoom_sw_out,29.955265,30,1.77777779,103.2538,29.955265,103.2538,109.999992,29.95526,50,-1.52587891E-05,350,300,49.9999962,-1.60381314E-05,156.5076,59.91051,3.81469727E-06,1
3001,3001,2998,offscreen_render,62.4899445,zoom_sw_out,29.9621334,30,1.77777779,103.266014,29.9621334,103.266014,109.999992,29.9621277,50,-1.52587891E-05,350,300,50.0000076,-1.41307828E-05,156.532043,59.9242477,0,1
3002,3002,2999,offscreen_render,62.5067825,zoom_sw_out,29.967947,30,1.77777779,103.276352,29.967947,103.276352,109.999992,29.9679413,50,-1.52587891E-05,350,300,50,-1.41307828E-05,156.5527,59.9358749,0,1
3003,3003,3000,offscreen_render,62.5236359,zoom_sw_out,29.972868,30,1.77777779,103.285095,29.972868,103.285095,109.999992,29.9728622,50,-1.52587891E-05,350,300,50.0000038,-1.60381314E-05,156.5702,59.9457169,7.793424E-07,1
3004,3004,3001,offscreen_render,62.540123,zoom_sw_out,29.9770336,30,1.77777779,103.2925,29.9770336,103.2925,109.999992,29.9770279,50,-1.52587891E-05,350,300,50,-1.41307828E-05,156.585,59.95405,0,1
3005,3005,3002,offscreen_render,62.5569077,zoom_sw_out,29.9805584,30,1.77777779,103.298767,29.9805584,103.298767,109.999992,29.9805527,50,-1.52587891E-05,350,300,49.9999962,-1.41307828E-05,156.597534,59.9610977,3.81469727E-06,1
3006,3006,3003,offscreen_render,62.57354,zoom_sw_out,29.9835434,30,1.77777779,103.304077,29.9835434,103.304077,109.999992,29.9835377,50,-1.52587891E-05,350,300,50.0000038,-1.41307828E-05,156.608154,59.9670639,0,1
3007,3007,3004,offscreen_render,62.5904236,zoom_sw_out,29.98607,30,1.77777779,103.308571,29.98607,103.308571,109.999992,29.9860649,50,-1.52587891E-05,350,300,50.0000038,-1.60381314E-05,156.617142,59.97212,7.793424E-07,1
3008,3008,3005,offscreen_render,62.6072655,zoom_sw_out,29.9882088,30,1.77777779,103.31237,29.9882088,103.31237,109.999992,29.988203,50,-1.52587891E-05,350,300,50.0000076,-1.41307828E-05,156.624756,59.9763947,0,1
3009,3009,3006,offscreen_render,62.62367,zoom_sw_out,29.9900188,30,1.77777779,103.31559,29.9900188,103.31559,109.999992,29.9900131,50,-1.52587891E-05,350,300,50.0000076,-1.41307828E-05,156.6312,59.98001,0,1
3010,3010,3007,offscreen_render,62.64012,zoom_sw_out,29.99155,30,1.77777779,103.318314,29.99155,103.318314,109.999992,29.9915447,50,-1.52587891E-05,350,300,50,-1.60381314E-05,156.636627,59.98308,7.793424E-07,1
3011,3011,3008,offscreen_render,62.65683,zoom_sw_out,29.9928474,30,1.77777779,103.320618,29.9928474,103.320618,109.999992,29.9928417,50,-1.52587891E-05,350,300,50,-1.60381314E-05,156.641235,59.9856758,7.793424E-07,1
3012,3012,3009,offscreen_render,62.6735344,zoom_sw_out,29.9939461,30,1.77777779,103.322571,29.9939461,103.322571,109.999992,29.99394,50,-1.52587891E-05,350,300,50.0000038,-1.41307828E-05,156.645157,59.98787,0,1
3013,3013,3010,offscreen_render,62.6901,zoom_sw_out,29.994875,30,1.77777779,103.324219,29.994875,103.324219,109.999992,29.99487,50,-1.52587891E-05,350,300,49.9999924,-1.60381314E-05,156.648438,59.98973,7.62939453E-06,1
3014,3014,3011,offscreen_render,62.7070236,zoom_sw_out,29.99566,30,1.77777779,103.325623,29.99566,103.325623,109.999992,29.9956551,50,-1.52587891E-05,350,300,50.00001,-1.41307828E-05,156.651245,59.9913025,0,1
3015,3015,3012,offscreen_render,62.83089,zoom_sw_in,17.2471161,12,1.77777779,94.52729,25.0465984,94.52729,109.999992,25.0465927,50,-1.52587891E-05,350,300,63.8657532,7.79946661,125.188828,42.2936935,0,1
3016,3016,3013,offscreen_render,62.94319,zoom_sw_in,13.7187281,12,1.77777779,84.65444,19.493124,84.65444,109.999992,19.4931183,50,-1.52587891E-05,350,300,60.2655945,5.77437735,109.043289,33.21183,0,1
3017,3017,3014,offscreen_render,63.0603027,zoom_sw_in,12.5324154,12,1.77777779,77.70748,15.5854616,77.70748,109.999992,15.5854549,50,-1.52587891E-05,350,300,55.42763,3.05302739,99.9873352,28.1178532,0,1
3018,3018,3015,offscreen_render,63.0767,zoom_sw_in,12.4506779,12,1.77777779,77.02804,15.2032747,77.02804,109.999992,15.2032681,50,-1.52587891E-05,350,300,54.89351,2.752577,99.16258,27.6539288,0,1
3019,3019,3016,offscreen_render,63.0924644,zoom_sw_in,12.3814907,12,1.77777779,76.41734,14.8597574,76.41734,109.999992,14.8597507,50,-1.52587891E-05,350,300,54.4058037,2.47824883,98.42888,27.2412281,0,1
3020,3020,3017,offscreen_render,63.1087227,zoom_sw_in,12.3229246,12,1.77777779,75.8683,14.5509224,75.8683,109.999992,14.5509157,50,-1.52587891E-05,350,300,53.96088,2.22798,97.77573,26.8738232,0,1
3021,3021,3018,offscreen_render,63.1254539,zoom_sw_in,12.2733479,12,1.77777779,75.37477,14.2733107,75.37477,109.999992,14.273304,50,-1.52587891E-05,350,300,53.55549,1.99994385,97.19405,26.5466366,0,1
3022,3022,3019,offscreen_render,63.1420555,zoom_sw_in,12.2313852,12,1.77777779,74.93138,14.0239019,74.93138,109.999992,14.0238953,50,-1.52587891E-05,350,300,53.1867,1.79249871,96.67606,26.2552662,0,1
3023,3023,3020,offscreen_render,63.15877,zoom_sw_in,12.1958618,12,1.77777779,74.5332642,13.7999611,74.5332642,109.999992,13.7999544,50,-1.52587891E-05,350,300,52.85173,1.60408223,96.2148,25.9958019,0,1
3024,3024,3021,offscreen_render,63.175312,zoom_sw_in,12.1657944,12,1.77777779,74.17616,13.5990915,74.17616,109.999992,13.5990849,50,-1.52587891E-05,350,300,52.5480766,1.43327725,95.80423,25.764864,0,1
3025,3025,3022,offscreen_render,63.1920433,zoom_sw_in,12.1403418,12,1.77777779,73.85615,13.4190807,73.85615,109.999992,13.4190741,50,-1.52587891E-05,350,300,52.2733154,1.278721,95.43898,25.5594,0,1
3026,3026,3023,offscreen_render,63.2087173,zoom_sw_in,12.1187963,12,1.77777779,73.5696945,13.2579527,73.5696945,109.999992,13.257946,50,-1.52587891E-05,350,300,52.02517,1.13913643,95.11422,25.3767262,0,1
3027,3027,3024,offscreen_render,63.2253532,zoom_sw_in,12.1005592,12,1.77777779,73.31359,13.1138954,73.31359,109.999992,13.1138887,50,-1.52587891E-05,350,300,51.8014832,1.01331723,94.8257,25.21443,0,1
3028,3028,3025,offscreen_render,63.2421761,zoom_sw_in,12.0851212,12,1.77777779,73.0849,12.9852581,73.0849,109.999992,12.9852514,50,-1.52587891E-05,350,300,51.6002426,0.900118053,94.56956,25.0703564,0,1
3029,3029,3026,offscreen_render,63.2589035,zoom_sw_in,12.0720539,12,1.77777779,72.88095,12.8705368,72.88095,109.999992,12.87053,50,-1.52587891E-05,350,300,51.41952,0.798463047,94.34238,24.9425678,0,1
3030,3030,3027,offscreen_render,63.2752075,zoom_sw_in,12.0609922,12,1.77777779,72.699295,12.7683554,72.699295,109.999992,12.7683487,50,-1.52587891E-05,350,300,51.25753,0.7073433,94.14106,24.8293247,0,1
3031,3031,3028,offscreen_render,63.2920876,zoom_sw_in,12.0516291,12,1.77777779,72.5377045,12.6774616,72.5377045,109.999992,12.6774549,50,-1.52587891E-05,350,300,51.112587,0.625813663,93.96282,24.7290688,0,1
3032,3032,3029,offscreen_render,63.3086739,zoom_sw_in,12.0437031,12,1.77777779,72.39415,12.5967121,72.39415,109.999992,12.5967054,50,-1.52587891E-05,350,300,50.9831238,0.552990139,93.8051758,24.6403942,0,1
3033,3033,3030,offscreen_render,63.325634,zoom_sw_in,12.036994,12,1.77777779,72.26677,12.5250587,72.26677,109.999992,12.5250521,50,-1.52587891E-05,350,300,50.86767,0.488045871,93.66587,24.56203,0,1
3034,3034,3031,offscreen_render,63.34244,zoom_sw_in,12.0313148,12,1.77777779,72.15389,12.461565,72.15389,109.999992,12.4615583,50,-1.52587891E-05,350,300,50.76489,0.430231273,93.54289,24.492857,0,1
3035,3035,3032,offscreen_render,63.35876,zoom_sw_in,12.0265074,12,1.77777779,72.05398,12.405364,72.05398,109.999992,12.4053574,50,-1.52587891E-05,350,300,50.6735229,0.3788368,93.43443,24.4318485,0,1
3036,3036,3033,offscreen_render,63.3752441,zoom_sw_in,12.022438,12,1.77777779,71.96565,12.3556795,71.96565,109.999992,12.3556728,50,-1.52587891E-05,350,300,50.59243,0.333222568,93.3388748,24.3780956,0,1
3037,3037,3034,offscreen_render,63.3918953,zoom_sw_in,12.0189934,12,1.77777779,71.88765,12.3118029,71.88765,109.999992,12.3117962,50,-1.52587891E-05,350,300,50.52055,0.292791545,93.2547455,24.3307743,0,1
3038,3038,3035,offscreen_render,63.4088364,zoom_sw_in,12.016077,12,1.77777779,71.81885,12.2731009,71.81885,109.999992,12.2730942,50,-1.52587891E-05,350,300,50.4569321,0.25700587,93.18076,24.289156,0,1
3039,3039,3036,offscreen_render,63.4253426,zoom_sw_in,12.0136089,12,1.77777779,71.7582245,12.2390022,71.7582245,109.999992,12.2389956,50,-1.52587891E-05,350,300,50.4006958,0.225375354,93.11575,24.2525883,0,1
3040,3040,3037,offscreen_render,63.4421959,zoom_sw_in,12.0115194,12,1.77777779,71.7048645,12.2089891,71.7048645,109.999992,12.2089825,50,-1.52587891E-05,350,300,50.35105,0.197450817,93.05868,24.2204876,0,1
3041,3041,3038,offscreen_render,63.4589272,zoom_sw_in,12.0097513,12,1.77777779,71.65795,12.1825991,71.65795,109.999992,12.1825924,50,-1.52587891E-05,350,300,50.30728,0.1728279,93.00862,24.1923275,0,1
3042,3042,3039,offscreen_render,63.47535,zoom_sw_in,12.0082541,12,1.77777779,71.616745,12.1594191,71.616745,109.999992,12.1594124,50,-1.52587891E-05,350,300,50.2687378,0.151146114,92.96475,24.16765,0,1
3043,3043,3040,offscreen_render,63.4922752,zoom_sw_in,12.0069866,12,1.77777779,71.58058,12.1390772,71.58058,109.999992,12.1390705,50,-1.52587891E-05,350,300,50.2348251,0.13207072,92.92634,24.14604,0,1
3044,3044,3041,offscreen_render,63.50889,zoom_sw_in,12.0059137,12,1.77777779,71.5488739,12.1212425,71.5488739,109.999992,12.1212358,50,-1.52587891E-05,350,300,50.2050247,0.115309887,92.89272,24.1271343,0,1
3045,3045,3042,offscreen_render,63.5254059,zoom_sw_in,12.0050058,12,1.77777779,71.5211,12.1056213,71.5211,109.999992,12.1056147,50,-1.52587891E-05,350,300,50.17887,0.100595646,92.8633347,24.1106052,0,1
3046,3046,3043,offscreen_render,63.54208,zoom_sw_in,12.0042372,12,1.77777779,71.4967957,12.0919495,71.4967957,109.999992,12.0919428,50,-1.52587891E-05,350,300,50.15593,0.0876933858,92.83766,24.0961647,0,1
3047,3047,3044,offscreen_render,63.654026,zoom_se_base,12,12,1.77777779,328.666656,12,328.666656,109.999992,11.9999933,50,-1.52587891E-05,350,300,307.333344,-1.88991544E-05,350.000031,23.999979,3.05175781E-05,1
3048,3048,3045,offscreen_render,63.7669563,zoom_se_out,24.12381,30,1.77777779,307.11322,24.12381,307.11322,109.999992,24.1238041,50,-1.52587891E-05,350,300,264.22644,-1.60381314E-05,350,48.2476,7.793424E-07,1
3049,3049,3046,offscreen_render,63.8798141,zoom_se_out,28.1025352,30,1.77777779,300.039948,28.1025352,300.039948,109.999992,28.10253,50,-1.52587891E-05,350,300,250.07988,-1.794548E-05,350,56.2050476,2.686691E-06,1
3050,3050,3047,offscreen_render,64.00198,zoom_se_out,29.4428158,30,1.77777779,297.657227,29.4428158,297.657227,109.999992,29.44281,50,-1.52587891E-05,350,300,245.314438,-1.60381314E-05,350,58.8856125,7.793424E-07,1
3051,3051,3048,offscreen_render,64.01827,zoom_se_out,29.5283546,30,1.77777779,297.505157,29.5283546,297.505157,109.999992,29.5283489,50,-1.52587891E-05,350,300,245.0103,-1.60381314E-05,350,59.05669,7.793424E-07,1
3052,3052,3049,offscreen_render,64.03448,zoom_se_out,29.6007614,30,1.77777779,297.376434,29.6007614,297.376434,109.999992,29.6007557,50,-1.52587891E-05,350,300,244.752853,-1.60381314E-05,350,59.2015038,7.793424E-07,1
3053,3053,3050,offscreen_render,64.05077,zoom_se_out,29.6620522,30,1.77777779,297.267456,29.6620522,297.267456,109.999992,29.6620464,50,-1.52587891E-05,350,300,244.534912,-1.41307828E-05,350,59.32408,0,1
3054,3054,3051,offscreen_render,64.06747,zoom_se_out,29.7139339,30,1.77777779,297.175232,29.7139339,297.175232,109.999992,29.7139282,50,-1.52587891E-05,350,300,244.350464,-1.794548E-05,350,59.42785,2.686691E-06,1
3055,3055,3052,offscreen_render,64.08421,zoom_se_out,29.7578545,30,1.77777779,297.097137,29.7578545,297.097137,109.999992,29.7578487,50,-1.52587891E-05,350,300,244.19429,-1.41307828E-05,350,59.515686,0,1
3056,3056,3053,offscreen_render,64.10115,zoom_se_out,29.7950268,30,1.77777779,297.031067,29.7950268,297.031067,109.999992,29.7950211,50,-1.52587891E-05,350,300,244.0621,-1.41307828E-05,349.999969,59.5900345,0,1
3057,3057,3054,offscreen_render,64.11756,zoom_se_out,29.8264942,30,1.77777779,296.975128,29.8264942,296.975128,109.999992,29.8264885,50,-1.52587891E-05,350,300,243.950256,-1.41307828E-05,350,59.65297,0,1
3058,3058,3055,offscreen_render,64.13459,zoom_se_out,29.8531322,30,1.77777779,296.927765,29.8531322,296.927765,109.999992,29.8531265,50,-1.52587891E-05,350,300,243.85556,-1.60381314E-05,350.000031,59.70624,3.05175781E-05,1
3059,3059,3056,offscreen_render,64.15089,zoom_se_out,29.875679,30,1.77777779,296.8877,29.875679,296.8877,109.999992,29.8756733,50,-1.52587891E-05,350,300,243.775375,-1.60381314E-05,350,59.7513351,7.793424E-07,1
3060,3060,3057,offscreen_render,64.16762,zoom_se_out,29.8947659,30,1.77777779,296.85376,29.8947659,296.85376,109.999992,29.89476,50,-1.52587891E-05,350,300,243.7075,-1.60381314E-05,350,59.7895126,7.793424E-07,1
3061,3061,3058,offscreen_render,64.18426,zoom_se_out,29.9109211,30,1.77777779,296.825,29.9109211,296.825,109.999992,29.9109154,50,-1.52587891E-05,350,300,243.65004,-1.60381314E-05,350,59.8218231,7.793424E-07,1
3062,3062,3059,offscreen_render,64.20092,zoom_se_out,29.9245968,30,1.77777779,296.80072,29.9245968,296.80072,109.999992,29.9245911,50,-1.52587891E-05,350,300,243.60144,-1.60381314E-05,350,59.84917,7.793424E-07,1
3063,3063,3060,offscreen_render,64.21739,zoom_se_out,29.9361725,30,1.77777779,296.780151,29.9361725,296.780151,109.999992,29.9361668,50,-1.52587891E-05,350,300,243.560287,-1.60381314E-05,350,59.8723259,7.793424E-07,1
3064,3064,3061,offscreen_render,64.23426,zoom_se_out,29.94597,30,1.77777779,296.762726,29.94597,296.762726,109.999992,29.9459648,50,-1.52587891E-05,350,300,243.525436,-1.41307828E-05,350,59.8919144,0,1
3065,3065,3062,offscreen_render,64.25138,zoom_se_out,29.9542656,30,1.77777779,296.748,29.9542656,296.748,109.999992,29.95426,50,-1.52587891E-05,350,300,243.495926,-1.60381314E-05,349.999969,59.9085121,7.793424E-07,1
3066,3066,3063,offscreen_render,64.26768,zoom_se_out,29.9612865,30,1.77777779,296.735474,29.9612865,296.735474,109.999992,29.96128,50,-1.52587891E-05,350,300,243.470963,-1.60381314E-05,350,59.922554,7.793424E-07,1
3067,3067,3064,offscreen_render,64.28417,zoom_se_out,29.96723,30,1.77777779,296.7249,29.96723,296.7249,109.999992,29.9672241,50,-1.52587891E-05,350,300,243.449844,-1.60381314E-05,350,59.93444,7.793424E-07,1
3068,3068,3065,offscreen_render,64.30085,zoom_se_out,29.9722614,30,1.77777779,296.715973,29.9722614,296.715973,109.999992,29.9722557,50,-1.52587891E-05,350,300,243.431946,-1.41307828E-05,350,59.9444962,0,1
3069,3069,3066,offscreen_render,64.3175,zoom_se_out,29.97652,30,1.77777779,296.7084,29.97652,296.7084,109.999992,29.9765148,50,-1.52587891E-05,350,300,243.416779,-1.60381314E-05,349.999969,59.95302,7.793424E-07,1
3070,3070,3067,offscreen_render,64.3341141,zoom_se_out,29.9801254,30,1.77777779,296.702,29.9801254,296.702,109.999992,29.98012,50,-1.52587891E-05,350,300,243.403992,-1.60381314E-05,350,59.96023,7.793424E-07,1
3071,3071,3068,offscreen_render,64.35135,zoom_se_out,29.9831772,30,1.77777779,296.696564,29.9831772,296.696564,109.999992,29.9831715,50,-1.52587891E-05,350,300,243.393143,-1.41307828E-05,350,59.96633,0,1
3072,3072,3069,offscreen_render,64.36751,zoom_se_out,29.98576,30,1.77777779,296.692,29.98576,296.692,109.999992,29.985754,50,-1.52587891E-05,350,300,243.383972,-1.41307828E-05,350,59.9714966,0,1
3073,3073,3070,offscreen_render,64.38437,zoom_se_out,29.9879456,30,1.77777779,296.6881,29.9879456,296.6881,109.999992,29.98794,50,-1.52587891E-05,350,300,243.376236,-1.60381314E-05,350.000061,59.975872,6.10351563E-05,1
3074,3074,3071,offscreen_render,64.40088,zoom_se_out,29.9897957,30,1.77777779,296.6848,29.9897957,296.6848,109.999992,29.98979,50,-1.52587891E-05,350,300,243.3696,-1.60381314E-05,349.999969,59.97957,7.793424E-07,1
3075,3075,3072,offscreen_render,64.4174652,zoom_se_out,29.9913616,30,1.77777779,296.682,29.9913616,296.682,109.999992,29.9913559,50,-1.52587891E-05,350,300,243.364029,-1.41307828E-05,350,59.9827042,0,1
3076,3076,3073,offscreen_render,64.43412,zoom_se_out,29.9926872,30,1.77777779,296.679657,29.9926872,296.679657,109.999992,29.9926815,50,-1.52587891E-05,350,300,243.359329,-1.60381314E-05,350,59.9853554,7.793424E-07,1
3077,3077,3074,offscreen_render,64.45081,zoom_se_out,29.99381,30,1.77777779,296.677673,29.99381,296.677673,109.999992,29.9938049,50,-1.52587891E-05,350,300,243.355347,-1.41307828E-05,350,59.9876022,0,1
3078,3078,3075,offscreen_render,64.46747,zoom_se_out,29.99476,30,1.77777779,296.675964,29.99476,296.675964,109.999992,29.9947548,50,-1.52587891E-05,350,300,243.351944,-1.41307828E-05,350,59.9894943,0,1
3079,3079,3076,offscreen_render,64.4842,zoom_se_out,29.9955654,30,1.77777779,296.674561,29.9955654,296.674561,109.999992,29.99556,50,-1.52587891E-05,350,300,243.349091,-1.60381314E-05,349.999969,59.99111,7.793424E-07,1
3080,3080,3077,offscreen_render,64.6003647,zoom_se_in,17.6614513,12,1.77777779,304.590729,25.5427227,304.590729,109.999992,25.542717,50,-1.52587891E-05,350,300,273.1926,7.88125753,335.988861,43.204155,0,1
3081,3081,3078,offscreen_render,64.70848,zoom_se_in,13.9335785,12,1.77777779,314.2845,20.0899734,314.2845,109.999992,20.0899677,50,-1.52587891E-05,350,300,289.513672,6.15637732,339.0553,34.02353,0,1
3082,3082,3079,offscreen_render,64.8165359,zoom_se_in,12.6587086,12,1.77777779,321.2327,16.1816025,321.2327,109.999992,16.1815968,50,-1.52587891E-05,350,300,298.728333,3.522877,343.737061,28.840292,0,1
3083,3083,3080,offscreen_render,64.83248,zoom_se_in,12.5575829,12,1.77777779,322.004333,15.7475634,322.004333,109.999992,15.7475567,50,-1.52587891E-05,350,300,299.679749,3.18996167,344.328918,28.3051224,0,1
3084,3084,3081,offscreen_render,64.84968,zoom_se_in,12.471981,12,1.77777779,322.701355,15.3554974,322.701355,109.999992,15.3554907,50,-1.52587891E-05,350,300,300.528931,2.88349748,344.873779,27.8274555,0,1
3085,3085,3082,offscreen_render,64.86515,zoom_se_in,12.3995209,12,1.77777779,323.330933,15.0013628,323.330933,109.999992,15.0013561,50,-1.52587891E-05,350,300,301.287354,2.601824,345.3745,27.4008617,0,1
3086,3086,3083,offscreen_render,64.8819351,zoom_se_in,12.33819,12,1.77777779,323.8993,14.6816568,323.8993,109.999992,14.68165,50,-1.52587891E-05,350,300,301.964722,2.34344983,345.833862,27.0198269,0,1
3087,3087,3084,offscreen_render,64.89839,zoom_se_in,12.286272,12,1.77777779,324.4121,14.3932028,324.4121,109.999992,14.3931961,50,-1.52587891E-05,350,300,302.569855,2.106912,346.254364,26.6794529,0,1
3088,3088,3085,offscreen_render,64.915,zoom_se_in,12.2423229,12,1.77777779,324.874329,14.1332054,324.874329,109.999992,14.1331987,50,-1.52587891E-05,350,300,303.110229,1.89086449,346.6385,26.3755074,0,1
3089,3089,3086,offscreen_render,64.93179,zoom_se_in,12.205122,12,1.77777779,325.290436,13.8991394,325.290436,109.999992,13.8991327,50,-1.52587891E-05,350,300,303.592438,1.69399846,346.988434,26.1042385,0,1
3090,3090,3087,offscreen_render,64.9483948,zoom_se_in,12.1736317,12,1.77777779,325.664581,13.6886768,325.664581,109.999992,13.68867,50,-1.52587891E-05,350,300,304.022583,1.51502621,347.30658,25.8622875,0,1
3091,3091,3088,offscreen_render,64.96499,zoom_se_in,12.1469765,12,1.77777779,326.000549,13.4997,326.000549,109.999992,13.4996929,50,-1.52587891E-05,350,300,304.405884,1.35270321,347.595154,25.6466541,0,1
3092,3092,3089,offscreen_render,64.98171,zoom_se_in,12.1244125,12,1.77777779,326.3018,13.330246,326.3018,109.999992,13.3302393,50,-1.52587891E-05,350,300,304.747284,1.20581448,347.8563,25.4546337,0,1
3093,3093,3090,offscreen_render,64.99853,zoom_se_in,12.1053123,12,1.77777779,326.5715,13.178524,326.5715,109.999992,13.1785173,50,-1.52587891E-05,350,300,305.050964,1.07319272,348.0921,25.2838154,0,1
3094,3094,3091,offscreen_render,65.01506,zoom_se_in,12.0891447,12,1.77777779,326.812653,13.0428762,326.812653,109.999992,13.04287,50,-1.52587891E-05,350,300,305.320831,0.9537117,348.304474,25.1319981,0,1
3095,3095,3092,offscreen_render,65.03196,zoom_se_in,12.0754595,12,1.77777779,327.027954,12.9217749,327.027954,109.999992,12.9217682,50,-1.52587891E-05,350,300,305.5605,0.8462965,348.495422,24.9972134,0,1
3096,3096,3093,offscreen_render,65.04845,zoom_se_in,12.0638752,12,1.77777779,327.219879,12.813817,327.219879,109.999992,12.81381,50,-1.52587891E-05,350,300,305.77298,0.749922931,348.666779,24.87767,0,1
3097,3097,3094,offscreen_render,65.0650558,zoom_se_in,12.0540695,12,1.77777779,327.390747,12.7177114,327.390747,109.999992,12.7177048,50,-1.52587891E-05,350,300,305.9613,0.663623035,348.8202,24.771759,0,1
3098,3098,3095,offscreen_render,65.08213,zoom_se_in,12.0457687,12,1.77777779,327.542633,12.6322727,327.542633,109.999992,12.632266,50,-1.52587891E-05,350,300,306.12796,0.586484134,348.957367,24.6780186,0,1
3099,3099,3096,offscreen_render,65.0983658,zoom_se_in,12.038743,12,1.77777779,327.67746,12.55643,327.67746,109.999992,12.5564232,50,-1.52587891E-05,350,300,306.2752,0.517667949,349.079651,24.5951519,0,1
3100,3100,3097,offscreen_render,65.11504,zoom_se_in,12.032795,12,1.77777779,327.797,12.4891882,327.797,109.999992,12.4891815,50,-1.52587891E-05,350,300,306.405365,0.456374347,349.188629,24.5219612,0,1
3101,3101,3098,offscreen_render,65.1324158,zoom_se_in,12.02776,12,1.77777779,327.902863,12.4296427,327.902863,109.999992,12.429636,50,-1.52587891E-05,350,300,306.5202,0.401864231,349.285583,24.4573784,0,1
3102,3102,3099,offscreen_render,65.14852,zoom_se_in,12.0234985,12,1.77777779,327.99646,12.3769989,327.99646,109.999992,12.3769922,50,-1.52587891E-05,350,300,306.621338,0.353481472,349.371582,24.4004765,0,1
3103,3103,3100,offscreen_render,65.1655,zoom_se_in,12.0198908,12,1.77777779,328.079132,12.3304949,328.079132,109.999992,12.3304882,50,-1.52587891E-05,350,300,306.710449,0.3105852,349.4478,24.3503628,0,1
3104,3104,3101,offscreen_render,65.18199,zoom_se_in,12.0168371,12,1.77777779,328.152069,12.2894678,328.152069,109.999992,12.2894611,50,-1.52587891E-05,350,300,306.788818,0.2726118,349.51532,24.306284,0,1
3105,3105,3102,offscreen_render,65.19846,zoom_se_in,12.0142527,12,1.77777779,328.216339,12.2533159,328.216339,109.999992,12.2533092,50,-1.52587891E-05,350,300,306.857666,0.239043415,349.575,24.2675457,0,1
3106,3106,3103,offscreen_render,65.2149658,zoom_se_in,12.0120649,12,1.77777779,328.272919,12.2214928,328.272919,109.999992,12.2214861,50,-1.52587891E-05,350,300,306.918152,0.209408939,349.627747,24.2335339,0,1
3107,3107,3104,offscreen_render,65.23163,zoom_se_in,12.0102129,12,1.77777779,328.322662,12.193511,328.322662,109.999992,12.1935043,50,-1.52587891E-05,350,300,306.971161,0.183279216,349.674164,24.2037,0,1
3108,3108,3105,offscreen_render,65.24856,zoom_se_in,12.0086451,12,1.77777779,328.366364,12.168932,328.366364,109.999992,12.1689253,50,-1.52587891E-05,350,300,307.01767,0.160268962,349.715057,24.177557,0,1
3109,3109,3106,offscreen_render,65.2651,zoom_se_in,12.0073175,12,1.77777779,328.4047,12.1473627,328.4047,109.999992,12.147356,50,-1.52587891E-05,350,300,307.05835,0.140025318,349.751038,24.1546574,0,1
3110,3110,3107,offscreen_render,65.28167,zoom_se_in,12.0061941,12,1.77777779,328.438324,12.1284523,328.438324,109.999992,12.1284456,50,-1.52587891E-05,350,300,307.094,0.122239284,349.782654,24.1346245,0,1
3111,3111,3108,offscreen_render,65.29828,zoom_se_in,12.0052433,12,1.77777779,328.467773,12.11189,328.467773,109.999992,12.1118832,50,-1.52587891E-05,350,300,307.125122,0.106627636,349.810425,24.1171112,0,1
3112,3112,3109,offscreen_render,65.31506,zoom_se_in,12.0044384,12,1.77777779,328.49353,12.0973959,328.49353,109.999992,12.0973892,50,-1.52587891E-05,350,300,307.1523,0.0929385945,349.834747,24.1018124,0,1
3113,3113,3110,offscreen_render,65.43359,zoom_nw_base,12,12,1.77777779,71.3333359,288,71.3333359,109.999992,288,50,-1.52587891E-05,350,300,50,276.000031,92.66667,300.000031,3.05175781E-05,1
3114,3114,3111,offscreen_render,65.54695,zoom_nw_out,24.13521,30,1.77777779,92.90704,275.864777,92.90704,109.999992,275.864777,50,-1.52587891E-05,350,300,49.9999962,251.729553,135.814072,300,3.81469727E-06,1
3115,3115,3112,offscreen_render,65.66559,zoom_nw_out,28.2084026,30,1.77777779,100.14827,271.7916,100.14827,109.999992,271.7916,50,-1.52587891E-05,350,300,49.9999962,243.583176,150.296539,300,3.81469727E-06,1
3116,3116,3113,offscreen_render,65.79505,zoom_nw_out,29.512907,30,1.77777779,102.467392,270.4871,102.467392,109.999992,270.4871,50,-1.52587891E-05,350,300,50,240.974167,154.934784,300,0,1
3117,3117,3114,offscreen_render,65.8115158,zoom_nw_out,29.5876865,30,1.77777779,102.600327,270.412323,102.600327,109.999992,270.412323,50,-1.52587891E-05,350,300,49.9999962,240.824631,155.200653,300,3.81469727E-06,1
3118,3118,3115,offscreen_render,65.82723,zoom_nw_out,29.6509838,30,1.77777779,102.71286,270.34903,102.71286,109.999992,270.34903,50,-1.52587891E-05,350,300,50.0000038,240.698013,155.425735,299.999969,0,1
3119,3119,3116,offscreen_render,65.84376,zoom_nw_out,29.7045631,30,1.77777779,102.808113,270.295441,102.808113,109.999992,270.295441,50,-1.52587891E-05,350,300,50.0000038,240.590866,155.616226,300,0,1
3120,3120,3117,offscreen_render,65.86027,zoom_nw_out,29.749918,30,1.77777779,102.888748,270.2501,102.888748,109.999992,270.2501,50,-1.52587891E-05,350,300,49.9999962,240.500168,155.777481,300,3.81469727E-06,1
3121,3121,3118,offscreen_render,65.87704,zoom_nw_out,29.788311,30,1.77777779,102.957,270.2117,102.957,109.999992,270.2117,50,-1.52587891E-05,350,300,50,240.423386,155.914,300,0,1
3122,3122,3119,offscreen_render,65.89392,zoom_nw_out,29.8212318,30,1.77777779,103.015518,270.178772,103.015518,109.999992,270.178772,50,-1.52587891E-05,350,300,49.9999962,240.357529,156.031036,300,3.81469727E-06,1
3123,3123,3120,offscreen_render,65.91066,zoom_nw_out,29.8486748,30,1.77777779,103.064316,270.151337,103.064316,109.999992,270.151337,50,-1.52587891E-05,350,300,50.0000038,240.302658,156.128632,300,0,1
3124,3124,3121,offscreen_render,65.9272842,zoom_nw_out,29.8719063,30,1.77777779,103.105606,270.128082,103.105606,109.999992,270.128082,50,-1.52587891E-05,350,300,49.9999962,240.256165,156.211212,300,3.81469727E-06,1
3125,3125,3122,offscreen_render,65.94382,zoom_nw_out,29.891571,30,1.77777779,103.140572,270.108429,103.140572,109.999992,270.108429,50,-1.52587891E-05,350,300,50,240.216843,156.281143,300,0,1
3126,3126,3123,offscreen_render,65.9607849,zoom_nw_out,29.9082165,30,1.77777779,103.170166,270.0918,103.170166,109.999992,270.0918,50,-1.52587891E-05,350,300,50.0000076,240.183578,156.340332,300,0,1
3127,3127,3124,offscreen_render,65.977,zoom_nw_out,29.9223061,30,1.77777779,103.195206,270.0777,103.195206,109.999992,270.0777,50,-1.52587891E-05,350,300,49.9999962,240.15538,156.390411,300,3.81469727E-06,1
3128,3128,3125,offscreen_render,65.9938354,zoom_nw_out,29.9342346,30,1.77777779,103.216415,270.065765,103.216415,109.999992,270.065765,50,-1.52587891E-05,350,300,49.9999962,240.131516,156.432831,300,3.81469727E-06,1
3129,3129,3126,offscreen_render,66.01047,zoom_nw_out,29.94433,30,1.77777779,103.23436,270.055664,103.23436,109.999992,270.055664,50,-1.52587891E-05,350,300,49.9999962,240.111328,156.468719,300,3.81469727E-06,1
3130,3130,3127,offscreen_render,66.0270844,zoom_nw_out,29.952877,30,1.77777779,103.249557,270.047119,103.249557,109.999992,270.047119,50,-1.52587891E-05,350,300,49.9999962,240.094238,156.499115,300,3.81469727E-06,1
3131,3131,3128,offscreen_render,66.04374,zoom_nw_out,29.9601116,30,1.77777779,103.262421,270.0399,103.262421,109.999992,270.0399,50,-1.52587891E-05,350,300,50,240.079773,156.524841,300,0,1
3132,3132,3129,offscreen_render,66.06039,zoom_nw_out,29.9662361,30,1.77777779,103.273308,270.033752,103.273308,109.999992,270.033752,50,-1.52587891E-05,350,300,50,240.0675,156.546616,300,0,1
3133,3133,3130,offscreen_render,66.0771942,zoom_nw_out,29.97142,30,1.77777779,103.282524,270.028564,103.282524,109.999992,270.028564,50,-1.52587891E-05,350,300,50.0000076,240.057159,156.565063,300,0,1
3134,3134,3131,offscreen_render,66.09396,zoom_nw_out,29.9758072,30,1.77777779,103.290329,270.0242,103.290329,109.999992,270.0242,50,-1.52587891E-05,350,300,50.0000038,240.048386,156.580658,300,0,1
3135,3135,3132,offscreen_render,66.11054,zoom_nw_out,29.97952,30,1.77777779,103.296921,270.020477,103.296921,109.999992,270.020477,50,-1.52587891E-05,350,300,49.99999,240.040939,156.593842,300,1.14440918E-05,1
3136,3136,3133,offscreen_render,66.12732,zoom_nw_out,29.9826641,30,1.77777779,103.302513,270.017334,103.302513,109.999992,270.017334,50,-1.52587891E-05,350,300,50,240.034683,156.605026,300.000031,3.05175781E-05,1
3137,3137,3134,offscreen_render,66.14397,zoom_nw_out,29.9853249,30,1.77777779,103.307243,270.014679,103.307243,109.999992,270.014679,50,-1.52587891E-05,350,300,49.9999924,240.029343,156.614471,300,7.62939453E-06,1
3138,3138,3135,offscreen_render,66.16092,zoom_nw_out,29.9875774,30,1.77777779,103.311249,270.012421,103.311249,109.999992,270.012421,50,-1.52587891E-05,350,300,50,240.024857,156.6225,300.000031,3.05175781E-05,1
3139,3139,3136,offscreen_render,66.17724,zoom_nw_out,29.9894848,30,1.77777779,103.314636,270.010529,103.314636,109.999992,270.010529,50,-1.52587891E-05,350,300,49.9999962,240.021042,156.629272,300,3.81469727E-06,1
3140,3140,3137,offscreen_render,66.19379,zoom_nw_out,29.9910984,30,1.77777779,103.317505,270.0089,103.317505,109.999992,270.0089,50,-1.52587891E-05,350,300,49.9999962,240.0178,156.63501,300,3.81469727E-06,1
3141,3141,3138,offscreen_render,66.21046,zoom_nw_out,29.9924641,30,1.77777779,103.319931,270.007538,103.319931,109.999992,270.007538,50,-1.52587891E-05,350,300,49.9999962,240.01506,156.639862,300,3.81469727E-06,1
3142,3142,3139,offscreen_render,66.22703,zoom_nw_out,29.9936218,30,1.77777779,103.321991,270.006378,103.321991,109.999992,270.006378,50,-1.52587891E-05,350,300,49.99999,240.012772,156.643982,300.000031,3.05175781E-05,1
3143,3143,3140,offscreen_render,66.24375,zoom_nw_out,29.9946,30,1.77777779,103.32373,270.0054,103.32373,109.999992,270.0054,50,-1.52587891E-05,350,300,50.0000038,240.010788,156.647476,300,0,1
3144,3144,3141,offscreen_render,66.2605,zoom_nw_out,29.99543,30,1.77777779,103.325211,270.004578,103.325211,109.999992,270.004578,50,-1.52587891E-05,350,300,50,240.00914,156.650421,300,0,1
3145,3145,3142,offscreen_render,66.27736,zoom_nw_out,29.9961319,30,1.77777779,103.326462,270.003876,103.326462,109.999992,270.003876,50,-1.52587891E-05,350,300,50.0000076,240.007736,156.652924,300,0,1
3146,3146,3143,offscreen_render,66.40928,zoom_nw_in,16.8327084,12,1.77777779,93.57869,275.487,93.57869,109.999992,275.487,50,-1.52587891E-05,350,300,63.6538773,258.6543,123.5035,292.3197,0,1
3147,3147,3144,offscreen_render,66.52304,zoom_nw_in,13.5715313,12,1.77777779,83.86188,280.9527,83.86188,109.999992,280.9527,50,-1.52587891E-05,350,300,59.73471,267.381165,107.989044,294.524231,0,1
3148,3148,3145,offscreen_render,66.63306,zoom_nw_in,12.5212336,12,1.77777779,77.56,284.4975,77.56,109.999992,284.4975,50,-1.52587891E-05,350,300,55.30002,271.976257,99.81996,297.018738,0,1
3149,3149,3146,offscreen_render,66.6497955,zoom_nw_in,12.4412079,12,1.77777779,76.89753,284.870148,76.89753,109.999992,284.870148,50,-1.52587891E-05,350,300,54.7798271,272.428955,99.01523,297.311371,0,1
3150,3150,3147,offscreen_render,66.66538,zoom_nw_in,12.3734741,12,1.77777779,76.30187,285.2052,76.30187,109.999992,285.2052,50,-1.52587891E-05,350,300,54.3045845,272.831726,98.2991638,297.578674,0,1
3151,3151,3148,offscreen_render,66.6820145,zoom_nw_in,12.3161373,12,1.77777779,75.76613,285.506561,75.76613,109.999992,285.506561,50,-1.52587891E-05,350,300,53.8707733,273.19046,97.66148,297.822723,0,1
3152,3152,3149,offscreen_render,66.6985,zoom_nw_in,12.2676067,12,1.77777779,75.2844238,285.777527,75.2844238,109.999992,285.777527,50,-1.52587891E-05,350,300,53.4753456,273.509918,97.0935059,298.045135,0,1
3153,3153,3150,offscreen_render,66.71526,zoom_nw_in,12.2265244,12,1.77777779,74.85147,286.021057,74.85147,109.999992,286.021057,50,-1.52587891E-05,350,300,53.1154251,273.794525,96.58752,298.2476,0,1
3154,3154,3151,offscreen_render,66.731575,zoom_nw_in,12.1917477,12,1.77777779,74.46263,286.239777,74.46263,109.999992,286.239777,50,-1.52587891E-05,350,300,52.78842,274.048065,96.1368561,298.431549,0,1
3155,3155,3152,offscreen_render,66.7483139,zoom_nw_in,12.1623106,12,1.77777779,74.11375,286.436035,74.11375,109.999992,286.436035,50,-1.52587891E-05,350,300,52.49186,274.273743,95.7356339,298.5984,0,1
3156,3156,3153,offscreen_render,66.7652,zoom_nw_in,12.137392,12,1.77777779,73.8010254,286.611938,73.8010254,109.999992,286.611938,50,-1.52587891E-05,350,300,52.2234421,274.474548,95.37861,298.749329,0,1
3157,3157,3154,offscreen_render,66.7816849,zoom_nw_in,12.1163006,12,1.77777779,73.5210648,286.7694,73.5210648,109.999992,286.7694,50,-1.52587891E-05,350,300,51.9809723,274.6531,95.06116,298.8857,0,1
3158,3158,3155,offscreen_render,66.7986145,zoom_nw_in,12.0984459,12,1.77777779,73.2707,286.910248,73.2707,109.999992,286.910248,50,-1.52587891E-05,350,300,51.762352,274.811829,94.7790451,299.008728,0,1
3159,3159,3156,offscreen_render,66.81503,zoom_nw_in,12.0833321,12,1.77777779,73.0471,287.036,73.0471,109.999992,287.036,50,-1.52587891E-05,350,300,51.56561,274.952667,94.5285645,299.119354,0,1
3160,3160,3157,offscreen_render,66.83254,zoom_nw_in,12.0705395,12,1.77777779,72.8476639,287.1482,72.8476639,109.999992,287.1482,50,-1.52587891E-05,350,300,51.3889275,275.077667,94.3064,299.218719,0,1
3161,3161,3158,offscreen_render,66.8487244,zoom_nw_in,12.0597105,12,1.77777779,72.67,287.248138,72.67,109.999992,287.248138,50,-1.52587891E-05,350,300,51.2305145,275.188477,94.10948,299.3079,0,1
3162,3162,3159,offscreen_render,66.86554,zoom_nw_in,12.0505438,12,1.77777779,72.51195,287.337036,72.51195,109.999992,287.337036,50,-1.52587891E-05,350,300,51.08876,275.28653,93.9351349,299.3876,0,1
3163,3163,3160,offscreen_render,66.88188,zoom_nw_in,12.0427847,12,1.77777779,72.37153,287.416016,72.37153,109.999992,287.416016,50,-1.52587891E-05,350,300,50.9621353,275.37326,93.78092,299.458832,0,1
3164,3164,3161,offscreen_render,66.89906,zoom_nw_in,12.0362129,12,1.77777779,72.24685,287.486145,72.24685,109.999992,287.486145,50,-1.52587891E-05,350,300,50.8491364,275.449921,93.64456,299.522369,0,1
3165,3165,3162,offscreen_render,66.9147339,zoom_nw_in,12.0306559,12,1.77777779,72.13647,287.548248,72.13647,109.999992,287.548248,50,-1.52587891E-05,350,300,50.7486343,275.5176,93.5243,299.578918,0,1
3166,3166,3163,offscreen_render,66.93172,zoom_nw_in,12.0259495,12,1.77777779,72.0387,287.603241,72.0387,109.999992,287.603241,50,-1.52587891E-05,350,300,50.6592331,275.577332,93.41816,299.6292,0,1
3167,3167,3164,offscreen_render,66.94832,zoom_nw_in,12.021966,12,1.77777779,71.95226,287.651855,71.95226,109.999992,287.651855,50,-1.52587891E-05,350,300,50.57988,275.629883,93.324646,299.673828,0,1
3168,3168,3165,offscreen_render,66.96519,zoom_nw_in,12.0185928,12,1.77777779,71.87591,287.6948,71.87591,109.999992,287.6948,50,-1.52587891E-05,350,300,50.50952,275.676239,93.2422943,299.7134,0,1
3169,3169,3166,offscreen_render,66.98156,zoom_nw_in,12.0157385,12,1.77777779,71.80858,287.732666,71.80858,109.999992,287.732666,50,-1.52587891E-05,350,300,50.4472656,275.716919,93.16989,299.7484,0,1
3170,3170,3167,offscreen_render,66.99862,zoom_nw_in,12.0133228,12,1.77777779,71.74925,287.766052,71.74925,109.999992,287.766052,50,-1.52587891E-05,350,300,50.3922348,275.752747,93.10627,299.7794,0,1
3171,3171,3168,offscreen_render,67.01485,zoom_nw_in,12.0112772,12,1.77777779,71.69703,287.795441,71.69703,109.999992,287.795441,50,-1.52587891E-05,350,300,50.343647,275.78418,93.050415,299.806732,0,1
3172,3172,3169,offscreen_render,67.0320053,zoom_nw_in,12.0095463,12,1.77777779,71.65111,287.821259,71.65111,109.999992,287.821259,50,-1.52587891E-05,350,300,50.3008041,275.8117,93.00141,299.8308,0,1
3173,3173,3170,offscreen_render,67.0485,zoom_nw_in,12.0080805,12,1.77777779,71.61077,287.843933,71.61077,109.999992,287.843933,50,-1.52587891E-05,350,300,50.263073,275.835876,92.9584656,299.852051,0,1
3174,3174,3171,offscreen_render,67.06491,zoom_nw_in,12.00684,12,1.77777779,71.57538,287.863831,71.57538,109.999992,287.863831,50,-1.52587891E-05,350,300,50.2298851,275.857,92.92087,299.870667,0,1
3175,3175,3172,offscreen_render,67.08204,zoom_nw_in,12.00579,12,1.77777779,71.54434,287.8813,71.54434,109.999992,287.8813,50,-1.52587891E-05,350,300,50.2007141,275.8755,92.88797,299.8871,0,1
3176,3176,3173,offscreen_render,67.0983658,zoom_nw_in,12.0049009,12,1.77777779,71.51716,287.896576,71.51716,109.999992,287.896576,50,-1.52587891E-05,350,300,50.17511,275.8917,92.85921,299.9015,0,1
3177,3177,3174,offscreen_render,67.1151,zoom_nw_in,12.0041485,12,1.77777779,71.49336,287.909973,71.49336,109.999992,287.909973,50,-1.52587891E-05,350,300,50.1526566,275.905823,92.83407,299.914124,0,1
3178,3178,3175,offscreen_render,67.13188,zoom_nw_in,12.0035114,12,1.77777779,71.47256,287.921661,71.47256,109.999992,287.921661,50,-1.52587891E-05,350,300,50.132988,275.918182,92.81214,299.9252,0,1
3179,3179,3176,offscreen_render,67.239624,zoom_ne_base,12,12,1.77777779,328.666656,288,328.666656,109.999992,288,50,-1.52587891E-05,350,300,307.333344,276.000031,350.000031,300.000031,3.05175781E-05,1
3180,3180,3177,offscreen_render,67.35033,zoom_ne_out,23.97319,30,1.77777779,307.380981,276.0268,307.380981,109.999992,276.0268,50,-1.52587891E-05,350,300,264.761963,252.053619,350,300,0,1
3181,3181,3178,offscreen_render,67.4705658,zoom_ne_out,28.191864,30,1.77777779,299.881134,271.808136,299.881134,109.999992,271.808136,50,-1.52587891E-05,350,300,249.762268,243.616257,350,300,0,1
3182,3182,3179,offscreen_render,67.59487,zoom_ne_out,29.4808064,30,1.77777779,297.589661,270.5192,297.589661,109.999992,270.5192,50,-1.52587891E-05,350,300,245.179337,241.038376,350,300,0,1
3183,3183,3180,offscreen_render,67.61095,zoom_ne_out,29.5607338,30,1.77777779,297.447571,270.43927,297.447571,109.999992,270.43927,50,-1.52587891E-05,350,300,244.895157,240.878555,350,300.000031,3.05175781E-05,1
3184,3184,3181,offscreen_render,67.62679,zoom_ne_out,29.6281929,30,1.77777779,297.327667,270.3718,297.327667,109.999992,270.3718,50,-1.52587891E-05,350,300,244.655319,240.743591,350,300,0,1
3185,3185,3182,offscreen_render,67.64314,zoom_ne_out,29.685276,30,1.77777779,297.226166,270.314728,297.226166,109.999992,270.314728,50,-1.52587891E-05,350,300,244.452347,240.62944,350,300,0,1
3186,3186,3183,offscreen_render,67.6597443,zoom_ne_out,29.7335911,30,1.77777779,297.1403,270.266418,297.1403,109.999992,270.266418,50,-1.52587891E-05,350,300,244.280563,240.532822,350,300,0,1
3187,3187,3184,offscreen_render,67.67676,zoom_ne_out,29.7744923,30,1.77777779,297.067566,270.2255,297.067566,109.999992,270.2255,50,-1.52587891E-05,350,300,244.135132,240.450989,350,300,0,1
3188,3188,3185,offscreen_render,67.69382,zoom_ne_out,29.8091164,30,1.77777779,297.006,270.1909,297.006,109.999992,270.1909,50,-1.52587891E-05,350,300,244.012024,240.38176,350,300,0,1
3189,3189,3186,offscreen_render,67.70982,zoom_ne_out,29.8384171,30,1.77777779,296.953918,270.1616,296.953918,109.999992,270.1616,50,-1.52587891E-05,350,300,243.907822,240.323166,349.999969,300,0,1
3190,3190,3187,offscreen_render,67.7265854,zoom_ne_out,29.8632221,30,1.77777779,296.909821,270.13678,296.909821,109.999992,270.13678,50,-1.52587891E-05,350,300,243.819641,240.273544,350,300,0,1
3191,3191,3188,offscreen_render,67.74319,zoom_ne_out,29.88422,30,1.77777779,296.8725,270.115784,296.8725,109.999992,270.115784,50,-1.52587891E-05,350,300,243.745026,240.231552,350.000031,300,3.05175781E-05,1
3192,3192,3189,offscreen_render,67.76007,zoom_ne_out,29.9019947,30,1.77777779,296.840881,270.098,296.840881,109.999992,270.098,50,-1.52587891E-05,350,300,243.681778,240.195984,350,299.999969,0,1
3193,3193,3190,offscreen_render,67.77632,zoom_ne_out,29.91704,30,1.77777779,296.814148,270.082947,296.814148,109.999992,270.082947,50,-1.52587891E-05,350,300,243.6283,240.1659,350,300,0,1
3194,3194,3191,offscreen_render,67.79387,zoom_ne_out,29.9297771,30,1.77777779,296.7915,270.070221,296.7915,109.999992,270.070221,50,-1.52587891E-05,350,300,243.583008,240.140427,350,300,0,1
3195,3195,3192,offscreen_render,67.8100052,zoom_ne_out,29.9405575,30,1.77777779,296.772339,270.059448,296.772339,109.999992,270.059448,50,-1.52587891E-05,350,300,243.544678,240.118881,350,300,0,1
3196,3196,3193,offscreen_render,67.82649,zoom_ne_out,29.9496822,30,1.77777779,296.7561,270.050323,296.7561,109.999992,270.050323,50,-1.52587891E-05,350,300,243.512253,240.100662,350.000031,300.000031,3.05175781E-05,1
3197,3197,3194,offscreen_render,67.84354,zoom_ne_out,29.9574089,30,1.77777779,296.742371,270.0426,296.742371,109.999992,270.0426,50,-1.52587891E-05,350,300,243.484756,240.08519,350,300,0,1
3198,3198,3195,offscreen_render,67.8598,zoom_ne_out,29.9639473,30,1.77777779,296.730774,270.036041,296.730774,109.999992,270.036041,50,-1.52587891E-05,350,300,243.461533,240.072113,350,300.000031,3.05175781E-05,1
3199,3199,3196,offscreen_render,67.87697,zoom_ne_out,29.9694824,30,1.77777779,296.720917,270.030518,296.720917,109.999992,270.030518,50,-1.52587891E-05,350,300,243.441833,240.06102,350,300,0,1
3200,3200,3197,offscreen_render,67.89337,zoom_ne_out,29.9741669,30,1.77777779,296.7126,270.025818,296.7126,109.999992,270.025818,50,-1.52587891E-05,350,300,243.4252,240.051636,350.000031,300,3.05175781E-05,1
3201,3201,3198,offscreen_render,67.91027,zoom_ne_out,29.9781322,30,1.77777779,296.705536,270.021881,296.705536,109.999992,270.021881,50,-1.52587891E-05,350,300,243.411072,240.043747,350,300,0,1
3202,3202,3199,offscreen_render,67.92662,zoom_ne_out,29.98149,30,1.77777779,296.6996,270.018524,296.6996,109.999992,270.018524,50,-1.52587891E-05,350,300,243.399155,240.037033,350,300,0,1
3203,3203,3200,offscreen_render,67.94523,zoom_ne_out,29.9843311,30,1.77777779,296.694519,270.015656,296.694519,109.999992,270.015656,50,-1.52587891E-05,350,300,243.389038,240.031311,350,300,0,1
3204,3204,3201,offscreen_render,67.9602661,zoom_ne_out,29.9867363,30,1.77777779,296.690247,270.013275,296.690247,109.999992,270.013275,50,-1.52587891E-05,350,300,243.3805,240.026535,350,300,0,1
3205,3205,3202,offscreen_render,67.97637,zoom_ne_out,29.9887714,30,1.77777779,296.6866,270.01123,296.6866,109.999992,270.01123,50,-1.52587891E-05,350,300,243.373245,240.022446,350,300,0,1
3206,3206,3203,offscreen_render,67.99306,zoom_ne_out,29.9904957,30,1.77777779,296.683563,270.0095,296.683563,109.999992,270.0095,50,-1.52587891E-05,350,300,243.367126,240.018982,350,300,0,1
3207,3207,3204,offscreen_render,68.00956,zoom_ne_out,29.9919548,30,1.77777779,296.680969,270.008057,296.680969,109.999992,270.008057,50,-1.52587891E-05,350,300,243.361938,240.0161,350,300,0,1
3208,3208,3205,offscreen_render,68.02631,zoom_ne_out,29.99319,30,1.77777779,296.678772,270.0068,296.678772,109.999992,270.0068,50,-1.52587891E-05,350,300,243.357544,240.013611,350,300,0,1
3209,3209,3206,offscreen_render,68.043396,zoom_ne_out,29.994236,30,1.77777779,296.6769,270.005768,296.6769,109.999992,270.005768,50,-1.52587891E-05,350,300,243.353821,240.01152,350,300,0,1
3210,3210,3207,offscreen_render,68.05982,zoom_ne_out,29.995121,30,1.77777779,296.675354,270.004883,296.675354,109.999992,270.004883,50,-1.52587891E-05,350,300,243.3507,240.00975,350,300,0,1
3211,3211,3208,offscreen_render,68.07617,zoom_ne_out,29.99587,30,1.77777779,296.674,270.00412,296.674,109.999992,270.00412,50,-1.52587891E-05,350,300,243.347992,240.00824,349.999969,300,0,1
3212,3212,3209,offscreen_render,68.19316,zoom_ne_in,17.6268482,12,1.77777779,304.661743,274.497223,304.661743,109.999992,274.497223,50,-1.52587891E-05,350,300,273.325134,256.870422,335.998352,292.1241,0,1
3213,3213,3210,offscreen_render,68.30377,zoom_ne_in,13.8955946,12,1.77777779,314.459564,280.008484,314.459564,109.999992,280.008484,50,-1.52587891E-05,350,300,289.7563,266.112885,339.162842,293.904083,0,1
3214,3214,3211,offscreen_render,68.41087,zoom_ne_in,12.6400576,12,1.77777779,321.384277,283.903625,321.384277,109.999992,283.903625,50,-1.52587891E-05,350,300,298.9131,271.26358,343.85553,296.543671,0,1
3215,3215,3212,offscreen_render,68.42769,zoom_ne_in,12.5417929,12,1.77777779,322.143036,284.3304,322.143036,109.999992,284.3304,50,-1.52587891E-05,350,300,299.846527,271.788635,344.439545,296.8722,0,1
3216,3216,3213,offscreen_render,68.44391,zoom_ne_in,12.4586115,12,1.77777779,322.827942,284.715668,322.827942,109.999992,284.715668,50,-1.52587891E-05,350,300,300.67926,272.25708,344.976563,297.174316,0,1
3217,3217,3214,offscreen_render,68.46017,zoom_ne_in,12.3881655,12,1.77777779,323.4465,285.0636,323.4465,109.999992,285.0636,50,-1.52587891E-05,350,300,301.423126,272.675446,345.46994,297.451752,0,1
3218,3218,3215,offscreen_render,68.4766,zoom_ne_in,12.3285751,12,1.77777779,324.004242,285.37735,324.004242,109.999992,285.37735,50,-1.52587891E-05,350,300,302.086761,273.048767,345.921722,297.705933,0,1
3219,3219,3216,offscreen_render,68.49341,zoom_ne_in,12.2781324,12,1.77777779,324.507141,285.660248,324.507141,109.999992,285.660248,50,-1.52587891E-05,350,300,302.679321,273.3821,346.3349,297.9384,0,1
3220,3220,3217,offscreen_render,68.51016,zoom_ne_in,12.2354345,12,1.77777779,324.960175,285.91507,324.960175,109.999992,285.91507,50,-1.52587891E-05,350,300,303.208282,273.679626,346.712067,298.1505,0,1
3221,3221,3218,offscreen_render,68.52698,zoom_ne_in,12.19929,12,1.77777779,325.367828,286.144379,325.367828,109.999992,286.144379,50,-1.52587891E-05,350,300,303.6802,273.9451,347.05545,298.343658,0,1
3222,3222,3219,offscreen_render,68.54344,zoom_ne_in,12.1686954,12,1.77777779,325.7342,286.350464,325.7342,109.999992,286.350464,50,-1.52587891E-05,350,300,304.100922,274.181763,347.3674,298.519165,0,1
3223,3223,3220,offscreen_render,68.56046,zoom_ne_in,12.1427975,12,1.77777779,326.063019,286.535431,326.063019,109.999992,286.535431,50,-1.52587891E-05,350,300,304.4758,274.39267,347.650177,298.678253,0,1
3224,3224,3221,offscreen_render,68.57644,zoom_ne_in,12.1208763,12,1.77777779,326.357758,286.7012,326.357758,109.999992,286.7012,50,-1.52587891E-05,350,300,304.80954,274.580353,347.905975,298.8221,0,1
3225,3225,3222,offscreen_render,68.59423,zoom_ne_in,12.1023159,12,1.77777779,326.6216,286.8496,326.6216,109.999992,286.8496,50,-1.52587891E-05,350,300,305.106384,274.747284,348.136841,298.951935,0,1
3226,3226,3223,offscreen_render,68.6101151,zoom_ne_in,12.0866108,12,1.77777779,326.857361,286.9822,326.857361,109.999992,286.9822,50,-1.52587891E-05,350,300,305.370056,274.89563,348.344666,299.068848,0,1
3227,3227,3224,offscreen_render,68.62689,zoom_ne_in,12.0733147,12,1.77777779,327.06778,287.1006,327.06778,109.999992,287.1006,50,-1.52587891E-05,350,300,305.6041,275.027283,348.531464,299.1739,0,1
3228,3228,3225,offscreen_render,68.64316,zoom_ne_in,12.0620594,12,1.77777779,327.2553,287.2061,327.2553,109.999992,287.2061,50,-1.52587891E-05,350,300,305.811646,275.144073,348.698975,299.2682,0,1
3229,3229,3226,offscreen_render,68.65994,zoom_ne_in,12.0525322,12,1.77777779,327.42218,287.299957,327.42218,109.999992,287.299957,50,-1.52587891E-05,350,300,305.995453,275.247437,348.8489,299.352478,0,1
3230,3230,3227,offscreen_render,68.6766357,zoom_ne_in,12.044467,12,1.77777779,327.5705,287.3834,327.5705,109.999992,287.3834,50,-1.52587891E-05,350,300,306.1581,275.338928,348.98288,299.427856,0,1
3231,3231,3228,offscreen_render,68.69339,zoom_ne_in,12.0376406,12,1.77777779,327.702118,287.457428,327.702118,109.999992,287.457428,50,-1.52587891E-05,350,300,306.3019,275.41983,349.1024,299.4951,0,1
3232,3232,3229,offscreen_render,68.710556,zoom_ne_in,12.0316391,12,1.77777779,327.823425,287.525665,327.823425,109.999992,287.525665,50,-1.52587891E-05,350,300,306.433868,275.494019,349.213043,299.5573,0,1
3233,3233,3230,offscreen_render,68.72726,zoom_ne_in,12.026782,12,1.77777779,327.926178,287.583466,327.926178,109.999992,287.583466,50,-1.52587891E-05,350,300,306.545227,275.5567,349.307129,299.61026,0,1
3234,3234,3231,offscreen_render,68.743866,zoom_ne_in,12.0226707,12,1.77777779,328.017029,287.634583,328.017029,109.999992,287.634583,50,-1.52587891E-05,350,300,306.6434,275.611938,349.390656,299.6573,0,1
3235,3235,3232,offscreen_render,68.76028,zoom_ne_in,12.0191908,12,1.77777779,328.09726,287.679718,328.09726,109.999992,287.679718,50,-1.52587891E-05,350,300,306.7298,275.660522,349.464722,299.6989,0,1
3236,3236,3233,offscreen_render,68.77723,zoom_ne_in,12.0162449,12,1.77777779,328.16803,287.7195,328.16803,109.999992,287.7195,50,-1.52587891E-05,350,300,306.805817,275.703278,349.530243,299.735748,0,1
3237,3237,3234,offscreen_render,68.79381,zoom_ne_in,12.013751,12,1.77777779,328.230377,287.754578,328.230377,109.999992,287.754578,50,-1.52587891E-05,350,300,306.8726,275.740845,349.588165,299.768341,0,1
3238,3238,3235,offscreen_render,68.81035,zoom_ne_in,12.01164,12,1.77777779,328.285248,287.785431,328.285248,109.999992,287.785431,50,-1.52587891E-05,350,300,306.931183,275.7738,349.639252,299.797058,0,1
3239,3239,3236,offscreen_render,68.8269653,zoom_ne_in,12.0098524,12,1.77777779,328.333466,287.812561,328.333466,109.999992,287.812561,50,-1.52587891E-05,350,300,306.9826,275.8027,349.684326,299.822418,0,1
3240,3240,3237,offscreen_render,68.84361,zoom_ne_in,12.00834,12,1.77777779,328.375824,287.8364,328.375824,109.999992,287.8364,50,-1.52587891E-05,350,300,307.027649,275.8281,349.724,299.844757,0,1
3241,3241,3238,offscreen_render,68.86042,zoom_ne_in,12.0070591,12,1.77777779,328.413,287.8573,328.413,109.999992,287.8573,50,-1.52587891E-05,350,300,307.0671,275.850281,349.758881,299.86438,0,1
3242,3242,3239,offscreen_render,68.8772659,zoom_ne_in,12.0059757,12,1.77777779,328.445557,287.875641,328.445557,109.999992,287.875641,50,-1.52587891E-05,350,300,307.101563,275.869659,349.7895,299.881622,0,1
3243,3243,3240,offscreen_render,68.89378,zoom_ne_in,12.0050583,12,1.77777779,328.4741,287.8917,328.4741,109.999992,287.8917,50,-1.52587891E-05,350,300,307.131775,275.886658,349.8164,299.8968,0,1
3244,3244,3241,offscreen_render,68.91032,zoom_ne_in,12.004282,12,1.77777779,328.499054,287.905731,328.499054,109.999992,287.905731,50,-1.52587891E-05,350,300,307.1581,275.9015,349.84,299.910034,0,1
3245,3245,3242,offscreen_render,69.0182343,zoom_restored,27,27,1.77777779,199,273,199,109.999992,273,50,-1.52587891E-05,350,300,151,245.999985,247,300,0,1
3246,3246,3243,offscreen_render,69.0352554,zoom_restored,27,27,1.77777779,199,273,199,109.999992,273,50,-1.52587891E-05,350,300,151,245.999985,247,300,0,1
3247,3247,3244,offscreen_render,69.05098,zoom_restored,27,27,1.77777779,199,273,199,109.999992,273,50,-1.52587891E-05,350,300,151,245.999985,247,300,0,1
3248,3248,3245,offscreen_render,69.06715,zoom_restored,27,27,1.77777779,199,273,199,109.999992,273,50,-1.52587891E-05,350,300,151,245.999985,247,300,0,1
3249,3249,3246,offscreen_render,69.08372,zoom_restored,27,27,1.77777779,199,273,199,109.999992,273,50,-1.52587891E-05,350,300,151,245.999985,247,300,0,1
3250,3250,3247,offscreen_render,69.10057,zoom_restored,27,27,1.77777779,199,273,199,109.999992,273,50,-1.52587891E-05,350,300,151,245.999985,247,300,0,1
3251,3251,3248,offscreen_render,69.11714,zoom_restored,27,27,1.77777779,199,273,199,109.999992,273,50,-1.52587891E-05,350,300,151,245.999985,247,300,0,1
3252,3252,3249,offscreen_render,69.13369,zoom_restored,27,27,1.77777779,199,273,199,109.999992,273,50,-1.52587891E-05,350,300,151,245.999985,247,300,0,1
3253,3253,3250,offscreen_render,69.15076,zoom_restored,27,27,1.77777779,199,273,199,109.999992,273,50,-1.52587891E-05,350,300,151,245.999985,247,300,0,1
3254,3254,3251,offscreen_render,69.1672058,zoom_restored,27,27,1.77777779,199,273,199,109.999992,273,50,-1.52587891E-05,350,300,151,245.999985,247,300,0,1
3255,3255,3252,offscreen_render,69.183815,zoom_restored,27,27,1.77777779,199,273,199,109.999992,273,50,-1.52587891E-05,350,300,151,245.999985,247,300,0,1
3256,3256,3253,offscreen_render,69.200325,zoom_restored,27,27,1.77777779,199,273,199,109.999992,273,50,-1.52587891E-05,350,300,151,245.999985,247,300,0,1
3257,3257,3254,offscreen_render,69.21704,zoom_restored,27,27,1.77777779,199,273,199,109.999992,273,50,-1.52587891E-05,350,300,151,245.999985,247,300,0,1
3258,3258,3255,offscreen_render,69.2338,zoom_restored,27,27,1.77777779,199,273,199,109.999992,273,50,-1.52587891E-05,350,300,151,245.999985,247,300,0,1
3259,3259,3256,offscreen_render,69.25079,zoom_restored,27,27,1.77777779,199,273,199,109.999992,273,50,-1.52587891E-05,350,300,151,245.999985,247,300,0,1
3260,3260,3257,offscreen_render,69.2670441,zoom_restored,27,27,1.77777779,199,273,199,109.999992,273,50,-1.52587891E-05,350,300,151,245.999985,247,300,0,1
3261,3261,3258,offscreen_render,69.28397,zoom_restored,27,27,1.77777779,199,273,199,109.999992,273,50,-1.52587891E-05,350,300,151,245.999985,247,300,0,1
3262,3262,3259,offscreen_render,69.3004456,zoom_restored,27,27,1.77777779,199,273,199,109.999992,273,50,-1.52587891E-05,350,300,151,245.999985,247,300,0,1
3263,3263,3260,offscreen_render,69.317,zoom_restored,27,27,1.77777779,199,273,199,109.999992,273,50,-1.52587891E-05,350,300,151,245.999985,247,300,0,1
3264,3264,3261,offscreen_render,69.33379,zoom_restored,27,27,1.77777779,199,273,199,109.999992,273,50,-1.52587891E-05,350,300,151,245.999985,247,300,0,1
3265,3265,3262,offscreen_render,69.35085,zoom_restored,27,27,1.77777779,199,273,199,109.999992,273,50,-1.52587891E-05,350,300,151,245.999985,247,300,0,1
3266,3266,3263,offscreen_render,69.36759,zoom_restored,27,27,1.77777779,199,273,199,109.999992,273,50,-1.52587891E-05,350,300,151,245.999985,247,300,0,1
3267,3267,3264,offscreen_render,69.38463,zoom_restored,27,27,1.77777779,199,273,199,109.999992,273,50,-1.52587891E-05,350,300,151,245.999985,247,300,0,1
3268,3268,3265,offscreen_render,69.40106,zoom_restored,27,27,1.77777779,199,273,199,109.999992,273,50,-1.52587891E-05,350,300,151,245.999985,247,300,0,1
3269,3269,3266,offscreen_render,69.41936,zoom_restored,27,27,1.77777779,199,273,199,109.999992,273,50,-1.52587891E-05,350,300,151,245.999985,247,300,0,1
3270,3270,3267,offscreen_render,69.4354553,zoom_restored,27,27,1.77777779,199,273,199,109.999992,273,50,-1.52587891E-05,350,300,151,245.999985,247,300,0,1
3271,3271,3268,offscreen_render,69.45271,zoom_restored,27,27,1.77777779,199,273,199,109.999992,273,50,-1.52587891E-05,350,300,151,245.999985,247,300,0,1
3272,3272,3269,offscreen_render,69.468956,zoom_restored,27,27,1.77777779,199,273,199,109.999992,273,50,-1.52587891E-05,350,300,151,245.999985,247,300,0,1
3273,3273,3270,offscreen_render,69.48539,zoom_restored,27,27,1.77777779,199,273,199,109.999992,273,50,-1.52587891E-05,350,300,151,245.999985,247,300,0,1
3274,3274,3271,offscreen_render,69.50223,zoom_restored,27,27,1.77777779,199,273,199,109.999992,273,50,-1.52587891E-05,350,300,151,245.999985,247,300,0,1
3275,3275,3272,offscreen_render,69.5191,zoom_restored,27,27,1.77777779,199,273,199,109.999992,273,50,-1.52587891E-05,350,300,151,245.999985,247,300,0,1
3276,3276,3273,offscreen_render,69.6299438,zoom_restored,27,27,1.77777779,209.222092,258.6891,209.222092,109.999992,258.6891,50,-1.52587891E-05,350,300,161.2221,231.689072,257.2221,285.6891,0,1
3277,3277,3274,offscreen_render,69.64794,zoom_restored,27,27,1.77777779,211.192566,255.93042,211.192566,109.999992,255.93042,50,-1.52587891E-05,350,300,163.192566,228.930374,259.192566,282.9304,0,1
3278,3278,3275,offscreen_render,69.66287,zoom_restored,27,27,1.77777779,213.061264,253.314255,213.061264,109.999992,253.314255,50,-1.52587891E-05,350,300,165.061279,226.31424,261.061279,280.31424,0,1
3279,3279,3276,offscreen_render,69.67915,zoom_restored,27,27,1.77777779,214.806625,250.870743,214.806625,109.999992,250.870743,50,-1.52587891E-05,350,300,166.806641,223.870712,262.806641,277.870728,0,1
3280,3280,3277,offscreen_render,69.695755,zoom_restored,27,27,1.77777779,216.416977,248.616241,216.416977,109.999992,248.616241,50,-1.52587891E-05,350,300,168.416977,221.616211,264.417,275.6162,0,1
3281,3281,3278,offscreen_render,69.71267,zoom_restored,27,27,1.77777779,217.888168,246.55658,217.888168,109.999992,246.55658,50,-1.52587891E-05,350,300,169.888184,219.556564,265.888184,273.55658,0,1
3282,3282,3279,offscreen_render,69.72946,zoom_restored,27,27,1.77777779,219.221329,244.69017,219.221329,109.999992,244.69017,50,-1.52587891E-05,350,300,171.221329,217.69014,267.2213,271.690155,0,1
3283,3283,3280,offscreen_render,69.746,zoom_restored,27,27,1.77777779,220.42099,243.010635,220.42099,109.999992,243.010635,50,-1.52587891E-05,350,300,172.42099,216.01062,268.421,270.01062,0,1
3284,3284,3281,offscreen_render,69.76275,zoom_restored,27,27,1.77777779,221.494385,241.507889,221.494385,109.999992,241.507889,50,-1.52587891E-05,350,300,173.4944,214.507874,269.4944,268.507874,0,1
3285,3285,3282,offscreen_render,69.77937,zoom_restored,27,27,1.77777779,222.44986,240.170227,222.44986,109.999992,240.170227,50,-1.52587891E-05,350,300,174.44986,213.1702,270.44986,267.1702,0,1
3286,3286,3283,offscreen_render,69.79588,zoom_restored,27,27,1.77777779,223.299484,238.980743,223.299484,109.999992,238.980743,50,-1.52587891E-05,350,300,175.2995,211.980713,271.2995,265.9807,0,1
3287,3287,3284,offscreen_render,69.812355,zoom_restored,27,27,1.77777779,224.046677,237.934677,224.046677,109.999992,237.934677,50,-1.52587891E-05,350,300,176.046692,210.934647,272.0467,264.934662,0,1
3288,3288,3285,offscreen_render,69.82917,zoom_restored,27,27,1.77777779,224.704086,237.014313,224.704086,109.999992,237.014313,50,-1.52587891E-05,350,300,176.7041,210.0143,272.7041,264.0143,0,1
3289,3289,3286,offscreen_render,69.84564,zoom_restored,27,27,1.77777779,225.280716,236.207031,225.280716,109.999992,236.207031,50,-1.52587891E-05,350,300,177.280731,209.207,273.280731,263.207,0,1
3290,3290,3287,offscreen_render,69.86286,zoom_restored,27,27,1.77777779,225.78511,235.50087,225.78511,109.999992,235.50087,50,-1.52587891E-05,350,300,177.78511,208.500839,273.7851,262.500854,0,1
3291,3291,3288,offscreen_render,69.87943,zoom_restored,27,27,1.77777779,226.225189,234.88475,226.225189,109.999992,234.88475,50,-1.52587891E-05,350,300,178.2252,207.884735,274.22522,261.884735,0,1
3292,3292,3289,offscreen_render,69.89556,zoom_restored,27,27,1.77777779,226.6083,234.348389,226.6083,109.999992,234.348389,50,-1.52587891E-05,350,300,178.6083,207.348358,274.6083,261.348358,0,1
3293,3293,3290,offscreen_render,69.912735,zoom_restored,27,27,1.77777779,226.941162,233.882385,226.941162,109.999992,233.882385,50,-1.52587891E-05,350,300,178.941162,206.88237,274.941162,260.8824,0,1
3294,3294,3291,offscreen_render,69.92916,zoom_restored,27,27,1.77777779,227.2298,233.4783,227.2298,109.999992,233.4783,50,-1.52587891E-05,350,300,179.229813,206.478287,275.2298,260.4783,0,1
3295,3295,3292,offscreen_render,69.945755,zoom_restored,27,27,1.77777779,227.47966,233.1285,227.47966,109.999992,233.1285,50,-1.52587891E-05,350,300,179.47966,206.128464,275.479675,260.128479,0,1
3296,3296,3293,offscreen_render,69.9625,zoom_restored,27,27,1.77777779,227.6956,232.826172,227.6956,109.999992,232.826172,50,-1.52587891E-05,350,300,179.695618,205.826141,275.695618,259.826141,0,1
3297,3297,3294,offscreen_render,69.97983,zoom_restored,27,27,1.77777779,227.881973,232.565247,227.881973,109.999992,232.565247,50,-1.52587891E-05,350,300,179.881989,205.565216,275.882,259.565216,0,1
3298,3298,3295,offscreen_render,69.99586,zoom_restored,27,27,1.77777779,228.042725,232.3402,228.042725,109.999992,232.3402,50,-1.52587891E-05,350,300,180.042725,205.340164,276.042725,259.340179,0,1
3299,3299,3296,offscreen_render,70.0127945,zoom_restored,27,27,1.77777779,228.180954,232.146667,228.180954,109.999992,232.146667,50,-1.52587891E-05,350,300,180.180954,205.146637,276.180969,259.146637,0,1
3300,3300,3297,offscreen_render,70.02938,zoom_restored,27,27,1.77777779,228.299789,231.980286,228.299789,109.999992,231.980286,50,-1.52587891E-05,350,300,180.299789,204.980255,276.2998,258.980255,0,1
3301,3301,3298,offscreen_render,70.04642,zoom_restored,27,27,1.77777779,228.401855,231.837387,228.401855,109.999992,231.837387,50,-1.52587891E-05,350,300,180.401871,204.837372,276.401855,258.837372,0,1
3302,3302,3299,offscreen_render,70.0628357,zoom_restored,27,27,1.77777779,228.48941,231.714813,228.48941,109.999992,231.714813,50,-1.52587891E-05,350,300,180.48941,204.714767,276.4894,258.714783,0,1
3303,3303,3300,offscreen_render,70.07973,zoom_restored,27,27,1.77777779,228.564453,231.609756,228.564453,109.999992,231.609756,50,-1.52587891E-05,350,300,180.564468,204.609711,276.564453,258.6097,0,1
3304,3304,3301,offscreen_render,70.09613,zoom_restored,27,27,1.77777779,228.628708,231.5198,228.628708,109.999992,231.5198,50,-1.52587891E-05,350,300,180.628723,204.519775,276.628723,258.519775,0,1
3305,3305,3302,offscreen_render,70.11295,zoom_restored,27,27,1.77777779,228.683685,231.442841,228.683685,109.999992,231.442841,50,-1.52587891E-05,350,300,180.683685,204.44281,276.6837,258.4428,0,1
3306,3306,3303,offscreen_render,70.12921,zoom_restored,27,27,1.77777779,228.730682,231.377045,228.730682,109.999992,231.377045,50,-1.52587891E-05,350,300,180.730682,204.377029,276.730682,258.377045,0,1
3307,3307,3304,offscreen_render,70.14623,zoom_restored,27,27,1.77777779,228.770828,231.320847,228.770828,109.999992,231.320847,50,-1.52587891E-05,350,300,180.770828,204.320816,276.7708,258.320831,0,1
3308,3308,3305,offscreen_render,70.16288,zoom_restored,27,27,1.77777779,228.8051,231.272873,228.8051,109.999992,231.272873,50,-1.52587891E-05,350,300,180.805115,204.272842,276.8051,258.272858,0,1
3309,3309,3306,offscreen_render,70.17902,zoom_restored,27,27,1.77777779,228.83432,231.231964,228.83432,109.999992,231.231964,50,-1.52587891E-05,350,300,180.83432,204.231918,276.83432,258.231934,0,1
3310,3310,3307,offscreen_render,70.19603,zoom_restored,27,27,1.77777779,228.859238,231.197083,228.859238,109.999992,231.197083,50,-1.52587891E-05,350,300,180.859253,204.197067,276.859253,258.197083,0,1
3311,3311,3308,offscreen_render,70.21258,zoom_restored,27,27,1.77777779,228.880463,231.167374,228.880463,109.999992,231.167374,50,-1.52587891E-05,350,300,180.880463,204.167343,276.880463,258.167358,0,1
3312,3312,3309,offscreen_render,70.2292,zoom_restored,27,27,1.77777779,228.898529,231.142075,228.898529,109.999992,231.142075,50,-1.52587891E-05,350,300,180.898544,204.142059,276.89856,258.142059,0,1
3313,3313,3310,offscreen_render,70.24605,zoom_restored,27,27,1.77777779,228.91391,231.120544,228.91391,109.999992,231.120544,50,-1.52587891E-05,350,300,180.913925,204.120514,276.91394,258.1205,0,1
3314,3314,3311,offscreen_render,70.26285,zoom_restored,27,27,1.77777779,228.926987,231.102234,228.926987,109.999992,231.102234,50,-1.52587891E-05,350,300,180.927,204.1022,276.927,258.1022,0,1
3315,3315,3312,offscreen_render,70.2792,zoom_restored,27,27,1.77777779,228.9381,231.08667,228.9381,109.999992,231.08667,50,-1.52587891E-05,350,300,180.9381,204.086655,276.9381,258.08667,0,1
3316,3316,3313,offscreen_render,70.29585,zoom_restored,27,27,1.77777779,228.94754,231.073456,228.94754,109.999992,231.073456,50,-1.52587891E-05,350,300,180.94754,204.073441,276.94754,258.073456,0,1
3317,3317,3314,offscreen_render,70.31255,zoom_restored,27,27,1.77777779,228.955566,231.062225,228.955566,109.999992,231.062225,50,-1.52587891E-05,350,300,180.955582,204.06218,276.955566,258.0622,0,1
3318,3318,3315,offscreen_render,70.32945,zoom_restored,27,27,1.77777779,228.962372,231.052689,228.962372,109.999992,231.052689,50,-1.52587891E-05,350,300,180.962372,204.052658,276.962372,258.052673,0,1
3319,3319,3316,offscreen_render,70.44451,zoom_restored,27,27,1.77777779,232.565216,212.41539,232.565216,109.999992,212.41539,50,-1.52587891E-05,350,300,184.565231,185.415375,280.565247,239.415375,0,1
3320,3320,3317,offscreen_render,70.46126,zoom_restored,27,27,1.77777779,233.216965,209.033325,233.216965,109.999992,209.033325,50,-1.52587891E-05,350,300,185.21698,182.033325,281.21698,236.033325,0,1
3321,3321,3318,offscreen_render,70.47744,zoom_restored,27,27,1.77777779,233.832016,205.841019,233.832016,109.999992,205.841019,50,-1.52587891E-05,350,300,185.832031,178.841,281.832031,232.841,0,1
3322,3322,3319,offscreen_render,70.4938049,zoom_restored,27,27,1.77777779,234.404251,202.870422,234.404251,109.999992,202.870422,50,-1.52587891E-05,350,300,186.404251,175.8704,282.404236,229.8704,0,1
3323,3323,3320,offscreen_render,70.51047,zoom_restored,27,27,1.77777779,234.930588,200.137772,234.930588,109.999992,200.137772,50,-1.52587891E-05,350,300,186.930588,173.137772,282.9306,227.137772,0,1
3324,3324,3321,offscreen_render,70.52712,zoom_restored,27,27,1.77777779,235.411179,197.6423,235.411179,109.999992,197.6423,50,-1.52587891E-05,350,300,187.4112,170.6423,283.4112,224.6423,0,1
3325,3325,3322,offscreen_render,70.54375,zoom_restored,27,27,1.77777779,235.844742,195.390839,235.844742,109.999992,195.390839,50,-1.52587891E-05,350,300,187.844742,168.390823,283.844727,222.390823,0,1
3326,3326,3323,offscreen_render,70.56062,zoom_restored,27,27,1.77777779,236.2342,193.368164,236.2342,109.999992,193.368164,50,-1.52587891E-05,350,300,188.2342,166.368164,284.2342,220.368164,0,1
3327,3327,3324,offscreen_render,70.57711,zoom_restored,27,27,1.77777779,236.5821,191.561279,236.5821,109.999992,191.561279,50,-1.52587891E-05,350,300,188.5821,164.561264,284.5821,218.561264,0,1
3328,3328,3325,offscreen_render,70.59379,zoom_restored,27,27,1.77777779,236.891373,189.954971,236.891373,109.999992,189.954971,50,-1.52587891E-05,350,300,188.891373,162.954956,284.891357,216.954956,0,1
3329,3329,3326,offscreen_render,70.610466,zoom_restored,27,27,1.77777779,237.165131,188.532959,237.165131,109.999992,188.532959,50,-1.52587891E-05,350,300,189.165131,161.532944,285.165131,215.532944,0,1
3330,3330,3327,offscreen_render,70.62714,zoom_restored,27,27,1.77777779,237.406555,187.278839,237.406555,109.999992,187.278839,50,-1.52587891E-05,350,300,189.406555,160.278824,285.406555,214.278824,0,1
3331,3331,3328,offscreen_render,70.64402,zoom_restored,27,27,1.77777779,237.618759,186.1765,237.618759,109.999992,186.1765,50,-1.52587891E-05,350,300,189.618759,159.176468,285.618774,213.176468,0,1
3332,3332,3329,offscreen_render,70.6610641,zoom_restored,27,27,1.77777779,237.809814,185.183975,237.809814,109.999992,185.183975,50,-1.52587891E-05,350,300,189.80983,158.18396,285.8098,212.18396,0,1
3333,3333,3330,offscreen_render,70.67773,zoom_restored,27,27,1.77777779,237.97171,184.34288,237.97171,109.999992,184.34288,50,-1.52587891E-05,350,300,189.97171,157.342865,285.9717,211.342865,0,1
3334,3334,3331,offscreen_render,70.69449,zoom_restored,27,27,1.77777779,238.112869,183.609512,238.112869,109.999992,183.609512,50,-1.52587891E-05,350,300,190.112869,156.6095,286.112854,210.6095,0,1
3335,3335,3332,offscreen_render,70.7111053,zoom_restored,27,27,1.77777779,238.235672,182.971466,238.235672,109.999992,182.971466,50,-1.52587891E-05,350,300,190.235687,155.971451,286.2357,209.971451,0,1
3336,3336,3333,offscreen_render,70.72804,zoom_restored,27,27,1.77777779,238.3423,182.417465,238.3423,109.999992,182.417465,50,-1.52587891E-05,350,300,190.3423,155.41745,286.3423,209.41745,0,1
3337,3337,3334,offscreen_render,70.74431,zoom_restored,27,27,1.77777779,238.434708,181.937332,238.434708,109.999992,181.937332,50,-1.52587891E-05,350,300,190.434723,154.9373,286.434723,208.9373,0,1
3338,3338,3335,offscreen_render,70.76099,zoom_restored,27,27,1.77777779,238.514664,181.521912,238.514664,109.999992,181.521912,50,-1.52587891E-05,350,300,190.514679,154.5219,286.514679,208.5219,0,1
3339,3339,3336,offscreen_render,70.7776947,zoom_restored,27,27,1.77777779,238.58374,181.16304,238.58374,109.999992,181.16304,50,-1.52587891E-05,350,300,190.58374,154.16301,286.58374,208.16301,0,1
3340,3340,3337,offscreen_render,70.7946,zoom_restored,27,27,1.77777779,238.643326,180.853455,238.643326,109.999992,180.853455,50,-1.52587891E-05,350,300,190.643326,153.853424,286.6433,207.853424,0,1
3341,3341,3338,offscreen_render,70.8109741,zoom_restored,27,27,1.77777779,238.694656,180.586761,238.694656,109.999992,180.586761,50,-1.52587891E-05,350,300,190.694672,153.586746,286.694672,207.586746,0,1
3342,3342,3339,offscreen_render,70.82756,zoom_restored,27,27,1.77777779,238.738815,180.357285,238.738815,109.999992,180.357285,50,-1.52587891E-05,350,300,190.738815,153.357269,286.738831,207.357269,0,1
3343,3343,3340,offscreen_render,70.84422,zoom_restored,27,27,1.77777779,238.776764,180.160065,238.776764,109.999992,180.160065,50,-1.52587891E-05,350,300,190.776764,153.160049,286.776764,207.160049,0,1
3344,3344,3341,offscreen_render,70.86106,zoom_restored,27,27,1.77777779,238.809341,179.990753,238.809341,109.999992,179.990753,50,-1.52587891E-05,350,300,190.809357,152.990723,286.809357,206.990723,0,1
3345,3345,3342,offscreen_render,70.87767,zoom_restored,27,27,1.77777779,238.83728,179.845535,238.83728,109.999992,179.845535,50,-1.52587891E-05,350,300,190.83728,152.84552,286.83728,206.84552,0,1
3346,3346,3343,offscreen_render,70.89428,zoom_restored,27,27,1.77777779,238.861221,179.721115,238.861221,109.999992,179.721115,50,-1.52587891E-05,350,300,190.861221,152.7211,286.8612,206.7211,0,1
3347,3347,3344,offscreen_render,70.91087,zoom_restored,27,27,1.77777779,238.881714,179.614609,238.881714,109.999992,179.614609,50,-1.52587891E-05,350,300,190.881729,152.614578,286.8817,206.614578,0,1
3348,3348,3345,offscreen_render,70.92768,zoom_restored,27,27,1.77777779,238.899246,179.523514,238.899246,109.999992,179.523514,50,-1.52587891E-05,350,300,190.899261,152.5235,286.899261,206.5235,0,1
3349,3349,3346,offscreen_render,70.94449,zoom_restored,27,27,1.77777779,238.91423,179.445648,238.91423,109.999992,179.445648,50,-1.52587891E-05,350,300,190.91423,152.445633,286.914246,206.445633,0,1
3350,3350,3347,offscreen_render,70.9609,zoom_restored,27,27,1.77777779,238.927032,179.379166,238.927032,109.999992,179.379166,50,-1.52587891E-05,350,300,190.927048,152.37915,286.927063,206.37915,0,1
3351,3351,3348,offscreen_render,70.97751,zoom_restored,27,27,1.77777779,238.937958,179.322418,238.937958,109.999992,179.322418,50,-1.52587891E-05,350,300,190.937958,152.322388,286.937958,206.322388,0,1
3352,3352,3349,offscreen_render,70.99462,zoom_restored,27,27,1.77777779,238.947266,179.274033,238.947266,109.999992,179.274033,50,-1.52587891E-05,350,300,190.947281,152.274017,286.947266,206.274017,0,1
3353,3353,3350,offscreen_render,71.01094,zoom_restored,27,27,1.77777779,238.9552,179.232788,238.9552,109.999992,179.232788,50,-1.52587891E-05,350,300,190.9552,152.232758,286.9552,206.232758,0,1
3354,3354,3351,offscreen_render,71.02764,zoom_restored,27,27,1.77777779,238.96196,179.197662,238.96196,109.999992,179.197662,50,-1.52587891E-05,350,300,190.961975,152.197647,286.961975,206.197647,0,1
3355,3355,3352,offscreen_render,71.04456,zoom_restored,27,27,1.77777779,238.967712,179.167755,238.967712,109.999992,179.167755,50,-1.52587891E-05,350,300,190.967712,152.16774,286.9677,206.16774,0,1
3356,3356,3353,offscreen_render,71.06088,zoom_restored,27,27,1.77777779,238.97261,179.142319,238.97261,109.999992,179.142319,50,-1.52587891E-05,350,300,190.972626,152.142288,286.972626,206.142288,0,1
3357,3357,3354,offscreen_render,71.0778351,zoom_restored,27,27,1.77777779,238.976776,179.120682,238.976776,109.999992,179.120682,50,-1.52587891E-05,350,300,190.976776,152.120667,286.976776,206.120667,0,1
3358,3358,3355,offscreen_render,71.09426,zoom_restored,27,27,1.77777779,238.980316,179.1023,238.980316,109.999992,179.1023,50,-1.52587891E-05,350,300,190.980331,152.10228,286.980347,206.10228,0,1
3359,3359,3356,offscreen_render,71.11113,zoom_restored,27,27,1.77777779,238.983322,179.086685,238.983322,109.999992,179.086685,50,-1.52587891E-05,350,300,190.983337,152.086655,286.983337,206.086655,0,1
3360,3360,3357,offscreen_render,71.12794,zoom_restored,27,27,1.77777779,238.98587,179.073425,238.98587,109.999992,179.073425,50,-1.52587891E-05,350,300,190.98587,152.0734,286.98587,206.0734,0,1
3361,3361,3358,offscreen_render,71.14428,zoom_restored,27,27,1.77777779,238.988037,179.06218,238.988037,109.999992,179.06218,50,-1.52587891E-05,350,300,190.988037,152.062164,286.988037,206.062164,0,1
3362,3362,3359,offscreen_render,71.27327,zoom_restored,27,27,1.77777779,217.882782,159.527649,217.882782,109.999992,159.527649,50,-1.52587891E-05,350,300,169.882782,132.527634,265.882782,186.527634,0,1
3363,3363,3360,offscreen_render,71.2911,zoom_restored,27,27,1.77777779,214.62738,156.519485,214.62738,109.999992,156.519485,50,-1.52587891E-05,350,300,166.6274,129.51947,262.62738,183.51947,0,1
3364,3364,3361,offscreen_render,71.30672,zoom_restored,27,27,1.77777779,211.591217,153.714188,211.591217,109.999992,153.714188,50,-1.52587891E-05,350,300,163.591232,126.71418,259.591248,180.714172,0,1
3365,3365,3362,offscreen_render,71.3231659,zoom_restored,27,27,1.77777779,208.792587,151.128571,208.792587,109.999992,151.128571,50,-1.52587891E-05,350,300,160.7926,124.128563,256.7926,178.128555,0,1
3366,3366,3363,offscreen_render,71.33962,zoom_restored,27,27,1.77777779,206.237991,148.768555,206.237991,109.999992,148.768555,50,-1.52587891E-05,350,300,158.238,121.768547,254.238,175.768539,0,1
3367,3367,3364,offscreen_render,71.3563,zoom_restored,27,27,1.77777779,203.92485,146.631714,203.92485,109.999992,146.631714,50,-1.52587891E-05,350,300,155.924866,119.631706,251.924866,173.6317,0,1
3368,3368,3365,offscreen_render,71.37298,zoom_restored,27,27,1.77777779,201.844269,144.709808,201.844269,109.999992,144.709808,50,-1.52587891E-05,350,300,153.844269,117.7098,249.844269,171.7098,0,1
3369,3369,3366,offscreen_render,71.3897247,zoom_restored,27,27,1.77777779,199.983978,142.99147,199.983978,109.999992,142.99147,50,-1.52587891E-05,350,300,151.984,115.991463,247.984,169.991455,0,1
3370,3370,3367,offscreen_render,71.40737,zoom_restored,27,27,1.77777779,198.328613,141.462463,198.328613,109.999992,141.462463,50,-1.52587891E-05,350,300,150.328629,114.462456,246.328629,168.462448,0,1
3371,3371,3368,offscreen_render,71.42283,zoom_restored,27,27,1.77777779,196.862045,140.10788,196.862045,109.999992,140.10788,50,-1.52587891E-05,350,300,148.862045,113.107872,244.862045,167.107864,0,1
3372,3372,3369,offscreen_render,71.43953,zoom_restored,27,27,1.77777779,195.56781,138.9125,195.56781,109.999992,138.9125,50,-1.52587891E-05,350,300,147.56781,111.9125,243.56781,165.912491,0,1
3373,3373,3370,offscreen_render,71.45591,zoom_restored,27,27,1.77777779,194.429474,137.861145,194.429474,109.999992,137.861145,50,-1.52587891E-05,350,300,146.429489,110.861137,242.429489,164.86113,0,1
3374,3374,3371,offscreen_render,71.47285,zoom_restored,27,27,1.77777779,193.431259,136.939224,193.431259,109.999992,136.939224,50,-1.52587891E-05,350,300,145.431274,109.939217,241.431274,163.939209,0,1
3375,3375,3372,offscreen_render,71.48971,zoom_restored,27,27,1.77777779,192.55835,136.133041,192.55835,109.999992,136.133041,50,-1.52587891E-05,350,300,144.55835,109.133034,240.55835,163.133026,0,1
3376,3376,3373,offscreen_render,71.50628,zoom_restored,27,27,1.77777779,191.79689,135.4298,191.79689,109.999992,135.4298,50,-1.52587891E-05,350,300,143.79689,108.429787,239.79689,162.429779,0,1
3377,3377,3374,offscreen_render,71.52277,zoom_restored,27,27,1.77777779,191.134064,134.817657,191.134064,109.999992,134.817657,50,-1.52587891E-05,350,300,143.134064,107.81765,239.134064,161.817642,0,1
3378,3378,3375,offscreen_render,71.5397339,zoom_restored,27,27,1.77777779,190.558319,134.28595,190.558319,109.999992,134.28595,50,-1.52587891E-05,350,300,142.558319,107.285942,238.558319,161.285934,0,1
3379,3379,3376,offscreen_render,71.5558853,zoom_restored,27,27,1.77777779,190.059174,133.824982,190.059174,109.999992,133.824982,50,-1.52587891E-05,350,300,142.059174,106.824974,238.059174,160.824966,0,1
3380,3380,3377,offscreen_render,71.57306,zoom_restored,27,27,1.77777779,189.627121,133.42598,189.627121,109.999992,133.42598,50,-1.52587891E-05,350,300,141.627121,106.425972,237.627121,160.425964,0,1
3381,3381,3378,offscreen_render,71.5897446,zoom_restored,27,27,1.77777779,189.253754,133.081192,189.253754,109.999992,133.081192,50,-1.52587891E-05,350,300,141.253754,106.081184,237.253754,160.081177,0,1
3382,3382,3379,offscreen_render,71.6066055,zoom_restored,27,27,1.77777779,188.931564,132.783661,188.931564,109.999992,132.783661,50,-1.52587891E-05,350,300,140.931564,105.783653,236.931564,159.783646,0,1
3383,3383,3380,offscreen_render,71.62262,zoom_restored,27,27,1.77777779,188.653946,132.527283,188.653946,109.999992,132.527283,50,-1.52587891E-05,350,300,140.653961,105.527275,236.653961,159.527267,0,1
3384,3384,3381,offscreen_render,71.63948,zoom_restored,27,27,1.77777779,188.415,132.306625,188.415,109.999992,132.306625,50,-1.52587891E-05,350,300,140.415009,105.306618,236.415009,159.30661,0,1
3385,3385,3382,offscreen_render,71.65602,zoom_restored,27,27,1.77777779,188.2096,132.116943,188.2096,109.999992,132.116943,50,-1.52587891E-05,350,300,140.2096,105.116936,236.2096,159.116928,0,1
3386,3386,3383,offscreen_render,71.67333,zoom_restored,27,27,1.77777779,188.0332,131.954056,188.0332,109.999992,131.954056,50,-1.52587891E-05,350,300,140.0332,104.954048,236.0332,158.954041,0,1
3387,3387,3384,offscreen_render,71.6898346,zoom_restored,27,27,1.77777779,187.8819,131.814346,187.8819,109.999992,131.814346,50,-1.52587891E-05,350,300,139.8819,104.814339,235.8819,158.814331,0,1
3388,3388,3385,offscreen_render,71.70632,zoom_restored,27,27,1.77777779,187.752228,131.694611,187.752228,109.999992,131.694611,50,-1.52587891E-05,350,300,139.752228,104.6946,235.752228,158.6946,0,1
3389,3389,3386,offscreen_render,71.72328,zoom_restored,27,27,1.77777779,187.6412,131.592087,187.6412,109.999992,131.592087,50,-1.52587891E-05,350,300,139.6412,104.592079,235.6412,158.592072,0,1
3390,3390,3387,offscreen_render,71.7395554,zoom_restored,27,27,1.77777779,187.546234,131.504379,187.546234,109.999992,131.504379,50,-1.52587891E-05,350,300,139.546234,104.504372,235.546234,158.504364,0,1
3391,3391,3388,offscreen_render,71.7561951,zoom_restored,27,27,1.77777779,187.465057,131.429413,187.465057,109.999992,131.429413,50,-1.52587891E-05,350,300,139.465057,104.429405,235.465057,158.4294,0,1
3392,3392,3389,offscreen_render,71.77325,zoom_restored,27,27,1.77777779,187.395721,131.365387,187.395721,109.999992,131.365387,50,-1.52587891E-05,350,300,139.395721,104.365379,235.395721,158.365372,0,1
3393,3393,3390,offscreen_render,71.78968,zoom_restored,27,27,1.77777779,187.336533,131.310745,187.336533,109.999992,131.310745,50,-1.52587891E-05,350,300,139.336533,104.310738,235.336533,158.31073,0,1
3394,3394,3391,offscreen_render,71.80623,zoom_restored,27,27,1.77777779,187.286057,131.26413,187.286057,109.999992,131.26413,50,-1.52587891E-05,350,300,139.286072,104.264122,235.286072,158.264114,0,1
3395,3395,3392,offscreen_render,71.82262,zoom_restored,27,27,1.77777779,187.243027,131.2244,187.243027,109.999992,131.2244,50,-1.52587891E-05,350,300,139.243042,104.224388,235.243042,158.22438,0,1
3396,3396,3393,offscreen_render,71.8395,zoom_restored,27,27,1.77777779,187.206375,131.190552,187.206375,109.999992,131.190552,50,-1.52587891E-05,350,300,139.206375,104.190544,235.206375,158.190536,0,1
3397,3397,3394,offscreen_render,71.85625,zoom_restored,27,27,1.77777779,187.175171,131.161743,187.175171,109.999992,131.161743,50,-1.52587891E-05,350,300,139.175171,104.161736,235.175171,158.161728,0,1
3398,3398,3395,offscreen_render,71.87306,zoom_restored,27,27,1.77777779,187.148621,131.137222,187.148621,109.999992,131.137222,50,-1.52587891E-05,350,300,139.148621,104.137215,235.148621,158.1372,0,1
3399,3399,3396,offscreen_render,71.8897,zoom_restored,27,27,1.77777779,187.126038,131.116379,187.126038,109.999992,131.116379,50,-1.52587891E-05,350,300,139.126038,104.116371,235.126038,158.116364,0,1
3400,3400,3397,offscreen_render,71.90643,zoom_restored,27,27,1.77777779,187.106842,131.098663,187.106842,109.999992,131.098663,50,-1.52587891E-05,350,300,139.106842,104.098656,235.106842,158.098648,0,1
3401,3401,3398,offscreen_render,71.9230957,zoom_restored,27,27,1.77777779,187.090546,131.0836,187.090546,109.999992,131.0836,50,-1.52587891E-05,350,300,139.090546,104.083595,235.090546,158.083588,0,1
3402,3402,3399,offscreen_render,71.93964,zoom_restored,27,27,1.77777779,187.0767,131.070816,187.0767,109.999992,131.070816,50,-1.52587891E-05,350,300,139.0767,104.070808,235.0767,158.0708,0,1
3403,3403,3400,offscreen_render,71.9558945,zoom_restored,27,27,1.77777779,187.064957,131.059967,187.064957,109.999992,131.059967,50,-1.52587891E-05,350,300,139.064972,104.059959,235.064972,158.059952,0,1
3404,3404,3401,offscreen_render,72.07628,zoom_restored,27,27,1.77777779,176.527328,149.00528,176.527328,109.999992,149.00528,50,-1.52587891E-05,350,300,128.527344,122.005272,224.527344,176.005264,0,1
3405,3405,3402,offscreen_render,72.09431,zoom_restored,27,27,1.77777779,174.726212,152.084808,174.726212,109.999992,152.084808,50,-1.52587891E-05,350,300,126.726227,125.084785,222.726227,179.084778,0,1
3406,3406,3403,offscreen_render,72.10915,zoom_restored,27,27,1.77777779,173.033661,154.979477,173.033661,109.999992,154.979477,50,-1.52587891E-05,350,300,125.033661,127.979469,221.033661,181.979462,0,1
3407,3407,3404,offscreen_render,72.12614,zoom_restored,27,27,1.77777779,171.4643,157.664032,171.4643,109.999992,157.664032,50,-1.52587891E-05,350,300,123.464294,130.664,219.4643,184.664,0,1
3408,3408,3405,offscreen_render,72.14249,zoom_restored,27,27,1.77777779,170.024841,160.12677,170.024841,109.999992,160.12677,50,-1.52587891E-05,350,300,122.024841,133.126755,218.024841,187.126755,0,1
3409,3409,3406,offscreen_render,72.158905,zoom_restored,27,27,1.77777779,168.716156,162.3661,168.716156,109.999992,162.3661,50,-1.52587891E-05,350,300,120.716156,135.366089,216.716156,189.366089,0,1
3410,3410,3407,offscreen_render,72.17591,zoom_restored,27,27,1.77777779,167.5351,164.387283,167.5351,109.999992,164.387283,50,-1.52587891E-05,350,300,119.535095,137.387268,215.5351,191.387268,0,1
3411,3411,3408,offscreen_render,72.1924057,zoom_restored,27,27,1.77777779,166.475891,166.2001,166.475891,109.999992,166.2001,50,-1.52587891E-05,350,300,118.475891,139.200089,214.475891,193.200089,0,1
3412,3412,3409,offscreen_render,72.209,zoom_restored,27,27,1.77777779,165.531,167.8174,165.531,109.999992,167.8174,50,-1.52587891E-05,350,300,117.531006,140.817383,213.531,194.817383,0,1
3413,3413,3410,offscreen_render,72.22565,zoom_restored,27,27,1.77777779,164.692123,169.253372,164.692123,109.999992,169.253372,50,-1.52587891E-05,350,300,116.692139,142.253357,212.692139,196.253357,0,1
3414,3414,3411,offscreen_render,72.242424,zoom_restored,27,27,1.77777779,163.950317,170.52327,163.950317,109.999992,170.52327,50,-1.52587891E-05,350,300,115.950317,143.523254,211.950317,197.523254,0,1
3415,3415,3412,offscreen_render,72.25923,zoom_restored,27,27,1.77777779,163.2967,171.642227,163.2967,109.999992,171.642227,50,-1.52587891E-05,350,300,115.296707,144.642212,211.2967,198.642212,0,1
3416,3416,3413,offscreen_render,72.27568,zoom_restored,27,27,1.77777779,162.722733,172.624924,162.722733,109.999992,172.624924,50,-1.52587891E-05,350,300,114.722748,145.6249,210.722748,199.6249,0,1
3417,3417,3414,offscreen_render,72.29274,zoom_restored,27,27,1.77777779,162.220062,173.48558,162.220062,109.999992,173.48558,50,-1.52587891E-05,350,300,114.220062,146.485565,210.220062,200.485565,0,1
3418,3418,3415,offscreen_render,72.30888,zoom_restored,27,27,1.77777779,161.781036,174.2373,161.781036,109.999992,174.2373,50,-1.52587891E-05,350,300,113.781036,147.237289,209.781036,201.237289,0,1
3419,3419,3416,offscreen_render,72.32586,zoom_restored,27,27,1.77777779,161.398453,174.8924,161.398453,109.999992,174.8924,50,-1.52587891E-05,350,300,113.398453,147.89238,209.398453,201.89238,0,1
3420,3420,3417,offscreen_render,72.3428345,zoom_restored,27,27,1.77777779,161.065765,175.462082,161.065765,109.999992,175.462082,50,-1.52587891E-05,350,300,113.065765,148.462067,209.065765,202.462067,0,1
3421,3421,3418,offscreen_render,72.3591843,zoom_restored,27,27,1.77777779,160.777069,175.956451,160.777069,109.999992,175.956451,50,-1.52587891E-05,350,300,112.777069,148.956436,208.777069,202.956436,0,1
3422,3422,3419,offscreen_render,72.3757553,zoom_restored,27,27,1.77777779,160.526962,176.38475,160.526962,109.999992,176.38475,50,-1.52587891E-05,350,300,112.526962,149.384735,208.526962,203.384735,0,1
3423,3423,3420,offscreen_render,72.39246,zoom_restored,27,27,1.77777779,160.310654,176.755188,160.310654,109.999992,176.755188,50,-1.52587891E-05,350,300,112.310654,149.755157,208.310654,203.755157,0,1
3424,3424,3421,offscreen_render,72.40897,zoom_restored,27,27,1.77777779,160.123856,177.075089,160.123856,109.999992,177.075089,50,-1.52587891E-05,350,300,112.123856,150.075073,208.123856,204.075073,0,1
3425,3425,3422,offscreen_render,72.42618,zoom_restored,27,27,1.77777779,159.962769,177.350967,159.962769,109.999992,177.350967,50,-1.52587891E-05,350,300,111.962769,150.350952,207.962769,204.350952,0,1
3426,3426,3423,offscreen_render,72.44245,zoom_restored,27,27,1.77777779,159.824051,177.588547,159.824051,109.999992,177.588547,50,-1.52587891E-05,350,300,111.824051,150.588516,207.824051,204.588516,0,1
3427,3427,3424,offscreen_render,72.45919,zoom_restored,27,27,1.77777779,159.704727,177.792908,159.704727,109.999992,177.792908,50,-1.52587891E-05,350,300,111.704727,150.7929,207.704727,204.7929,0,1
3428,3428,3425,offscreen_render,72.4756,zoom_restored,27,27,1.77777779,159.6022,177.9685,159.6022,109.999992,177.9685,50,-1.52587891E-05,350,300,111.6022,150.968491,207.6022,204.968491,0,1
3429,3429,3426,offscreen_render,72.4923,zoom_restored,27,27,1.77777779,159.514221,178.1192,159.514221,109.999992,178.1192,50,-1.52587891E-05,350,300,111.514221,151.119186,207.514221,205.119186,0,1
3430,3430,3427,offscreen_render,72.50944,zoom_restored,27,27,1.77777779,159.438766,178.248428,159.438766,109.999992,178.248428,50,-1.52587891E-05,350,300,111.438766,151.248413,207.438766,205.248413,0,1
3431,3431,3428,offscreen_render,72.52574,zoom_restored,27,27,1.77777779,159.37413,178.359131,159.37413,109.999992,178.359131,50,-1.52587891E-05,350,300,111.37413,151.3591,207.37413,205.3591,0,1
3432,3432,3429,offscreen_render,72.54213,zoom_restored,27,27,1.77777779,159.318817,178.453873,159.318817,109.999992,178.453873,50,-1.52587891E-05,350,300,111.318817,151.453842,207.318817,205.453842,0,1
3433,3433,3430,offscreen_render,72.55886,zoom_restored,27,27,1.77777779,159.271515,178.5349,159.271515,109.999992,178.5349,50,-1.52587891E-05,350,300,111.271515,151.534882,207.271515,205.534882,0,1
3434,3434,3431,offscreen_render,72.57547,zoom_restored,27,27,1.77777779,159.2311,178.604126,159.2311,109.999992,178.604126,50,-1.52587891E-05,350,300,111.23111,151.604111,207.23111,205.604111,0,1
3435,3435,3432,offscreen_render,72.59267,zoom_restored,27,27,1.77777779,159.196579,178.663239,159.196579,109.999992,178.663239,50,-1.52587891E-05,350,300,111.196594,151.663223,207.1966,205.663223,0,1
3436,3436,3433,offscreen_render,72.60939,zoom_restored,27,27,1.77777779,159.16713,178.713669,159.16713,109.999992,178.713669,50,-1.52587891E-05,350,300,111.16713,151.713638,207.16713,205.713638,0,1
3437,3437,3434,offscreen_render,72.62599,zoom_restored,27,27,1.77777779,159.142029,178.756683,159.142029,109.999992,178.756683,50,-1.52587891E-05,350,300,111.142029,151.756653,207.142029,205.756653,0,1
3438,3438,3435,offscreen_render,72.6426849,zoom_restored,27,27,1.77777779,159.120636,178.79332,159.120636,109.999992,178.79332,50,-1.52587891E-05,350,300,111.120636,151.7933,207.120636,205.7933,0,1
3439,3439,3436,offscreen_render,72.65915,zoom_restored,27,27,1.77777779,159.102417,178.824524,159.102417,109.999992,178.824524,50,-1.52587891E-05,350,300,111.102417,151.824509,207.102417,205.824509,0,1
3440,3440,3437,offscreen_render,72.67564,zoom_restored,27,27,1.77777779,159.086914,178.851089,159.086914,109.999992,178.851089,50,-1.52587891E-05,350,300,111.086914,151.851074,207.086914,205.851074,0,1
3441,3441,3438,offscreen_render,72.69274,zoom_restored,27,27,1.77777779,159.07373,178.873688,159.07373,109.999992,178.873688,50,-1.52587891E-05,350,300,111.07373,151.873657,207.07373,205.873657,0,1
3442,3442,3439,offscreen_render,72.70899,zoom_restored,27,27,1.77777779,159.062515,178.8929,159.062515,109.999992,178.8929,50,-1.52587891E-05,350,300,111.062515,151.892868,207.062515,205.892868,0,1
3443,3443,3440,offscreen_render,72.72578,zoom_restored,27,27,1.77777779,159.052979,178.909225,159.052979,109.999992,178.909225,50,-1.52587891E-05,350,300,111.052979,151.9092,207.052979,205.9092,0,1
3444,3444,3441,offscreen_render,72.7425842,zoom_restored,27,27,1.77777779,159.044891,178.9231,159.044891,109.999992,178.9231,50,-1.52587891E-05,350,300,111.044891,151.92308,207.044891,205.92308,0,1
3445,3445,3442,offscreen_render,72.75913,zoom_restored,27,27,1.77777779,159.038025,178.93486,159.038025,109.999992,178.93486,50,-1.52587891E-05,350,300,111.038025,151.934845,207.038025,205.934845,0,1
3446,3446,3443,offscreen_render,72.8694458,zoom_restored,27,27,1.77777779,167.865036,170.125931,167.865036,109.999992,170.125931,50,-1.52587891E-05,350,300,119.865036,143.125916,215.865036,197.125916,0,1
3447,3447,3444,offscreen_render,72.88662,zoom_restored,27,27,1.77777779,169.570969,168.421387,169.570969,109.999992,168.421387,50,-1.52587891E-05,350,300,121.570984,141.421371,217.570984,195.421371,0,1
3448,3448,3445,offscreen_render,72.9028244,zoom_restored,27,27,1.77777779,171.18927,166.80426,171.18927,109.999992,166.80426,50,-1.52587891E-05,350,300,123.18927,139.804245,219.18927,193.804245,0,1
3449,3449,3446,offscreen_render,72.9189758,zoom_restored,27,27,1.77777779,172.700958,165.293579,172.700958,109.999992,165.293579,50,-1.52587891E-05,350,300,124.700958,138.293564,220.700958,192.293564,0,1
3450,3450,3447,offscreen_render,72.93543,zoom_restored,27,27,1.77777779,174.095871,163.8995,174.095871,109.999992,163.8995,50,-1.52587891E-05,350,300,126.095886,136.89949,222.095886,190.89949,0,1
3451,3451,3448,offscreen_render,72.95228,zoom_restored,27,27,1.77777779,175.3704,162.6257,175.3704,109.999992,162.6257,50,-1.52587891E-05,350,300,127.370407,135.625687,223.3704,189.625687,0,1
3452,3452,3449,offscreen_render,72.96884,zoom_restored,27,27,1.77777779,176.525345,161.471359,176.525345,109.999992,161.471359,50,-1.52587891E-05,350,300,128.525345,134.471329,224.525345,188.471329,0,1
3453,3453,3450,offscreen_render,72.9855652,zoom_restored,27,27,1.77777779,177.564865,160.432358,177.564865,109.999992,160.432358,50,-1.52587891E-05,350,300,129.564865,133.432343,225.564865,187.432343,0,1
3454,3454,3451,offscreen_render,73.00248,zoom_restored,27,27,1.77777779,178.494873,159.502792,178.494873,109.999992,159.502792,50,-1.52587891E-05,350,300,130.494873,132.502777,226.494873,186.502777,0,1
3455,3455,3452,offscreen_render,73.01928,zoom_restored,27,27,1.77777779,179.322845,158.675186,179.322845,109.999992,158.675186,50,-1.52587891E-05,350,300,131.322845,131.675171,227.322845,185.675171,0,1
3456,3456,3453,offscreen_render,73.0354,zoom_restored,27,27,1.77777779,180.056625,157.941711,180.056625,109.999992,157.941711,50,-1.52587891E-05,350,300,132.056625,130.941681,228.056625,184.941681,0,1
3457,3457,3454,offscreen_render,73.05275,zoom_restored,27,27,1.77777779,180.7045,157.2941,180.7045,109.999992,157.2941,50,-1.52587891E-05,350,300,132.7045,130.294083,228.7045,184.294083,0,1
3458,3458,3455,offscreen_render,73.06927,zoom_restored,27,27,1.77777779,181.2745,156.724319,181.2745,109.999992,156.724319,50,-1.52587891E-05,350,300,133.2745,129.7243,229.2745,183.7243,0,1
3459,3459,3456,offscreen_render,73.08582,zoom_restored,27,27,1.77777779,181.77449,156.224533,181.77449,109.999992,156.224533,50,-1.52587891E-05,350,300,133.7745,129.224518,229.7745,183.224518,0,1
3460,3460,3457,offscreen_render,73.1026,zoom_restored,27,27,1.77777779,182.211823,155.787354,182.211823,109.999992,155.787354,50,-1.52587891E-05,350,300,134.211823,128.787338,230.211823,182.787338,0,1
3461,3461,3458,offscreen_render,73.11922,zoom_restored,27,27,1.77777779,182.593445,155.405869,182.593445,109.999992,155.405869,50,-1.52587891E-05,350,300,134.593445,128.405853,230.593445,182.405853,0,1
3462,3462,3459,offscreen_render,73.13569,zoom_restored,27,27,1.77777779,182.92569,155.073746,182.92569,109.999992,155.073746,50,-1.52587891E-05,350,300,134.92569,128.07373,230.92569,182.07373,0,1
3463,3463,3460,offscreen_render,73.15287,zoom_restored,27,27,1.77777779,183.21434,154.785187,183.21434,109.999992,154.785187,50,-1.52587891E-05,350,300,135.214355,127.785179,231.214355,181.785172,0,1
3464,3464,3461,offscreen_render,73.1692,zoom_restored,27,27,1.77777779,183.464645,154.534958,183.464645,109.999992,154.534958,50,-1.52587891E-05,350,300,135.464661,127.53495,231.464661,181.534943,0,1
3465,3465,3462,offscreen_render,73.1854858,zoom_restored,27,27,1.77777779,183.68132,154.318344,183.68132,109.999992,154.318344,50,-1.52587891E-05,350,300,135.68132,127.318336,231.68132,181.318329,0,1
3466,3466,3463,offscreen_render,73.20224,zoom_restored,27,27,1.77777779,183.8686,154.1311,183.8686,109.999992,154.1311,50,-1.52587891E-05,350,300,135.8686,127.131096,231.8686,181.131088,0,1
3467,3467,3464,offscreen_render,73.21925,zoom_restored,27,27,1.77777779,184.030258,153.9695,184.030258,109.999992,153.9695,50,-1.52587891E-05,350,300,136.030273,126.96949,232.030273,180.969482,0,1
3468,3468,3465,offscreen_render,73.236,zoom_restored,27,27,1.77777779,184.169556,153.830231,184.169556,109.999992,153.830231,50,-1.52587891E-05,350,300,136.169556,126.830223,232.169556,180.830215,0,1
3469,3469,3466,offscreen_render,73.25271,zoom_restored,27,27,1.77777779,184.289459,153.710358,184.289459,109.999992,153.710358,50,-1.52587891E-05,350,300,136.289459,126.71035,232.289459,180.710342,0,1
3470,3470,3467,offscreen_render,73.26904,zoom_restored,27,27,1.77777779,184.392548,153.6073,184.392548,109.999992,153.6073,50,-1.52587891E-05,350,300,136.392548,126.607292,232.392548,180.607285,0,1
3471,3471,3468,offscreen_render,73.28575,zoom_restored,27,27,1.77777779,184.481079,153.518784,184.481079,109.999992,153.518784,50,-1.52587891E-05,350,300,136.481079,126.518776,232.481079,180.518768,0,1
3472,3472,3469,offscreen_render,73.30254,zoom_restored,27,27,1.77777779,184.557037,153.442856,184.557037,109.999992,153.442856,50,-1.52587891E-05,350,300,136.557037,126.442848,232.557037,180.442841,0,1
3473,3473,3470,offscreen_render,73.31904,zoom_restored,27,27,1.77777779,184.622131,153.377777,184.622131,109.999992,153.377777,50,-1.52587891E-05,350,300,136.622131,126.377769,232.622131,180.377762,0,1
3474,3474,3471,offscreen_render,73.33581,zoom_restored,27,27,1.77777779,184.677872,153.322052,184.677872,109.999992,153.322052,50,-1.52587891E-05,350,300,136.677872,126.322044,232.677872,180.322037,0,1
3475,3475,3472,offscreen_render,73.35357,zoom_restored,27,27,1.77777779,184.726028,153.273911,184.726028,109.999992,153.273911,50,-1.52587891E-05,350,300,136.726028,126.2739,232.726028,180.2739,0,1
3476,3476,3473,offscreen_render,73.3694839,zoom_restored,27,27,1.77777779,184.766937,153.233017,184.766937,109.999992,153.233017,50,-1.52587891E-05,350,300,136.766937,126.232994,232.766937,180.232986,0,1
3477,3477,3474,offscreen_render,73.3862,zoom_restored,27,27,1.77777779,184.801682,153.198288,184.801682,109.999992,153.198288,50,-1.52587891E-05,350,300,136.8017,126.19828,232.8017,180.198273,0,1
3478,3478,3475,offscreen_render,73.40349,zoom_restored,27,27,1.77777779,184.8316,153.168365,184.8316,109.999992,153.168365,50,-1.52587891E-05,350,300,136.8316,126.168358,232.8316,180.16835,0,1
3479,3479,3476,offscreen_render,73.41964,zoom_restored,27,27,1.77777779,184.856857,153.143127,184.856857,109.999992,153.143127,50,-1.52587891E-05,350,300,136.856857,126.143105,232.856857,180.1431,0,1
3480,3480,3477,offscreen_render,73.43607,zoom_restored,27,27,1.77777779,184.878387,153.121613,184.878387,109.999992,153.121613,50,-1.52587891E-05,350,300,136.878387,126.121605,232.878387,180.1216,0,1
3481,3481,3478,offscreen_render,73.45297,zoom_restored,27,27,1.77777779,184.896729,153.103271,184.896729,109.999992,153.103271,50,-1.52587891E-05,350,300,136.896729,126.103264,232.896729,180.103256,0,1
3482,3482,3479,offscreen_render,73.46936,zoom_restored,27,27,1.77777779,184.912338,153.087662,184.912338,109.999992,153.087662,50,-1.52587891E-05,350,300,136.912338,126.087654,232.912338,180.087646,0,1
3483,3483,3480,offscreen_render,73.48661,zoom_restored,27,27,1.77777779,184.925629,153.074371,184.925629,109.999992,153.074371,50,-1.52587891E-05,350,300,136.925629,126.074364,232.925629,180.074356,0,1
3484,3484,3481,offscreen_render,73.50291,zoom_restored,27,27,1.77777779,184.93692,153.06308,184.93692,109.999992,153.06308,50,-1.52587891E-05,350,300,136.93692,126.063072,232.93692,180.063065,0,1
3485,3485,3482,offscreen_render,73.51981,zoom_restored,27,27,1.77777779,184.946518,153.053482,184.946518,109.999992,153.053482,50,-1.52587891E-05,350,300,136.946533,126.053459,232.946533,180.053452,0,1
3486,3486,3483,offscreen_render,73.53675,zoom_restored,27,27,1.77777779,184.954941,153.045059,184.954941,109.999992,153.045059,50,-1.52587891E-05,350,300,136.954956,126.045052,232.954956,180.045044,0,1
3487,3487,3484,offscreen_render,73.55329,zoom_restored,27,27,1.77777779,184.961823,153.038177,184.961823,109.999992,153.038177,50,-1.52587891E-05,350,300,136.961823,126.03817,232.961823,180.038162,0,1
3488,3488,3485,offscreen_render,73.56991,zoom_restored,27,27,1.77777779,184.967667,153.032333,184.967667,109.999992,153.032333,50,-1.52587891E-05,350,300,136.967682,126.032326,232.967682,180.032318,0,1
3489,3489,3486,offscreen_render,73.67975,zoom_restored,27,27,1.77777779,191.027115,167.09964,191.027115,109.999992,167.09964,50,-1.52587891E-05,350,300,143.027115,140.099625,239.027115,194.099625,0,1
3490,3490,3487,offscreen_render,73.69643,zoom_restored,27,27,1.77777779,192.214645,169.8649,192.214645,109.999992,169.8649,50,-1.52587891E-05,350,300,144.214645,142.864883,240.214645,196.864883,0,1
3491,3491,3488,offscreen_render,73.71297,zoom_restored,27,27,1.77777779,193.3424,172.491577,193.3424,109.999992,172.491577,50,-1.52587891E-05,350,300,145.3424,145.491562,241.3424,199.491562,0,1
3492,3492,3489,offscreen_render,73.7290039,zoom_restored,27,27,1.77777779,194.396866,174.947922,194.396866,109.999992,174.947922,50,-1.52587891E-05,350,300,146.396881,147.9479,242.396881,201.9479,0,1
3493,3493,3490,offscreen_render,73.74587,zoom_restored,27,27,1.77777779,195.370529,177.2164,195.370529,109.999992,177.2164,50,-1.52587891E-05,350,300,147.370544,150.216385,243.370544,204.216385,0,1
3494,3494,3491,offscreen_render,73.76203,zoom_restored,27,27,1.77777779,196.260635,179.290436,196.260635,109.999992,179.290436,50,-1.52587891E-05,350,300,148.260635,152.290421,244.260635,206.290421,0,1
3495,3495,3492,offscreen_render,73.77913,zoom_restored,27,27,1.77777779,197.0677,181.171173,197.0677,109.999992,181.171173,50,-1.52587891E-05,350,300,149.067719,154.171143,245.067719,208.171143,0,1
3496,3496,3493,offscreen_render,73.7955551,zoom_restored,27,27,1.77777779,197.794342,182.864609,197.794342,109.999992,182.864609,50,-1.52587891E-05,350,300,149.794342,155.864578,245.794342,209.864578,0,1
3497,3497,3494,offscreen_render,73.81197,zoom_restored,27,27,1.77777779,198.4447,184.380371,198.4447,109.999992,184.380371,50,-1.52587891E-05,350,300,150.444717,157.380356,246.444717,211.380356,0,1
3498,3498,3495,offscreen_render,73.8291855,zoom_restored,27,27,1.77777779,199.02388,185.730331,199.02388,109.999992,185.730331,50,-1.52587891E-05,350,300,151.02388,158.7303,247.02388,212.7303,0,1
3499,3499,3496,offscreen_render,73.84543,zoom_restored,27,27,1.77777779,199.537323,186.927109,199.537323,109.999992,186.927109,50,-1.52587891E-05,350,300,151.537323,159.9271,247.537323,213.9271,0,1
3500,3500,3497,offscreen_render,73.86229,zoom_restored,27,27,1.77777779,199.990753,187.98407,199.990753,109.999992,187.98407,50,-1.52587891E-05,350,300,151.990768,160.984039,247.990768,214.984039,0,1
3501,3501,3498,offscreen_render,73.87886,zoom_restored,27,27,1.77777779,200.38974,188.914154,200.38974,109.999992,188.914154,50,-1.52587891E-05,350,300,152.389755,161.914124,248.389755,215.914124,0,1
3502,3502,3499,offscreen_render,73.89552,zoom_restored,27,27,1.77777779,200.7398,189.73024,200.7398,109.999992,189.73024,50,-1.52587891E-05,350,300,152.7398,162.730225,248.7398,216.730225,0,1
3503,3503,3500,offscreen_render,73.91246,zoom_restored,27,27,1.77777779,201.046082,190.444229,201.046082,109.999992,190.444229,50,-1.52587891E-05,350,300,153.0461,163.444214,249.0461,217.444214,0,1
3504,3504,3501,offscreen_render,73.92882,zoom_restored,27,27,1.77777779,201.313354,191.067322,201.313354,109.999992,191.067322,50,-1.52587891E-05,350,300,153.313354,164.0673,249.313354,218.0673,0,1
3505,3505,3502,offscreen_render,73.94531,zoom_restored,27,27,1.77777779,201.546082,191.609879,201.546082,109.999992,191.609879,50,-1.52587891E-05,350,300,153.546082,164.609848,249.546082,218.609848,0,1
3506,3506,3503,offscreen_render,73.96246,zoom_restored,27,27,1.77777779,201.7483,192.08136,201.7483,109.999992,192.08136,50,-1.52587891E-05,350,300,153.7483,165.08136,249.7483,219.08136,0,1
3507,3507,3504,offscreen_render,73.97883,zoom_restored,27,27,1.77777779,201.923691,192.49025,201.923691,109.999992,192.49025,50,-1.52587891E-05,350,300,153.9237,165.490234,249.9237,219.490234,0,1
3508,3508,3505,offscreen_render,73.99517,zoom_restored,27,27,1.77777779,202.075531,192.844284,202.075531,109.999992,192.844284,50,-1.52587891E-05,350,300,154.075531,165.844284,250.075531,219.844284,0,1
3509,3509,3506,offscreen_render,74.0118561,zoom_restored,27,27,1.77777779,202.206772,193.1503,202.206772,109.999992,193.1503,50,-1.52587891E-05,350,300,154.206787,166.1503,250.206787,220.1503,0,1
3510,3510,3507,offscreen_render,74.0290146,zoom_restored,27,27,1.77777779,202.320053,193.414444,202.320053,109.999992,193.414444,50,-1.52587891E-05,350,300,154.320053,166.414429,250.320053,220.414429,0,1
3511,3511,3508,offscreen_render,74.0455551,zoom_restored,27,27,1.77777779,202.4177,193.64212,202.4177,109.999992,193.64212,50,-1.52587891E-05,350,300,154.4177,166.6421,250.4177,220.6421,0,1
3512,3512,3509,offscreen_render,74.0620956,zoom_restored,27,27,1.77777779,202.50174,193.8381,202.50174,109.999992,193.8381,50,-1.52587891E-05,350,300,154.50174,166.838089,250.50174,220.838089,0,1
3513,3513,3510,offscreen_render,74.0791245,zoom_restored,27,27,1.77777779,202.574,194.006622,202.574,109.999992,194.006622,50,-1.52587891E-05,350,300,154.57402,167.0066,250.57402,221.0066,0,1
3514,3514,3511,offscreen_render,74.0956,zoom_restored,27,27,1.77777779,202.636078,194.151352,202.636078,109.999992,194.151352,50,-1.52587891E-05,350,300,154.6361,167.151352,250.6361,221.151352,0,1
3515,3515,3512,offscreen_render,74.1120453,zoom_restored,27,27,1.77777779,202.689331,194.275528,202.689331,109.999992,194.275528,50,-1.52587891E-05,350,300,154.689331,167.275528,250.689331,221.275528,0,1
3516,3516,3513,offscreen_render,74.1288757,zoom_restored,27,27,1.77777779,202.734985,194.381973,202.734985,109.999992,194.381973,50,-1.52587891E-05,350,300,154.734985,167.381973,250.734985,221.381973,0,1
3517,3517,3514,offscreen_render,74.14569,zoom_restored,27,27,1.77777779,202.774124,194.473251,202.774124,109.999992,194.473251,50,-1.52587891E-05,350,300,154.774139,167.473236,250.774139,221.473236,0,1
3518,3518,3515,offscreen_render,74.16273,zoom_restored,27,27,1.77777779,202.807556,194.551224,202.807556,109.999992,194.551224,50,-1.52587891E-05,350,300,154.807571,167.551224,250.807571,221.551224,0,1
3519,3519,3516,offscreen_render,74.17888,zoom_restored,27,27,1.77777779,202.836136,194.617874,202.836136,109.999992,194.617874,50,-1.52587891E-05,350,300,154.836136,167.617859,250.836136,221.617859,0,1
3520,3520,3517,offscreen_render,74.1954,zoom_restored,27,27,1.77777779,202.86055,194.67482,202.86055,109.999992,194.67482,50,-1.52587891E-05,350,300,154.860565,167.67482,250.860565,221.67482,0,1
3521,3521,3518,offscreen_render,74.21265,zoom_restored,27,27,1.77777779,202.8814,194.723434,202.8814,109.999992,194.723434,50,-1.52587891E-05,350,300,154.881409,167.723434,250.881409,221.723434,0,1
3522,3522,3519,offscreen_render,74.2285461,zoom_restored,27,27,1.77777779,202.89917,194.7649,202.89917,109.999992,194.7649,50,-1.52587891E-05,350,300,154.89917,167.7649,250.89917,221.7649,0,1
3523,3523,3520,offscreen_render,74.24575,zoom_restored,27,27,1.77777779,202.914322,194.800232,202.914322,109.999992,194.800232,50,-1.52587891E-05,350,300,154.914322,167.800232,250.914322,221.800232,0,1
3524,3524,3521,offscreen_render,74.26271,zoom_restored,27,27,1.77777779,202.927231,194.830353,202.927231,109.999992,194.830353,50,-1.52587891E-05,350,300,154.927231,167.830338,250.927231,221.830338,0,1
3525,3525,3522,offscreen_render,74.2791061,zoom_restored,27,27,1.77777779,202.938232,194.855988,202.938232,109.999992,194.855988,50,-1.52587891E-05,350,300,154.938232,167.855972,250.938232,221.855972,0,1
3526,3526,3523,offscreen_render,74.29528,zoom_restored,27,27,1.77777779,202.947586,194.8778,202.947586,109.999992,194.8778,50,-1.52587891E-05,350,300,154.9476,167.877792,250.9476,221.877792,0,1
3527,3527,3524,offscreen_render,74.31251,zoom_restored,27,27,1.77777779,202.955551,194.896362,202.955551,109.999992,194.896362,50,-1.52587891E-05,350,300,154.955566,167.896347,250.955566,221.896347,0,1
3528,3528,3525,offscreen_render,74.3291855,zoom_restored,27,27,1.77777779,202.962311,194.91214,202.962311,109.999992,194.91214,50,-1.52587891E-05,350,300,154.962311,167.91214,250.962311,221.91214,0,1
3529,3529,3526,offscreen_render,74.34553,zoom_restored,27,27,1.77777779,202.968063,194.925537,202.968063,109.999992,194.925537,50,-1.52587891E-05,350,300,154.968063,167.925522,250.968063,221.925522,0,1
3530,3530,3527,offscreen_render,74.36252,zoom_restored,27,27,1.77777779,202.972946,194.93692,202.972946,109.999992,194.93692,50,-1.52587891E-05,350,300,154.972961,167.93692,250.972961,221.93692,0,1
3531,3531,3528,offscreen_render,74.37871,zoom_restored,27,27,1.77777779,202.9771,194.946579,202.9771,109.999992,194.946579,50,-1.52587891E-05,350,300,154.977112,167.946579,250.977112,221.946579,0,1
